CRN,ARRIVAL_TM,AUTOMOBILE_COUNT,BELTED_DEATH_COUNT,BELTED_SUSP_SERIOUS_INJ_COUNT,BICYCLE_COUNT,BICYCLE_DEATH_COUNT,BICYCLE_SUSP_SERIOUS_INJ_COUNT,BUS_COUNT,CHLDPAS_DEATH_COUNT,CHLDPAS_SUSP_SERIOUS_INJ_COUNT,COLLISION_TYPE,COMM_VEH_COUNT,CONS_ZONE_SPD_LIM,COUNTY,CRASH_MONTH,CRASH_YEAR,DAY_OF_WEEK,DEC_LAT,DEC_LONG,DISPATCH_TM,DISTRICT,DRIVER_COUNT_16YR,DRIVER_COUNT_17YR,DRIVER_COUNT_18YR,DRIVER_COUNT_19YR,DRIVER_COUNT_20YR,DRIVER_COUNT_50_64YR,DRIVER_COUNT_65_74YR,DRIVER_COUNT_75PLUS,EST_HRS_CLOSED,FATAL_COUNT,HEAVY_TRUCK_COUNT,HORSE_BUGGY_COUNT,HOUR_OF_DAY,ILLUMINATION,INJURY_COUNT,INTERSECT_TYPE,INTERSECTION_RELATED,LANE_CLOSED,LATITUDE,LN_CLOSE_DIR,LOCATION_TYPE,LONGITUDE,MAX_SEVERITY_LEVEL,MCYCLE_DEATH_COUNT,MCYCLE_SUSP_SERIOUS_INJ_COUNT,MOTORCYCLE_COUNT,MUNICIPALITY,NONMOTR_COUNT,NONMOTR_DEATH_COUNT,NONMOTR_SUSP_SERIOUS_INJ_COUNT,NTFY_HIWY_MAINT,PED_COUNT,PED_DEATH_COUNT,PED_SUSP_SERIOUS_INJ_COUNT,PERSON_COUNT,POLICE_AGCY,POSSIBLE_INJ_COUNT,RDWY_SURF_TYPE_CD,RELATION_TO_ROAD,ROAD_CONDITION,ROADWAY_CLEARED,SCH_BUS_IND,SCH_ZONE_IND,SECONDARY_CRASH,SMALL_TRUCK_COUNT,SPEC_JURIS_CD,SUSP_MINOR_INJ_COUNT,SUSP_SERIOUS_INJ_COUNT,SUV_COUNT,TCD_FUNC_CD,TCD_TYPE,TFC_DETOUR_IND,TIME_OF_DAY,TOT_INJ_COUNT,TOTAL_UNITS,UNB_DEATH_COUNT,UNB_SUSP_SERIOUS_INJ_COUNT,UNBELTED_OCC_COUNT,UNK_INJ_DEG_COUNT,UNK_INJ_PER_COUNT,URBAN_AREA,URBAN_RURAL,VAN_COUNT,VEHICLE_COUNT,WEATHER1,WEATHER2,WORK_ZONE_IND,WORK_ZONE_LOC,WORK_ZONE_TYPE,WORKERS_PRES,WZ_CLOSE_DETOUR,WZ_FLAGGER,WZ_LAW_OFFCR_IND,WZ_LN_CLOSURE,WZ_MOVING,WZ_OTHER,WZ_SHLDER_MDN,WZ_WORKERS_INJ_KILLED
2022005163,1621.0,0,0,0,0,0,0,0,0,0,7,0,,67,1,2022,7,39.9953,-75.1976,1618.0,6,0,0,0,0,0,0,0,0,,0,0,0.0,16,1,0,0,N,0,39 59:43.173,,0,75 11:51.493,0,0,0,0,67301,0,0,0,N,0,0,0,1,68K01,0,,4,9,,N,N,N,0,,0,0,0,0,0,,1616,0,1,0,0,0,0,0,3,4,1,1,7,,N,,,,,,,,,,,
2022005505,1832.0,1,0,0,0,0,0,0,0,0,1,0,,67,1,2022,7,39.939,-75.1433,1823.0,6,0,0,0,0,0,0,0,0,,0,0,0.0,18,3,0,0,N,1,39 56:20.502,1.0,0,75 08:36.035,0,0,0,0,67301,0,0,0,N,0,0,0,4,68K01,0,,1,9,1826.0,N,N,Y,0,,0,0,1,0,0,N,1816,0,2,0,0,0,0,0,3,4,0,2,7,,N,,,,,,,,,,,
2022010824,805.0,0,0,0,0,0,0,0,0,0,7,0,,67,1,2022,6,40.0975,-75.048,756.0,6,0,0,0,0,0,1,0,0,,0,0,0.0,7,1,1,0,N,0,40 05:51.061,,0,75 02:52.636,3,0,0,0,67301,0,0,0,N,0,0,0,1,67301,0,,5,1,,N,N,N,0,,1,0,1,0,0,,755,1,1,0,0,0,0,0,3,4,0,1,3,,N,,,,,,,,,,,
2022004261,1851.0,1,0,0,0,0,0,0,0,0,5,0,,67,1,2022,5,39.9954,-75.2182,1850.0,6,0,0,0,0,0,0,0,0,,0,0,0.0,18,3,0,5,,0,39 59:43.313,,0,75 13:05.556,0,0,0,0,67301,0,0,0,N,0,0,0,1,67301,0,,1,1,,N,N,N,0,,0,0,0,3,2,,1845,0,2,0,0,0,0,0,3,4,0,2,3,3.0,N,,,,,,,,,,,
2022004514,1606.0,1,0,0,0,0,0,0,0,0,7,0,,67,1,2022,3,39.886,-75.2111,1546.0,6,0,0,0,0,0,0,0,0,,0,0,0.0,15,1,1,0,N,0,39 53:09.579,,0,75 12:39.806,3,0,0,0,67301,0,0,0,N,0,0,0,1,68K01,0,,2,1,,N,N,N,0,,1,0,0,0,0,,1540,1,1,0,0,0,0,0,3,4,0,1,3,,N,,,,,,,,,,,
2022004194,1330.0,1,0,0,0,0,0,0,0,0,7,0,,67,1,2022,4,40.1084,-75.0411,1330.0,6,0,0,0,0,0,0,0,0,,0,0,0.0,6,5,1,0,N,9,40 06:30.340,,0,75 02:27.890,8,0,0,0,67301,0,0,0,N,0,0,0,1,67301,0,,3,2,,N,N,N,0,,0,0,0,9,9,U,650,1,1,0,0,0,1,0,3,4,0,1,6,6.0,N,,,,,,,,,,,
2022005499,941.0,2,0,0,0,0,0,0,0,0,5,0,,67,1,2022,1,39.957,-75.1551,941.0,6,0,0,0,0,0,0,0,0,,0,0,0.0,9,1,0,0,N,1,39 57:25.100,4.0,0,75 09:18.217,0,0,0,0,67301,0,0,0,N,0,0,0,2,68K01,0,,1,1,1008.0,N,N,N,0,,0,0,0,0,0,N,940,0,2,0,0,0,0,0,3,4,0,2,3,,N,,,,,,,,,,,
2022015832,653.0,2,0,0,0,0,0,0,0,0,4,0,,67,2,2022,5,40.0093,-75.0663,625.0,6,0,0,0,0,0,1,0,0,,0,0,0.0,5,5,1,0,N,0,40 00:33.388,,0,75 03:58.800,8,0,0,0,67301,0,0,0,N,0,0,0,3,68K01,0,,3,9,,N,N,N,0,,0,0,0,3,8,,556,1,3,0,0,0,1,1,3,4,0,3,4,7.0,N,,,,,,,,,,,
2022015923,852.0,2,0,0,0,0,0,0,0,0,4,1,,67,2,2022,5,39.9764,-75.1625,846.0,6,0,0,0,0,0,0,0,0,,0,1,0.0,8,1,2,1,,0,39 58:34.977,,0,75 09:45.122,4,0,0,0,67301,0,0,0,N,0,0,0,2,67301,1,,1,1,,N,N,N,0,,0,0,0,3,3,,825,2,3,0,0,0,1,0,3,4,0,3,3,3.0,N,,,,,,,,,,,
2022010875,850.0,1,0,0,0,0,0,0,0,0,7,0,,67,1,2022,4,39.9966,-75.1338,834.0,6,0,0,0,0,0,0,0,0,,0,0,0.0,8,1,0,0,N,2,39 59:47.620,2.0,0,75 08:01.560,0,0,0,0,67301,0,0,0,N,0,0,0,1,67301,0,,5,2,1039.0,N,N,N,0,,0,0,0,0,0,Y,800,0,1,0,0,0,0,0,3,4,0,1,6,,N,,,,,,,,,,,
2022017761,1603.0,2,0,0,0,0,0,0,0,0,1,0,,67,2,2022,1,39.945,-75.1909,1601.0,6,0,0,0,0,0,1,0,0,,0,0,0.0,15,1,0,0,N,0,39 56:42.051,,0,75 11:27.078,0,0,0,0,67301,0,0,0,N,0,0,0,2,68K01,0,,1,1,,N,N,N,0,,0,0,0,0,0,,1554,0,2,0,0,0,0,0,3,4,0,2,3,3.0,N,,,,,,,,,,,
2022010822,1226.0,2,0,0,0,0,0,0,0,0,2,0,,67,1,2022,1,39.9615,-75.1498,1220.0,6,0,0,0,0,0,0,0,0,,0,0,0.0,11,1,0,2,,0,39 57:41.315,,0,75 08:59.323,0,0,0,0,67301,0,0,0,N,0,0,0,3,67301,0,,1,1,,N,N,N,0,,0,0,0,3,2,,1154,0,2,0,0,0,0,0,3,4,0,2,3,3.0,N,,,,,,,,,,,
2022010625,2117.0,1,0,0,0,0,0,0,0,0,7,0,,67,1,2022,1,39.9382,-75.144,2112.0,6,0,0,0,0,0,0,0,0,,0,0,0.0,21,3,0,0,N,0,39 56:17.393,,0,75 08:38.571,0,0,0,0,67301,0,0,0,N,0,0,0,1,68K01,0,,2,9,,N,N,N,0,,0,0,0,0,0,,2110,0,1,0,0,0,0,0,3,4,0,1,7,,N,,,,,,,,,,,
2022003181,1912.0,1,0,0,0,0,0,0,0,0,5,0,,67,1,2022,4,39.9956,-75.1974,1907.0,6,0,0,0,0,0,0,0,0,,0,0,0.0,19,3,0,0,N,2,39 59:44.159,4.0,0,75 11:50.660,9,0,0,0,67301,0,0,0,N,0,0,0,1,68K01,0,,5,1,1945.0,N,N,N,0,,0,0,0,0,0,N,1902,0,1,0,0,0,0,1,3,4,0,1,3,3.0,N,,,,,,,,,,,
2022002958,32.0,1,0,0,0,0,0,0,0,0,7,0,,67,1,2022,5,39.9572,-75.1569,28.0,6,0,0,0,0,0,0,1,0,,0,0,0.0,0,3,1,0,N,1,39 57:25.957,4.0,0,75 09:24.759,8,0,0,0,67301,0,0,0,N,0,0,0,1,68K01,0,,4,1,110.0,N,N,N,0,,0,0,0,0,0,N,28,1,1,0,0,0,1,0,3,4,0,1,3,,N,,,,,,,,,,,
2022006778,2216.0,1,0,0,0,0,0,0,0,0,1,0,,67,1,2022,2,39.9469,-75.1885,2205.0,6,0,0,0,1,1,0,0,0,,0,0,0.0,21,3,1,0,N,2,39 56:48.846,3.0,0,75 11:18.710,4,0,0,0,67301,0,0,0,N,0,0,0,4,68K01,1,,1,1,2310.0,N,N,N,0,,0,0,2,0,0,Y,2156,1,3,0,0,0,0,0,3,4,0,3,3,3.0,N,,,,,,,,,,,
2022005035,510.0,2,0,0,0,0,0,0,0,0,1,0,,67,1,2022,4,39.9809,-75.2065,510.0,6,0,0,0,0,0,0,0,0,,0,0,0.0,5,3,0,0,N,0,39 58:51.356,,0,75 12:23.350,0,0,0,0,67301,0,0,0,N,0,0,0,2,68K01,0,,1,1,,N,N,N,0,,0,0,0,0,0,,502,0,2,0,0,0,0,0,3,4,0,2,7,,N,,,,,,,,,,,
2022017177,750.0,0,0,0,0,0,0,0,0,0,1,0,,67,2,2022,2,39.9434,-75.1428,732.0,6,0,0,0,0,0,1,0,0,,0,0,0.0,7,1,1,0,N,0,39 56:36.207,,4,75 08:33.914,3,0,0,0,67301,0,0,0,N,0,0,0,2,68K01,0,,1,1,,N,N,N,1,,1,0,1,0,0,,732,1,2,0,0,0,0,0,3,4,0,2,3,3.0,N,,,,,,,,,,,
2022000404,2105.0,2,0,0,0,0,0,0,0,0,4,0,,67,1,2022,7,40.0808,-75.0286,2102.0,6,0,0,0,0,0,0,0,0,,0,0,0.0,20,3,2,1,,1,40 04:51.077,2.0,0,75 01:43.585,3,0,0,0,67301,0,0,0,N,0,0,0,3,67301,0,,1,9,2200.0,N,N,N,0,,2,0,0,3,2,N,2042,2,2,0,0,0,0,0,3,4,0,2,7,4.0,N,,,,,,,,,,,
2022016615,1839.0,1,0,0,0,0,0,0,0,0,1,0,,67,1,2022,1,40.0027,-75.0778,1833.0,6,0,0,0,0,0,1,0,0,,0,0,0.0,18,3,0,0,N,0,40 00:09.824,,0,75 04:40.084,0,0,0,0,67301,0,0,0,N,0,0,0,2,68K01,0,,1,9,,N,N,N,0,,0,0,1,0,0,,1814,0,2,0,0,0,0,0,3,4,0,2,10,10.0,N,,,,,,,,,,,
2022004297,1130.0,1,0,1,0,0,0,0,0,0,2,0,,67,1,2022,1,40.0114,-75.2004,1130.0,6,0,0,0,0,0,0,0,0,,0,0,0.0,17,3,1,2,,9,40 00:41.190,,2,75 12:01.509,2,0,0,0,67301,0,0,0,N,0,0,0,1,67301,0,,1,99,,N,N,N,0,,0,1,0,3,3,U,1744,1,2,0,0,0,0,0,3,4,0,2,99,,N,,,,,,,,,,,
2022009962,555.0,0,0,0,0,0,0,0,0,0,7,0,,67,1,2022,1,39.9931,-75.0852,547.0,6,0,0,0,0,0,0,0,0,,0,0,0.0,5,3,0,7,N,1,39 59:35.013,1.0,2,75 05:06.819,9,0,0,0,67301,0,0,0,N,0,0,0,1,68K01,0,,2,1,630.0,N,N,N,1,,0,0,0,0,0,N,542,0,1,0,0,0,0,1,3,4,0,1,3,,N,,,,,,,,,,,
2022003230,1513.0,1,0,0,0,0,0,0,0,0,7,0,,67,1,2022,1,40.0438,-75.0029,1455.0,6,0,0,0,0,0,0,0,0,,0,0,0.0,14,1,0,0,N,0,40 02:37.842,,0,75 00:10.478,0,0,0,0,67301,0,0,0,N,0,0,0,1,68K01,0,,2,9,,N,N,N,0,,0,0,0,0,0,,1449,0,1,0,0,0,0,0,3,4,0,1,6,,N,,,,,,,,,,,
2022004187,906.0,0,0,0,0,0,0,0,0,0,6,0,,67,1,2022,2,39.9649,-75.1594,857.0,6,0,0,0,0,0,0,1,0,,0,0,0.0,8,1,1,1,,0,39 57:53.981,,0,75 09:34.158,4,0,0,0,67301,0,0,0,N,0,0,0,1,67301,1,,1,2,,N,N,N,0,,0,0,1,0,0,,850,1,2,0,0,0,0,0,3,4,0,2,3,3.0,N,,,,,,,,,,,
2022018065,1644.0,2,0,0,0,0,0,0,0,0,1,0,,67,2,2022,3,40.0267,-75.0265,1619.0,6,0,0,0,0,0,0,0,0,,0,0,0.0,16,1,0,0,N,0,40 01:36.279,,0,75 01:35.534,0,0,0,0,67301,0,0,0,N,0,0,0,2,68K01,0,,1,1,,N,N,N,0,,0,0,0,0,0,,1616,0,2,0,0,0,0,0,3,4,0,2,3,3.0,N,,,,,,,,,,,
2022004538,732.0,2,0,0,0,0,0,0,0,0,4,0,,67,1,2022,3,40.0243,-75.1613,725.0,6,0,0,0,0,0,0,0,0,,0,0,0.0,6,5,2,1,,0,40 01:27.530,,0,75 09:40.561,3,0,0,0,67301,0,0,0,N,0,0,0,2,67301,0,,1,1,,N,N,N,0,,2,0,0,9,3,,647,2,2,0,0,0,0,0,3,4,0,2,3,,N,,,,,,,,,,,
2023000068,1502.0,1,0,0,0,0,0,0,0,0,7,0,,67,12,2022,7,40.0435,-75.0031,1502.0,6,0,0,0,1,0,0,0,0,,0,0,0.0,15,8,0,0,N,1,40 02:36.568,2.0,0,75 00:11.088,0,0,0,0,67301,0,0,0,N,0,0,0,1,68K01,0,,4,9,1507.0,N,N,N,0,,0,0,0,0,0,N,1501,0,1,0,0,0,0,0,3,4,0,1,5,7.0,N,,,,,,,,,,,
2023005744,311.0,1,0,0,0,0,0,0,0,0,7,0,,67,12,2022,5,39.9611,-75.1821,311.0,6,0,0,0,0,0,0,0,0,,0,0,0.0,3,3,1,0,N,0,39 57:40.600,,2,75 10:56.000,3,0,0,0,67301,0,0,0,N,0,0,0,1,68K01,0,,4,1,,N,N,N,0,,1,0,0,0,0,,306,1,1,0,0,0,0,0,3,4,0,1,3,,N,,,,,,,,,,,
2023001272,1220.0,1,0,0,0,0,0,1,0,0,4,1,,67,12,2022,3,39.9079,-75.1548,1205.0,6,0,0,0,0,0,0,0,0,,0,0,0.0,12,1,1,0,N,0,39 54:28.500,,7,75 09:17.100,4,0,0,0,67301,0,0,0,N,0,0,0,4,67508,1,,1,1,,N,N,N,0,,0,0,0,3,2,N,1205,1,2,0,0,1,0,1,3,4,0,2,3,3.0,N,,,,,,,,,,,
2023015453,121.0,0,0,1,0,0,0,0,0,0,4,0,,67,12,2022,1,40.0264,-75.1172,121.0,6,0,0,0,0,0,1,0,0,,0,0,0.0,9,1,1,1,,0,40 01:34.996,,0,75 07:01.756,2,0,0,0,67301,0,0,0,N,0,0,0,1,67301,0,,1,1,,N,N,N,0,,0,1,1,9,2,,930,1,2,0,0,0,0,0,3,4,0,2,3,3.0,N,,,,,,,,,,,
2023003648,1720.0,0,0,0,0,0,0,0,0,0,4,0,,67,12,2022,6,39.9744,-75.2599,1718.0,6,0,0,0,0,0,0,0,0,,0,0,0.0,17,4,0,0,N,1,39 58:28.011,6.0,7,75 15:35.769,9,0,0,0,67301,0,0,0,N,0,0,0,2,67301,0,,1,1,100.0,N,N,Y,1,,0,0,1,0,0,Y,1715,0,2,0,0,0,0,1,3,4,0,2,3,,N,,,,,,,,,,,
2023006297,2010.0,3,0,0,0,0,0,0,0,0,5,0,,67,12,2022,1,39.9966,-75.1215,2008.0,6,0,0,0,0,0,0,0,0,,0,1,0.0,20,3,0,0,N,0,39 59:47.600,,0,75 07:17.300,0,0,0,0,67301,0,0,0,N,0,0,0,1,67301,0,,4,9,,N,N,N,0,,0,0,2,3,5,,2007,0,7,0,0,0,0,0,3,4,1,7,7,7.0,N,,,,,,,,,,,
2023005951,1623.0,0,0,0,0,0,0,0,0,0,8,0,,67,11,2022,3,40.0361,-75.1277,1622.0,6,0,0,0,0,0,0,0,0,,0,0,0.0,19,3,1,1,,0,40 02:09.833,,0,75 07:39.552,8,0,0,0,67301,1,0,0,N,1,0,0,2,67301,0,,1,1,,N,N,N,0,,0,0,0,3,2,,1900,1,2,0,0,0,1,1,3,4,0,1,3,3.0,N,,,,,,,,,,,
2023002284,53.0,0,0,0,0,0,0,0,0,0,7,0,,67,12,2022,3,39.9756,-75.1912,52.0,6,0,0,0,0,0,0,0,0,,0,0,0.0,0,3,0,0,N,0,39 58:32.300,,0,75 11:28.200,9,0,0,0,67301,0,0,0,N,0,0,0,1,67301,0,,4,3,,N,N,N,0,,0,0,1,0,0,,51,0,1,0,0,0,0,1,3,4,0,1,3,4.0,N,,,,,,,,,,,
2023000477,202.0,1,0,0,0,0,0,0,0,0,7,0,,67,12,2022,2,40.0457,-75.0017,202.0,6,0,0,0,0,0,0,0,0,,0,0,0.0,2,3,0,0,N,0,40 02:44.430,,0,75 00:05.820,0,0,0,0,67301,0,0,0,Y,0,0,0,1,68K01,0,,5,1,,N,N,N,0,,0,0,0,0,0,,200,0,1,0,0,1,0,0,3,4,0,1,3,,N,,,,,,,,,,,
2023008996,1007.0,1,0,0,0,0,0,0,0,0,0,0,,67,12,2022,5,39.9125,-75.1484,1004.0,6,0,0,0,0,0,1,0,0,,0,0,0.0,10,1,1,0,N,1,39 54:45.150,1.0,0,75 08:54.384,8,0,0,0,67301,0,0,0,N,0,0,0,1,68K01,0,,1,1,1049.0,N,N,N,0,,0,0,0,0,0,Y,1003,1,2,0,0,0,1,0,3,4,0,1,3,,N,,,,,,,,,,,
2023003046,1345.0,1,0,0,0,0,0,0,0,0,1,0,,67,11,2022,7,40.0371,-75.0139,1321.0,6,0,1,0,0,1,0,0,0,,0,0,0.0,13,1,0,0,N,2,40 02:13.518,2.0,0,75 00:50.142,0,0,0,0,67301,0,0,0,N,0,0,0,4,68K01,0,,1,1,1400.0,N,N,N,0,,0,0,1,0,0,N,1311,0,2,0,0,0,0,0,3,4,0,2,3,3.0,N,,,,,,,,,,,
2023000518,155.0,1,0,0,0,0,0,0,0,0,7,0,,67,12,2022,6,39.9608,-75.1815,150.0,6,0,0,0,0,0,0,0,0,,0,0,0.0,1,3,0,0,N,1,39 57:37.700,4.0,2,75 10:51.900,0,0,0,0,67301,0,0,0,N,0,0,0,1,68K01,0,,5,9,207.0,N,N,N,0,,0,0,0,0,0,N,147,0,1,0,0,0,0,0,3,4,0,1,7,7.0,N,,,,,,,,,,,
2023009739,1723.0,1,0,0,0,0,0,0,0,0,1,0,,67,12,2022,5,39.9685,-75.1291,1720.0,6,0,0,0,0,0,1,0,0,,0,0,0.0,17,3,0,0,N,0,39 58:06.693,,0,75 07:44.660,9,0,0,0,67301,0,0,0,N,0,0,0,4,68K01,0,,1,1,,N,N,N,0,,0,0,1,0,0,,1718,0,3,0,0,0,0,1,3,4,0,3,3,,N,,,,,,,,,,,
2023009748,911.0,2,0,0,0,0,0,0,0,0,1,0,,67,12,2022,4,39.981,-75.1036,840.0,6,0,0,0,0,0,0,0,0,,0,0,0.0,8,1,2,0,N,0,39 58:51.100,,0,75 06:12.700,8,0,0,0,67301,0,0,0,N,0,0,0,4,68K01,0,,1,1,,N,N,N,0,,0,0,1,0,0,,835,2,3,0,0,0,2,0,3,4,0,3,3,,N,,,,,,,,,,,
2023002283,314.0,0,0,0,0,0,0,0,0,0,1,0,,67,12,2022,1,39.9885,-75.1607,306.0,6,0,0,0,0,0,0,0,0,,0,0,0.0,3,3,0,1,,1,39 59:18.600,2.0,0,75 09:38.500,0,0,0,0,67301,0,0,0,N,0,0,0,2,67301,0,,1,1,340.0,N,N,N,0,,0,0,2,3,2,N,306,0,2,0,0,0,0,0,3,4,0,2,3,3.0,N,,,,,,,,,,,
2023006115,1218.0,1,0,0,0,0,0,0,0,0,1,0,,67,12,2022,3,39.9616,-75.1826,1215.0,6,0,0,0,0,0,1,0,0,,0,0,0.0,12,1,1,0,N,0,39 57:43.900,,0,75 10:58.800,3,0,0,0,67301,0,0,0,N,0,0,0,3,68K01,0,,1,1,,N,N,N,0,,1,0,2,0,0,,1213,1,3,0,0,0,0,1,3,4,0,3,3,,N,,,,,,,,,,,
2023000609,408.0,1,0,0,0,0,0,0,0,0,1,0,,67,12,2022,4,40.0564,-75.0176,407.0,6,0,0,0,0,0,0,0,0,,0,0,0.0,4,3,0,0,N,2,40 03:23.030,1.0,0,75 01:03.301,9,0,0,0,67301,0,0,0,N,0,0,0,1,67301,0,,6,1,530.0,N,N,N,0,,0,0,1,0,0,Y,400,0,2,0,0,0,0,1,3,4,0,2,3,3.0,N,,,,,,,,,,,
2023000519,317.0,1,0,0,0,0,0,0,0,0,4,0,,67,12,2022,6,39.9421,-75.143,316.0,6,0,0,0,0,0,0,0,0,,0,0,0.0,2,3,0,0,N,0,39 56:31.690,,0,75 08:34.746,9,0,0,0,67301,0,0,0,N,0,0,0,2,68K01,0,,1,9,,N,N,Y,0,,0,0,1,0,0,,233,0,2,0,0,0,0,1,3,4,0,2,4,4.0,N,,,,,,,,,,,
2023002282,152.0,1,0,0,0,0,0,0,0,0,5,0,,67,12,2022,1,39.9792,-75.1706,144.0,6,0,0,0,0,0,0,0,0,,0,0,0.0,1,3,0,0,N,2,39 58:45.000,4.0,0,75 10:13.600,9,0,0,0,67301,0,0,0,N,0,0,0,2,67301,0,,4,1,100.0,N,N,N,0,,0,0,3,0,0,Y,140,0,4,0,0,0,0,2,3,4,0,4,3,,N,,,,,,,,,,,
2023001059,243.0,1,0,0,0,0,0,0,0,0,1,0,,67,12,2022,6,39.9426,-75.1429,235.0,6,0,0,0,0,0,0,0,0,,0,0,0.0,2,2,2,0,N,1,39 56:33.474,1.0,0,75 08:34.465,8,0,0,0,67301,0,0,0,N,0,0,0,3,68K01,0,,1,9,300.0,N,N,N,1,,0,0,1,0,0,N,231,2,3,0,0,0,2,1,3,4,0,3,3,,N,,,,,,,,,,,
2023004273,258.0,1,0,0,0,0,0,0,0,0,7,0,,67,12,2022,6,40.0265,-75.027,242.0,6,0,0,1,0,0,0,0,0,,0,0,0.0,2,3,1,0,N,0,40 01:35.297,,3,75 01:37.322,3,0,0,0,67301,0,0,0,N,0,0,0,1,68K01,0,,2,1,,N,N,N,0,,1,0,0,0,0,,236,1,1,0,0,0,0,0,3,4,0,1,3,,N,,,,,,,,,,,
2023009216,748.0,0,0,0,0,0,0,0,0,0,7,0,,67,11,2022,6,40.039,-75.0087,748.0,6,0,0,0,0,0,0,0,0,,0,0,0.0,7,1,1,0,N,1,40 02:20.383,2.0,0,75 00:31.160,3,0,0,0,67301,0,0,0,N,0,0,0,1,68K01,0,,3,9,830.0,N,N,N,1,,1,0,0,0,0,N,748,1,1,0,0,0,0,0,3,4,0,1,7,,N,,,,,,,,,,,
2023010748,357.0,1,0,0,0,0,0,0,0,0,7,0,,67,12,2022,3,39.9767,-75.1975,347.0,6,0,0,0,0,0,0,0,0,,0,0,0.0,3,3,1,0,N,0,39 58:36.246,,0,75 11:51.082,8,0,0,0,67301,0,0,0,N,0,0,0,1,68K01,0,,2,1,,N,N,N,0,,0,0,0,0,0,,336,1,1,0,0,0,1,0,3,4,0,1,3,,N,,,,,,,,,,,
2023004270,47.0,0,0,0,0,0,0,0,0,0,7,0,,67,11,2022,2,39.9356,-75.1997,24.0,6,0,0,0,0,0,0,0,0,,0,0,0.0,0,3,1,0,N,2,39 56:08.039,4.0,3,75 11:59.060,3,0,0,0,67301,0,0,0,N,0,0,0,1,68K01,0,,3,1,120.0,N,N,N,1,,1,0,0,0,0,Y,24,1,1,0,0,0,0,0,3,4,0,1,3,,N,,,,,,,,,,,
2023001429,715.0,1,0,0,0,0,0,0,0,0,7,0,,67,11,2022,6,40.0336,-75.02,709.0,6,0,0,0,0,0,0,0,0,,0,0,0.0,7,5,1,0,N,1,40 02:00.985,1.0,3,75 01:11.840,8,0,0,0,67301,0,0,0,N,0,0,0,1,68K01,0,,4,9,725.0,N,N,N,0,,0,0,0,0,0,N,706,1,1,0,0,0,1,0,3,4,0,1,7,,N,,,,,,,,,,,
2023009747,1756.0,1,0,0,0,0,0,0,0,0,1,0,,67,12,2022,3,40.0516,-74.9891,1736.0,6,0,1,0,0,0,0,0,0,,0,0,0.0,17,3,0,0,N,0,40 03:05.717,,0,74 59:20.919,0,0,0,0,67301,0,0,0,N,0,0,0,2,68K01,0,,1,1,,N,N,N,0,,0,0,1,0,0,,1732,0,2,0,0,0,0,0,3,4,0,2,3,3.0,N,,,,,,,,,,,
2023011481,2027.0,1,0,0,0,0,0,0,0,0,1,0,,67,11,2022,3,39.9598,-75.1775,2009.0,6,0,0,0,0,0,0,0,0,,0,0,0.0,19,3,0,0,N,1,39 57:35.414,4.0,3,75 10:39.062,0,0,0,0,67301,0,0,0,N,0,0,0,3,68K01,0,,1,1,2100.0,N,N,N,0,,0,0,2,0,0,Y,1953,0,3,0,0,0,0,0,3,4,0,3,3,3.0,N,,,,,,,,,,,
2023005750,1605.0,2,0,0,0,0,0,0,0,0,1,0,,67,12,2022,2,40.0254,-75.0284,1543.0,6,0,0,0,0,0,0,0,0,,0,0,0.0,15,1,0,0,N,0,40 01:31.524,,0,75 01:42.179,0,0,0,0,67301,0,0,0,N,0,0,0,2,68K01,0,,1,1,,N,N,N,0,,0,0,0,0,0,,1540,0,2,0,0,0,0,0,3,4,0,2,3,3.0,N,,,,,,,,,,,
2023013736,2345.0,1,0,0,0,0,0,0,0,0,1,0,,67,12,2022,2,40.0214,-75.1395,2342.0,6,0,0,0,0,0,1,0,0,,0,0,0.0,21,3,1,0,N,0,40 01:17.730,,0,75 08:22.780,3,0,0,0,67301,0,0,0,N,0,0,0,2,67301,0,,1,1,,N,N,N,0,,1,0,1,0,0,,2120,1,2,0,0,0,0,1,3,4,0,2,3,,N,,,,,,,,,,,
2023000606,350.0,1,0,0,0,0,0,0,0,0,7,0,,67,12,2022,1,40.0695,-75.0506,346.0,6,0,0,0,0,0,0,0,0,,0,0,0.0,3,3,0,1,,0,40 04:10.300,,0,75 03:02.600,9,0,0,0,67301,0,0,0,N,0,0,0,1,67301,0,,2,1,,N,N,N,0,,0,0,0,3,1,,345,0,1,0,0,0,0,1,3,4,0,1,3,3.0,N,,,,,,,,,,,
2023001273,2135.0,1,0,0,0,0,0,0,0,0,8,0,,67,12,2022,7,39.9697,-75.1576,2130.0,6,0,0,0,0,0,0,0,0,,0,0,0.0,21,3,1,1,,0,39 58:10.900,,0,75 09:27.500,4,0,0,0,67301,1,0,0,N,1,0,0,2,67301,1,,1,1,,N,N,N,0,,0,0,0,3,3,,2125,1,2,0,0,0,0,1,3,4,0,1,3,3.0,N,,,,,,,,,,,
2023012667,2214.0,1,0,0,0,0,0,0,0,0,7,0,,67,12,2022,4,39.9891,-75.2066,2214.0,6,0,0,0,0,0,0,0,0,,0,0,0.0,21,3,1,0,N,1,39 59:20.730,3.0,0,75 12:23.855,3,0,0,0,67301,0,0,0,N,0,0,0,1,68K01,0,,4,1,12.0,N,N,N,0,,1,0,0,0,0,N,2148,1,1,0,0,1,0,0,3,4,0,1,3,,N,,,,,,,,,,,