CRN,ARRIVAL_TM,AUTOMOBILE_COUNT,BELTED_DEATH_COUNT,BELTED_SUSP_SERIOUS_INJ_COUNT,BICYCLE_COUNT,BICYCLE_DEATH_COUNT,BICYCLE_SUSP_SERIOUS_INJ_COUNT,BUS_COUNT,CHLDPAS_DEATH_COUNT,CHLDPAS_SUSP_SERIOUS_INJ_COUNT,COLLISION_TYPE,COMM_VEH_COUNT,CONS_ZONE_SPD_LIM,COUNTY,CRASH_MONTH,CRASH_YEAR,DAY_OF_WEEK,DEC_LAT,DEC_LONG,DISPATCH_TM,DISTRICT,DRIVER_COUNT_16YR,DRIVER_COUNT_17YR,DRIVER_COUNT_18YR,DRIVER_COUNT_19YR,DRIVER_COUNT_20YR,DRIVER_COUNT_50_64YR,DRIVER_COUNT_65_74YR,DRIVER_COUNT_75PLUS,EST_HRS_CLOSED,FATAL_COUNT,HEAVY_TRUCK_COUNT,HORSE_BUGGY_COUNT,HOUR_OF_DAY,ILLUMINATION,INJURY_COUNT,INTERSECT_TYPE,INTERSECTION_RELATED,LANE_CLOSED,LATITUDE,LN_CLOSE_DIR,LOCATION_TYPE,LONGITUDE,MAX_SEVERITY_LEVEL,MCYCLE_DEATH_COUNT,MCYCLE_SUSP_SERIOUS_INJ_COUNT,MOTORCYCLE_COUNT,MUNICIPALITY,NONMOTR_COUNT,NONMOTR_DEATH_COUNT,NONMOTR_SUSP_SERIOUS_INJ_COUNT,NTFY_HIWY_MAINT,PED_COUNT,PED_DEATH_COUNT,PED_SUSP_SERIOUS_INJ_COUNT,PERSON_COUNT,POLICE_AGCY,POSSIBLE_INJ_COUNT,RDWY_SURF_TYPE_CD,RELATION_TO_ROAD,ROAD_CONDITION,ROADWAY_CLEARED,SCH_BUS_IND,SCH_ZONE_IND,SECONDARY_CRASH,SMALL_TRUCK_COUNT,SPEC_JURIS_CD,SUSP_MINOR_INJ_COUNT,SUSP_SERIOUS_INJ_COUNT,SUV_COUNT,TCD_FUNC_CD,TCD_TYPE,TFC_DETOUR_IND,TIME_OF_DAY,TOT_INJ_COUNT,TOTAL_UNITS,UNB_DEATH_COUNT,UNB_SUSP_SERIOUS_INJ_COUNT,UNBELTED_OCC_COUNT,UNK_INJ_DEG_COUNT,UNK_INJ_PER_COUNT,URBAN_AREA,URBAN_RURAL,VAN_COUNT,VEHICLE_COUNT,WEATHER1,WEATHER2,WORK_ZONE_IND,WORK_ZONE_LOC,WORK_ZONE_TYPE,WORKERS_PRES,WZ_CLOSE_DETOUR,WZ_FLAGGER,WZ_LAW_OFFCR_IND,WZ_LN_CLOSURE,WZ_MOVING,WZ_OTHER,WZ_SHLDER_MDN,WZ_WORKERS_INJ_KILLED
2023000473,26.0,3,0,0,0,0,0,0,0,0,5,0,,67,12,2022,1,39.999,-75.1954,9.0,6,0,0,0,0,1,1,0,0,,0,0,0.0,0,2,1,0,N,0,39 59:56.309,,0,75 11:43.417,8,0,0,0,67301,0,0,0,N,0,0,0,6,68K01,0,,1,1,,N,N,N,0,,0,0,1,0,0,,3,1,4,0,0,0,1,2,3,4,0,4,3,3.0,N,,,,,,,,,,,
2023015907,658.0,2,0,0,0,0,0,0,0,0,7,0,,67,12,2022,1,39.9932,-75.2001,651.0,6,0,0,0,0,0,0,0,0,,0,0,0.0,6,1,2,0,N,2,39 59:35.341,4.0,0,75 12:00.197,3,0,0,0,67301,0,0,0,N,0,0,0,3,68K01,0,,2,1,731.0,N,N,N,0,,2,0,1,0,0,N,648,2,3,0,0,0,0,0,3,4,0,3,3,3.0,N,,,,,,,,,,,
2023009759,1843.0,1,0,0,0,0,0,0,0,0,1,0,,67,12,2022,4,39.9594,-75.1725,1831.0,6,0,0,0,0,0,0,0,0,,0,0,0.0,18,3,0,0,N,1,39 57:33.600,4.0,0,75 10:21.400,0,0,0,0,67301,0,0,0,N,0,0,0,2,68K01,0,,1,1,1905.0,N,N,N,0,,0,0,1,0,0,N,1811,0,2,0,0,0,0,0,3,4,0,2,3,,N,,,,,,,,,,,
2023003062,642.0,1,0,0,0,0,0,0,0,0,1,0,,67,12,2022,2,39.9608,-75.1815,628.0,6,0,0,0,0,0,0,0,0,,0,0,0.0,6,3,0,0,N,0,39 57:38.400,,2,75 10:52.900,0,0,0,0,67301,0,0,0,N,0,0,0,2,68K01,0,,1,1,,N,N,N,0,,0,0,1,0,0,,625,0,2,0,0,0,0,0,3,4,0,2,3,3.0,N,,,,,,,,,,,
2023008669,1008.0,0,0,0,0,0,0,0,0,0,8,0,,67,12,2022,2,39.9861,-75.2319,1008.0,6,0,0,0,0,0,0,0,0,,0,0,0.0,9,1,1,0,N,0,39 59:09.850,,0,75 13:54.990,3,0,0,0,67301,1,0,0,N,1,0,0,2,67301,0,,1,1,,N,N,N,0,,1,0,1,3,2,,930,1,2,0,0,1,0,0,3,4,0,1,3,3.0,N,,,,,,,,,,,
2023012676,2142.0,1,0,0,0,0,0,0,0,0,4,0,,67,12,2022,3,39.9298,-75.1442,2142.0,6,0,0,0,0,1,0,0,0,,0,0,0.0,21,3,1,1,,2,39 55:47.800,6.0,0,75 08:40.000,3,0,0,0,67301,0,0,0,N,0,0,0,2,68K01,0,,1,1,2220.0,N,N,N,0,,1,0,1,3,2,N,2141,1,2,0,0,0,0,0,3,4,0,2,3,3.0,N,,,,,,,,,,,
2023009762,1434.0,1,0,0,0,0,0,0,0,0,5,0,,67,12,2022,6,40.0282,-75.0239,1405.0,6,0,0,0,0,0,0,0,0,,0,0,0.0,13,1,0,0,N,0,40 01:41.505,,0,75 01:26.012,0,0,0,0,67301,0,0,0,N,0,0,0,2,68K01,0,,4,2,,N,N,N,0,,0,0,1,0,0,,1344,0,2,0,0,0,0,0,3,4,0,2,98,8.0,N,,,,,,,,,,,
2023001275,,1,0,0,0,0,0,0,0,0,4,0,,67,12,2022,6,40.0054,-75.1821,,6,0,0,0,0,0,0,0,0,,0,0,0.0,20,3,2,0,N,0,40 00:19.293,,0,75 10:55.514,8,0,0,0,67301,0,0,0,N,0,0,0,3,00000,0,,1,1,,,,N,0,,0,0,0,0,0,,2030,2,2,0,0,0,2,0,3,4,0,2,3,,N,,,,,,,,,,,
2023014550,,0,0,0,0,0,0,0,0,0,1,0,,67,12,2022,6,40.0483,-75.0934,,6,0,0,0,0,0,1,0,0,,0,0,0.0,0,3,1,0,Y,0,40 02:54.036,,0,75 05:36.253,8,0,0,0,67301,0,0,0,N,0,0,0,2,00000,0,,1,1,,,,N,1,,0,0,0,3,2,,20,1,2,0,0,0,1,0,3,4,0,2,3,,N,,,,,,,,,,,
2023007898,,0,0,0,0,0,0,0,0,0,1,0,,67,12,2022,3,40.0306,-75.1585,,6,0,0,0,0,0,0,1,0,,0,0,0.0,20,3,1,0,N,0,40 01:50.300,,0,75 09:30.500,8,0,0,0,67301,0,0,0,N,0,0,0,2,00000,0,,1,1,,,,N,0,,0,0,1,0,0,,2045,1,2,0,0,0,1,0,3,4,0,2,3,,N,,,,,,,,,,,
2023011483,947.0,1,0,0,0,0,0,0,0,0,7,0,,67,12,2022,6,39.9607,-75.1815,939.0,6,0,0,0,0,0,0,0,0,,0,0,0.0,9,8,0,0,N,0,39 57:38.603,,0,75 10:53.486,0,0,0,0,67301,0,0,0,N,0,0,0,1,68K01,0,,3,9,,N,N,N,0,,0,0,0,0,0,,938,0,1,0,0,0,0,0,3,4,0,1,7,4.0,N,,,,,,,,,,,
2022001476,908.0,1,0,0,0,0,0,0,0,0,7,0,,67,1,2022,1,39.988,-75.2073,908.0,6,0,0,0,0,0,1,0,0,,0,0,0.0,9,1,0,0,N,2,39 59:16.839,4.0,0,75 12:26.106,0,0,0,0,67301,0,0,0,N,0,0,0,1,68K01,0,,3,9,940.0,N,N,N,0,,0,0,0,0,0,N,908,0,1,0,0,0,0,0,3,4,0,1,3,,N,,,,,,,,,,,
2022010405,1459.0,1,0,0,0,0,0,0,0,0,7,0,,67,1,2022,4,40.0401,-75.0063,1443.0,6,0,0,0,0,0,0,0,0,,0,0,0.0,14,1,0,0,N,0,40 02:24.534,,0,75 00:22.737,0,0,0,0,67301,0,0,0,N,0,0,0,1,68K01,0,,2,1,,N,Y,N,0,,0,0,0,0,0,,1442,0,1,0,0,0,0,0,3,4,0,1,3,,N,,,,,,,,,,,
2022016534,1409.0,0,0,0,0,0,0,0,0,0,1,2,,67,1,2022,6,39.9583,-75.1661,1351.0,6,0,0,0,0,0,1,0,0,,0,2,0.0,13,1,0,0,N,0,39 57:29.877,,0,75 09:57.998,0,0,0,0,67301,0,0,0,N,0,0,0,2,68K01,0,,1,9,,N,N,N,0,,0,0,0,0,0,,1348,0,2,0,0,0,0,0,3,4,0,2,3,3.0,N,,,,,,,,,,,
2022015513,958.0,0,0,0,0,0,0,1,0,0,8,1,,67,1,2022,7,39.9719,-75.2449,949.0,6,0,0,0,0,0,0,0,0,,0,0,0.0,9,1,1,1,,1,39 58:18.687,2.0,0,75 14:41.580,8,0,0,0,67301,1,0,0,N,1,0,0,2,67508,0,,1,1,9999.0,,,N,0,,0,0,0,3,2,N,943,1,2,0,0,0,1,0,3,4,0,1,3,3.0,N,,,,,,,,,,,
2022017109,318.0,1,0,0,0,0,0,1,0,0,5,1,,67,2,2022,5,40.0081,-75.0725,302.0,6,0,0,0,0,0,0,0,0,,0,0,0.0,2,3,1,1,,1,40 00:29.331,1.0,0,75 04:20.880,3,0,0,0,67301,0,0,0,N,0,0,0,3,67301,0,,1,1,335.0,N,N,N,0,,1,0,0,3,2,N,240,1,2,0,0,0,0,0,3,4,0,2,3,4.0,N,,,,,,,,,,,
2022005277,27.0,1,0,0,0,0,0,0,0,0,7,0,,67,1,2022,7,39.9397,-75.1963,0.0,6,0,0,1,0,0,0,0,0,,0,0,0.0,0,3,1,0,N,2,39 56:22.791,4.0,0,75 11:46.689,8,0,0,0,67301,0,0,0,N,0,0,0,1,68K01,0,,2,1,50.0,N,N,N,0,,0,0,0,0,0,Y,0,1,1,0,0,0,1,0,3,4,0,1,3,,N,,,,,,,,,,,
2022008847,2222.0,0,0,0,0,0,0,0,0,0,5,0,,67,1,2022,5,39.8991,-75.1759,2221.0,6,0,0,0,0,0,0,1,0,,0,0,0.0,22,3,1,0,N,2,39 53:56.917,1.0,0,75 10:33.126,3,0,0,0,67301,0,0,0,N,0,0,0,2,68K01,0,,1,1,2253.0,N,N,N,0,,1,0,0,0,0,N,2220,1,2,0,0,0,0,1,3,4,1,2,3,3.0,N,,,,,,,,,,,
2022008653,725.0,1,0,0,0,0,0,0,0,0,7,0,,67,1,2022,2,39.8765,-75.2575,704.0,6,0,0,0,0,0,0,0,0,,0,0,0.0,7,1,1,0,N,0,39 52:35.502,,0,75 15:26.956,8,0,0,0,67301,0,0,0,Y,0,0,0,1,68K01,0,,3,1,,N,N,N,0,,0,0,0,0,0,,700,1,1,0,0,0,1,0,3,4,0,1,3,3.0,N,,,,,,,,,,,
2022008125,707.0,1,0,0,0,0,0,0,0,0,1,0,,67,1,2022,5,39.977,-75.1982,657.0,6,0,0,0,0,0,1,0,0,,0,0,0.0,6,5,0,0,N,2,39 58:37.237,4.0,0,75 11:53.516,0,0,0,0,67301,0,0,0,N,0,0,0,2,68K01,0,,1,9,720.0,N,N,N,1,,0,0,0,0,0,N,654,0,2,0,0,0,0,0,3,4,0,2,7,,N,,,,,,,,,,,
2022016423,835.0,2,0,0,0,0,0,0,0,0,1,0,,67,2,2022,2,39.9578,-75.1622,832.0,6,0,0,0,0,0,0,0,0,,0,0,0.0,8,1,1,0,N,0,39 57:28.178,,0,75 09:43.854,3,0,0,0,67301,0,0,0,N,0,0,0,2,67301,0,,1,1,,N,N,N,0,,1,0,0,0,0,,820,1,2,0,0,2,0,0,3,4,0,2,3,3.0,N,,,,,,,,,,,
2022006693,245.0,1,0,0,0,0,0,0,0,0,7,0,,67,1,2022,6,39.9106,-75.1491,225.0,6,0,0,0,0,0,0,0,0,,0,0,0.0,2,3,0,6,N,0,39 54:44.540,,2,75 08:55.289,0,0,0,0,67301,0,0,0,N,0,0,0,1,68K01,0,,2,1,,N,N,N,0,,0,0,0,0,0,,222,0,1,0,0,0,0,0,3,4,0,1,3,,N,,,,,,,,,,,
2022010630,1921.0,1,0,0,0,0,0,0,0,0,1,0,,67,1,2022,1,40.0356,-75.0168,1906.0,6,0,0,0,0,0,0,0,0,,0,0,0.0,18,2,0,0,N,1,40 02:08.316,1.0,0,75 01:00.606,9,0,0,0,67301,0,0,0,N,0,0,0,2,68K01,0,,2,7,1950.0,N,N,N,0,,0,0,0,0,0,N,1841,0,2,0,0,0,0,1,3,4,0,2,10,,N,,,,,,,,,,,
2022016610,1926.0,1,0,0,0,0,0,0,0,0,1,0,,67,1,2022,1,39.9094,-75.1493,1918.0,6,0,0,0,0,0,0,0,0,,0,0,0.0,19,3,0,0,N,0,39 54:33.776,,0,75 08:57.455,0,0,0,0,67301,1,0,0,N,0,0,0,2,68K01,0,,2,9,,N,N,N,0,,0,0,1,0,0,,1917,0,2,0,0,0,0,0,3,4,0,2,7,7.0,N,,,,,,,,,,,
2022008863,231.0,1,0,0,0,0,0,0,0,0,7,0,,67,1,2022,4,40.0091,-75.0672,220.0,6,0,0,0,0,0,0,0,0,,0,0,0.0,2,3,1,0,N,0,40 00:32.839,,0,75 04:01.873,3,0,0,0,67301,0,0,0,N,0,0,0,2,68K01,0,,4,1,,N,N,N,0,,1,0,0,0,0,,218,1,1,0,0,0,0,0,3,4,0,1,3,,N,,,,,,,,,,,
2022009219,848.0,1,0,0,0,0,0,0,0,0,7,0,,67,1,2022,7,39.9599,-75.1788,833.0,6,0,0,0,0,0,0,0,0,,0,0,0.0,8,1,1,0,N,1,39 57:35.547,3.0,0,75 10:43.659,8,0,0,0,67301,0,0,0,Y,0,0,0,2,68K01,0,,7,1,930.0,N,N,N,0,,0,0,0,0,0,N,831,1,1,0,0,0,1,0,3,4,0,1,3,3.0,N,,,,,,,,,,,
2022004169,820.0,0,0,0,0,0,0,0,0,0,7,0,,67,1,2022,4,40.0722,-75.0845,802.0,6,0,0,0,0,0,0,0,0,,0,0,0.0,7,1,1,0,N,0,40 04:20.014,,0,75 05:04.111,3,0,0,0,67301,0,0,0,N,0,0,0,1,67301,0,,5,2,,N,N,N,1,,1,0,0,0,0,,738,1,1,0,0,0,0,0,3,4,0,1,4,5.0,N,,,,,,,,,,,
2022016316,1845.0,1,0,0,0,0,0,0,0,0,4,0,,67,2,2022,1,40.027,-75.1832,1845.0,6,0,0,0,0,0,0,0,0,,0,0,0.0,16,1,0,0,N,9,40 01:37.077,,7,75 10:59.551,0,0,0,0,67301,0,0,0,N,0,0,0,4,67301,0,,1,9,,N,N,N,0,,0,0,1,0,0,,1650,0,2,0,0,0,0,0,3,4,0,2,10,4.0,N,,,,,,,,,,,
2022004458,1120.0,1,0,0,0,0,0,0,0,0,7,0,,67,1,2022,7,39.9672,-75.1327,1108.0,6,0,0,0,0,0,0,0,0,,0,0,0.0,11,1,0,0,N,2,39 58:01.869,1.0,0,75 07:57.872,9,0,0,0,67301,0,0,0,N,0,0,0,1,68K01,0,,3,9,1145.0,N,N,N,0,,0,0,0,0,0,N,1106,0,1,0,0,0,0,1,3,4,0,1,7,,N,,,,,,,,,,,
2022001466,727.0,0,0,0,0,0,0,0,0,0,7,0,,67,1,2022,7,39.9502,-75.1417,717.0,6,0,0,0,0,0,0,0,0,,0,0,0.0,7,1,0,0,N,1,39 57:00.550,2.0,0,75 08:30.147,9,0,0,0,67301,0,0,0,N,0,0,0,1,68K01,0,,2,9,750.0,N,N,N,0,,0,0,0,0,0,N,713,0,1,0,0,0,0,1,3,4,1,1,7,7.0,N,,,,,,,,,,,
2022004237,730.0,1,0,0,0,0,0,0,0,0,4,0,,67,1,2022,4,40.0294,-75.0561,730.0,6,0,0,0,0,0,0,0,0,,0,0,0.0,7,1,3,1,,0,40 01:45.839,,0,75 03:21.884,4,0,0,0,67301,0,0,0,N,0,0,0,3,67301,3,,1,98,,N,N,N,0,,0,0,1,3,2,,730,3,2,0,0,0,0,0,3,4,0,2,4,6.0,N,,,,,,,,,,,
2022016000,1608.0,1,0,0,0,0,0,0,0,0,5,0,,67,2,2022,7,39.9476,-75.1442,1600.0,6,0,0,0,0,0,0,0,0,,0,0,0.0,15,1,1,0,N,0,39 56:51.480,,0,75 08:39.230,3,0,0,1,67301,0,0,0,N,0,0,0,2,67301,0,,1,1,,N,N,N,0,,1,0,0,3,2,,1515,1,2,0,0,1,0,0,3,4,0,2,4,4.0,N,,,,,,,,,,,
2022005503,2025.0,1,0,0,0,0,0,0,0,0,5,0,,67,1,2022,1,39.9549,-75.149,2014.0,6,0,0,1,0,0,0,0,0,,0,0,0.0,20,3,1,0,N,1,39 57:17.530,3.0,0,75 08:56.500,8,0,0,0,67301,0,0,0,N,0,0,0,5,68K01,0,,4,9,2035.0,N,N,N,0,,0,0,1,0,0,N,2012,1,2,0,0,0,1,0,3,4,0,2,7,,N,,,,,,,,,,,
2022016595,1719.0,0,0,0,0,0,0,0,0,0,1,0,,67,2,2022,7,39.9479,-75.1421,1719.0,6,0,0,0,0,0,0,0,0,,0,0,0.0,17,1,0,0,N,1,39 56:52.555,2.0,0,75 08:31.728,0,0,0,0,67301,0,0,0,N,0,0,0,2,68K01,0,,1,1,1719.0,N,N,N,0,,0,0,1,0,0,N,1719,0,2,0,0,0,0,0,3,4,1,2,3,,N,,,,,,,,,,,
2022017581,613.0,1,0,0,0,0,0,0,0,0,7,0,,67,2,2022,1,39.9551,-75.1408,602.0,6,0,0,0,0,0,0,0,0,,0,0,0.0,5,3,1,0,N,1,39 57:18.282,1.0,0,75 08:26.731,8,0,0,0,67301,0,0,0,Y,0,0,0,1,68K01,0,,4,9,658.0,N,N,N,0,,0,0,0,0,0,N,554,1,1,0,0,1,1,0,3,4,0,1,10,,N,,,,,,,,,,,
2022004153,1017.0,1,0,0,0,0,0,0,0,0,1,0,,67,1,2022,4,40.0283,-75.11,1011.0,6,0,0,0,0,0,1,0,0,,0,0,0.0,9,1,1,0,N,0,40 01:41.890,,0,75 06:36.150,4,0,0,0,67301,0,0,0,N,0,0,0,1,67301,1,,1,1,,N,N,N,0,,0,0,1,0,0,,955,1,2,0,0,0,0,0,3,4,0,2,3,3.0,N,,,,,,,,,,,
2022017772,1145.0,1,0,0,0,0,0,0,0,0,1,0,,67,2,2022,7,39.9241,-75.1926,1128.0,6,0,0,0,0,0,0,0,0,,0,0,0.0,23,3,0,0,N,0,39 55:26.903,,0,75 11:33.494,9,0,0,0,67301,0,0,0,N,0,0,0,2,68K01,0,,3,1,,N,N,N,0,,0,0,1,0,0,,2331,0,2,0,0,0,0,1,3,4,0,2,3,,N,,,,,,,,,,,
2022003201,758.0,1,0,0,0,0,0,0,0,0,7,0,,67,1,2022,6,39.882,-75.2455,753.0,6,0,0,0,0,0,0,0,0,,0,0,0.0,7,1,0,0,N,1,39 52:55.080,1.0,3,75 14:43.886,0,0,0,0,67301,0,0,0,N,0,0,0,1,68K01,0,,4,2,830.0,N,N,N,0,,0,0,0,0,0,N,725,0,1,0,0,0,0,0,3,4,0,1,10,,N,,,,,,,,,,,
2022011924,,0,0,0,0,0,0,0,0,0,1,0,,67,1,2022,1,40.0293,-75.1892,,6,0,0,0,0,0,0,0,0,,0,0,0.0,7,1,2,0,N,0,40 01:45.500,,0,75 11:21.200,8,0,0,0,67301,0,0,0,N,0,0,0,3,00000,0,,1,9,,N,N,N,0,,0,0,1,0,0,,705,2,2,0,0,0,2,0,3,4,0,2,3,,N,,,,,,,,,,,
2022014423,,1,0,0,0,0,0,0,0,0,4,0,,67,1,2022,4,40.0214,-75.0521,,6,0,0,0,0,0,0,0,0,,0,0,0.0,14,1,3,0,N,0,40 01:16.881,,7,75 03:07.585,8,0,0,0,67301,0,0,0,N,0,0,0,4,00000,0,,1,1,,N,N,N,0,,0,0,1,0,0,,1400,3,2,0,0,0,3,0,3,4,0,2,3,,N,,,,,,,,,,,
2022004160,1657.0,0,0,0,0,0,0,0,0,0,8,0,,67,1,2022,7,39.9259,-75.1812,1656.0,6,0,0,0,0,0,0,0,0,,0,0,0.0,16,4,1,1,,2,39 55:33.075,7.0,0,75 10:52.206,3,0,0,0,67301,1,0,0,N,1,0,0,2,67301,0,,1,9,1715.0,N,N,N,0,,1,0,0,3,2,Y,1645,1,2,0,0,0,0,1,3,4,0,1,7,4.0,N,,,,,,,,,,,
2022007421,105.0,0,0,0,0,0,0,0,0,0,7,0,,67,1,2022,7,39.9333,-75.2,105.0,6,0,0,0,0,0,0,0,0,,0,0,0.0,1,3,0,0,N,1,39 55:57.319,4.0,0,75 12:00.125,0,0,0,0,67301,0,0,0,N,0,0,0,1,68K01,0,,4,1,135.0,N,N,N,0,,0,0,1,0,0,N,105,0,1,0,0,0,0,0,3,4,0,1,3,,N,,,,,,,,,,,
2022016636,1025.0,0,0,0,0,0,0,0,0,0,7,1,,67,2,2022,2,40.0233,-75.1593,1010.0,6,0,0,0,0,0,0,0,0,,0,1,0.0,9,1,0,0,N,2,40 01:23.783,5.0,1,75 09:33.302,0,0,0,0,67301,0,0,0,N,0,0,0,1,67301,0,,5,1,1228.0,N,N,N,0,,0,0,0,3,8,Y,940,0,1,0,0,0,0,0,3,4,0,1,3,3.0,N,,,,,,,,,,,
2022015859,634.0,1,0,0,0,0,0,0,0,0,5,0,,67,1,2022,5,39.9672,-75.1326,631.0,6,0,0,0,0,0,0,0,0,,0,0,0.0,6,5,1,0,N,1,39 58:01.989,1.0,0,75 07:57.404,8,0,0,0,67301,0,0,0,N,0,0,0,2,68K01,0,,1,1,644.0,N,N,N,0,,0,0,0,0,0,N,628,1,2,0,0,0,1,1,3,4,0,2,3,,N,,,,,,,,,,,
2022004203,1403.0,1,0,0,0,0,0,0,0,0,7,0,,67,1,2022,6,40.0845,-74.9737,1357.0,6,0,0,0,0,0,0,0,0,,0,0,0.0,13,1,0,1,,1,40 05:04.128,3.0,0,74 58:25.148,0,0,0,0,67301,0,0,0,N,0,0,0,1,67301,0,,5,2,1440.0,N,N,N,0,,0,0,0,3,2,N,1346,0,1,0,0,0,0,0,3,4,0,1,3,10.0,N,,,,,,,,,,,
2022017057,1422.0,1,0,0,0,0,0,0,0,0,1,0,,67,1,2022,7,39.9535,-75.1815,1411.0,6,0,0,0,0,0,1,0,0,,0,0,0.0,14,1,1,0,N,0,39 57:12.692,,0,75 10:53.496,8,0,0,0,67301,0,0,0,N,0,0,0,2,68K01,0,,1,1,,N,N,N,0,,0,0,1,0,0,,1407,1,2,0,0,0,1,1,3,4,0,2,3,3.0,N,,,,,,,,,,,
2022008128,1046.0,1,0,0,0,0,0,0,0,0,1,0,,67,1,2022,6,39.9673,-75.1888,1041.0,6,0,0,0,0,0,0,0,0,,0,0,0.0,10,1,1,0,N,2,39 58:02.276,3.0,0,75 11:19.842,3,0,0,0,67301,0,0,0,N,0,0,0,4,68K01,0,,1,1,1056.0,N,N,N,0,,1,0,2,0,0,N,1038,1,3,0,0,0,0,0,3,4,0,3,3,,N,,,,,,,,,,,
2022005999,2130.0,0,0,0,0,0,0,0,0,0,7,0,,67,1,2022,7,40.0022,-75.1945,2125.0,6,0,0,0,0,0,1,0,0,,0,0,0.0,21,3,1,0,N,0,40 00:07.833,,0,75 11:40.194,3,0,0,0,67301,0,0,0,N,0,0,0,2,68K01,0,,2,1,,N,N,N,1,,1,0,0,0,0,,2124,1,1,0,0,0,0,0,3,4,0,1,3,,N,,,,,,,,,,,
2022009619,2018.0,1,0,0,0,0,0,0,0,0,5,0,,67,1,2022,6,39.9598,-75.1779,2008.0,6,0,0,0,0,1,1,0,0,,0,0,0.0,20,3,0,0,N,2,39 57:35.134,3.0,0,75 10:40.387,0,0,0,0,67301,0,0,0,N,0,0,0,5,68K01,0,,1,1,2022.0,N,N,N,0,,0,0,1,0,0,N,2000,0,2,0,0,0,0,0,3,4,0,2,3,,N,,,,,,,,,,,
2022018060,2142.0,1,0,0,0,0,0,0,0,0,7,0,,67,2,2022,2,40.0314,-75.0216,2137.0,6,0,0,0,0,0,0,0,0,,0,0,0.0,21,3,0,0,N,0,40 01:52.941,,0,75 01:17.755,0,0,0,0,67301,0,0,0,Y,0,0,0,1,68K01,0,,2,9,,N,N,N,0,,0,0,0,0,0,,2134,0,1,0,0,0,0,0,3,4,0,1,3,3.0,N,,,,,,,,,,,
2022017234,216.0,1,0,0,0,0,0,0,0,0,7,0,,67,2,2022,4,40.1065,-74.9989,210.0,6,0,0,0,0,0,0,0,0,,0,0,0.0,2,3,1,2,,0,40 06:23.287,,0,74 59:55.982,8,0,0,0,67301,0,0,0,N,0,0,0,1,67301,0,,5,1,,N,N,N,0,,0,0,0,3,2,,205,1,1,0,0,0,1,0,3,4,0,1,3,,N,,,,,,,,,,,
2022009618,1802.0,1,0,0,0,0,0,0,0,0,1,0,,67,1,2022,6,39.9655,-75.1367,1752.0,6,0,0,0,0,0,0,0,0,,0,0,0.0,17,3,0,0,N,0,39 57:55.810,,0,75 08:11.943,9,0,0,0,67301,0,0,0,N,0,0,0,4,68K01,0,,1,1,,N,N,N,0,,0,0,1,0,0,,1748,0,3,0,0,0,0,1,3,4,0,3,3,,N,,,,,,,,,,,
2022003234,925.0,0,0,0,0,0,0,0,0,0,7,0,,67,1,2022,1,40.0396,-75.0073,905.0,6,0,0,0,0,0,0,0,0,,0,0,0.0,9,1,1,0,N,0,40 02:22.582,,0,75 00:26.151,3,0,0,0,67301,0,0,0,N,0,0,0,1,68K01,0,,4,9,,N,N,N,0,,1,0,1,0,0,,903,1,1,0,0,0,0,0,3,4,0,1,4,,N,,,,,,,,,,,
2022010614,1447.0,1,0,0,0,0,0,0,0,0,0,0,,67,1,2022,7,39.9822,-75.2077,1441.0,6,0,0,0,0,0,0,0,0,,0,0,0.0,14,1,0,0,N,2,39 58:55.812,3.0,0,75 12:27.613,9,0,0,0,67301,0,0,0,N,0,0,0,1,68K01,0,,4,6,1515.0,N,N,N,0,,0,0,0,0,0,N,1440,0,1,0,0,0,0,1,3,4,0,1,2,,N,,,,,,,,,,,
2023010100,1740.0,0,0,0,0,0,0,0,0,0,1,0,,67,12,2022,6,39.9626,-75.1834,1728.0,6,0,0,0,0,0,0,0,0,,0,0,0.0,17,3,0,0,N,0,39 57:45.246,,0,75 11:00.119,0,0,0,0,67301,0,0,0,N,0,0,0,2,68K01,0,,1,1,,N,N,N,1,,0,0,1,0,0,,1725,0,2,0,0,0,0,0,3,4,0,2,4,3.0,N,,,,,,,,,,,
2023003129,2141.0,1,0,0,0,0,0,0,0,0,4,0,,67,12,2022,7,39.9746,-75.1995,2141.0,6,0,0,0,0,0,2,0,0,,0,0,0.0,21,3,2,1,,0,39 58:28.934,,2,75 11:58.125,3,0,0,0,67301,0,0,0,N,0,0,0,2,67301,0,,1,9,,N,N,N,0,,2,0,1,3,2,,2136,2,2,0,0,0,0,0,3,4,0,2,7,7.0,N,,,,,,,,,,,
2023003038,1744.0,2,0,0,0,0,0,0,0,0,1,0,,67,10,2022,7,39.9624,-75.1397,1720.0,6,0,0,0,0,0,0,1,0,,0,0,0.0,17,1,1,0,N,0,39 57:44.490,,0,75 08:23.084,8,0,0,0,67301,0,0,0,N,0,0,0,2,68K01,0,,1,1,,N,N,N,0,,0,0,0,0,0,,1705,1,2,0,0,0,1,0,3,4,0,2,3,3.0,N,,,,,,,,,,,
2023010755,2358.0,0,0,0,0,0,0,0,0,0,7,0,,67,12,2022,7,39.9696,-75.1923,2354.0,6,0,0,0,0,0,0,0,0,,0,0,0.0,23,3,1,0,N,1,39 58:10.713,4.0,0,75 11:32.342,8,0,0,0,67301,0,0,0,N,0,0,0,1,68K01,0,,4,9,15.0,N,N,N,0,,0,0,1,0,0,N,2352,1,1,0,0,0,1,0,3,4,0,1,7,7.0,N,,,,,,,,,,,