CRN,ARRIVAL_TM,AUTOMOBILE_COUNT,BELTED_DEATH_COUNT,BELTED_SUSP_SERIOUS_INJ_COUNT,BICYCLE_COUNT,BICYCLE_DEATH_COUNT,BICYCLE_SUSP_SERIOUS_INJ_COUNT,BUS_COUNT,CHLDPAS_DEATH_COUNT,CHLDPAS_SUSP_SERIOUS_INJ_COUNT,COLLISION_TYPE,COMM_VEH_COUNT,CONS_ZONE_SPD_LIM,COUNTY,CRASH_MONTH,CRASH_YEAR,DAY_OF_WEEK,DEC_LAT,DEC_LONG,DISPATCH_TM,DISTRICT,DRIVER_COUNT_16YR,DRIVER_COUNT_17YR,DRIVER_COUNT_18YR,DRIVER_COUNT_19YR,DRIVER_COUNT_20YR,DRIVER_COUNT_50_64YR,DRIVER_COUNT_65_74YR,DRIVER_COUNT_75PLUS,EST_HRS_CLOSED,FATAL_COUNT,HEAVY_TRUCK_COUNT,HORSE_BUGGY_COUNT,HOUR_OF_DAY,ILLUMINATION,INJURY_COUNT,INTERSECT_TYPE,INTERSECTION_RELATED,LANE_CLOSED,LATITUDE,LN_CLOSE_DIR,LOCATION_TYPE,LONGITUDE,MAX_SEVERITY_LEVEL,MCYCLE_DEATH_COUNT,MCYCLE_SUSP_SERIOUS_INJ_COUNT,MOTORCYCLE_COUNT,MUNICIPALITY,NONMOTR_COUNT,NONMOTR_DEATH_COUNT,NONMOTR_SUSP_SERIOUS_INJ_COUNT,NTFY_HIWY_MAINT,PED_COUNT,PED_DEATH_COUNT,PED_SUSP_SERIOUS_INJ_COUNT,PERSON_COUNT,POLICE_AGCY,POSSIBLE_INJ_COUNT,RDWY_SURF_TYPE_CD,RELATION_TO_ROAD,ROAD_CONDITION,ROADWAY_CLEARED,SCH_BUS_IND,SCH_ZONE_IND,SECONDARY_CRASH,SMALL_TRUCK_COUNT,SPEC_JURIS_CD,SUSP_MINOR_INJ_COUNT,SUSP_SERIOUS_INJ_COUNT,SUV_COUNT,TCD_FUNC_CD,TCD_TYPE,TFC_DETOUR_IND,TIME_OF_DAY,TOT_INJ_COUNT,TOTAL_UNITS,UNB_DEATH_COUNT,UNB_SUSP_SERIOUS_INJ_COUNT,UNBELTED_OCC_COUNT,UNK_INJ_DEG_COUNT,UNK_INJ_PER_COUNT,URBAN_AREA,URBAN_RURAL,VAN_COUNT,VEHICLE_COUNT,WEATHER1,WEATHER2,WORK_ZONE_IND,WORK_ZONE_LOC,WORK_ZONE_TYPE,WORKERS_PRES,WZ_CLOSE_DETOUR,WZ_FLAGGER,WZ_LAW_OFFCR_IND,WZ_LN_CLOSURE,WZ_MOVING,WZ_OTHER,WZ_SHLDER_MDN,WZ_WORKERS_INJ_KILLED
2022022468,2159.0,1,0,0,0,0,0,0,0,0,7,0,,67,2,2022,3,39.9495,-75.1418,2152.0,6,0,0,0,0,0,0,0,0,,0,0,0.0,21,3,0,0,N,1,39 56:58.224,3.0,0,75 08:30.602,0,0,0,0,67301,0,0,0,N,0,0,0,1,68K01,0,,4,8,2215.0,N,N,N,0,,0,0,0,0,0,N,2143,0,1,0,0,0,0,0,3,4,0,1,4,4.0,N,,,,,,,,,,,
2022022126,320.0,1,0,0,0,0,0,1,0,0,4,1,,67,1,2022,4,40.0168,-75.0836,242.0,6,0,0,0,1,0,0,0,0,,0,0,0.0,2,3,3,5,,0,40 01:00.598,,1,75 05:01.237,2,0,0,0,67301,0,0,0,N,0,0,0,5,67508,0,,1,1,,,,N,0,,0,3,0,3,2,,242,3,2,0,0,0,0,0,3,4,0,2,3,3.0,N,,,,,,,,,,,
2022021875,155.0,2,0,0,0,0,0,0,0,0,8,0,,67,2,2022,1,40.052,-75.0865,153.0,6,0,0,0,0,0,0,0,0,,1,0,0.0,1,3,0,0,N,2,40 03:07.100,7.0,0,75 05:11.385,1,0,0,0,67301,1,1,0,N,1,1,0,3,67301,0,2.0,1,1,155.0,N,N,N,0,0.0,0,0,0,0,0,Y,153,0,3,0,0,0,0,0,3,4,0,2,3,,N,,,,,,,,,,,
2022021521,1333.0,1,0,0,0,0,0,0,0,0,1,0,,67,2,2022,7,40.0345,-75.0719,1326.0,6,0,1,0,0,0,1,0,0,,0,0,0.0,13,1,2,3,,0,40 02:04.058,,0,75 04:18.753,3,0,0,0,67301,0,0,0,N,0,0,0,3,67301,0,,1,1,,N,N,N,0,,2,0,1,3,2,,1320,2,2,0,0,0,0,0,3,4,0,2,3,3.0,N,,,,,,,,,,,
2022010818,1825.0,1,0,0,0,0,0,0,0,0,5,1,,67,1,2022,2,39.9139,-75.1484,1817.0,6,0,0,0,0,0,1,0,0,,0,1,0.0,16,1,0,0,N,2,39 54:50.097,4.0,0,75 08:54.374,0,0,0,0,67301,0,0,0,N,0,0,0,3,67301,0,,1,1,1855.0,N,N,N,0,,0,0,0,0,0,N,1618,0,2,0,0,0,0,0,3,4,0,2,3,,N,,,,,,,,,,,
2022010138,838.0,0,0,0,0,0,0,0,0,0,7,1,,67,1,2022,7,39.9436,-75.1925,838.0,6,0,0,0,0,0,0,0,0,,0,1,0.0,8,1,0,0,N,2,39 56:36.859,3.0,0,75 11:33.053,0,0,0,0,67301,0,0,0,N,0,0,0,1,67501,0,,2,7,1020.0,N,N,N,0,,0,0,0,3,8,N,838,0,1,0,0,0,0,0,3,4,0,1,2,10.0,N,,,,,,,,,,,
2022030326,1218.0,2,0,0,0,0,0,0,0,0,4,0,,67,3,2022,5,40.0808,-75.0286,1209.0,6,0,0,0,0,0,0,0,0,,0,0,0.0,12,1,0,5,,1,40 04:51.077,2.0,0,75 01:43.585,0,0,0,0,67301,0,0,0,N,0,0,0,2,67301,0,,1,9,1230.0,N,N,N,0,,0,0,0,3,2,N,1205,0,2,0,0,0,0,0,3,4,0,2,7,4.0,N,,,,,,,,,,,
2022030655,758.0,0,0,0,0,0,0,0,0,0,1,0,,67,3,2022,2,40.0137,-75.1793,747.0,6,0,0,0,0,0,1,0,0,,0,0,0.0,7,1,1,0,N,1,40 00:49.443,1.0,0,75 10:45.389,4,0,0,0,67301,0,0,0,N,0,0,0,1,67301,1,,1,1,759.0,N,N,N,0,,0,0,1,0,0,Y,745,1,2,0,0,0,0,0,3,4,0,2,3,3.0,N,,,,,,,,,,,
2022010852,1229.0,0,0,0,0,0,0,0,0,0,7,1,,67,1,2022,4,40.04,-75.0321,1224.0,6,0,0,0,0,1,0,0,0,,0,1,0.0,12,1,0,0,N,0,40 02:23.933,,0,75 01:55.769,0,0,0,0,67301,1,0,0,N,0,0,0,2,67301,0,,1,1,,N,N,Y,0,,0,0,1,0,0,,1219,0,2,0,0,0,0,0,3,4,0,2,3,,N,,,,,,,,,,,
2022029859,33.0,2,0,0,0,0,0,0,0,0,2,0,,67,3,2022,7,40.0201,-75.0426,31.0,6,0,0,0,0,0,0,0,0,,0,0,0.0,21,3,0,0,N,0,40 01:12.489,,0,75 02:33.348,0,0,0,0,67301,0,0,0,N,0,0,0,2,67301,0,,1,9,,N,N,N,0,,0,0,0,0,0,,2139,0,2,0,0,0,0,0,3,4,0,2,7,,N,,,,,,,,,,,
2022029941,1917.0,1,0,0,0,0,0,0,0,0,4,0,,67,3,2022,6,40.1289,-75.0138,1910.0,6,0,0,0,0,0,2,0,0,,0,0,0.0,19,4,2,1,,1,40 07:43.890,1.0,0,75 00:49.819,3,0,0,0,67301,0,0,0,N,0,0,0,2,67301,0,,1,1,1950.0,N,N,N,0,,2,0,1,3,2,N,1908,2,2,0,0,0,0,0,3,4,0,2,3,3.0,N,,,,,,,,,,,
2022021362,106.0,1,0,0,0,0,0,0,0,0,7,0,,67,2,2022,4,39.9845,-75.2083,103.0,6,0,0,0,0,0,0,0,0,,0,0,0.0,1,2,0,0,N,2,39 59:04.021,3.0,0,75 12:30.053,0,0,0,0,67301,0,0,0,N,0,0,0,1,68K01,0,,4,9,130.0,N,N,N,0,,0,0,0,0,0,Y,101,0,1,0,0,0,0,0,3,4,0,1,3,3.0,N,,,,,,,,,,,
2022020762,1152.0,1,0,0,0,0,0,0,0,0,7,0,,67,2,2022,7,40.0939,-74.9797,1147.0,6,0,0,0,0,0,1,0,0,,0,0,0.0,11,1,1,2,,0,40 05:38.461,,0,74 58:46.899,3,0,0,0,67301,0,0,0,N,0,0,0,1,67301,0,,5,1,,N,N,N,0,,1,0,0,0,0,,1146,1,1,0,0,0,0,0,3,4,0,1,3,3.0,N,,,,,,,,,,,
2022020621,1513.0,1,0,0,0,0,0,0,0,0,1,0,,67,2,2022,2,39.9372,-75.1988,1456.0,6,0,0,0,0,0,0,0,0,,0,0,0.0,14,1,2,6,N,1,39 56:18.041,4.0,2,75 11:51.584,4,0,0,0,67301,0,0,0,N,0,0,0,3,68K01,2,,1,1,1600.0,N,N,N,1,,0,0,0,0,0,N,1447,2,2,0,0,0,0,0,3,4,0,2,3,,N,,,,,,,,,,,
2022030204,359.0,0,0,0,0,0,0,0,0,0,7,0,,67,3,2022,1,40.0345,-75.1149,350.0,6,0,0,0,0,0,0,0,0,,0,0,0.0,3,3,2,1,,2,40 02:04.034,6.0,0,75 06:53.712,2,0,0,0,67301,0,0,0,N,0,0,0,2,67301,0,,5,1,635.0,N,N,N,0,,1,1,1,3,2,Y,347,2,1,0,0,0,0,0,3,4,0,1,3,3.0,N,,,,,,,,,,,
2022031315,916.0,1,0,0,0,0,0,0,0,0,1,0,,67,3,2022,3,40.0335,-75.2082,908.0,6,0,0,0,0,0,1,0,0,,0,0,0.0,8,1,0,0,N,0,40 02:00.673,,0,75 12:29.666,0,0,0,0,67301,0,0,0,N,0,0,0,2,67301,0,,1,1,,N,N,N,0,,0,0,1,0,0,,855,0,2,0,0,0,0,0,3,4,0,2,3,3.0,N,,,,,,,,,,,
2022031439,2325.0,1,0,0,0,0,0,0,0,0,8,0,,67,3,2022,2,40.0092,-75.1511,2325.0,6,0,0,0,0,0,0,1,0,,0,0,0.0,23,3,1,1,,1,40 00:33.209,1.0,0,75 09:04.094,8,0,0,0,67301,1,0,0,N,1,0,0,2,67301,0,,1,1,118.0,N,N,N,0,,0,0,0,3,2,Y,2325,1,2,0,0,0,1,0,3,4,0,1,3,3.0,N,,,,,,,,,,,
2022011343,228.0,0,0,0,0,0,0,0,0,0,7,0,,67,1,2022,7,40.0225,-75.0377,228.0,6,0,0,0,0,0,0,0,0,,0,1,0.0,2,3,1,0,N,0,40 01:21.071,,0,75 02:15.634,4,0,0,0,67301,0,0,0,N,0,0,0,1,68K01,1,,2,7,,N,N,N,0,,0,0,0,0,0,,204,1,1,0,0,0,0,0,3,4,0,1,10,,N,,,,,,,,,,,
2022020876,1845.0,0,0,0,0,0,0,0,0,0,7,0,,67,2,2022,1,40.0411,-75.1999,1826.0,6,0,0,0,0,0,1,0,0,,0,0,0.0,17,2,0,0,N,2,40 02:27.905,5.0,0,75 11:59.560,0,0,0,0,67301,0,0,0,N,0,0,0,1,67301,0,,5,1,1918.0,N,N,N,0,,0,0,1,0,0,Y,1756,0,1,0,0,0,0,0,3,4,0,1,3,,N,,,,,,,,,,,
2022021289,1340.0,2,0,0,0,0,0,0,0,0,1,0,,67,2,2022,2,40.0181,-75.1699,1340.0,6,0,0,1,0,0,1,0,0,,0,0,0.0,13,1,0,0,N,1,40 01:05.270,1.0,0,75 10:11.555,0,0,0,0,67301,0,0,0,N,0,0,0,3,67301,0,,1,1,1355.0,N,N,N,0,,0,0,1,0,0,N,1325,0,3,0,0,0,0,0,3,4,0,3,3,3.0,N,,,,,,,,,,,
2022021409,2151.0,0,0,0,0,0,0,0,0,0,1,0,,67,2,2022,5,39.9744,-75.1941,2145.0,6,0,0,0,0,0,0,0,0,,0,0,0.0,21,3,0,0,N,0,39 58:27.847,,0,75 11:38.798,0,0,0,0,67301,0,0,0,N,0,0,0,2,68K01,0,,1,9,,N,N,N,0,,0,0,2,0,0,,2102,0,2,0,0,1,0,0,3,4,0,2,7,,N,,,,,,,,,,,
2022030413,33.0,2,0,0,0,0,0,0,0,0,4,0,,67,3,2022,2,40.0146,-75.1782,28.0,6,0,0,0,1,0,0,0,0,,0,0,0.0,0,3,1,0,N,2,40 00:52.470,4.0,0,75 10:41.530,3,0,0,0,67301,0,0,0,N,0,0,0,2,67301,0,,1,1,115.0,N,N,N,0,,1,0,0,0,0,Y,23,1,2,0,0,1,0,0,3,4,0,2,3,3.0,N,,,,,,,,,,,
2022021620,1233.0,1,0,0,0,0,0,0,0,0,7,0,,67,2,2022,5,39.9517,-75.1415,1229.0,6,0,0,0,0,0,0,0,0,,0,0,0.0,12,1,0,7,N,0,39 57:06.151,,2,75 08:29.297,0,0,0,0,67301,0,0,0,N,0,0,0,1,68K01,0,,2,1,,N,N,N,0,,0,0,0,0,0,,1219,0,1,0,0,0,0,0,3,4,0,1,3,,N,,,,,,,,,,,
2022021417,2045.0,1,0,0,0,0,0,0,0,0,5,0,,67,2,2022,6,39.9636,-75.1389,2041.0,6,0,0,0,0,0,1,0,0,,0,0,0.0,20,3,0,0,N,1,39 57:49.053,2.0,0,75 08:20.077,9,0,0,0,67301,0,0,0,N,0,0,0,2,68K01,0,,1,1,2100.0,N,N,N,0,,0,0,0,0,0,N,2039,0,2,0,0,0,0,1,3,4,0,2,3,,N,,,,,,,,,,,
2023003721,,1,0,0,0,0,0,0,0,0,4,1,,67,10,2022,5,40.0115,-75.0698,,6,0,0,0,0,0,1,1,0,,0,1,0.0,19,1,0,1,,0,40 00:42.017,,0,75 04:11.475,0,0,0,0,67301,0,0,0,N,0,0,0,2,00000,0,,1,1,,,,N,0,,0,0,0,3,2,,1900,0,2,0,0,1,0,0,3,4,0,2,3,,N,,,,,,,,,,,
2023012670,1630.0,1,0,0,0,0,0,0,0,0,7,0,,67,12,2022,6,40.0052,-75.1959,1629.0,6,0,0,0,0,0,0,0,0,,0,0,0.0,16,1,3,7,,2,40 00:18.602,1.0,2,75 11:45.215,3,0,0,0,67301,0,0,0,N,0,0,0,3,68K01,0,,4,1,1718.0,N,N,N,0,,3,0,0,0,0,N,1625,3,1,0,0,0,0,0,3,4,0,1,3,3.0,N,,,,,,,,,,,
2023003723,,2,0,0,0,0,0,0,0,0,4,0,,67,11,2022,3,39.9131,-75.2433,,6,0,0,0,0,0,0,0,0,,0,0,0.0,18,1,5,1,,0,39 54:47.100,,0,75 14:35.859,8,0,0,0,67301,0,0,0,N,0,0,0,7,00000,0,,1,1,,,,N,0,,0,0,0,3,2,,1820,5,2,0,0,1,5,0,3,4,0,2,3,,N,,,,,,,,,,,
2023003928,238.0,3,0,0,0,0,0,0,0,0,5,0,,67,12,2022,1,39.9926,-75.1305,238.0,6,0,0,0,0,0,0,0,0,,0,0,0.0,2,3,0,0,N,0,39 59:33.310,,0,75 07:49.890,0,0,0,0,67301,0,0,0,N,0,0,0,1,67301,0,,1,1,,N,N,N,0,,0,0,0,0,0,,230,0,3,0,0,0,0,0,3,4,0,3,3,3.0,N,,,,,,,,,,,
2023004275,45.0,1,0,0,0,0,0,0,0,0,7,0,,67,12,2022,3,39.9851,-75.2082,44.0,6,0,0,0,0,0,0,0,0,,0,0,0.0,0,3,0,7,,0,39 59:06.415,,2,75 12:29.525,0,0,0,0,67301,0,0,0,N,0,0,0,1,68K01,0,,7,1,,N,N,N,0,,0,0,0,0,0,,44,0,1,0,0,0,0,0,3,4,0,1,3,,N,,,,,,,,,,,
2023009758,1220.0,0,0,0,0,0,0,0,0,0,5,0,,67,12,2022,1,39.9294,-75.1974,1220.0,6,0,0,0,0,0,0,1,0,,0,0,0.0,9,1,1,0,N,0,39 55:45.943,,0,75 11:50.688,8,0,0,0,67301,0,0,0,N,0,0,0,6,68K01,0,,1,1,,N,N,N,0,,0,0,2,0,0,,957,1,2,0,0,0,1,1,3,4,0,2,3,,N,,,,,,,,,,,
2023010021,,1,0,0,0,0,0,0,0,0,4,0,,67,11,2022,6,40.0546,-75.1497,,6,0,0,0,0,0,0,0,0,,0,0,0.0,1,3,1,1,,0,40 03:16.736,,0,75 08:58.941,8,0,0,0,67301,0,0,0,N,0,0,0,2,00000,0,,1,1,,,,N,0,,0,0,1,3,2,,100,1,2,0,0,1,1,0,3,4,0,2,3,,N,,,,,,,,,,,
2023013402,2026.0,1,0,0,0,0,0,0,0,0,1,0,,67,12,2022,7,39.9601,-75.1797,2020.0,6,0,0,0,0,0,0,0,0,,0,0,0.0,20,3,0,0,N,1,39 57:36.350,4.0,0,75 10:46.771,0,0,0,0,67301,0,0,0,N,0,0,0,3,68K01,0,,1,9,2040.0,N,N,Y,0,,0,0,1,0,0,N,2018,0,2,0,0,0,0,0,3,4,0,2,7,7.0,N,,,,,,,,,,,
2023002346,1437.0,0,0,0,0,0,0,0,0,0,1,0,,67,12,2022,7,39.9773,-75.1998,1425.0,6,0,0,0,0,0,0,0,0,,0,0,0.0,14,1,0,0,N,2,39 58:38.404,4.0,0,75 11:59.424,0,0,0,0,67301,0,0,0,N,0,0,0,3,68K01,0,,1,9,1435.0,N,N,N,0,,0,0,2,0,0,N,1418,0,2,0,0,0,0,0,3,4,0,2,4,4.0,N,,,,,,,,,,,
2023003053,1411.0,0,0,0,0,0,0,0,0,0,5,0,,67,12,2022,6,39.9861,-75.0923,1411.0,6,0,0,1,0,0,0,0,0,,0,0,0.0,14,1,1,0,N,0,39 59:10.049,,0,75 05:32.229,3,0,0,0,67301,0,0,0,N,0,0,0,3,68K01,0,,1,1,,N,N,N,0,,1,0,2,0,0,,1411,1,2,0,0,0,0,0,3,4,0,2,3,3.0,N,,,,,,,,,,,
2023015905,1445.0,0,0,0,0,0,0,0,0,0,5,0,,67,12,2022,1,39.9599,-75.1787,1427.0,6,0,0,0,0,1,0,0,0,,0,0,0.0,13,1,0,0,N,1,39 57:35.498,3.0,3,75 10:43.265,0,0,0,0,67301,0,0,0,N,0,0,0,6,68K01,0,,1,9,1520.0,N,N,N,0,,0,0,2,0,0,N,1357,0,2,0,0,0,0,0,3,4,0,2,7,4.0,N,,,,,,,,,,,
2023001981,941.0,0,0,0,0,0,0,0,0,0,8,0,,67,12,2022,5,39.9571,-75.2019,940.0,6,0,0,0,0,0,0,0,0,,0,0,0.0,9,1,1,1,,0,39 57:25.865,,0,75 12:07.011,8,0,0,0,67301,1,0,0,N,1,0,0,2,67504,0,,1,9,,N,N,N,1,,0,0,0,3,2,,939,1,2,0,0,0,1,0,3,4,0,1,9,6.0,N,,,,,,,,,,,
2023009743,1632.0,1,0,0,0,0,0,0,0,0,5,0,,67,12,2022,7,39.8972,-75.1886,1617.0,6,0,0,0,0,0,0,0,0,,0,0,0.0,16,1,0,0,N,0,39 53:50.052,,3,75 11:18.787,0,0,0,0,67301,0,0,0,N,0,0,0,3,68K01,0,,1,9,,N,N,N,0,,0,0,1,0,0,,1608,0,2,0,0,0,0,0,3,4,0,2,3,,N,,,,,,,,,,,
2023006181,1346.0,0,0,0,1,0,1,0,0,0,4,0,,67,12,2022,2,39.9596,-75.1956,1338.0,6,0,1,0,0,0,0,0,0,,0,0,0.0,13,1,1,1,,0,39 57:34.572,,0,75 11:44.314,2,0,0,0,67301,1,0,1,N,0,0,0,3,67301,0,,1,1,,N,N,N,1,,0,1,0,3,2,,1335,1,2,0,0,2,0,0,3,4,0,1,3,3.0,N,,,,,,,,,,,
2023001128,2057.0,0,0,0,0,0,0,0,0,0,8,0,,67,12,2022,3,39.9992,-75.1022,2057.0,6,0,0,0,0,0,0,0,0,,0,0,0.0,20,3,1,0,N,0,39 59:57.170,,0,75 06:07.770,3,0,0,0,67301,1,0,0,N,1,0,0,2,67301,0,,1,1,,N,N,N,0,,1,0,1,0,0,,2030,1,2,0,0,0,0,0,3,4,0,1,3,3.0,N,,,,,,,,,,,
2023009754,1349.0,2,0,0,0,0,0,0,0,0,1,1,,67,12,2022,5,39.9678,-75.1315,1339.0,6,0,0,0,0,0,0,0,0,,0,1,0.0,13,1,1,0,N,0,39 58:04.085,,0,75 07:53.415,3,0,0,0,67301,0,0,0,N,0,0,0,6,68K01,0,,1,9,,N,N,N,0,,1,0,0,0,0,,1335,1,4,0,0,0,0,1,3,4,1,4,7,,N,,,,,,,,,,,
2023006295,1950.0,2,0,0,0,0,0,0,0,0,5,0,,67,9,2022,5,39.9937,-75.1185,1945.0,6,0,0,0,0,0,0,0,0,,0,0,0.0,19,4,0,0,N,0,39 59:37.390,,1,75 07:06.510,0,0,0,0,67301,0,0,0,N,0,0,0,1,67301,0,,6,1,,N,N,N,0,,0,0,0,0,0,,1930,0,2,0,0,0,0,0,3,4,0,2,3,3.0,N,,,,,,,,,,,
2023006782,334.0,1,0,0,0,0,0,0,0,0,7,0,,67,11,2022,4,40.0014,-75.079,334.0,6,0,0,0,0,0,0,0,0,,0,0,0.0,3,3,0,0,N,1,40 00:05.185,2.0,0,75 04:44.378,0,0,0,0,67301,0,0,0,N,0,0,0,2,68K01,0,,2,1,400.0,N,N,N,0,,0,0,0,0,0,N,334,0,1,0,0,0,0,0,3,4,0,1,3,,N,,,,,,,,,,,
2023005843,2108.0,2,0,1,0,0,0,0,0,0,2,0,,67,1,2022,3,40.0452,-75.1252,2105.0,6,0,0,0,0,0,1,0,0,,0,0,0.0,21,3,1,0,N,2,40 02:42.780,6.0,0,75 07:30.855,2,0,0,0,67301,0,0,0,N,0,0,0,2,67301,0,,1,1,2300.0,N,N,N,0,,0,1,0,0,0,Y,2104,1,3,0,0,0,0,1,3,4,1,3,3,3.0,N,,,,,,,,,,,
2023005838,1105.0,0,0,0,0,0,0,0,0,0,4,0,,67,9,2022,5,39.9976,-75.1075,1149.0,6,0,0,0,0,0,0,0,0,,0,0,0.0,21,4,1,1,,0,39 59:51.539,,0,75 06:26.938,4,0,0,0,67301,0,0,0,N,0,0,0,2,67301,1,,1,1,,N,N,N,0,,0,0,2,3,3,,2130,1,2,0,0,1,0,0,3,4,0,2,3,3.0,N,,,,,,,,,,,
2023006299,1100.0,2,0,0,0,0,0,0,0,0,2,0,,67,12,2022,3,40.0133,-75.1087,1100.0,6,0,0,0,0,0,0,0,0,,0,0,0.0,17,3,2,1,,0,40 00:47.721,,0,75 06:31.269,3,0,0,0,67301,0,0,0,N,0,0,0,3,67301,1,,1,1,,N,N,N,0,,1,0,0,3,3,,1730,2,2,0,0,0,0,0,3,4,0,2,3,,N,,,,,,,,,,,
2023005841,2021.0,3,0,0,0,0,0,0,0,0,5,0,,67,1,2022,2,40.0325,-75.1411,2018.0,6,0,0,0,0,0,0,0,0,,0,0,0.0,20,3,0,0,N,0,40 01:56.830,,0,75 08:28.060,0,0,0,0,67301,0,0,0,N,0,0,0,1,67301,0,,6,1,,N,N,N,0,,0,0,1,0,0,,2012,0,4,0,0,0,0,0,3,4,0,4,3,3.0,N,,,,,,,,,,,
2023006298,1040.0,1,0,0,0,0,0,0,0,0,2,0,,67,12,2022,4,40.0071,-75.0941,1040.0,6,0,0,0,0,0,1,0,0,,0,0,0.0,9,1,0,1,,0,40 00:25.667,,0,75 05:38.650,0,0,0,0,67301,0,0,0,N,0,0,0,2,67301,0,,1,1,,N,N,N,0,,0,0,1,3,2,,930,0,2,0,0,0,0,0,3,4,0,2,3,,N,,,,,,,,,,,
2023005749,1815.0,2,0,0,0,0,0,0,0,0,1,0,,67,12,2022,7,39.9483,-75.1865,1807.0,6,0,0,0,0,0,1,0,0,,0,0,0.0,18,3,0,0,N,0,39 56:53.948,,0,75 11:11.265,0,0,0,0,67301,0,0,0,N,0,0,0,4,68K01,0,,1,1,,N,N,N,0,,0,0,0,0,0,,1804,0,2,0,0,0,0,0,3,4,0,2,3,3.0,N,,,,,,,,,,,
2023009752,724.0,1,0,0,0,0,0,0,0,0,1,0,,67,12,2022,5,39.9977,-75.0818,724.0,6,0,0,0,0,0,0,0,0,,0,0,0.0,6,3,0,0,N,0,39 59:51.625,,0,75 04:54.450,0,0,0,0,67301,0,0,0,N,0,0,0,2,68K01,0,,1,1,,N,N,N,1,,0,0,0,3,8,,623,0,2,0,0,0,0,0,3,4,0,2,3,,N,,,,,,,,,,,
2023009526,739.0,1,0,0,0,0,0,0,0,0,7,0,,67,12,2022,7,39.9929,-75.2004,734.0,6,0,0,1,0,0,0,0,0,,0,0,0.0,7,5,0,0,N,0,39 59:34.416,,0,75 12:01.551,0,0,0,0,67301,0,0,0,N,0,0,0,1,68K01,0,,2,9,,N,N,N,0,,0,0,0,0,0,,733,0,1,0,0,0,0,0,3,4,0,1,5,,N,,,,,,,,,,,
2023009761,1732.0,2,0,0,0,0,0,0,0,0,7,0,,67,12,2022,5,40.035,-75.0187,1711.0,6,0,0,0,0,0,0,0,0,,0,0,0.0,16,3,1,0,N,2,40 02:05.980,2.0,0,75 01:07.165,3,0,0,0,67301,0,0,0,N,0,0,0,2,68K01,0,,4,9,1811.0,N,N,N,0,,1,0,0,0,0,N,1653,1,2,0,0,0,0,0,3,4,0,2,7,,N,,,,,,,,,,,
2023009749,1339.0,1,0,0,0,0,0,0,0,0,7,0,,67,12,2022,4,40.0354,-75.0179,1339.0,6,0,0,0,0,0,0,0,0,,0,0,0.0,13,1,0,0,N,1,40 02:07.515,2.0,0,75 01:04.440,0,0,0,0,67301,0,0,0,N,0,0,0,1,68K01,0,,2,1,1400.0,N,N,N,0,,0,0,0,0,0,N,1330,0,1,0,0,0,0,0,3,4,0,1,3,,N,,,,,,,,,,,
2023005836,1131.0,0,0,0,0,0,0,0,0,0,8,0,,67,10,2022,7,39.9417,-75.1572,1129.0,6,0,0,0,0,0,0,0,0,,0,0,0.0,11,1,1,1,,0,39 56:30.249,,0,75 09:26.093,3,0,0,0,67301,1,0,0,N,1,0,0,2,67301,0,,1,1,,N,N,N,0,,1,0,1,3,3,,1120,1,2,0,0,1,0,0,3,4,0,1,3,3.0,N,,,,,,,,,,,
2023009756,956.0,0,0,0,0,0,0,0,0,0,7,0,,67,12,2022,6,39.9459,-75.1425,956.0,6,0,0,0,0,1,0,0,0,,0,0,0.0,9,1,2,0,N,1,39 56:45.368,2.0,0,75 08:33.079,8,0,0,0,67301,0,0,0,N,0,0,0,2,68K01,0,,2,1,1030.0,N,N,N,1,,0,0,0,0,0,N,942,2,1,0,0,2,2,0,3,4,0,1,7,,N,,,,,,,,,,,
2023010754,24.0,3,0,0,0,0,0,0,0,0,5,0,,67,12,2022,7,40.0388,-75.0092,18.0,6,0,0,0,0,0,1,0,0,,0,0,0.0,0,3,1,0,N,1,40 02:19.621,2.0,0,75 00:33.262,4,0,0,0,67301,0,0,0,N,0,0,0,2,68K01,1,,1,1,30.0,N,N,N,0,,0,0,0,0,0,N,14,1,3,0,0,0,0,0,3,4,0,3,3,3.0,N,,,,,,,,,,,
2023003716,,1,0,0,0,0,0,0,0,0,5,0,,67,12,2022,1,39.9101,-75.163,,6,0,0,0,0,0,0,0,0,,0,0,0.0,4,3,1,0,N,0,39 54:36.200,,0,75 09:46.900,8,0,0,0,67301,0,0,0,N,0,0,0,2,00000,0,,1,1,,,,N,0,,0,0,1,0,0,,430,1,2,0,0,0,1,0,3,4,0,2,3,,N,,,,,,,,,,,
2023009345,104.0,1,0,0,0,0,0,0,0,0,5,0,,67,12,2022,7,39.967,-75.1337,104.0,6,0,0,0,0,0,0,0,0,,0,0,0.0,1,3,0,0,N,1,39 58:01.022,1.0,3,75 08:01.155,9,0,0,0,67301,0,0,0,N,0,0,0,2,68K01,0,,1,9,105.0,N,N,N,0,,0,0,0,0,0,Y,104,0,2,0,0,0,0,1,3,4,0,2,5,,N,,,,,,,,,,,
2023000616,146.0,3,0,0,0,0,0,0,0,0,5,0,,67,12,2022,6,39.933,-75.1696,142.0,6,0,0,0,0,0,1,0,0,,0,0,0.0,1,3,0,0,N,0,39 55:58.630,,0,75 10:10.410,0,0,0,0,67301,0,0,0,N,0,0,0,1,67301,0,,6,1,,N,N,N,0,,0,0,1,0,0,,135,0,4,0,0,0,0,0,3,4,0,4,3,3.0,N,,,,,,,,,,,