CRN,ARRIVAL_TM,AUTOMOBILE_COUNT,BELTED_DEATH_COUNT,BELTED_SUSP_SERIOUS_INJ_COUNT,BICYCLE_COUNT,BICYCLE_DEATH_COUNT,BICYCLE_SUSP_SERIOUS_INJ_COUNT,BUS_COUNT,CHLDPAS_DEATH_COUNT,CHLDPAS_SUSP_SERIOUS_INJ_COUNT,COLLISION_TYPE,COMM_VEH_COUNT,CONS_ZONE_SPD_LIM,COUNTY,CRASH_MONTH,CRASH_YEAR,DAY_OF_WEEK,DEC_LAT,DEC_LONG,DISPATCH_TM,DISTRICT,DRIVER_COUNT_16YR,DRIVER_COUNT_17YR,DRIVER_COUNT_18YR,DRIVER_COUNT_19YR,DRIVER_COUNT_20YR,DRIVER_COUNT_50_64YR,DRIVER_COUNT_65_74YR,DRIVER_COUNT_75PLUS,EST_HRS_CLOSED,FATAL_COUNT,HEAVY_TRUCK_COUNT,HORSE_BUGGY_COUNT,HOUR_OF_DAY,ILLUMINATION,INJURY_COUNT,INTERSECT_TYPE,INTERSECTION_RELATED,LANE_CLOSED,LATITUDE,LN_CLOSE_DIR,LOCATION_TYPE,LONGITUDE,MAX_SEVERITY_LEVEL,MCYCLE_DEATH_COUNT,MCYCLE_SUSP_SERIOUS_INJ_COUNT,MOTORCYCLE_COUNT,MUNICIPALITY,NONMOTR_COUNT,NONMOTR_DEATH_COUNT,NONMOTR_SUSP_SERIOUS_INJ_COUNT,NTFY_HIWY_MAINT,PED_COUNT,PED_DEATH_COUNT,PED_SUSP_SERIOUS_INJ_COUNT,PERSON_COUNT,POLICE_AGCY,POSSIBLE_INJ_COUNT,RDWY_SURF_TYPE_CD,RELATION_TO_ROAD,ROAD_CONDITION,ROADWAY_CLEARED,SCH_BUS_IND,SCH_ZONE_IND,SECONDARY_CRASH,SMALL_TRUCK_COUNT,SPEC_JURIS_CD,SUSP_MINOR_INJ_COUNT,SUSP_SERIOUS_INJ_COUNT,SUV_COUNT,TCD_FUNC_CD,TCD_TYPE,TFC_DETOUR_IND,TIME_OF_DAY,TOT_INJ_COUNT,TOTAL_UNITS,UNB_DEATH_COUNT,UNB_SUSP_SERIOUS_INJ_COUNT,UNBELTED_OCC_COUNT,UNK_INJ_DEG_COUNT,UNK_INJ_PER_COUNT,URBAN_AREA,URBAN_RURAL,VAN_COUNT,VEHICLE_COUNT,WEATHER1,WEATHER2,WORK_ZONE_IND,WORK_ZONE_LOC,WORK_ZONE_TYPE,WORKERS_PRES,WZ_CLOSE_DETOUR,WZ_FLAGGER,WZ_LAW_OFFCR_IND,WZ_LN_CLOSURE,WZ_MOVING,WZ_OTHER,WZ_SHLDER_MDN,WZ_WORKERS_INJ_KILLED
2023000080,1755.0,1,0,0,0,0,0,0,0,0,1,0,,67,12,2022,1,39.992,-75.2379,1750.0,6,0,0,0,0,0,0,1,0,,0,0,0.0,17,3,0,0,N,0,39 59:31.120,,0,75 14:16.550,0,0,0,0,67301,0,0,0,N,0,0,0,1,67301,0,,6,1,,N,N,N,0,,0,0,1,0,0,,1743,0,2,0,0,0,0,0,3,4,0,2,3,,N,,,,,,,,,,,
2023007905,,0,0,0,0,0,0,0,0,0,1,0,,67,12,2022,4,39.9372,-75.1986,,6,0,0,0,0,0,0,1,0,,0,0,0.0,8,3,1,0,N,0,39 56:14.054,,8,75 11:55.055,8,0,0,0,67301,0,0,0,N,0,0,0,2,00000,0,,1,1,,,,N,1,,0,0,1,0,0,,800,1,2,0,0,1,1,0,3,4,0,2,3,,N,,,,,,,,,,,
2023002288,1232.0,2,0,0,0,0,0,0,0,0,4,0,,67,12,2022,5,40.0022,-75.1576,1230.0,6,0,0,0,0,0,0,1,0,,0,0,0.0,12,1,0,1,,1,40 00:07.957,1.0,0,75 09:27.721,9,0,0,0,67301,0,0,0,N,0,0,0,5,67301,0,,1,1,1410.0,N,N,N,0,,0,0,1,3,2,N,1203,0,3,0,0,0,0,2,3,4,0,3,3,3.0,N,,,,,,,,,,,
2023003924,940.0,0,0,0,0,0,0,0,0,0,8,0,,67,12,2022,4,39.9645,-75.2045,940.0,6,0,0,0,0,0,1,0,0,,0,0,0.0,9,1,1,0,N,0,39 57:52.151,,0,75 12:16.129,3,0,0,0,67301,1,0,0,N,1,0,0,2,67301,0,,1,1,,N,N,N,0,,1,0,0,0,0,,939,1,2,0,0,0,0,0,3,4,1,1,3,3.0,N,,,,,,,,,,,
2023006300,900.0,1,0,0,0,0,0,0,0,0,7,0,,67,12,2022,6,40.0128,-75.1046,811.0,6,0,0,0,0,0,0,0,0,,0,0,0.0,7,1,0,0,N,1,40 00:45.900,4.0,5,75 06:16.500,0,0,0,0,67301,0,0,0,N,0,0,0,1,67301,0,,6,1,1000.0,N,N,N,0,,0,0,0,0,0,N,735,0,1,0,0,1,0,0,3,4,0,1,3,3.0,N,,,,,,,,,,,
2023000196,1924.0,1,0,0,0,0,0,0,0,0,4,0,,67,12,2022,6,40.0411,-75.1009,1923.0,6,0,0,0,0,0,0,0,0,,0,0,0.0,19,3,1,1,,0,40 02:28.006,,0,75 06:03.362,3,0,0,0,67301,0,0,0,N,0,0,0,3,67301,0,,1,1,,N,N,N,0,,1,0,2,3,3,,1919,1,3,0,0,0,0,0,3,4,0,3,3,3.0,N,,,,,,,,,,,
2023000199,158.0,1,0,0,0,0,0,0,0,0,4,0,,67,12,2022,7,39.998,-75.1753,157.0,6,0,0,0,0,0,0,0,0,,0,0,0.0,1,3,2,1,,0,39 59:52.692,,0,75 10:30.968,3,0,0,0,67301,0,0,0,N,0,0,0,3,67301,0,,1,1,,N,N,N,2,,2,0,2,3,3,,147,2,5,0,0,0,0,1,3,4,0,5,3,3.0,N,,,,,,,,,,,
2023000785,25.0,1,0,0,0,0,0,0,0,0,5,1,,67,12,2022,6,40.0085,-75.1909,12.0,6,0,0,0,0,0,0,0,0,,0,1,0.0,22,3,2,0,N,0,40 00:30.545,,3,75 11:27.067,3,0,0,0,67301,0,0,0,N,0,0,0,3,67301,0,,1,1,,N,N,N,0,,2,0,0,0,0,,2220,2,2,0,0,2,0,0,3,4,0,2,3,3.0,N,,,,,,,,,,,
2023011868,1040.0,2,0,0,0,0,0,0,0,0,1,0,,67,12,2022,5,39.9698,-75.2391,1034.0,6,0,0,0,0,0,0,0,0,,0,0,0.0,10,1,0,5,,1,39 58:11.451,2.0,0,75 14:20.874,0,0,0,0,67301,0,0,0,N,0,0,0,3,67301,0,,1,9,1034.0,N,N,N,0,,0,0,0,3,2,N,1034,0,2,0,0,0,0,0,3,4,0,2,7,7.0,N,,,,,,,,,,,
2023000329,1650.0,1,0,0,0,0,0,0,0,0,8,0,,67,12,2022,5,39.9992,-75.1474,1647.0,6,0,0,0,0,0,0,0,0,,0,0,0.0,14,1,1,5,,0,39 59:57.217,,0,75 08:50.570,3,0,0,0,67301,1,0,0,N,1,0,0,2,67301,0,,1,1,,N,N,N,0,,1,0,0,3,2,,1419,1,2,0,0,0,0,0,3,4,0,1,3,,N,,,,,,,,,,,
2023001979,1932.0,0,0,0,0,0,0,0,0,0,8,0,,67,12,2022,3,39.9571,-75.2019,1928.0,6,0,0,0,0,0,0,0,0,,0,0,0.0,19,3,1,1,,0,39 57:25.865,,0,75 12:07.011,8,0,0,0,67301,1,0,0,N,1,0,0,2,67504,0,,1,1,,N,N,N,0,,0,0,1,3,2,,1920,1,2,0,0,0,1,0,3,4,0,1,3,3.0,N,,,,,,,,,,,
2023000076,1647.0,0,0,0,0,0,0,0,0,0,4,0,,67,12,2022,6,39.9374,-75.2203,1647.0,6,0,0,0,0,0,1,1,0,,0,0,0.0,16,3,2,1,,0,39 56:14.787,,0,75 13:12.918,3,0,0,0,67301,0,0,0,N,0,0,0,3,67301,0,,1,1,,N,N,N,0,,2,0,2,3,3,,1643,2,2,0,0,0,0,0,3,4,0,2,3,3.0,N,,,,,,,,,,,
2023000081,228.0,2,0,0,0,0,0,0,0,0,5,0,,67,12,2022,5,39.9895,-75.1408,225.0,6,0,0,0,0,1,0,0,0,,0,0,0.0,2,3,1,0,N,0,39 59:22.190,,0,75 08:26.760,3,0,0,0,67301,0,0,0,N,0,0,0,2,67301,0,,6,1,,N,N,N,0,,1,0,0,0,0,,220,1,2,0,0,0,0,0,3,4,0,2,3,3.0,N,,,,,,,,,,,
2023003128,1920.0,1,0,0,0,0,0,0,0,0,1,0,,67,12,2022,7,39.9612,-75.2134,1917.0,6,0,0,0,0,0,0,0,0,,0,0,0.0,19,3,1,0,N,0,39 57:40.340,,0,75 12:48.240,8,0,0,0,67301,0,0,0,N,0,0,0,1,67301,0,,6,9,,N,N,N,0,,0,0,1,0,0,,1914,1,2,0,0,1,1,0,3,4,0,2,7,,N,,,,,,,,,,,
2023017888,1852.0,1,0,0,0,0,0,0,0,0,7,0,,67,12,2022,7,39.9348,-75.1451,1845.0,6,0,0,0,0,0,0,0,0,,0,0,0.0,18,3,0,0,N,0,39 56:05.246,,3,75 08:42.230,0,0,0,0,67301,0,0,0,N,0,0,0,1,68K01,0,,2,9,,N,N,N,0,,0,0,0,0,0,,1837,0,1,0,0,0,0,0,3,4,0,1,7,7.0,N,,,,,,,,,,,
2023014547,,2,0,0,0,0,0,0,0,0,3,0,,67,9,2022,2,40.1131,-75.0233,,6,0,0,0,0,0,1,0,0,,0,0,0.0,15,1,1,0,Y,0,40 06:47.300,,0,75 01:23.900,8,0,0,0,67301,0,0,0,N,0,0,0,2,00000,0,,1,1,,,,N,0,,0,0,0,3,2,,1530,1,2,0,0,1,1,0,3,4,0,2,3,,N,,,,,,,,,,,
2023023604,,0,0,0,0,0,0,0,0,0,4,0,,67,5,2022,3,39.9734,-75.1369,,6,0,0,0,0,0,0,0,0,,0,0,0.0,2,3,2,1,,0,39 58:24.304,,0,75 08:12.706,8,0,0,0,67301,0,0,0,N,0,0,0,3,00000,0,,1,1,,,,N,0,,0,0,1,3,3,,243,2,2,0,0,0,2,0,3,4,0,2,3,,N,,,,,,,,,,,
2023036369,,1,0,0,0,0,0,0,0,0,4,0,,67,11,2022,6,40.0008,-75.1434,,6,0,0,0,0,0,0,0,0,,0,0,0.0,17,1,1,1,,0,40 00:02.806,,0,75 08:36.172,8,0,0,0,67301,0,0,0,N,0,0,0,2,00000,0,,1,1,,,,N,0,,0,0,1,3,2,,1715,1,2,0,0,1,1,0,3,4,0,2,3,,N,,,,,,,,,,,
2023054502,830.0,0,0,0,0,0,0,0,0,0,7,0,,67,12,2022,7,39.962,-75.1778,815.0,6,0,0,0,0,0,0,0,0,,0,0,,8,1,0,0,N,0,39 57:43.190,,0,75 10:39.930,9,0,0,0,67301,0,0,0,N,0,0,0,1,67301,0,,3,9,,N,N,N,0,,0,0,0,0,0,,805,0,1,0,0,0,0,0,3,4,0,0,7,4.0,N,,,,,,,,,,,
2023008670,28.0,0,0,0,0,0,0,0,0,0,8,0,,67,12,2022,7,39.9894,-75.1251,24.0,6,0,0,0,0,0,0,0,0,,1,0,0.0,0,3,0,0,N,0,39 59:21.915,,0,75 07:30.442,1,0,0,0,67301,1,1,0,N,1,1,0,2,67301,0,2.0,1,1,,N,N,N,0,0.0,0,0,0,0,0,,15,0,2,0,0,0,0,0,3,4,0,1,3,3.0,N,,,,,,,,,,,
2023008545,1858.0,1,0,0,0,0,0,0,0,0,7,0,,67,1,2022,2,40.0364,-75.1558,1858.0,6,0,0,0,0,0,0,0,0,,0,0,0.0,14,1,0,0,N,0,40 02:10.950,,0,75 09:20.980,9,0,0,0,67301,0,0,0,N,0,0,0,1,67301,0,,5,99,,N,N,N,0,,0,0,0,0,0,,1430,0,1,0,0,0,0,1,3,4,0,1,3,,N,,,,,,,,,,,
2023008544,1233.0,3,0,0,0,0,0,0,0,0,4,0,,67,12,2022,4,39.9658,-75.1967,1232.0,6,0,0,0,0,0,0,0,0,,1,0,0.0,12,1,0,0,N,2,39 57:56.900,6.0,0,75 11:48.200,1,0,0,0,67301,0,0,0,N,0,0,0,2,67301,0,2.0,6,1,1500.0,N,N,N,0,0.0,0,0,3,0,0,Y,1231,0,6,0,0,1,0,1,3,4,0,6,3,3.0,N,,,,,,,,,,,
2023008547,1215.0,1,0,0,0,0,0,0,0,0,1,0,,67,1,2022,3,40.0277,-75.1324,1210.0,6,0,0,0,0,0,0,0,0,,0,0,0.0,9,1,0,0,N,0,40 01:39.620,,0,75 07:56.700,9,0,0,0,67301,0,0,0,N,0,0,0,1,67301,0,,6,1,,N,N,N,1,,0,0,0,0,0,,930,0,2,0,0,0,0,1,3,4,0,2,3,3.0,N,,,,,,,,,,,
2023027770,1927.0,1,0,0,0,0,0,0,0,0,4,0,,67,12,2022,6,39.9857,-75.2475,1922.0,6,0,0,0,0,0,0,0,0,,0,0,0.0,19,3,5,1,,0,39 59:08.392,,0,75 14:51.046,3,0,0,0,67301,0,0,0,N,0,0,0,5,67301,0,,1,1,,N,N,N,0,,5,0,1,2,2,,1920,5,2,0,0,0,0,0,3,4,0,2,3,3.0,N,,,,,,,,,,,
2022014859,455.0,1,0,0,0,0,0,0,0,0,1,0,,67,1,2022,1,40.0259,-75.1231,450.0,6,0,0,0,0,0,0,0,0,,0,1,0.0,4,3,0,0,N,0,40 01:33.413,,0,75 07:23.164,0,0,0,0,67301,1,0,0,N,0,0,0,2,67301,0,,6,2,,N,N,N,0,,0,0,0,0,0,,440,0,2,0,0,0,0,0,3,4,0,2,3,3.0,N,,,,,,,,,,,
2022014806,1010.0,1,0,0,0,0,0,0,0,0,5,1,,67,1,2022,2,40.0113,-75.1064,939.0,6,0,0,0,0,0,0,0,0,,0,1,0.0,9,1,1,0,N,1,40 00:40.790,3.0,0,75 06:23.040,3,0,0,0,67301,0,0,0,N,0,0,0,2,67301,0,,1,1,1100.0,N,N,N,0,,1,0,0,0,0,N,935,1,3,0,0,0,0,0,3,4,1,3,3,3.0,N,,,,,,,,,,,
2022018545,2355.0,0,0,0,0,0,0,0,0,0,5,0,,67,2,2022,2,39.9598,-75.1784,2355.0,6,0,0,0,0,0,0,0,0,,0,0,0.0,23,3,2,0,N,1,39 57:35.371,3.0,0,75 10:42.262,4,0,0,0,67301,0,0,0,N,0,0,0,3,68K01,2,,1,9,18.0,N,N,N,1,,0,0,1,0,0,N,2355,2,3,0,0,0,0,1,3,4,0,3,3,,N,,,,,,,,,,,
2022021411,16.0,0,0,0,0,0,0,0,0,0,7,0,,67,2,2022,5,39.9989,-75.0809,16.0,6,0,0,0,0,0,1,0,0,,0,0,0.0,23,3,1,0,N,0,39 59:56.103,,0,75 04:51.142,4,0,0,0,67301,0,0,0,N,0,0,0,1,68K01,1,,4,9,,N,N,N,0,,0,0,1,0,0,,2335,1,1,0,0,0,0,0,3,4,0,1,7,,N,,,,,,,,,,,
2022022362,715.0,1,0,0,0,0,0,0,0,0,1,0,,67,3,2022,4,39.9891,-75.088,658.0,6,0,0,0,0,0,1,0,0,,0,0,0.0,6,1,1,0,N,0,39 59:20.861,,0,75 05:16.701,8,0,0,0,67301,0,0,0,N,0,0,0,3,68K01,0,,1,1,,N,N,N,2,,0,0,0,0,0,,646,1,3,0,0,0,1,0,3,4,0,3,3,3.0,N,,,,,,,,,,,
2022013523,1408.0,1,0,0,0,0,0,0,0,0,5,0,,67,2,2022,6,40.0081,-75.202,1356.0,6,0,0,0,0,0,0,0,0,,0,0,0.0,13,1,1,0,N,0,40 00:29.109,,0,75 12:07.067,3,0,0,0,67301,0,0,0,N,0,0,0,3,68K01,0,,1,9,,N,N,N,1,,1,0,0,0,0,,1336,1,3,0,0,0,0,0,3,4,1,3,7,,N,,,,,,,,,,,
2022014606,2212.0,3,0,0,0,0,0,0,0,0,6,0,,67,1,2022,6,40.0808,-74.972,2209.0,6,0,0,0,0,0,0,0,0,,0,0,0.0,22,3,2,0,N,0,40 04:51.040,,0,74 58:19.070,3,0,0,0,67301,0,0,0,N,0,0,0,2,67301,0,,6,1,,N,N,N,0,,2,0,1,0,0,,2205,2,4,0,0,0,0,0,3,4,0,4,3,3.0,N,,,,,,,,,,,
2022019654,1745.0,0,0,0,0,0,0,0,0,0,4,1,,67,2,2022,2,39.9877,-75.1425,1742.0,6,0,0,0,0,0,1,0,0,,0,1,0.0,17,1,2,1,,0,39 59:15.669,,0,75 08:33.053,3,0,0,0,67301,0,0,0,N,0,0,0,2,67301,0,,1,1,,N,N,N,1,,2,0,0,3,3,,1740,2,2,0,0,0,0,0,3,4,0,2,3,3.0,N,,,,,,,,,,,
2022019561,1818.0,3,0,0,0,0,0,0,0,0,1,0,,67,2,2022,7,39.9577,-75.1592,1812.0,6,0,0,0,0,0,1,0,0,,0,0,0.0,18,3,2,0,N,1,39 57:27.590,4.0,0,75 09:33.022,4,0,0,0,67301,0,0,0,N,0,0,0,4,67301,2,,1,1,1845.0,N,N,Y,0,,0,0,0,0,0,N,1808,2,3,0,0,3,0,0,3,4,0,3,3,3.0,N,,,,,,,,,,,
2022020086,1600.0,1,0,0,0,0,0,0,0,0,2,0,,67,2,2022,3,40.0559,-75.0119,1549.0,6,0,0,0,0,0,1,0,0,,0,0,0.0,15,1,1,0,N,2,40 03:21.182,1.0,0,75 00:42.842,3,0,0,0,67301,0,0,0,N,0,0,0,2,67301,0,,1,9,100.0,N,N,N,1,,1,0,0,0,0,N,1523,1,2,0,0,0,0,0,3,4,0,2,7,7.0,N,,,,,,,,,,,
2022020612,1706.0,2,0,0,0,0,0,0,0,0,1,0,,67,2,2022,6,39.9378,-75.1438,1701.0,6,0,0,0,0,0,0,0,0,,0,0,0.0,16,1,0,0,N,0,39 56:16.130,,0,75 08:37.734,0,0,0,0,67301,0,0,0,N,0,0,0,2,68K01,0,,1,9,,N,N,N,0,,0,0,0,0,0,,1658,0,2,0,0,0,0,0,3,4,0,2,7,,N,,,,,,,,,,,
2022022467,2022.0,2,0,0,0,0,0,0,0,0,1,0,,67,2,2022,3,40.0306,-75.0219,2016.0,6,0,0,0,0,0,0,0,0,,0,0,0.0,20,3,2,0,N,1,40 01:50.002,2.0,0,75 01:18.995,8,0,0,0,67301,0,0,0,N,0,0,0,2,68K01,0,,1,9,912.0,N,N,Y,0,,0,0,0,0,0,N,2013,2,2,0,0,1,2,0,3,4,0,2,3,,N,,,,,,,,,,,
2022014685,1014.0,1,0,0,0,0,0,0,0,0,1,0,,67,1,2022,6,40.0581,-75.1743,1007.0,6,0,0,0,0,0,0,0,0,,0,0,0.0,10,1,2,1,,0,40 03:29.309,,0,75 10:27.487,3,0,0,0,67301,0,0,0,N,0,0,0,3,67301,1,,1,7,,N,N,N,0,,1,0,0,3,2,,1000,2,2,0,0,0,0,0,3,4,1,2,10,,N,,,,,,,,,,,
2022014853,144.0,1,0,0,0,0,0,0,0,0,4,0,,67,1,2022,1,40.0468,-75.1493,142.0,6,0,0,0,0,0,0,0,0,,0,0,0.0,1,3,0,0,N,0,40 02:48.400,,0,75 08:57.330,9,0,0,0,67301,0,0,0,N,0,0,0,1,67301,0,,1,1,,N,N,N,0,,0,0,0,0,0,,140,0,2,0,0,0,0,1,3,4,1,2,3,3.0,N,,,,,,,,,,,
2022013016,2031.0,0,0,0,0,0,0,0,0,0,5,0,,67,1,2022,7,40.0166,-75.0508,2012.0,6,0,0,0,0,0,0,0,0,,0,0,0.0,20,3,0,0,N,0,40 00:59.840,,0,75 03:02.856,0,0,0,0,67301,0,0,0,N,0,0,0,2,68K01,0,,1,9,,N,N,N,0,,0,0,1,0,0,,2004,0,2,0,0,0,0,0,3,4,0,2,7,,N,,,,,,,,,,,
2022019547,1032.0,1,0,0,0,0,0,0,0,0,1,0,,67,2,2022,5,40.0398,-75.1104,1030.0,6,0,0,0,1,0,0,0,0,,0,0,0.0,10,1,1,0,N,0,40 02:23.251,,0,75 06:37.464,4,0,0,0,67301,0,0,0,N,0,0,0,2,67301,1,,1,1,,N,N,N,0,,0,0,1,0,0,,1025,1,2,0,0,0,0,0,3,4,0,2,3,3.0,N,,,,,,,,,,,
2022021642,1928.0,3,0,0,0,0,0,0,0,0,1,0,,67,2,2022,4,39.9823,-75.2077,1925.0,6,0,0,0,0,1,1,0,0,,0,0,0.0,19,3,0,0,N,2,39 58:56.152,3.0,0,75 12:27.816,0,0,0,0,67301,0,0,0,N,0,0,0,9,68K01,0,,3,1,2030.0,N,N,N,0,,0,0,2,0,0,N,1923,0,5,0,0,0,0,0,3,4,0,5,3,,N,,,,,,,,,,,
2022021377,2247.0,0,0,0,0,0,0,0,0,0,5,0,,67,2,2022,1,40.0168,-75.0505,2236.0,6,0,0,0,0,0,0,0,0,,0,0,0.0,22,3,0,0,N,2,40 01:00.385,1.0,0,75 03:01.745,0,0,0,0,67301,0,0,0,N,0,0,0,2,68K01,0,,1,1,2315.0,N,N,N,0,,0,0,2,0,0,Y,2230,0,2,0,0,0,0,0,3,4,0,2,3,3.0,N,,,,,,,,,,,
2022019578,725.0,2,0,0,0,0,0,0,0,0,4,0,,67,2,2022,5,39.9136,-75.2216,717.0,6,0,0,0,0,0,1,0,0,,0,0,0.0,6,5,1,1,,9,39 54:48.822,,0,75 13:17.722,3,0,0,0,67301,0,0,0,N,0,0,0,2,67301,0,,1,1,,N,N,N,0,,1,0,0,3,2,,628,1,2,0,0,0,0,1,3,4,0,2,3,98.0,N,,,,,,,,,,,
2022014835,1317.0,1,0,0,0,0,0,0,0,0,8,0,,67,2,2022,7,39.992,-75.1397,1317.0,6,0,0,0,0,0,0,0,0,,0,0,0.0,21,3,1,1,,0,39 59:31.457,,0,75 08:22.914,3,0,0,0,67301,1,0,0,N,1,0,0,1,67301,0,,1,1,,N,N,N,0,,1,0,0,0,0,,2130,1,2,0,0,0,0,0,3,4,0,1,3,3.0,N,,,,,,,,,,,
2022004695,,1,0,0,0,0,0,0,0,0,4,0,,67,1,2022,3,40.0511,-75.0912,,6,0,0,0,0,0,0,0,0,,0,0,0.0,14,1,1,1,,0,40 03:03.963,,0,75 05:28.284,3,0,0,0,67301,0,0,0,N,0,0,0,2,00000,0,,1,1,,N,N,N,0,,1,0,0,3,3,,1440,1,2,0,0,0,0,0,3,4,0,2,3,,N,,,,,,,,,,,
2022014784,1150.0,1,0,0,0,0,0,0,0,0,4,0,,67,2,2022,5,40.0103,-75.2071,1130.0,6,0,0,0,0,0,0,0,0,,0,0,0.0,9,1,1,7,,9,40 00:37.227,,0,75 12:25.505,3,0,0,0,67301,0,0,0,N,0,0,0,3,67301,0,,1,99,,N,N,N,0,,1,0,1,0,0,,950,1,2,0,0,0,0,2,3,4,0,2,4,4.0,N,,,,,,,,,,,
2022014757,2337.0,2,0,0,0,0,0,0,0,0,4,0,,67,1,2022,3,39.9524,-75.2428,2337.0,6,0,0,0,0,0,0,0,0,,0,0,0.0,23,3,0,1,,0,39 57:08.765,,0,75 14:33.903,0,0,0,0,67301,0,0,0,N,0,0,0,1,67301,0,,1,1,,N,N,N,0,,0,0,0,3,2,,2335,0,2,0,0,0,0,0,3,4,0,2,3,3.0,N,,,,,,,,,,,
2022019646,2235.0,0,0,0,0,0,0,0,0,0,3,1,,67,2,2022,5,39.9998,-75.1391,2234.0,6,0,0,1,0,0,1,0,0,,0,1,0.0,22,2,1,2,,0,39 59:59.337,,0,75 08:20.656,3,0,0,0,67301,0,0,0,N,0,0,0,4,67301,0,,1,1,,N,N,N,0,,1,0,1,0,0,,2230,1,2,0,0,0,0,0,3,4,0,2,3,,N,,,,,,,,,,,
2022018407,1253.0,0,0,0,0,0,0,0,0,0,7,0,,67,2,2022,1,40.0306,-75.0219,1238.0,6,0,0,0,0,0,0,0,0,,0,0,0.0,12,1,0,0,N,1,40 01:50.226,2.0,0,75 01:18.899,0,0,0,0,67301,0,0,0,N,0,0,0,1,68K01,0,,4,9,1325.0,N,N,N,0,,0,0,1,0,0,N,1235,0,1,0,0,1,0,0,3,4,0,1,10,10.0,N,,,,,,,,,,,
2022019448,723.0,1,0,0,0,0,0,0,0,0,1,0,,67,2,2022,1,40.038,-75.0114,703.0,6,0,0,0,0,0,0,0,0,,0,0,0.0,7,1,0,0,N,1,40 02:16.804,2.0,0,75 00:41.027,0,0,0,0,67301,0,0,0,N,0,0,0,2,68K01,0,,1,9,730.0,N,N,N,0,,0,0,0,0,0,N,702,0,2,0,0,0,0,0,3,4,1,2,10,10.0,N,,,,,,,,,,,
2022019660,2340.0,2,0,0,0,0,0,0,0,0,4,0,,67,2,2022,2,40.0295,-75.1467,2335.0,6,0,0,0,1,0,0,0,0,,0,0,0.0,23,3,1,1,,1,40 01:46.206,2.0,0,75 08:48.166,3,0,0,0,67301,0,0,0,N,0,0,0,2,67301,0,,1,1,8.0,N,N,N,0,,1,0,0,3,2,N,2320,1,2,0,0,0,0,1,3,4,0,2,3,3.0,N,,,,,,,,,,,
2022018117,1436.0,1,0,0,0,0,0,0,0,0,6,0,,67,2,2022,6,39.979,-75.154,1435.0,6,0,0,0,0,0,0,0,0,,0,0,0.0,14,1,2,0,N,0,39 58:44.300,,0,75 09:14.300,8,0,0,0,67301,0,0,0,N,0,0,0,3,67505,0,,1,1,,N,N,N,1,,0,0,0,0,0,,1434,2,2,0,0,0,2,0,3,4,0,2,3,3.0,N,,,,,,,,,,,
2022018708,35.0,1,0,0,0,0,0,0,0,0,1,0,,67,2,2022,3,39.9318,-75.1999,28.0,6,0,0,1,0,0,0,0,0,,0,0,0.0,0,3,0,0,N,2,39 55:54.527,3.0,0,75 11:59.663,0,0,0,0,67301,0,0,0,N,0,0,0,2,68K01,0,,1,1,130.0,N,N,N,0,,0,0,1,0,0,N,25,0,2,0,0,0,0,0,3,4,0,2,3,,N,,,,,,,,,,,
2022019282,749.0,1,0,0,0,0,0,0,0,0,5,1,,67,2,2022,2,39.9812,-75.1024,730.0,6,0,0,0,0,0,1,0,0,,0,1,0.0,7,1,0,0,N,1,39 58:52.470,1.0,0,75 06:08.692,0,0,0,0,67301,0,0,0,N,0,0,0,3,68K01,0,,1,1,749.0,N,N,N,0,,0,0,0,0,0,N,728,0,2,0,0,0,0,0,3,4,0,2,3,3.0,N,,,,,,,,,,,
2022020094,828.0,0,0,0,0,0,0,0,0,0,7,0,,67,1,2022,3,39.9933,-75.0845,827.0,6,0,0,0,0,0,0,0,0,,0,0,0.0,8,1,0,7,N,2,39 59:35.744,2.0,2,75 05:04.073,0,0,0,0,67301,0,0,0,N,0,0,0,3,68K01,0,,3,1,830.0,N,N,N,0,,0,0,1,0,0,N,814,0,1,0,0,0,0,0,3,4,0,1,3,,N,,,,,,,,,,,
2022019568,1614.0,2,0,0,0,0,0,0,0,0,4,0,,67,2,2022,6,40.0591,-75.0447,1559.0,6,0,0,0,0,0,0,0,0,,0,0,0.0,15,1,0,3,,0,40 03:32.810,,0,75 02:40.998,0,0,0,0,67301,0,0,0,N,0,0,0,1,67301,0,,1,1,,N,N,N,0,,0,0,0,3,3,,1550,0,2,0,0,0,0,0,3,4,0,2,3,3.0,N,,,,,,,,,,,
2022019567,1557.0,2,0,0,0,0,0,0,0,0,2,0,,67,2,2022,6,40.0594,-75.0445,1550.0,6,0,0,0,0,0,1,0,0,,0,0,0.0,15,1,1,2,,0,40 03:33.766,,0,75 02:40.176,3,0,0,0,67301,0,0,0,N,0,0,0,3,67301,0,,1,1,,N,N,N,0,,1,0,0,3,2,,1546,1,2,0,0,0,0,0,3,4,0,2,3,3.0,N,,,,,,,,,,,
2022019606,1957.0,3,0,0,0,0,0,0,0,0,4,0,,67,2,2022,4,40.0086,-75.0688,1947.0,6,0,0,0,0,0,0,1,0,,0,0,0.0,19,3,3,1,,1,40 00:31.249,6.0,0,75 04:07.877,3,0,0,0,67301,0,0,0,N,0,0,0,4,67301,2,,1,1,2030.0,N,N,N,0,,1,0,0,3,2,Y,1927,3,3,0,0,0,0,0,3,4,0,3,3,,N,,,,,,,,,,,