CRN,ARRIVAL_TM,AUTOMOBILE_COUNT,BELTED_DEATH_COUNT,BELTED_SUSP_SERIOUS_INJ_COUNT,BICYCLE_COUNT,BICYCLE_DEATH_COUNT,BICYCLE_SUSP_SERIOUS_INJ_COUNT,BUS_COUNT,CHLDPAS_DEATH_COUNT,CHLDPAS_SUSP_SERIOUS_INJ_COUNT,COLLISION_TYPE,COMM_VEH_COUNT,CONS_ZONE_SPD_LIM,COUNTY,CRASH_MONTH,CRASH_YEAR,DAY_OF_WEEK,DEC_LAT,DEC_LONG,DISPATCH_TM,DISTRICT,DRIVER_COUNT_16YR,DRIVER_COUNT_17YR,DRIVER_COUNT_18YR,DRIVER_COUNT_19YR,DRIVER_COUNT_20YR,DRIVER_COUNT_50_64YR,DRIVER_COUNT_65_74YR,DRIVER_COUNT_75PLUS,EST_HRS_CLOSED,FATAL_COUNT,HEAVY_TRUCK_COUNT,HORSE_BUGGY_COUNT,HOUR_OF_DAY,ILLUMINATION,INJURY_COUNT,INTERSECT_TYPE,INTERSECTION_RELATED,LANE_CLOSED,LATITUDE,LN_CLOSE_DIR,LOCATION_TYPE,LONGITUDE,MAX_SEVERITY_LEVEL,MCYCLE_DEATH_COUNT,MCYCLE_SUSP_SERIOUS_INJ_COUNT,MOTORCYCLE_COUNT,MUNICIPALITY,NONMOTR_COUNT,NONMOTR_DEATH_COUNT,NONMOTR_SUSP_SERIOUS_INJ_COUNT,NTFY_HIWY_MAINT,PED_COUNT,PED_DEATH_COUNT,PED_SUSP_SERIOUS_INJ_COUNT,PERSON_COUNT,POLICE_AGCY,POSSIBLE_INJ_COUNT,RDWY_SURF_TYPE_CD,RELATION_TO_ROAD,ROAD_CONDITION,ROADWAY_CLEARED,SCH_BUS_IND,SCH_ZONE_IND,SECONDARY_CRASH,SMALL_TRUCK_COUNT,SPEC_JURIS_CD,SUSP_MINOR_INJ_COUNT,SUSP_SERIOUS_INJ_COUNT,SUV_COUNT,TCD_FUNC_CD,TCD_TYPE,TFC_DETOUR_IND,TIME_OF_DAY,TOT_INJ_COUNT,TOTAL_UNITS,UNB_DEATH_COUNT,UNB_SUSP_SERIOUS_INJ_COUNT,UNBELTED_OCC_COUNT,UNK_INJ_DEG_COUNT,UNK_INJ_PER_COUNT,URBAN_AREA,URBAN_RURAL,VAN_COUNT,VEHICLE_COUNT,WEATHER1,WEATHER2,WORK_ZONE_IND,WORK_ZONE_LOC,WORK_ZONE_TYPE,WORKERS_PRES,WZ_CLOSE_DETOUR,WZ_FLAGGER,WZ_LAW_OFFCR_IND,WZ_LN_CLOSURE,WZ_MOVING,WZ_OTHER,WZ_SHLDER_MDN,WZ_WORKERS_INJ_KILLED
2023019438,1650.0,0,0,0,0,0,0,0,0,0,1,0,,67,12,2022,7,39.9595,-75.1747,1626.0,6,0,0,0,0,0,0,0,0,,0,0,0.0,16,3,0,0,N,1,39 57:34.147,4.0,0,75 10:28.960,0,0,0,0,67301,0,0,0,N,0,0,0,7,68K01,0,,1,9,1655.0,N,N,N,0,,0,0,3,0,0,Y,1624,0,3,0,0,0,0,0,3,4,0,3,7,7.0,N,,,,,,,,,,,
2023028213,304.0,1,0,0,0,0,0,0,0,0,7,0,,67,2,2022,5,39.897,-75.1894,255.0,6,0,0,0,0,0,0,0,0,,0,0,0.0,2,3,1,0,N,0,39 53:49.294,,0,75 11:21.823,3,0,0,0,67301,0,0,0,N,0,0,0,1,68K01,0,,3,1,,N,N,N,0,,1,0,0,0,0,,254,1,1,0,0,0,0,0,3,4,0,1,3,,N,,,,,,,,,,,
2023061147,,0,0,0,0,0,0,0,0,0,1,0,,67,12,2022,5,40.0344,-75.0748,,6,0,0,0,0,0,1,0,0,,0,0,0.0,11,1,1,5,,0,40 02:03.402,,0,75 04:28.529,8,0,0,0,67301,0,0,0,N,0,0,0,2,00000,0,,1,1,,,,N,0,,0,0,1,3,2,,1100,1,2,0,0,0,1,0,3,4,0,2,3,,N,,,,,,,,,,,
2023034459,,0,0,0,0,0,0,0,0,0,1,0,,67,12,2022,6,40.0405,-75.0589,,6,0,0,0,0,0,1,0,0,,0,0,0.0,4,3,1,1,,0,40 02:25.798,,0,75 03:31.964,8,0,0,0,67301,0,0,0,N,0,0,0,2,00000,0,,1,1,,,,N,0,,0,0,1,3,2,,450,1,2,0,0,0,1,0,3,4,0,2,3,,N,,,,,,,,,,,
2023040178,2129.0,0,0,0,1,0,0,0,0,0,8,0,,67,7,2022,6,39.9738,-75.2582,2129.0,6,0,0,0,0,0,0,0,0,,0,0,0.0,15,1,1,1,N,0,39 58:25.593,,0,75 15:29.649,3,0,0,0,67301,1,0,0,N,0,0,0,2,67301,0,,1,1,,N,N,N,0,,1,0,1,3,2,,1556,1,2,0,0,0,0,0,3,4,0,1,3,3.0,N,,,,,,,,,,,
2023071112,1027.0,1,0,0,0,0,0,0,0,0,4,0,,67,9,2022,6,39.9597,-75.2288,1024.0,6,0,0,0,0,0,0,0,0,,0,0,0.0,10,1,1,1,,0,39 57:34.880,,0,75 13:43.604,3,0,0,0,67301,0,0,0,N,0,0,0,2,67301,0,,1,1,,N,N,N,1,,1,0,0,3,3,,1015,1,2,0,0,1,0,0,3,4,0,2,3,,N,,,,,,,,,,,
2023022866,1336.0,1,0,0,0,0,0,0,0,0,7,0,,67,12,2022,6,39.9449,-75.1427,1309.0,6,0,0,0,0,0,0,0,0,,0,0,0.0,12,1,0,0,N,0,39 56:41.771,,0,75 08:33.836,0,0,0,0,67301,0,0,0,N,0,0,0,1,68K01,0,,3,9,,N,N,N,0,,0,0,0,0,0,,1257,0,1,0,0,0,0,0,3,4,0,1,7,7.0,N,,,,,,,,,,,
2023035959,,1,0,0,0,0,0,0,0,0,4,0,,67,6,2022,2,39.9914,-75.159,,6,0,0,0,0,0,0,0,0,,0,0,0.0,15,1,2,1,,0,39 59:29.000,,0,75 09:32.468,8,0,0,0,67301,0,0,0,N,0,0,0,3,00000,0,,1,1,,,,N,0,,0,0,1,3,3,,1545,2,2,0,0,1,2,0,3,4,0,2,3,,N,,,,,,,,,,,
2022019597,1535.0,0,0,0,0,0,0,0,0,0,1,0,,67,2,2022,7,40.0405,-75.0581,1518.0,6,0,0,0,0,0,0,0,0,,0,0,0.0,15,1,3,0,N,0,40 02:25.928,,0,75 03:29.277,3,0,0,0,67301,0,0,0,N,0,0,0,3,67301,0,,1,1,,N,N,N,0,,3,0,2,0,0,,1518,3,2,0,0,3,0,0,3,4,0,2,3,3.0,N,,,,,,,,,,,
2022014720,1555.0,2,0,0,0,0,0,0,0,0,2,0,,67,1,2022,5,40.0143,-75.0709,1547.0,6,0,0,0,0,0,0,0,0,,0,0,0.0,14,1,0,1,,0,40 00:51.572,,0,75 04:15.064,9,0,0,0,67301,0,0,0,N,0,0,0,2,67301,0,,1,1,,N,N,N,0,,0,0,0,3,3,,1430,0,2,0,0,0,0,2,3,4,0,2,3,,N,,,,,,,,,,,
2022014614,2210.0,1,0,0,0,0,0,0,0,0,7,0,,67,1,2022,6,40.0573,-75.0344,2202.0,6,0,0,0,0,0,0,0,0,,0,0,0.0,22,3,0,0,N,0,40 03:26.382,,0,75 02:03.870,0,0,0,0,67301,0,0,0,N,0,0,0,1,67301,0,,2,7,,N,N,N,0,,0,0,0,3,2,,2200,0,1,0,0,0,0,0,3,4,0,1,10,10.0,N,,,,,,,,,,,
2022014802,1217.0,0,0,0,0,0,0,0,0,0,8,0,,67,1,2022,2,39.9946,-75.0945,1217.0,6,0,0,0,0,0,0,0,0,,0,0,0.0,12,1,1,0,N,0,39 59:40.673,,7,75 05:40.311,8,0,0,0,67301,1,0,0,N,1,0,0,2,67301,0,,5,1,,N,N,N,0,,0,0,1,0,0,,1217,1,2,0,0,0,1,0,3,4,0,1,3,3.0,N,,,,,,,,,,,
2022014871,1150.0,2,0,0,0,0,0,0,0,0,3,0,,67,2,2022,7,40.037,-75.1304,1149.0,6,1,0,0,0,0,0,0,0,,0,0,0.0,11,1,0,0,N,0,40 02:13.160,,0,75 07:49.400,0,0,0,0,67301,0,0,0,N,0,0,0,2,67301,0,,1,1,,N,N,N,0,,0,0,0,0,0,,1149,0,2,0,0,0,0,0,3,4,0,2,3,,N,,,,,,,,,,,
2022013781,422.0,1,0,0,0,0,0,0,0,0,7,0,,67,2,2022,1,39.9584,-75.1802,419.0,6,0,0,0,0,0,0,0,0,,0,0,0.0,4,3,3,0,N,1,39 57:30.115,4.0,0,75 10:48.849,4,0,0,0,67301,0,0,0,N,0,0,0,3,68K01,1,,7,1,500.0,N,N,N,0,,0,0,0,0,0,N,419,3,1,0,0,2,2,0,3,4,0,1,3,,N,,,,,,,,,,,
2022014696,1112.0,2,0,0,0,0,0,0,0,0,4,0,,67,2,2022,3,40.0808,-75.2027,1108.0,6,0,0,0,0,0,0,1,0,,0,0,0.0,11,1,0,1,,0,40 04:51.446,,0,75 12:09.698,0,0,0,0,67301,0,0,0,N,0,0,0,2,67301,0,,1,1,,N,N,N,0,,0,0,0,3,2,,1108,0,2,0,0,0,0,0,3,4,0,2,3,,N,,,,,,,,,,,
2022013508,1242.0,0,0,0,0,0,0,0,0,0,5,1,,67,1,2022,6,39.9498,-75.184,1227.0,6,0,0,0,0,0,1,0,0,,0,1,0.0,11,1,2,0,N,2,39 56:59.212,3.0,0,75 11:02.351,3,0,0,0,67301,0,0,0,N,0,0,0,3,68K01,0,,1,9,1245.0,N,N,N,0,,1,0,1,0,0,N,1149,2,2,0,0,0,1,0,3,4,0,2,10,,N,,,,,,,,,,,
2022004246,916.0,0,0,0,0,0,0,0,0,0,8,0,,67,1,2022,3,39.9546,-75.1817,911.0,6,0,0,0,0,0,0,0,0,,1,0,0.0,7,1,0,0,Y,0,39 57:16.780,,0,75 10:54.160,1,0,0,0,67301,1,1,0,N,1,1,0,2,67301,0,2.0,1,1,,N,N,N,0,0.0,0,0,0,0,0,,736,0,2,0,0,0,0,0,3,4,1,1,3,3.0,N,,,,,,,,,,,
2022021463,733.0,1,0,0,0,0,0,0,0,0,4,0,,67,2,2022,1,39.9573,-75.2479,730.0,6,0,0,0,0,0,1,0,0,,0,0,0.0,6,1,0,1,,0,39 57:26.251,,0,75 14:52.347,0,0,0,0,67301,0,0,0,N,0,0,0,2,67301,0,,1,1,,N,N,N,1,,0,0,1,3,2,,628,0,4,0,0,0,0,0,3,4,1,4,3,,N,,,,,,,,,,,
2022019919,350.0,1,0,0,0,0,0,0,0,0,7,0,,67,2,2022,2,39.9649,-75.1338,346.0,6,0,0,0,0,0,0,0,0,,0,0,0.0,3,3,2,0,N,0,39 57:53.534,,0,75 08:01.532,3,0,0,0,67301,0,0,0,N,0,0,0,2,67301,1,,5,1,,N,N,N,0,,1,0,0,0,0,,344,2,1,0,0,0,0,0,3,4,0,1,3,3.0,N,,,,,,,,,,,
2022015026,635.0,3,0,0,0,0,0,0,0,0,4,0,,67,2,2022,3,40.0288,-75.0584,632.0,6,0,0,0,0,0,1,0,0,,0,0,0.0,6,1,3,1,,0,40 01:43.801,,0,75 03:30.233,4,0,0,0,67301,0,0,0,N,0,0,0,3,67301,3,,1,9,,N,N,N,0,,0,0,0,3,3,,615,3,3,0,0,0,0,0,3,4,0,3,3,3.0,N,,,,,,,,,,,
2022013770,1638.0,2,0,0,0,0,0,0,0,0,5,0,,67,2,2022,7,40.027,-75.026,1621.0,6,0,0,0,0,0,0,0,0,,0,0,0.0,16,1,0,0,N,0,40 01:37.348,,0,75 01:33.587,0,0,0,0,67301,0,0,0,N,0,0,0,2,68K01,0,,1,1,,N,N,N,0,,0,0,0,0,0,,1617,0,2,0,0,0,0,0,3,4,0,2,3,,N,,,,,,,,,,,
2022018694,1625.0,2,0,0,0,0,0,0,0,0,1,0,,67,2,2022,2,40.0399,-75.0068,1556.0,6,0,0,0,0,0,0,0,0,,0,0,0.0,15,1,1,0,N,0,40 02:23.492,,0,75 00:24.476,4,0,0,0,67301,0,0,0,N,0,0,0,3,68K01,1,,1,9,,N,N,N,0,,0,0,0,0,0,,1546,1,3,0,0,0,0,1,3,4,0,3,7,4.0,N,,,,,,,,,,,
2022019555,1720.0,0,0,0,0,0,0,0,0,0,4,0,,67,2,2022,7,39.9427,-75.1619,1707.0,6,0,0,0,0,0,0,0,0,,0,0,0.0,16,1,5,1,,2,39 56:33.899,2.0,0,75 09:42.753,8,0,0,0,67301,0,0,0,N,0,0,0,6,67301,0,,1,1,1830.0,N,N,N,0,,0,0,1,3,3,Y,1652,5,2,0,0,0,5,0,3,4,1,2,3,8.0,N,,,,,,,,,,,
2022019615,2240.0,1,0,0,0,0,0,0,0,0,4,0,,67,2,2022,4,39.9858,-75.2156,2232.0,6,0,0,0,0,0,0,0,0,,0,0,0.0,22,3,1,1,,0,39 59:08.888,,0,75 12:56.190,3,0,0,0,67301,0,0,0,N,0,0,0,2,67301,0,,1,1,,N,N,N,0,,1,0,0,3,2,,2200,1,2,0,0,0,0,1,3,4,0,2,3,,N,,,,,,,,,,,
2022020271,1215.0,1,0,0,0,0,0,0,0,0,4,1,,67,2,2022,5,39.9121,-75.1505,1144.0,6,0,0,0,0,0,1,0,0,,0,1,0.0,11,1,1,2,,1,39 54:43.394,1.0,2,75 09:01.796,3,0,0,0,67301,0,0,0,N,0,0,0,3,67301,0,,1,1,1232.0,N,N,N,0,,1,0,0,3,2,N,1142,1,2,0,0,2,0,0,3,4,0,2,4,,N,,,,,,,,,,,
2022020270,327.0,1,0,0,0,0,0,0,0,0,5,1,,67,2,2022,6,40.0408,-75.1075,327.0,6,0,0,0,0,0,0,0,0,,0,1,0.0,3,3,0,0,N,1,40 02:26.927,2.0,0,75 06:26.958,9,0,0,0,67301,0,0,0,N,0,0,0,1,67301,0,,6,9,430.0,N,N,N,0,,0,0,0,0,0,N,313,0,2,0,0,0,0,1,3,4,0,2,7,,N,,,,,,,,,,,
2022019618,220.0,1,0,0,0,0,0,0,0,0,1,0,,67,2,2022,7,39.9396,-75.1982,212.0,6,0,0,0,0,0,0,0,0,,0,0,0.0,2,3,1,1,,0,39 56:22.681,,3,75 11:53.378,3,0,0,0,67301,0,0,0,N,0,0,0,2,67301,0,,1,1,,N,N,N,0,,1,0,0,3,2,,208,1,2,0,0,0,0,0,3,4,0,2,3,3.0,N,,,,,,,,,,,
2022019885,2103.0,0,0,0,0,0,0,0,0,0,7,1,,67,2,2022,3,40.0439,-75.1802,2100.0,6,0,0,0,0,0,0,0,0,,0,1,0.0,19,3,1,0,N,0,40 02:38.058,,7,75 10:48.658,3,0,0,0,67301,0,0,0,N,0,0,0,1,67301,0,,4,9,,N,N,N,0,,1,0,0,0,0,,1935,1,1,0,0,0,0,0,3,4,0,1,7,7.0,N,,,,,,,,,,,
2022021419,2254.0,2,0,0,0,0,0,0,0,0,1,0,,67,2,2022,6,40.0012,-75.195,2254.0,6,0,0,0,0,0,0,0,0,,0,0,0.0,22,3,0,0,N,0,40 00:04.202,,0,75 11:41.972,0,0,0,0,67301,0,0,0,N,0,0,0,4,68K01,0,,1,1,,N,N,N,0,,0,0,0,0,0,,2246,0,2,0,0,1,0,0,3,4,0,2,3,,N,,,,,,,,,,,
2022022452,2344.0,1,0,0,0,0,0,0,0,0,7,0,,67,2,2022,2,40.0304,-75.022,2332.0,6,0,0,0,0,0,0,0,0,,0,0,0.0,23,3,2,0,N,1,40 01:49.615,2.0,0,75 01:19.170,3,0,0,0,67301,0,0,0,N,0,0,0,2,68K01,0,,3,9,1157.0,N,N,N,0,,1,0,0,0,0,N,2329,2,1,0,0,1,1,0,3,4,0,1,7,,N,,,,,,,,,,,
2022019582,2016.0,2,0,0,0,0,0,0,0,0,6,0,,67,2,2022,3,40.0409,-75.1873,2012.0,6,0,0,0,0,0,0,0,0,,0,0,0.0,20,3,0,1,,0,40 02:27.297,,0,75 11:14.370,0,0,0,0,67301,0,0,0,N,0,0,0,2,67301,0,,1,1,,N,N,N,0,,0,0,0,3,2,,2011,0,2,0,0,0,0,0,3,4,0,2,3,3.0,N,,,,,,,,,,,
2022020231,1029.0,3,0,0,0,0,0,0,0,0,1,0,,67,2,2022,2,39.9528,-75.141,1010.0,6,0,0,0,0,0,2,0,0,,0,0,0.0,10,1,0,0,N,0,39 57:10.083,,0,75 08:27.546,0,0,0,0,67301,0,0,0,N,0,0,0,3,68K01,0,,1,1,,N,N,N,0,,0,0,0,0,0,,1008,0,3,0,0,0,0,0,3,4,0,3,3,,N,,,,,,,,,,,
2022019570,1932.0,1,0,0,0,0,0,0,0,0,4,0,,67,2,2022,3,40.0807,-74.9699,1931.0,6,0,0,0,0,0,0,0,0,,0,0,0.0,19,3,0,0,N,0,40 04:50.410,,7,74 58:11.790,0,0,0,0,67301,0,0,0,N,0,0,0,0,67301,0,,5,8,,N,N,N,1,,0,0,0,3,3,,1930,0,2,0,0,0,0,0,3,4,0,2,7,7.0,N,,,,,,,,,,,
2022019433,205.0,1,0,0,0,0,0,0,0,0,5,1,,67,2,2022,4,39.9701,-75.1927,201.0,6,0,0,0,0,0,1,0,0,,0,1,0.0,1,3,1,0,N,2,39 58:12.450,4.0,0,75 11:33.573,8,0,0,0,67301,0,0,0,N,0,0,0,2,68K01,0,,1,1,245.0,N,N,N,0,,0,0,0,0,0,Y,155,1,2,0,0,0,1,0,3,4,0,2,3,,N,,,,,,,,,,,
2022018697,801.0,1,0,0,0,0,0,0,0,0,1,0,,67,2,2022,3,39.9568,-75.1534,800.0,6,0,0,0,0,0,0,0,0,,0,0,0.0,7,1,1,0,N,1,39 57:24.566,3.0,0,75 09:12.231,3,0,0,0,67301,0,0,0,N,0,0,0,3,68K01,0,,1,1,825.0,N,N,N,0,,1,0,2,0,0,N,752,1,3,0,0,0,0,0,3,4,0,3,3,3.0,N,,,,,,,,,,,
2022014899,900.0,1,0,0,0,0,0,0,0,0,4,0,,67,2,2022,4,40.0147,-75.206,846.0,6,0,0,0,0,0,0,0,0,,0,0,0.0,8,1,1,2,,1,40 00:53.048,1.0,3,75 12:21.755,3,0,0,0,67301,0,0,0,N,0,0,0,3,67301,0,,1,9,935.0,N,N,N,0,,1,0,1,3,3,N,844,1,2,0,0,0,0,0,3,4,0,2,4,,N,,,,,,,,,,,
2022015356,934.0,2,0,0,0,0,0,0,0,0,4,0,,67,2,2022,5,40.0094,-75.1681,934.0,6,0,0,0,0,0,1,0,0,,0,0,0.0,9,1,1,2,,0,40 00:33.697,,0,75 10:05.099,4,0,0,0,67301,0,0,0,N,0,0,0,2,67301,1,,1,1,,N,N,N,0,,0,0,0,3,3,,930,1,2,0,0,0,0,0,3,4,0,2,3,,N,,,,,,,,,,,
2022014821,1905.0,0,0,0,0,0,0,0,0,0,8,0,,67,1,2022,4,40.015,-75.1352,1903.0,6,0,0,0,0,0,0,0,0,,1,0,0.0,18,3,0,1,,2,40 00:54.154,6.0,0,75 08:06.604,1,0,0,0,67301,1,1,0,N,1,1,0,2,67301,0,2.0,1,1,2045.0,N,N,N,0,0.0,0,0,0,3,2,Y,1848,0,2,0,0,0,0,1,3,4,0,1,3,3.0,N,,,,,,,,,,,
2022015717,847.0,1,0,0,0,0,0,0,0,0,1,0,,67,2,2022,4,39.9596,-75.1752,836.0,6,0,0,0,0,0,0,0,0,,0,0,0.0,8,1,1,0,N,1,39 57:34.389,4.0,0,75 10:30.899,3,0,0,0,67301,0,0,0,N,0,0,0,2,68K01,0,,1,1,1000.0,N,N,N,0,,1,0,1,0,0,N,832,1,2,0,0,0,0,0,3,4,0,2,3,3.0,N,,,,,,,,,,,
2022015155,321.0,1,0,0,0,0,0,0,0,0,7,0,,67,1,2022,7,39.9797,-75.1077,321.0,6,0,0,0,0,0,0,0,0,,1,0,0.0,3,3,0,0,N,1,39 58:46.961,5.0,1,75 06:27.583,1,0,0,0,67301,0,0,0,N,0,0,0,1,67301,0,2.0,4,1,422.0,N,N,N,0,0.0,0,0,0,0,0,N,319,0,1,0,0,0,0,0,3,4,0,1,3,3.0,N,,,,,,,,,,,
2022014705,1627.0,2,0,0,0,0,0,0,0,0,4,0,,67,2,2022,3,40.0767,-75.1762,1621.0,6,0,0,0,0,1,0,0,1,,0,0,0.0,16,1,1,1,,0,40 04:36.177,,0,75 10:34.240,3,0,0,0,67301,0,0,0,N,0,0,0,2,67301,0,,1,1,,N,N,N,0,,1,0,0,3,3,,1620,1,2,0,0,0,0,0,3,4,0,2,3,3.0,N,,,,,,,,,,,
2022013909,1059.0,0,0,0,0,0,0,0,0,0,2,0,,67,1,2022,7,40.0234,-75.0348,1056.0,6,0,0,0,0,0,0,0,0,,0,0,0.0,10,1,0,0,N,0,40 01:24.140,,0,75 02:05.186,0,0,0,0,67301,0,0,0,Y,0,0,0,1,68K01,0,,2,2,,N,N,N,1,,0,0,0,0,0,,1054,0,1,0,0,0,0,0,3,4,0,1,2,2.0,N,,,,,,,,,,,
2022014083,17.0,1,0,0,0,0,0,0,0,0,8,0,,67,1,2022,6,40.0016,-75.1528,16.0,6,0,0,0,0,0,0,0,0,,1,0,0.0,23,3,0,1,,0,40 00:05.763,,0,75 09:10.529,1,0,0,0,67301,1,1,0,N,1,1,0,2,67301,0,2.0,1,1,,N,N,N,0,0.0,0,0,0,3,2,,2345,0,2,0,0,0,0,0,3,4,0,1,3,3.0,N,,,,,,,,,,,
2022014651,1715.0,2,0,0,0,0,0,0,0,0,1,0,,67,2,2022,3,39.9415,-75.238,1711.0,6,0,0,0,0,0,0,0,0,,0,0,0.0,16,1,1,2,,0,39 56:29.575,,0,75 14:16.891,3,0,0,0,67301,0,0,0,N,0,0,0,2,67301,0,,1,1,,N,N,N,0,,1,0,0,0,0,,1629,1,2,0,0,0,0,0,3,4,0,2,3,3.0,N,,,,,,,,,,,
2022019273,1524.0,1,0,0,0,0,0,0,0,0,1,0,,67,2,2022,7,40.0101,-75.0634,1506.0,6,0,0,0,0,0,1,0,0,,0,0,0.0,15,1,1,0,N,1,40 00:36.438,1.0,0,75 03:48.281,3,0,0,0,67301,0,0,0,N,0,0,0,3,68K01,0,,1,1,1535.0,N,N,N,0,,1,0,1,0,0,N,1500,1,3,0,0,0,0,0,3,4,1,3,3,,N,,,,,,,,,,,
2022020824,1436.0,0,0,0,0,0,0,0,0,0,7,0,,67,2,2022,5,40.0088,-75.1476,1435.0,6,0,0,0,0,0,1,0,0,,0,0,0.0,14,1,0,2,,0,40 00:31.666,,0,75 08:51.441,9,0,0,0,67301,0,0,0,N,0,0,0,1,67301,0,,4,1,,N,N,N,1,,0,0,0,3,3,,1434,0,1,0,0,0,0,1,3,4,0,1,3,3.0,N,,,,,,,,,,,
2022019634,2051.0,1,0,0,0,0,0,0,0,0,2,0,,67,2,2022,7,39.9855,-75.1037,2051.0,6,0,0,0,0,0,1,0,0,,0,0,0.0,20,3,1,0,N,0,39 59:07.717,,0,75 06:13.196,3,0,0,0,67301,0,0,0,N,0,0,0,1,67301,0,,1,1,,N,N,N,0,,1,0,0,0,0,,2051,1,2,0,0,1,0,0,3,4,0,2,3,3.0,N,,,,,,,,,,,
2022019685,526.0,2,0,0,0,0,0,0,0,0,4,0,,67,1,2022,4,39.9533,-75.1837,524.0,6,0,0,0,0,0,0,0,0,,0,0,0.0,5,3,0,1,,0,39 57:11.978,,0,75 11:01.324,0,0,0,0,67301,0,0,0,N,0,0,0,2,67301,0,,1,1,,N,N,N,0,,0,0,0,3,2,,522,0,2,0,0,0,0,0,3,4,0,2,3,,N,,,,,,,,,,,
2022019461,2033.0,2,0,0,0,0,0,0,0,0,1,0,,67,2,2022,4,39.9623,-75.1827,2029.0,6,0,0,0,0,0,1,0,0,,0,0,0.0,20,3,2,0,N,0,39 57:44.111,,0,75 10:57.831,3,0,0,0,67301,0,0,0,N,0,0,0,3,68K01,0,,1,1,,N,N,N,0,,2,0,0,0,0,,2003,2,2,0,0,0,0,0,3,4,0,2,3,3.0,N,,,,,,,,,,,
2022014722,2019.0,1,0,0,0,0,0,0,0,0,2,0,,67,1,2022,5,40.0324,-75.0371,2009.0,6,0,0,0,0,0,0,0,0,,0,0,0.0,19,3,0,0,N,0,40 01:56.805,,0,75 02:13.592,9,0,0,0,67301,0,0,0,N,0,0,0,3,67301,0,,1,1,,N,N,Y,0,,0,0,2,3,2,,1937,0,3,0,0,0,0,1,3,4,0,3,3,,N,,,,,,,,,,,
2022015712,813.0,1,0,0,0,0,0,0,0,0,1,0,,67,2,2022,3,39.9612,-75.14,747.0,6,0,0,0,0,0,0,0,0,,0,0,0.0,7,1,0,0,N,0,39 57:40.233,,0,75 08:23.859,0,0,0,0,67301,0,0,0,N,0,0,0,2,68K01,0,,3,1,,N,N,N,0,,0,0,1,0,0,,743,0,2,0,0,0,0,0,3,4,0,2,3,,N,,,,,,,,,,,
2022013015,1550.0,0,0,0,0,0,0,0,0,0,7,0,,67,1,2022,7,40.0312,-75.0217,1540.0,6,0,0,0,0,0,0,0,0,,0,0,0.0,15,1,1,0,N,1,40 01:52.338,2.0,0,75 01:17.994,3,0,0,0,67301,0,0,0,N,0,0,0,2,68K01,0,,4,9,1630.0,N,N,N,0,,1,0,1,0,0,Y,1538,1,1,0,0,0,0,0,3,4,0,1,7,,N,,,,,,,,,,,
2022015763,910.0,0,0,0,0,0,0,0,0,0,1,0,,67,1,2022,2,39.9992,-75.1386,903.0,6,0,0,0,0,0,0,0,0,,0,0,0.0,8,1,0,0,N,0,39 59:57.029,,0,75 08:19.128,0,0,0,0,67301,0,0,0,N,0,0,0,2,67301,0,,1,2,,N,N,N,0,,0,0,0,0,0,,810,0,2,0,0,0,0,0,3,4,2,2,10,3.0,N,,,,,,,,,,,
2022015123,708.0,0,0,0,0,0,0,0,0,0,7,0,,67,1,2022,6,39.8924,-75.2252,657.0,6,0,0,0,0,1,0,0,0,,0,0,0.0,6,5,1,0,N,0,39 53:32.648,,3,75 13:30.689,4,0,0,0,67301,0,0,0,N,0,0,0,1,68K01,1,,4,9,,N,N,N,1,,0,0,0,0,0,,629,1,1,0,0,1,0,0,3,4,0,1,10,4.0,N,,,,,,,,,,,
2022014778,242.0,2,0,0,0,0,0,0,0,0,5,0,,67,1,2022,5,39.9709,-75.2309,237.0,6,0,0,0,0,0,0,0,0,,0,0,0.0,2,3,0,0,N,0,39 58:15.140,,0,75 13:51.330,0,0,0,0,67301,0,0,0,N,0,0,0,1,67301,0,,1,1,,N,N,N,0,,0,0,0,0,0,,222,0,2,0,0,1,0,0,3,4,0,2,3,3.0,N,,,,,,,,,,,
2022014586,735.0,0,0,0,0,0,0,0,0,0,7,0,,67,1,2022,7,40.0818,-75.0411,729.0,6,0,0,0,0,0,1,0,0,,0,0,0.0,7,1,0,0,N,0,40 04:54.466,,0,75 02:28.083,0,0,0,0,67301,0,0,0,N,0,0,0,1,67301,0,,4,2,,N,N,N,1,,0,0,0,0,0,,715,0,1,0,0,0,0,0,3,4,0,1,10,9.0,N,,,,,,,,,,,
2022014549,2218.0,2,0,0,0,0,0,0,0,0,2,0,,67,2,2022,7,40.0589,-75.085,2218.0,6,0,0,0,0,0,1,0,0,,0,0,0.0,22,3,1,1,,0,40 03:32.087,,0,75 05:05.840,4,0,0,0,67301,0,0,0,N,0,0,0,2,67301,1,,1,1,,N,N,N,0,,0,0,0,3,2,,2218,1,2,0,0,2,0,0,3,4,0,2,3,3.0,N,,,,,,,,,,,
2022014886,900.0,2,0,0,0,0,0,0,0,0,1,0,,67,1,2022,1,40.0179,-75.202,900.0,6,0,0,0,0,0,0,0,0,,0,0,0.0,22,3,0,0,N,9,40 01:04.400,,0,75 12:07.180,0,0,0,0,67301,0,0,0,N,0,0,0,4,67301,0,,1,99,,N,N,N,0,,0,0,0,0,0,,2230,0,2,0,0,0,0,0,3,4,0,2,99,,N,,,,,,,,,,,