CRN,ARRIVAL_TM,AUTOMOBILE_COUNT,BELTED_DEATH_COUNT,BELTED_SUSP_SERIOUS_INJ_COUNT,BICYCLE_COUNT,BICYCLE_DEATH_COUNT,BICYCLE_SUSP_SERIOUS_INJ_COUNT,BUS_COUNT,CHLDPAS_DEATH_COUNT,CHLDPAS_SUSP_SERIOUS_INJ_COUNT,COLLISION_TYPE,COMM_VEH_COUNT,CONS_ZONE_SPD_LIM,COUNTY,CRASH_MONTH,CRASH_YEAR,DAY_OF_WEEK,DEC_LAT,DEC_LONG,DISPATCH_TM,DISTRICT,DRIVER_COUNT_16YR,DRIVER_COUNT_17YR,DRIVER_COUNT_18YR,DRIVER_COUNT_19YR,DRIVER_COUNT_20YR,DRIVER_COUNT_50_64YR,DRIVER_COUNT_65_74YR,DRIVER_COUNT_75PLUS,EST_HRS_CLOSED,FATAL_COUNT,HEAVY_TRUCK_COUNT,HORSE_BUGGY_COUNT,HOUR_OF_DAY,ILLUMINATION,INJURY_COUNT,INTERSECT_TYPE,INTERSECTION_RELATED,LANE_CLOSED,LATITUDE,LN_CLOSE_DIR,LOCATION_TYPE,LONGITUDE,MAX_SEVERITY_LEVEL,MCYCLE_DEATH_COUNT,MCYCLE_SUSP_SERIOUS_INJ_COUNT,MOTORCYCLE_COUNT,MUNICIPALITY,NONMOTR_COUNT,NONMOTR_DEATH_COUNT,NONMOTR_SUSP_SERIOUS_INJ_COUNT,NTFY_HIWY_MAINT,PED_COUNT,PED_DEATH_COUNT,PED_SUSP_SERIOUS_INJ_COUNT,PERSON_COUNT,POLICE_AGCY,POSSIBLE_INJ_COUNT,RDWY_SURF_TYPE_CD,RELATION_TO_ROAD,ROAD_CONDITION,ROADWAY_CLEARED,SCH_BUS_IND,SCH_ZONE_IND,SECONDARY_CRASH,SMALL_TRUCK_COUNT,SPEC_JURIS_CD,SUSP_MINOR_INJ_COUNT,SUSP_SERIOUS_INJ_COUNT,SUV_COUNT,TCD_FUNC_CD,TCD_TYPE,TFC_DETOUR_IND,TIME_OF_DAY,TOT_INJ_COUNT,TOTAL_UNITS,UNB_DEATH_COUNT,UNB_SUSP_SERIOUS_INJ_COUNT,UNBELTED_OCC_COUNT,UNK_INJ_DEG_COUNT,UNK_INJ_PER_COUNT,URBAN_AREA,URBAN_RURAL,VAN_COUNT,VEHICLE_COUNT,WEATHER1,WEATHER2,WORK_ZONE_IND,WORK_ZONE_LOC,WORK_ZONE_TYPE,WORKERS_PRES,WZ_CLOSE_DETOUR,WZ_FLAGGER,WZ_LAW_OFFCR_IND,WZ_LN_CLOSURE,WZ_MOVING,WZ_OTHER,WZ_SHLDER_MDN,WZ_WORKERS_INJ_KILLED
2022014777,1801.0,1,0,0,0,0,0,0,0,0,2,0,,67,1,2022,2,39.9616,-75.2245,1801.0,6,0,0,1,0,0,0,0,0,,0,0,0.0,17,3,0,2,,0,39 57:41.589,,0,75 13:28.343,0,0,0,0,67301,0,0,0,N,0,0,0,1,67301,0,,1,1,,N,N,N,0,,0,0,1,3,3,,1755,0,2,0,0,0,0,0,3,4,0,2,3,3.0,N,,,,,,,,,,,
2022014570,1313.0,0,0,0,0,0,0,0,0,0,8,0,,67,1,2022,4,39.9519,-75.1433,1309.0,6,0,0,0,0,0,0,0,0,,0,0,0.0,12,1,1,1,,0,39 57:06.954,,0,75 08:35.878,3,0,0,0,67301,1,0,0,N,1,0,0,2,67301,0,,1,1,,N,N,N,1,,1,0,0,3,2,,1250,1,2,0,0,0,0,0,3,4,0,1,3,3.0,N,,,,,,,,,,,
2022013924,740.0,2,0,0,0,0,0,0,0,0,1,0,,67,2,2022,4,39.9571,-75.1522,739.0,6,0,0,0,0,0,1,0,0,,0,0,0.0,7,1,0,0,N,0,39 57:25.468,,0,75 09:08.021,0,0,0,0,67301,0,0,0,N,0,0,0,2,68K01,0,,1,1,,N,N,N,0,,0,0,0,0,0,,737,0,2,0,0,0,0,0,3,4,0,2,5,4.0,N,,,,,,,,,,,
2022007577,612.0,2,0,0,0,0,0,0,0,0,1,0,,67,1,2022,7,40.0032,-75.1525,609.0,6,0,0,0,0,0,0,0,0,,0,0,0.0,6,3,1,1,,0,40 00:11.467,,0,75 09:09.273,8,0,0,0,67301,0,0,0,N,0,0,0,2,67505,0,,1,1,,N,N,N,0,,0,0,0,3,2,,600,1,3,0,0,0,1,0,3,4,1,3,3,,N,,,,,,,,,,,
2022008738,1455.0,0,0,0,0,0,0,0,0,0,7,0,,67,1,2022,3,39.9745,-75.1587,1447.0,6,0,0,0,0,0,0,0,0,,0,0,0.0,14,1,1,0,Y,1,39 58:28.131,5.0,0,75 09:31.401,8,0,0,0,67301,0,0,0,N,0,0,0,1,67505,0,,3,1,1520.0,N,N,N,0,,0,0,1,3,2,N,1440,1,1,0,0,1,1,0,3,4,0,1,3,3.0,N,,,,,,,,,,,
2022014789,422.0,1,0,0,0,0,0,1,0,0,4,1,,67,1,2022,7,39.9863,-75.1688,418.0,6,0,0,0,0,0,1,0,0,,0,0,0.0,3,3,0,1,,0,39 59:10.654,,0,75 10:07.654,9,0,0,0,67301,0,0,0,N,0,0,0,2,67301,0,,1,1,,Y,N,N,0,,0,0,0,3,3,,330,0,2,0,0,0,0,1,3,4,0,2,3,3.0,N,,,,,,,,,,,
2022014544,220.0,0,0,0,0,0,0,0,0,0,5,1,,67,1,2022,5,40.0366,-75.0645,214.0,6,0,0,0,0,0,1,0,0,,0,1,0.0,1,3,0,1,,2,40 02:11.789,7.0,0,75 03:52.061,0,0,0,0,67301,0,0,0,N,0,0,0,2,67301,0,,1,1,345.0,N,N,N,0,,0,0,0,3,2,Y,145,0,2,0,0,0,0,0,3,4,0,2,3,3.0,N,,,,,,,,,,,
2022013775,2102.0,2,0,0,0,0,0,0,0,0,1,0,,67,2,2022,7,39.9977,-75.196,2058.0,6,0,0,0,0,0,0,0,0,,0,0,0.0,20,3,2,0,N,0,39 59:51.718,,0,75 11:45.550,8,0,0,0,67301,0,0,0,N,0,0,0,8,68K01,0,,1,1,,N,N,N,0,,0,0,0,0,0,,2054,2,3,0,0,4,2,1,3,4,0,3,3,3.0,N,,,,,,,,,,,
2022014746,1835.0,1,0,0,0,0,0,0,0,0,7,0,,67,1,2022,1,39.9677,-75.2097,1835.0,6,0,0,0,0,0,0,0,0,,0,0,0.0,18,3,0,1,,0,39 58:03.863,,0,75 12:35.037,9,0,0,0,67301,0,0,0,N,0,0,0,1,67301,0,,5,2,,N,N,N,0,,0,0,0,0,0,,1832,0,1,0,0,0,0,1,3,4,0,1,10,10.0,N,,,,,,,,,,,
2022015479,1143.0,2,0,0,0,0,0,0,0,0,1,0,,67,1,2022,4,40.0459,-75.0018,1126.0,6,0,0,0,0,0,0,0,0,,0,0,0.0,11,1,1,6,N,0,40 02:45.339,,2,75 00:06.539,3,0,0,0,67301,0,0,0,N,0,0,0,2,68K01,0,,1,1,,N,N,N,0,,1,0,0,3,4,,1118,1,2,0,0,0,0,0,3,4,0,2,3,3.0,N,,,,,,,,,,,
2022014564,1035.0,1,0,0,0,0,0,0,0,0,7,0,,67,1,2022,6,40.026,-75.1996,1029.0,6,0,0,0,1,0,0,0,0,,0,0,0.0,10,1,2,0,N,0,40 01:33.706,,0,75 11:58.611,3,0,0,0,67301,0,0,0,N,0,0,0,2,67301,0,,2,7,,N,N,N,0,,2,0,0,0,0,,1029,2,1,0,0,0,0,0,3,4,0,1,10,10.0,N,,,,,,,,,,,
2022014625,247.0,1,0,0,0,0,0,1,0,0,4,1,,67,1,2022,6,39.9528,-75.1669,247.0,6,0,0,0,0,0,0,0,0,,0,0,0.0,2,3,1,1,,1,39 57:10.026,1.0,0,75 10:00.660,8,0,0,0,67301,0,0,0,N,0,0,0,2,67301,0,,1,1,420.0,N,N,N,0,,0,0,0,3,2,N,235,1,2,0,0,0,1,0,3,4,0,2,3,3.0,N,,,,,,,,,,,
2022013526,1450.0,1,0,0,0,0,0,0,0,0,7,0,,67,2,2022,6,39.9175,-75.1476,1411.0,6,0,0,0,0,0,0,0,0,,0,0,0.0,14,1,0,0,N,0,39 55:02.940,,0,75 08:51.200,0,0,0,0,67301,0,0,0,N,0,0,0,1,68K01,0,,2,9,,N,N,N,0,,0,0,0,0,0,,1406,0,1,0,0,0,0,0,3,4,0,1,7,,N,,,,,,,,,,,
2022014547,1800.0,1,0,0,0,0,0,0,0,0,4,1,,67,2,2022,3,40.0545,-75.0908,1757.0,6,0,0,0,0,1,0,0,0,,0,1,0.0,17,3,2,1,,0,40 03:16.301,,0,75 05:26.793,8,0,0,0,67301,0,0,0,N,0,0,0,3,67301,0,,1,2,,N,N,N,0,,0,0,1,3,3,,1755,2,3,0,0,0,2,0,3,4,0,3,3,3.0,N,,,,,,,,,,,
2022014525,1558.0,1,0,0,0,0,0,0,0,0,4,0,,67,1,2022,4,39.8974,-75.1755,1557.0,6,0,0,0,0,0,0,0,1,,0,0,0.0,15,1,0,1,,1,39 53:50.668,7.0,0,75 10:31.915,0,0,0,0,67301,0,0,0,N,0,0,0,2,67301,0,,1,1,1610.0,N,N,N,0,,0,0,1,3,2,N,1557,0,2,0,0,0,0,0,3,4,0,2,3,,N,,,,,,,,,,,
2022013509,755.0,1,0,0,0,0,0,0,0,0,7,0,,67,1,2022,7,39.889,-75.2182,730.0,6,0,0,0,0,0,1,0,0,,0,0,0.0,7,1,1,0,N,1,39 53:20.377,2.0,0,75 13:05.511,8,0,0,0,67301,0,0,0,N,0,0,0,1,68K01,0,,4,7,820.0,N,N,N,0,,0,0,0,0,0,N,730,1,1,0,0,0,1,0,3,4,0,1,10,,N,,,,,,,,,,,
2022014574,955.0,0,0,0,0,0,0,0,0,0,4,0,,67,2,2022,1,39.9577,-75.1624,944.0,6,0,0,0,0,0,1,0,0,,0,0,0.0,9,1,0,1,,1,39 57:27.710,1.0,0,75 09:44.921,0,0,0,0,67301,0,0,0,N,0,0,0,2,67301,0,,1,1,1001.0,N,N,N,0,,0,0,2,3,2,Y,910,0,2,0,0,2,0,0,3,4,0,2,3,3.0,N,,,,,,,,,,,
2022014804,1415.0,3,0,0,0,0,0,0,0,0,4,0,,67,1,2022,1,40.0055,-75.1053,1414.0,6,0,0,0,1,0,0,0,0,,0,0,0.0,14,1,2,1,,0,40 00:19.857,,0,75 06:19.237,4,0,0,0,67301,0,0,0,N,0,0,0,2,67301,2,,1,1,,N,N,N,0,,0,0,0,2,2,,1410,2,3,0,0,0,0,0,3,4,0,3,3,3.0,N,,,,,,,,,,,
2022015679,954.0,1,0,0,0,0,0,0,0,0,7,0,,67,1,2022,7,39.9843,-75.2083,948.0,6,0,0,0,0,0,0,0,0,,0,0,0.0,9,1,1,0,N,0,39 59:03.461,,0,75 12:30.024,4,0,0,0,67301,0,0,0,N,0,0,0,2,68K01,1,,2,7,,N,N,N,0,,0,0,0,0,0,,939,1,1,0,0,0,0,0,3,4,0,1,10,4.0,N,,,,,,,,,,,
2022014825,237.0,1,0,0,0,0,0,0,0,0,2,0,,67,2,2022,6,40.0152,-75.1472,237.0,6,0,0,0,0,0,1,0,0,,0,0,0.0,2,3,0,1,,0,40 00:54.748,,0,75 08:49.919,0,0,0,0,67301,0,0,0,N,0,0,0,2,67301,0,,1,9,,N,N,N,0,,0,0,1,3,2,,231,0,2,0,0,0,0,0,3,4,0,2,7,7.0,N,,,,,,,,,,,
2022004178,940.0,1,0,0,0,0,0,0,0,0,5,1,,67,1,2022,5,39.9141,-75.1499,938.0,6,0,0,0,0,0,0,0,0,,0,1,0.0,9,1,0,1,,0,39 54:50.832,,0,75 08:59.963,0,0,0,0,67301,0,0,0,N,0,0,0,2,67301,0,,1,1,,N,N,N,0,,0,0,0,3,2,,930,0,2,0,0,2,0,0,3,4,0,2,3,3.0,N,,,,,,,,,,,
2022014872,1530.0,1,0,0,0,0,0,0,0,0,7,0,,67,1,2022,5,40.0027,-75.1903,1525.0,6,0,0,0,0,0,0,0,0,,0,0,0.0,15,1,1,0,N,0,40 00:09.738,,0,75 11:25.060,3,0,0,0,67301,0,0,0,N,0,0,0,1,67301,0,,2,1,,N,N,N,0,,1,0,0,0,0,,1525,1,1,0,0,1,0,0,3,4,0,1,3,3.0,N,,,,,,,,,,,
2022014084,2055.0,0,0,0,0,0,0,0,0,0,8,0,,67,1,2022,6,39.909,-75.2419,2052.0,6,0,0,0,0,0,0,0,0,,1,0,0.0,20,3,0,2,,1,39 54:32.511,1.0,0,75 14:30.820,1,0,0,0,67301,1,1,0,N,1,1,0,2,67301,0,2.0,1,1,100.0,N,N,N,0,0.0,0,0,0,3,2,N,2050,0,2,0,0,0,0,0,3,4,0,1,3,3.0,N,,,,,,,,,,,
2022014587,258.0,0,0,0,0,0,0,0,0,0,7,0,,67,1,2022,1,40.1286,-75.0139,247.0,6,0,0,0,0,0,0,0,0,,0,0,0.0,2,3,0,0,N,0,40 07:42.814,,0,75 00:50.089,9,0,0,0,67301,0,0,0,N,0,0,0,1,67301,0,,5,2,,N,N,N,1,,0,0,0,0,0,,245,0,1,0,0,0,0,1,3,4,0,1,2,,N,,,,,,,,,,,
2022014700,105.0,0,0,0,0,0,0,0,0,0,7,0,,67,2,2022,6,40.0431,-75.1936,102.0,6,0,0,0,0,0,0,0,0,,0,0,0.0,0,3,1,0,N,1,40 02:35.117,2.0,0,75 11:36.847,8,0,0,0,67301,0,0,0,N,0,0,0,1,67301,0,,5,9,230.0,N,N,N,0,,0,0,1,0,0,Y,50,1,1,0,0,0,1,0,3,4,0,1,7,7.0,N,,,,,,,,,,,
2022037482,56.0,2,0,0,0,0,0,0,0,0,1,0,,67,4,2022,7,39.9479,-75.1866,50.0,6,0,0,0,0,0,0,0,0,,0,0,0.0,0,3,1,6,,2,39 56:52.422,4.0,2,75 11:11.789,4,0,0,0,67301,0,0,0,N,0,0,0,3,68K01,1,,7,9,130.0,N,N,N,0,,0,0,0,0,0,N,20,1,2,0,0,0,0,0,3,4,0,2,7,,N,,,,,,,,,,,
2022019624,1811.0,1,0,0,0,0,0,0,0,0,8,0,,67,2,2022,2,39.9505,-75.1932,1802.0,6,0,0,0,0,0,0,0,0,,0,0,0.0,17,4,1,0,N,0,39 57:01.900,,0,75 11:35.500,8,0,0,0,67301,1,0,0,N,1,0,0,2,67301,0,,6,1,,N,N,N,0,,0,0,0,0,0,,1716,1,2,0,0,0,1,0,3,4,0,1,3,3.0,N,,,,,,,,,,,
2022029201,1847.0,2,0,0,0,0,0,0,0,0,4,0,,67,3,2022,6,39.9239,-75.2453,1845.0,6,0,0,0,0,1,0,0,0,,0,0,0.0,18,4,0,1,,0,39 55:25.975,,0,75 14:43.191,0,0,0,0,67301,0,0,0,N,0,0,0,2,67301,0,,1,1,,N,N,N,0,,0,0,0,3,3,,1825,0,2,0,0,0,0,0,3,4,0,2,3,3.0,N,,,,,,,,,,,
2022016304,48.0,2,0,0,0,0,0,0,0,0,5,0,,67,2,2022,2,39.9799,-75.1166,44.0,6,0,0,0,0,0,0,0,0,,0,0,0.0,0,3,1,0,N,2,39 58:47.510,2.0,0,75 06:59.820,3,0,0,0,67301,0,0,0,N,0,0,0,1,67301,0,,6,1,200.0,N,N,N,0,,1,0,2,0,0,N,40,1,4,0,0,0,0,0,3,4,0,4,3,3.0,N,,,,,,,,,,,
2022039715,612.0,0,0,0,0,0,0,0,0,0,7,1,,67,4,2022,4,39.9097,-75.1543,612.0,6,0,0,0,0,0,0,1,0,,0,1,0.0,6,1,1,0,N,0,39 54:35.000,,5,75 09:15.500,3,0,0,0,67301,0,0,0,N,0,0,0,1,67501,0,,4,1,,N,N,N,0,,1,0,0,3,8,,612,1,1,0,0,0,0,0,3,4,0,1,3,3.0,N,,,,,,,,,,,
2022016153,13.0,0,0,0,0,0,0,0,0,0,4,0,,67,2,2022,1,39.9429,-75.2268,7.0,6,0,0,0,0,0,0,0,0,,0,0,0.0,0,3,0,1,,0,39 56:34.598,,0,75 13:36.458,9,0,0,0,67301,0,0,0,N,0,0,0,3,67301,0,,1,99,,N,N,N,1,,0,0,0,3,2,,0,0,2,0,0,0,0,2,3,4,1,2,3,3.0,N,,,,,,,,,,,
2022046598,2359.0,1,0,0,0,0,0,0,0,0,1,0,,67,4,2022,3,39.95,-75.1837,2351.0,6,0,0,0,0,1,0,0,0,,0,0,0.0,23,3,1,0,N,0,39 57:00.034,,0,75 11:01.487,8,0,0,0,67301,0,0,0,N,0,0,0,3,68K01,0,,1,9,,N,N,N,0,,0,0,0,0,0,,2351,1,2,0,0,0,1,1,3,4,0,2,7,,N,,,,,,,,,,,
2022019629,850.0,1,0,0,0,0,0,0,0,0,4,0,,67,2,2022,2,39.9795,-75.2409,848.0,6,0,0,0,0,0,0,0,0,,0,0,0.0,8,1,0,1,,0,39 58:46.304,,0,75 14:27.265,0,0,0,0,67301,0,0,0,N,0,0,0,2,67301,0,,1,1,,N,N,N,0,,0,0,1,3,3,,836,0,2,0,0,0,0,0,3,4,0,2,3,3.0,N,,,,,,,,,,,
2022048175,1224.0,0,0,0,0,0,0,0,0,0,1,1,,67,3,2022,5,39.9346,-75.1995,1159.0,6,0,0,1,0,0,0,0,0,,0,1,0.0,11,1,3,0,N,2,39 56:04.694,3.0,2,75 11:58.168,8,0,0,0,67301,0,0,0,N,0,0,0,7,68Z99,0,,1,1,1250.0,N,N,N,0,,0,0,1,0,0,Y,1154,3,2,0,0,0,3,2,3,4,0,2,3,3.0,N,,,,,,,,,,,
2022018172,1629.0,1,0,0,0,0,0,0,0,0,1,0,,67,2,2022,3,39.9139,-75.1858,1626.0,6,0,0,0,0,0,0,0,0,,0,0,0.0,16,1,2,0,N,2,39 54:49.900,3.0,3,75 11:08.800,8,0,0,0,67301,0,0,0,N,0,0,0,3,67501,0,,1,1,1714.0,N,N,N,1,,0,0,1,0,0,N,1626,2,3,0,0,0,2,0,3,4,0,3,3,,N,,,,,,,,,,,
2022022805,812.0,0,0,0,0,0,0,0,0,0,7,0,,67,3,2022,6,39.9214,-75.1906,808.0,6,0,0,0,0,0,0,0,0,,0,0,0.0,8,1,1,0,N,1,39 55:16.900,3.0,8,75 11:26.300,4,0,0,0,67301,0,0,0,N,0,0,0,1,67501,1,,4,1,835.0,N,N,N,0,,0,0,1,0,0,N,808,1,1,0,0,0,0,0,3,4,0,1,3,3.0,N,,,,,,,,,,,
2022024579,832.0,0,0,0,0,0,0,0,0,0,4,0,,67,3,2022,5,39.9845,-75.183,826.0,6,0,0,0,0,0,0,0,0,,0,0,0.0,8,1,1,3,,2,39 59:04.336,7.0,0,75 10:58.672,4,0,0,0,67301,0,0,0,N,0,0,0,3,67301,1,,1,1,930.0,N,N,N,0,,0,0,2,3,3,Y,815,1,2,0,0,0,0,0,3,4,0,2,3,3.0,N,,,,,,,,,,,
2022019749,1700.0,1,0,0,0,0,0,0,0,0,5,0,,67,2,2022,2,40.0171,-75.0465,1650.0,6,0,0,0,0,0,1,0,0,,0,0,0.0,15,1,2,0,N,0,40 01:01.440,,0,75 02:47.410,8,0,0,1,67301,0,0,0,N,0,0,0,3,67301,0,,1,1,,N,N,N,0,,0,0,0,0,0,,1520,2,2,0,0,0,2,0,3,4,0,2,3,3.0,N,,,,,,,,,,,
2022029653,1952.0,0,0,0,0,0,0,0,0,0,4,0,,67,3,2022,1,39.9131,-75.1724,1952.0,6,0,0,0,0,0,2,0,0,,0,0,0.0,19,3,3,1,,0,39 54:46.993,,0,75 10:20.708,3,0,0,0,67301,0,0,0,N,0,0,0,3,67301,0,,1,1,,N,N,N,0,,2,0,2,3,2,,1950,3,2,0,0,2,1,0,3,4,0,2,3,,N,,,,,,,,,,,
2022021379,109.0,2,0,0,0,0,0,0,0,0,1,0,,67,2,2022,3,39.9314,-75.1995,109.0,6,0,0,0,0,0,0,0,0,,0,0,0.0,0,3,1,0,N,1,39 55:52.936,3.0,0,75 11:58.336,8,0,0,0,67301,0,0,0,N,0,0,0,2,68K01,0,,1,1,100.0,N,N,Y,0,,0,0,0,0,0,N,29,1,2,0,0,0,1,0,3,4,0,2,3,,N,,,,,,,,,,,
2022021037,2335.0,1,0,0,0,0,0,0,0,0,4,0,,67,2,2022,1,39.9458,-75.1668,2251.0,6,0,0,0,0,0,0,0,0,,0,0,0.0,22,3,0,1,,0,39 56:44.757,,0,75 10:00.390,0,0,0,0,67301,0,0,0,N,0,0,0,2,67301,0,,1,1,,N,N,N,0,,0,0,3,3,2,,2245,0,4,0,0,0,0,0,3,4,0,4,3,,N,,,,,,,,,,,
2022029850,1707.0,0,0,0,0,0,0,0,0,0,4,0,,67,3,2022,6,40.0111,-75.1641,1701.0,6,0,0,0,0,0,0,0,0,,0,0,0.0,17,1,0,2,,2,40 00:39.998,4.0,0,75 09:50.907,0,0,0,0,67301,0,0,0,N,0,0,0,2,67301,0,,1,1,1817.0,N,N,N,0,,0,0,2,3,2,Y,1701,0,2,0,0,2,0,0,3,4,0,2,3,3.0,N,,,,,,,,,,,
2022044088,1352.0,0,0,0,0,0,0,0,0,0,8,0,,67,5,2022,3,39.9906,-75.129,1352.0,6,0,0,0,0,0,0,0,0,,0,0,0.0,13,1,1,2,,9,39 59:26.111,,0,75 07:44.284,2,0,0,0,67301,1,0,1,N,1,0,1,2,67301,0,,1,1,,N,N,N,0,,0,1,0,3,2,,1350,1,2,0,0,0,0,0,3,4,1,1,3,3.0,N,,,,,,,,,,,
2022041511,1410.0,0,0,0,0,0,0,0,0,0,1,0,,67,3,2022,7,39.9788,-75.2033,1343.0,6,0,0,0,0,0,0,0,0,,0,0,0.0,13,1,2,0,N,0,39 58:43.801,,0,75 12:11.795,4,0,0,0,67301,0,0,0,N,0,0,0,4,68K01,2,,1,1,,N,N,N,0,,0,0,2,0,0,,1337,2,2,0,0,0,0,1,3,4,0,2,3,,N,,,,,,,,,,,
2022040707,44.0,2,0,0,0,0,0,0,0,0,1,0,,67,4,2022,4,39.9872,-75.0906,43.0,6,0,0,0,0,0,0,0,0,,0,0,0.0,0,3,0,0,N,0,39 59:13.954,,0,75 05:26.088,0,0,0,0,67301,0,0,0,N,0,0,0,2,68K01,0,,1,1,,N,N,N,0,,0,0,0,0,0,,20,0,2,0,0,1,0,0,3,4,0,2,3,,N,,,,,,,,,,,
2022032921,1108.0,1,0,0,0,0,0,0,0,0,4,0,,67,3,2022,5,39.9942,-75.1114,1107.0,6,0,0,0,0,0,0,0,0,,0,0,0.0,11,1,1,1,,0,39 59:39.104,,0,75 06:40.879,2,0,0,0,67301,0,0,0,N,0,0,0,3,67301,0,,1,9,,N,N,N,0,,0,1,0,3,2,,1103,1,2,0,1,2,0,0,3,4,1,2,4,7.0,N,,,,,,,,,,,
2022022455,1636.0,2,0,0,0,0,0,0,0,0,1,0,,67,2,2022,7,39.9994,-75.0851,1514.0,6,0,0,0,0,0,1,0,0,,0,0,0.0,15,1,1,0,N,0,39 59:57.837,,8,75 05:06.043,8,0,0,0,67301,0,0,0,N,0,0,0,2,68K01,0,,1,1,,N,N,N,0,,0,0,0,0,0,,1507,1,3,0,0,0,1,0,3,4,0,2,3,,N,,,,,,,,,,,
2022025703,2115.0,1,0,0,0,0,0,0,0,0,8,0,,67,3,2022,4,39.9241,-75.1579,2100.0,6,0,0,0,0,0,0,0,0,,0,0,0.0,19,3,1,1,,0,39 55:26.745,,0,75 09:28.537,3,0,0,0,67301,1,0,0,N,1,0,0,2,67301,0,,1,1,,N,N,N,0,,1,0,0,3,3,,1930,1,2,0,0,0,0,0,3,4,0,1,3,3.0,N,,,,,,,,,,,
2022021508,1353.0,0,0,0,0,0,0,0,0,0,4,0,,67,2,2022,5,40.0086,-75.0688,1346.0,6,0,0,0,0,0,0,0,1,,0,0,0.0,13,1,1,1,,0,40 00:31.034,,0,75 04:07.810,3,0,0,0,67301,0,0,0,N,0,0,0,3,67301,0,,1,9,,N,N,Y,1,,1,0,1,3,2,,1342,1,3,0,0,0,0,0,3,4,1,3,7,4.0,N,,,,,,,,,,,
2022034197,750.0,1,0,0,0,0,0,0,0,0,7,0,,67,3,2022,1,39.9594,-75.1738,744.0,6,0,0,0,0,0,0,0,0,,0,0,0.0,7,1,1,7,,2,39 57:33.745,4.0,2,75 10:25.715,8,0,0,0,67301,0,0,0,Y,0,0,0,1,68K01,0,,7,1,822.0,N,N,N,0,,0,0,0,0,0,Y,743,1,1,0,0,0,1,0,3,4,0,1,3,,N,,,,,,,,,,,
2022019627,2115.0,2,0,0,0,0,0,0,0,0,4,0,,67,2,2022,7,39.953,-75.2345,2115.0,6,0,0,0,0,0,0,0,0,,0,0,0.0,21,3,0,1,,0,39 57:10.760,,0,75 14:04.290,0,0,0,0,67301,0,0,0,N,0,0,0,1,67301,0,,1,1,,N,N,Y,0,,0,0,2,3,3,,2114,0,4,0,0,0,0,0,3,4,0,4,3,,N,,,,,,,,,,,
2022036289,902.0,0,0,0,0,0,0,0,0,0,7,0,,67,3,2022,5,40.0429,-75.0034,841.0,6,0,0,0,0,0,0,0,0,,0,0,0.0,8,1,0,0,N,0,40 02:34.522,,3,75 00:12.299,0,0,0,0,67301,0,0,0,N,0,0,0,2,68K01,0,,3,8,,N,N,N,1,,0,0,0,0,0,,829,0,1,0,0,0,0,0,3,4,0,1,4,4.0,N,,,,,,,,,,,
2022020221,1404.0,3,0,0,0,0,0,0,0,0,4,0,,67,2,2022,2,40.049,-75.1749,1404.0,6,0,0,0,0,0,1,0,0,,0,0,0.0,14,1,0,1,,1,40 02:56.546,5.0,0,75 10:29.688,9,0,0,0,67301,0,0,0,N,0,0,0,3,67301,0,,1,1,1500.0,N,N,N,1,,0,0,0,3,2,N,1402,0,4,0,0,0,0,2,3,4,0,4,3,,N,,,,,,,,,,,
2022051138,2337.0,1,0,0,0,0,0,0,0,0,7,0,,67,5,2022,3,39.8998,-75.1656,2337.0,6,0,0,0,0,0,0,0,0,,0,0,0.0,23,3,0,0,N,0,39 53:59.230,,0,75 09:56.190,0,0,0,0,67301,0,0,0,N,0,0,0,2,68Z99,0,,4,1,,N,N,N,0,,0,0,0,0,0,,2337,0,1,0,0,0,0,0,3,4,0,1,3,,N,,,,,,,,,,,
2022019636,1810.0,0,0,0,0,0,0,0,0,0,1,0,,67,2,2022,1,39.9895,-75.1043,1804.0,6,0,0,0,0,0,2,0,0,,0,0,0.0,18,3,1,0,N,0,39 59:22.363,,0,75 06:15.632,3,0,0,0,67301,0,0,0,N,0,0,0,4,67301,0,,1,1,,N,N,N,2,,1,0,1,0,0,,1804,1,3,0,0,1,0,0,3,4,0,3,3,3.0,N,,,,,,,,,,,
2022029847,330.0,1,0,0,0,0,0,0,0,0,1,0,,67,3,2022,7,39.9789,-75.1579,330.0,6,0,0,0,0,0,0,0,0,,0,0,0.0,3,3,0,0,N,0,39 58:44.179,,0,75 09:28.385,0,0,0,0,67301,0,0,0,N,0,0,0,2,67505,0,,1,1,,N,N,N,0,,0,0,1,0,0,,330,0,2,0,0,0,0,0,3,4,0,2,3,3.0,N,,,,,,,,,,,
2022043851,1330.0,1,0,0,0,0,0,0,0,0,1,0,,67,5,2022,2,40.0808,-75.0286,1326.0,6,0,0,0,0,0,1,0,0,,0,0,0.0,13,1,1,1,,0,40 04:50.820,,0,75 01:42.117,3,0,0,0,67301,0,0,0,N,0,0,0,2,67301,0,,1,1,,N,N,N,0,,1,0,1,3,2,,1326,1,2,0,0,0,0,0,3,4,0,2,4,4.0,N,,,,,,,,,,,
2022040324,40.0,0,0,0,0,0,0,0,0,0,7,1,,67,4,2022,3,40.0317,-75.0215,18.0,6,0,0,0,0,0,0,0,0,,0,1,0.0,0,3,0,0,N,1,40 01:53.951,2.0,0,75 01:17.350,0,0,0,0,67301,0,0,0,N,0,0,0,1,68K01,0,,4,9,145.0,N,N,N,0,,0,0,0,0,0,N,12,0,1,0,0,0,0,0,3,4,0,1,7,7.0,N,,,,,,,,,,,