CRN,ARRIVAL_TM,AUTOMOBILE_COUNT,BELTED_DEATH_COUNT,BELTED_SUSP_SERIOUS_INJ_COUNT,BICYCLE_COUNT,BICYCLE_DEATH_COUNT,BICYCLE_SUSP_SERIOUS_INJ_COUNT,BUS_COUNT,CHLDPAS_DEATH_COUNT,CHLDPAS_SUSP_SERIOUS_INJ_COUNT,COLLISION_TYPE,COMM_VEH_COUNT,CONS_ZONE_SPD_LIM,COUNTY,CRASH_MONTH,CRASH_YEAR,DAY_OF_WEEK,DEC_LAT,DEC_LONG,DISPATCH_TM,DISTRICT,DRIVER_COUNT_16YR,DRIVER_COUNT_17YR,DRIVER_COUNT_18YR,DRIVER_COUNT_19YR,DRIVER_COUNT_20YR,DRIVER_COUNT_50_64YR,DRIVER_COUNT_65_74YR,DRIVER_COUNT_75PLUS,EST_HRS_CLOSED,FATAL_COUNT,HEAVY_TRUCK_COUNT,HORSE_BUGGY_COUNT,HOUR_OF_DAY,ILLUMINATION,INJURY_COUNT,INTERSECT_TYPE,INTERSECTION_RELATED,LANE_CLOSED,LATITUDE,LN_CLOSE_DIR,LOCATION_TYPE,LONGITUDE,MAX_SEVERITY_LEVEL,MCYCLE_DEATH_COUNT,MCYCLE_SUSP_SERIOUS_INJ_COUNT,MOTORCYCLE_COUNT,MUNICIPALITY,NONMOTR_COUNT,NONMOTR_DEATH_COUNT,NONMOTR_SUSP_SERIOUS_INJ_COUNT,NTFY_HIWY_MAINT,PED_COUNT,PED_DEATH_COUNT,PED_SUSP_SERIOUS_INJ_COUNT,PERSON_COUNT,POLICE_AGCY,POSSIBLE_INJ_COUNT,RDWY_SURF_TYPE_CD,RELATION_TO_ROAD,ROAD_CONDITION,ROADWAY_CLEARED,SCH_BUS_IND,SCH_ZONE_IND,SECONDARY_CRASH,SMALL_TRUCK_COUNT,SPEC_JURIS_CD,SUSP_MINOR_INJ_COUNT,SUSP_SERIOUS_INJ_COUNT,SUV_COUNT,TCD_FUNC_CD,TCD_TYPE,TFC_DETOUR_IND,TIME_OF_DAY,TOT_INJ_COUNT,TOTAL_UNITS,UNB_DEATH_COUNT,UNB_SUSP_SERIOUS_INJ_COUNT,UNBELTED_OCC_COUNT,UNK_INJ_DEG_COUNT,UNK_INJ_PER_COUNT,URBAN_AREA,URBAN_RURAL,VAN_COUNT,VEHICLE_COUNT,WEATHER1,WEATHER2,WORK_ZONE_IND,WORK_ZONE_LOC,WORK_ZONE_TYPE,WORKERS_PRES,WZ_CLOSE_DETOUR,WZ_FLAGGER,WZ_LAW_OFFCR_IND,WZ_LN_CLOSURE,WZ_MOVING,WZ_OTHER,WZ_SHLDER_MDN,WZ_WORKERS_INJ_KILLED
2022029180,1745.0,1,0,0,0,0,0,0,0,0,4,0,,67,3,2022,6,39.9666,-75.1604,1745.0,6,0,0,0,0,0,0,0,0,,0,0,0.0,12,1,2,1,,0,39 57:59.738,,0,75 09:37.523,4,0,0,0,67301,0,0,0,N,0,0,0,3,67301,1,,1,1,,N,N,N,0,,0,0,1,3,2,,1235,2,3,0,0,0,1,0,3,4,0,3,3,3.0,N,,,,,,,,,,,
2022029221,1528.0,0,0,0,0,0,0,0,0,0,5,0,,67,3,2022,6,40.0115,-75.0698,1526.0,6,0,0,0,0,0,0,0,0,,0,0,0.0,15,1,0,1,,0,40 00:42.017,,0,75 04:11.475,0,0,0,0,67301,0,0,0,N,0,0,0,3,67301,0,,1,1,,N,N,N,1,,0,0,2,3,2,,1516,0,3,0,0,0,0,0,3,4,0,3,3,,N,,,,,,,,,,,
2022043845,955.0,0,0,0,0,0,0,0,0,0,7,0,,67,4,2022,3,40.0434,-75.0226,949.0,6,0,0,0,0,0,0,0,0,,0,0,0.0,9,1,0,0,N,2,40 02:36.319,5.0,0,75 01:21.212,0,0,0,0,67301,0,0,0,N,0,0,0,1,67301,0,,4,1,900.0,N,N,N,0,,0,0,1,0,0,Y,945,0,1,0,0,0,0,0,3,4,0,1,3,3.0,N,,,,,,,,,,,
2022029247,901.0,2,0,0,0,0,0,0,0,0,4,0,,67,3,2022,3,39.9835,-75.1019,901.0,6,0,0,0,0,0,2,0,0,,0,0,0.0,9,1,0,1,,0,39 59:00.766,,0,75 06:06.999,0,0,0,0,67301,0,0,0,N,0,0,0,5,67301,0,,1,1,,N,N,N,0,,0,0,3,3,3,,900,0,5,0,0,0,0,0,3,4,0,5,3,3.0,N,,,,,,,,,,,
2022043710,2305.0,1,0,0,0,0,0,0,0,0,5,0,,67,5,2022,2,39.974,-75.1185,2255.0,6,0,0,0,0,0,1,0,0,,0,0,0.0,22,3,0,0,N,0,39 58:26.377,,0,75 07:06.613,0,0,0,0,67301,0,0,0,N,0,0,0,2,68K01,0,,1,1,,N,N,N,0,,0,0,0,0,0,,2253,0,2,0,0,0,0,0,3,4,0,2,3,3.0,N,,,,,,,,,,,
2022024912,1302.0,0,0,0,0,0,0,0,0,0,4,0,,67,3,2022,1,39.9179,-75.1793,1259.0,6,0,0,0,0,0,1,0,0,,0,0,0.0,12,1,2,1,,0,39 55:04.447,,0,75 10:45.458,2,0,0,0,67301,0,0,0,N,0,0,0,8,67301,0,,1,9,,N,N,N,0,,0,1,2,3,2,,1255,2,2,0,0,0,1,0,3,4,0,2,7,4.0,N,,,,,,,,,,,
2022021858,429.0,2,0,0,0,0,0,0,0,0,4,0,,67,2,2022,7,39.9131,-75.2433,425.0,6,0,0,0,0,0,0,0,0,,0,0,0.0,4,3,3,5,,0,39 54:47.133,,0,75 14:35.886,3,0,0,0,67301,0,0,0,N,0,0,0,4,67301,0,,1,1,,N,N,N,0,,3,0,0,3,2,,421,3,2,0,0,2,0,0,3,4,0,2,3,3.0,N,,,,,,,,,,,
2022043918,800.0,1,0,0,0,0,0,0,0,0,4,0,,67,5,2022,3,40.0449,-75.1654,756.0,6,0,0,0,0,0,0,0,0,,0,0,0.0,7,1,1,0,N,0,40 02:41.740,,0,75 09:55.380,4,0,0,0,67301,0,0,0,N,0,0,0,2,67301,1,,1,1,,N,N,N,0,,0,0,1,0,0,,745,1,2,0,0,0,0,0,3,4,0,2,3,,N,,,,,,,,,,,
2022040252,2315.0,1,0,0,0,0,0,0,0,0,7,0,,67,4,2022,4,39.9599,-75.179,2308.0,6,0,0,0,0,0,0,0,0,,0,0,0.0,23,3,0,0,N,1,39 57:35.631,3.0,0,75 10:44.318,0,0,0,0,67301,0,0,0,N,0,0,0,3,68K01,0,,4,1,1130.0,N,N,N,0,,0,0,0,0,0,N,2307,0,1,0,0,0,0,0,3,4,0,1,3,3.0,N,,,,,,,,,,,
2022040448,2049.0,2,0,0,0,0,0,0,0,0,1,0,,67,3,2022,1,39.9968,-75.0822,2036.0,6,0,0,0,0,0,0,0,0,,0,0,0.0,20,3,1,0,N,1,39 59:48.488,1.0,0,75 04:55.874,4,0,0,0,67301,0,0,0,N,0,0,0,2,68K01,1,,1,1,2040.0,N,N,N,0,,0,0,0,0,0,Y,2034,1,2,0,0,0,0,0,3,4,0,2,3,,N,,,,,,,,,,,
2022049240,2055.0,0,0,0,0,0,0,0,0,0,4,0,,67,5,2022,4,40.1141,-74.9877,2055.0,6,0,1,0,0,0,0,0,0,,0,0,0.0,20,3,3,1,,0,40 06:51.342,,0,74 59:16.507,3,0,0,0,67301,0,0,0,N,0,0,0,5,67301,0,,1,1,,N,N,N,0,,2,0,2,3,2,,2040,3,2,0,0,0,1,0,3,4,0,2,3,,N,,,,,,,,,,,
2022044009,934.0,1,0,0,0,0,0,0,0,0,8,0,,67,2,2022,6,39.9967,-75.1157,934.0,6,0,0,0,0,0,0,0,0,,0,0,0.0,9,1,1,0,N,0,39 59:48.276,,0,75 06:56.393,3,0,0,0,67301,1,0,0,N,1,0,0,2,67301,0,,1,9,,N,N,N,0,,1,0,0,0,0,,934,1,2,0,0,0,0,0,3,4,0,1,7,4.0,N,,,,,,,,,,,
2022032873,131.0,1,0,0,0,0,0,0,0,0,8,0,,67,4,2022,7,39.9456,-75.165,125.0,6,0,0,0,0,0,0,0,0,,0,0,0.0,1,3,1,1,,0,39 56:44.019,,0,75 09:54.085,3,0,0,0,67301,1,0,0,N,1,0,0,2,67301,0,,1,1,,N,N,N,0,,1,0,0,3,2,,122,1,2,0,0,0,0,0,3,4,0,1,3,3.0,N,,,,,,,,,,,
2022043925,5.0,2,0,0,0,0,0,0,0,0,4,0,,67,4,2022,1,40.0175,-75.0651,0.0,6,0,0,0,0,0,0,0,0,,0,0,0.0,21,3,1,1,,0,40 01:03.072,,0,75 03:54.486,3,0,0,0,67301,0,0,0,N,0,0,0,2,67301,0,,1,1,,N,N,N,0,,1,0,0,3,2,,2148,1,2,0,0,0,0,0,3,4,0,2,3,3.0,N,,,,,,,,,,,
2022031228,1745.0,0,0,0,0,0,0,0,0,0,8,0,,67,3,2022,4,39.9745,-75.1587,1745.0,6,0,0,0,0,0,0,0,0,,0,0,0.0,12,1,1,1,,0,39 58:28.164,,0,75 09:31.882,8,0,0,0,67301,1,0,0,N,1,0,0,2,67301,0,,1,1,,N,N,N,0,,0,0,0,3,2,,1200,1,2,0,0,0,1,0,3,4,0,1,3,3.0,N,,,,,,,,,,,
2022021605,405.0,0,0,0,0,0,0,0,0,0,1,0,,67,2,2022,6,39.9623,-75.1613,400.0,6,0,0,0,0,0,2,0,0,,0,0,0.0,3,3,2,1,,0,39 57:44.547,,0,75 09:41.289,8,0,0,0,67301,0,0,0,N,0,0,0,2,67301,0,,1,2,,N,N,N,0,,0,0,2,3,2,,350,2,2,0,0,0,2,0,3,4,0,2,7,6.0,N,,,,,,,,,,,
2022038506,1905.0,2,0,0,0,0,0,0,0,0,1,0,,67,3,2022,4,39.9034,-75.1505,1900.0,6,0,0,0,0,0,2,0,0,,0,0,0.0,19,4,0,0,N,2,39 54:12.419,2.0,0,75 09:01.960,9,0,0,0,67301,0,0,0,N,0,0,0,5,68K01,0,,1,1,2000.0,N,N,N,1,,0,0,1,0,0,N,1900,0,5,0,0,0,0,1,3,4,0,5,3,,N,,,,,,,,,,,
2022051737,1624.0,1,0,0,0,0,0,0,0,0,8,0,,67,6,2022,5,40.0337,-75.0305,1622.0,6,0,0,0,0,0,0,0,0,,0,0,0.0,16,1,1,1,,1,40 02:01.453,2.0,0,75 01:49.663,3,0,0,0,67301,1,0,0,N,1,0,0,2,67301,0,,1,1,1651.0,N,N,N,0,,1,0,0,3,3,N,1622,1,2,0,0,0,0,0,3,4,0,1,4,4.0,N,,,,,,,,,,,
2022043838,1711.0,0,0,0,0,0,0,0,0,0,8,0,,67,4,2022,5,40.1111,-75.0243,1656.0,6,0,0,0,0,0,0,0,0,,0,0,0.0,16,1,1,1,,0,40 06:40.311,,0,75 01:27.652,8,0,0,0,67301,1,0,0,N,1,0,0,2,67301,0,,1,1,,N,N,N,0,,0,0,1,3,2,,1650,1,2,0,0,0,1,0,3,4,0,1,3,,N,,,,,,,,,,,
2022049647,2222.0,2,0,0,0,0,0,0,0,0,2,0,,67,5,2022,5,40.0072,-75.1234,2219.0,6,0,0,0,0,0,0,0,0,,0,0,0.0,22,3,2,1,,0,40 00:25.981,,0,75 07:24.378,3,0,0,0,67301,0,0,0,N,0,0,0,3,67301,0,,1,1,,N,N,N,0,,2,0,0,3,2,,2210,2,2,0,0,0,0,1,3,4,0,2,3,3.0,N,,,,,,,,,,,
2022019849,1645.0,1,0,0,0,0,0,0,0,0,5,0,,67,2,2022,3,39.9525,-75.2093,1636.0,6,0,0,0,0,0,0,0,0,,0,0,0.0,16,1,0,1,,0,39 57:09.028,,0,75 12:33.361,0,0,0,0,67301,0,0,0,N,0,0,0,2,67301,0,,1,9,,N,N,N,0,,0,0,1,3,2,,1635,0,2,0,0,1,0,0,3,4,0,2,7,,N,,,,,,,,,,,
2022020667,2043.0,3,0,0,0,0,0,0,0,0,5,0,,67,2,2022,5,40.0326,-75.0371,2036.0,6,0,0,0,0,0,0,0,0,,0,0,0.0,20,3,0,0,N,1,40 01:57.302,4.0,0,75 02:13.600,0,0,0,0,67301,0,0,0,N,0,0,0,1,67301,0,,6,9,2215.0,N,N,N,0,,0,0,1,0,0,N,2029,0,5,0,0,0,0,0,3,4,1,5,99,3.0,N,,,,,,,,,,,
2022023754,950.0,1,0,0,0,0,0,0,0,0,2,0,,67,3,2022,1,40.0256,-75.0847,943.0,6,0,0,0,0,0,1,0,0,,0,0,0.0,9,1,0,0,N,0,40 01:32.140,,0,75 05:05.080,0,0,0,0,67301,0,0,0,N,0,0,0,1,67301,0,,6,1,,N,N,N,0,,0,0,0,0,0,,923,0,2,0,0,0,0,0,3,4,1,2,7,4.0,N,,,,,,,,,,,
2022044029,1758.0,1,0,0,0,0,0,0,0,0,8,0,,67,4,2022,3,40.0152,-75.1115,1725.0,6,0,0,0,0,0,1,0,0,,0,0,0.0,17,1,2,2,,0,40 00:54.615,,0,75 06:41.403,3,0,0,0,67301,2,0,0,N,2,0,0,3,67301,0,,1,1,,N,N,N,0,,2,0,0,3,3,,1725,2,3,0,0,0,0,0,3,4,0,1,3,4.0,N,,,,,,,,,,,
2022044012,223.0,2,0,0,0,0,0,0,0,0,4,0,,67,2,2022,1,40.0014,-75.1145,223.0,6,0,0,0,0,0,0,0,0,,0,0,0.0,2,3,0,1,,1,40 00:04.917,3.0,0,75 06:52.095,9,0,0,0,67301,0,0,0,N,0,0,0,2,67301,0,,1,9,226.0,N,N,N,0,,0,0,0,3,2,N,223,0,2,0,0,0,0,1,3,4,0,2,9,7.0,N,,,,,,,,,,,
2022039718,12.0,1,0,0,0,0,0,0,0,0,7,0,,67,3,2022,3,39.8956,-75.193,6.0,6,0,0,0,1,0,0,0,0,,0,0,0.0,0,3,1,0,N,1,39 53:44.191,2.0,3,75 11:34.876,3,0,0,0,67301,0,0,0,N,0,0,0,1,68K01,0,,2,1,120.0,N,N,N,0,,1,0,0,0,0,N,5,1,1,0,0,1,0,0,3,4,0,1,3,,N,,,,,,,,,,,
2022020016,1618.0,3,0,0,0,0,0,0,0,0,4,0,,67,2,2022,7,40.0236,-75.1219,1616.0,6,0,0,0,0,0,0,0,0,,0,0,0.0,15,1,1,1,,0,40 01:25.078,,0,75 07:18.912,3,0,0,0,67301,0,0,0,N,0,0,0,3,67301,0,,1,1,,N,N,N,0,,1,0,1,3,3,,1540,1,4,0,0,0,0,0,3,4,0,4,3,3.0,N,,,,,,,,,,,
2022029269,345.0,1,0,0,0,0,0,0,0,0,4,0,,67,3,2022,7,40.0429,-75.1438,342.0,6,0,0,0,0,0,0,0,0,,0,0,0.0,3,3,0,1,,0,40 02:34.426,,0,75 08:37.618,0,0,0,0,67301,0,0,0,N,0,0,0,3,67301,0,,1,1,,N,N,N,0,,0,0,1,3,2,,320,0,2,0,0,3,0,0,3,4,0,2,3,3.0,N,,,,,,,,,,,
2022016077,138.0,2,0,0,0,0,0,0,0,0,4,0,,67,2,2022,1,39.992,-75.1402,138.0,6,0,0,0,0,0,0,0,0,,0,0,0.0,1,3,1,1,,0,39 59:31.689,,0,75 08:24.712,3,0,0,0,67301,0,0,0,N,0,0,0,2,67301,0,,1,9,,N,N,N,0,,1,0,0,3,2,,115,1,2,0,0,0,0,0,3,4,0,2,10,7.0,N,,,,,,,,,,,
2022040444,1443.0,2,0,0,0,0,0,0,0,0,1,0,,67,3,2022,7,40.006,-75.0749,1422.0,6,0,0,0,0,0,1,0,0,,0,0,0.0,14,1,1,0,N,0,40 00:21.431,,0,75 04:29.765,3,0,0,0,67301,0,0,0,N,0,0,0,2,68K01,0,,1,1,,N,N,N,0,,1,0,0,0,0,,1414,1,2,0,0,0,0,0,3,4,0,2,3,,N,,,,,,,,,,,
2022032934,1912.0,2,0,0,0,0,0,0,0,0,4,0,,67,3,2022,3,40.0366,-75.1372,1855.0,6,0,0,0,0,0,1,0,0,,0,0,0.0,18,1,1,1,,1,40 02:11.641,5.0,0,75 08:13.966,3,0,0,0,67301,0,0,0,N,0,0,0,3,67301,0,,1,1,1916.0,N,N,N,0,,1,0,0,3,3,N,1808,1,2,0,0,0,0,0,3,4,0,2,3,3.0,N,,,,,,,,,,,
2022032289,724.0,0,0,0,0,0,0,0,0,0,7,0,,67,3,2022,7,39.9604,-75.1812,713.0,6,0,0,0,0,0,0,0,0,,0,0,0.0,7,5,1,7,,1,39 57:37.466,4.0,2,75 10:52.167,3,0,0,0,67301,0,0,0,Y,0,0,0,1,68K01,0,,7,9,15.0,N,N,N,0,,1,0,1,0,0,N,707,1,1,0,0,1,0,0,3,4,0,1,7,5.0,N,,,,,,,,,,,
2022015355,2257.0,3,0,0,0,0,0,0,0,0,1,0,,67,2,2022,3,40.0146,-75.1781,2245.0,6,0,0,0,0,0,0,0,0,,0,0,0.0,22,3,2,0,N,2,40 00:52.666,2.0,0,75 10:41.245,3,0,0,0,67301,0,0,0,N,0,0,0,4,67301,1,,1,1,2340.0,N,N,N,1,,1,0,0,0,0,Y,2226,2,4,0,0,0,0,0,3,4,0,4,3,3.0,N,,,,,,,,,,,
2022032928,1642.0,1,0,0,0,0,0,0,0,0,4,0,,67,4,2022,1,40.0264,-75.1172,1629.0,6,0,0,0,0,0,1,0,0,,0,0,0.0,15,1,4,1,,0,40 01:34.996,,0,75 07:01.756,4,0,0,0,67301,0,0,0,N,0,0,0,5,67301,1,,1,1,,N,N,N,1,,0,0,0,3,2,,1540,4,2,0,0,0,3,0,3,4,0,2,4,3.0,N,,,,,,,,,,,
2022048360,1901.0,0,0,0,0,0,0,0,0,0,7,0,,67,5,2022,4,39.8804,-75.2475,1850.0,6,0,0,0,0,0,0,0,0,,0,0,0.0,18,1,1,0,N,0,39 52:49.297,,0,75 14:51.046,8,0,0,0,67301,0,0,0,N,0,0,0,1,68K01,0,,2,1,,N,N,N,0,,0,0,1,0,0,,1848,1,1,0,0,1,1,0,3,4,0,1,3,3.0,N,,,,,,,,,,,
2022019744,1705.0,1,0,0,0,0,0,0,0,0,4,0,,67,2,2022,1,39.9919,-75.2337,1703.0,6,0,0,0,0,0,0,1,0,,0,0,0.0,17,4,2,1,,2,39 59:30.778,6.0,0,75 14:01.208,4,0,0,0,67301,0,0,0,N,0,0,0,3,67301,2,,1,1,1745.0,N,N,N,0,,0,0,1,3,2,Y,1703,2,2,0,0,0,0,0,3,4,0,2,3,3.0,N,,,,,,,,,,,
2022024352,2057.0,2,0,0,0,0,0,0,0,0,4,0,,67,3,2022,3,40.0453,-75.0607,2043.0,6,0,0,1,0,0,0,0,0,,0,0,0.0,20,3,2,1,,0,40 02:43.041,,0,75 03:38.484,8,0,0,0,67301,0,0,0,N,0,0,0,3,67301,0,,1,1,,N,N,N,0,,0,0,0,3,2,,2020,2,2,0,0,1,2,0,3,4,0,2,3,,N,,,,,,,,,,,
2022031226,1201.0,2,0,0,0,0,0,0,0,0,4,0,,67,3,2022,6,39.972,-75.246,1200.0,6,0,0,0,0,0,1,0,0,,0,0,0.0,10,1,1,1,,0,39 58:19.129,,0,75 14:45.206,8,0,0,0,67301,0,0,0,N,0,0,0,2,67301,0,,1,1,,N,N,N,0,,0,0,0,3,3,,1030,1,2,0,0,1,1,0,3,4,0,2,3,3.0,N,,,,,,,,,,,
2022039315,2251.0,1,0,0,0,0,0,0,0,0,7,0,,67,4,2022,3,39.9623,-75.1898,2245.0,6,0,0,0,0,0,0,0,0,,0,0,0.0,22,3,0,1,,0,39 57:44.387,,0,75 11:23.287,0,0,0,0,67301,0,0,0,N,0,0,0,1,67507,0,,5,9,,N,N,N,0,,0,0,0,3,3,,2240,0,2,0,0,0,0,0,3,4,0,1,7,7.0,N,,,,,,,,,,,
2022031223,946.0,0,0,0,0,0,0,0,0,0,7,0,,67,3,2022,4,39.972,-75.2345,944.0,6,0,0,0,0,0,0,0,0,,0,0,0.0,9,1,0,1,,0,39 58:19.300,,0,75 14:04.109,0,0,0,0,67301,0,0,0,N,0,0,0,1,67301,0,,4,1,,N,N,N,0,,0,0,0,0,0,,900,0,1,0,0,0,0,0,3,4,0,1,3,3.0,N,,,,,,,,,,,
2022030132,1233.0,0,0,0,0,0,0,0,0,0,7,0,,67,3,2022,6,39.9095,-75.1544,1230.0,6,0,0,0,0,0,0,0,0,,0,0,0.0,12,1,1,0,N,0,39 54:34.200,,5,75 09:15.900,4,0,0,0,67301,0,0,0,N,0,0,0,1,67501,1,,4,1,,N,N,N,0,,0,0,1,3,1,,1230,1,1,0,0,0,0,0,3,4,0,1,3,3.0,N,,,,,,,,,,,
2022045908,1408.0,1,0,0,0,0,0,0,0,0,1,0,,67,5,2022,6,39.9396,-75.1982,1406.0,6,0,0,0,0,0,0,0,1,,0,0,0.0,14,1,1,2,,0,39 56:22.681,,0,75 11:53.378,8,0,0,0,67301,0,0,0,N,0,0,0,3,67301,0,,1,1,,N,N,N,1,,0,0,0,3,2,,1400,1,2,0,0,0,1,0,3,4,0,2,3,,N,,,,,,,,,,,
2022043910,1944.0,2,0,0,0,0,0,0,0,0,2,0,,67,5,2022,4,40.0818,-75.1717,1940.0,6,0,0,0,0,0,0,0,0,,0,0,0.0,19,1,3,1,,2,40 04:54.285,7.0,0,75 10:18.052,3,0,0,0,67301,0,0,0,N,0,0,0,4,67301,0,,1,1,2022.0,N,N,N,0,,3,0,0,3,2,Y,1936,3,2,0,0,0,0,0,3,4,0,2,3,3.0,N,,,,,,,,,,,
2022032935,934.0,0,0,0,0,0,0,0,0,0,4,0,,67,3,2022,5,40.052,-75.1291,932.0,6,0,0,0,0,0,1,0,0,,0,0,0.0,8,1,2,1,,0,40 03:07.171,,0,75 07:44.792,4,0,0,0,67301,0,0,0,N,0,0,0,2,67301,2,,1,1,,N,N,Y,0,,0,0,3,0,0,,852,2,3,0,0,0,0,0,3,4,0,3,4,4.0,N,,,,,,,,,,,
2022021825,235.0,0,0,0,0,0,0,0,0,0,4,0,,67,3,2022,3,40.0268,-75.0974,228.0,6,0,0,0,0,0,1,0,0,,0,0,0.0,2,3,1,1,,0,40 01:36.484,,0,75 05:50.479,8,0,0,0,67301,0,0,0,N,0,0,0,2,67301,0,,1,1,,N,N,N,0,,0,0,1,2,2,,200,1,2,0,0,0,1,1,3,4,1,2,3,4.0,N,,,,,,,,,,,
2022032220,1940.0,1,0,0,0,0,0,0,0,0,5,0,,67,4,2022,1,39.9625,-75.195,935.0,6,0,0,0,0,0,0,0,0,,0,0,0.0,9,1,0,0,N,0,39 57:45.113,,0,75 11:41.993,0,0,0,0,67301,0,0,0,N,0,0,0,1,67507,0,,6,9,,N,N,Y,0,,0,0,1,0,0,,925,0,2,0,0,1,0,0,3,4,0,2,7,4.0,N,,,,,,,,,,,
2022038487,217.0,1,0,0,0,0,0,0,0,0,1,0,,67,4,2022,6,39.9552,-75.1983,216.0,6,0,0,0,0,1,0,0,0,,0,0,0.0,2,3,0,1,,0,39 57:18.548,,0,75 11:53.953,0,0,0,0,67301,0,0,0,N,0,0,0,4,67504,0,,1,9,,N,N,N,0,,0,0,1,3,2,,210,0,3,0,0,0,0,0,3,4,0,3,7,7.0,N,,,,,,,,,,,
2022023276,2131.0,2,0,0,0,0,0,0,0,0,5,0,,67,2,2022,2,40.0093,-75.2095,2130.0,6,0,0,0,0,0,1,0,0,,0,0,0.0,21,3,2,6,,1,40 00:33.642,2.0,2,75 12:34.165,3,0,0,0,67301,0,0,0,N,0,0,0,3,46104,0,,1,1,2232.0,N,N,N,0,,2,0,0,3,2,N,2130,2,2,0,0,0,0,1,3,4,0,2,3,,N,,,,,,,,,,,
2022029349,1632.0,0,0,0,0,0,0,0,0,0,6,0,,67,3,2022,7,40.0181,-75.134,1627.0,6,0,0,0,0,0,0,0,0,,0,0,0.0,12,1,0,0,N,0,40 01:05.020,,0,75 08:02.550,9,0,0,1,67301,0,0,0,N,0,0,0,1,67301,0,,4,1,,N,N,N,0,,0,0,1,0,0,,1236,0,2,0,0,0,0,1,3,4,0,2,3,,N,,,,,,,,,,,
2022043794,1630.0,1,0,0,0,0,0,0,0,0,4,0,,67,4,2022,7,39.9261,-75.1828,1630.0,6,0,0,0,0,0,0,0,0,,0,0,0.0,20,3,0,1,,0,39 55:33.806,,0,75 10:57.862,0,0,0,0,67301,0,0,0,N,0,0,0,2,67301,0,,1,1,,N,N,N,0,,0,0,1,3,2,,2030,0,2,0,0,0,0,0,3,4,0,2,3,3.0,N,,,,,,,,,,,
2022019621,755.0,3,0,0,0,0,0,0,0,0,4,0,,67,2,2022,1,39.9553,-75.2401,748.0,6,0,0,0,0,0,0,0,0,,0,0,0.0,6,2,2,1,,0,39 57:18.928,,0,75 14:24.525,3,0,0,0,67301,0,0,0,N,0,0,0,2,67301,0,,1,9,,N,N,N,0,,2,0,0,3,2,,630,2,3,0,0,0,0,0,3,4,0,3,10,10.0,N,,,,,,,,,,,
2022019613,2125.0,2,0,0,0,0,0,0,0,0,4,0,,67,2,2022,1,40.0081,-75.0849,2120.0,6,0,0,0,0,1,0,0,0,,0,0,0.0,21,3,1,2,,0,40 00:28.484,,0,75 05:06.771,3,0,0,0,67301,0,0,0,N,0,0,0,2,67301,0,,1,1,,N,N,N,0,,1,0,1,3,3,,2118,1,3,0,0,2,0,0,3,4,0,3,3,3.0,N,,,,,,,,,,,
2022019622,1140.0,2,0,0,0,0,0,0,0,0,4,0,,67,2,2022,1,39.9481,-75.2376,1130.0,6,0,0,0,0,0,0,0,0,,0,0,0.0,11,1,1,2,,0,39 56:53.304,,0,75 14:15.356,3,0,0,0,67301,0,0,0,N,0,0,0,2,67301,0,,1,7,,N,N,N,0,,1,0,0,3,3,,1130,1,3,0,0,2,0,0,3,4,1,3,10,10.0,N,,,,,,,,,,,
2022043817,1624.0,0,0,0,0,0,0,1,0,0,5,1,,67,5,2022,3,39.9137,-75.1477,1612.0,6,0,0,0,0,0,1,0,0,,0,0,0.0,16,1,1,0,N,0,39 54:49.395,,0,75 08:51.877,3,0,0,1,67301,0,0,0,N,0,0,0,2,67301,0,,1,1,,Y,N,N,0,,1,0,0,0,0,,1608,1,2,0,0,0,0,0,3,4,0,2,3,,N,,,,,,,,,,,
2022019623,851.0,1,0,0,0,0,0,0,0,0,4,0,,67,2,2022,2,39.9514,-75.2348,847.0,6,0,0,0,0,0,0,0,0,,0,0,0.0,8,1,2,1,,1,39 57:05.205,3.0,0,75 14:05.438,3,0,0,0,67301,0,0,0,N,0,0,0,2,67301,1,,1,1,1041.0,N,N,N,0,,1,0,1,3,2,N,847,2,3,0,0,0,0,0,3,4,1,3,3,,N,,,,,,,,,,,
2022032918,1955.0,0,0,0,0,0,0,0,0,0,8,0,,67,2,2022,7,39.9967,-75.1155,1955.0,6,0,0,0,0,0,0,0,0,,0,0,0.0,19,3,3,1,,2,39 59:48.185,6.0,0,75 06:55.684,2,0,0,0,67301,3,0,1,N,3,0,1,4,67301,2,,1,1,130.0,N,N,N,0,,0,1,1,3,2,Y,1955,3,4,0,0,1,0,0,3,4,0,1,3,3.0,N,,,,,,,,,,,
2022024552,1048.0,0,0,0,0,0,0,0,0,0,2,0,,67,3,2022,4,39.935,-75.2252,1045.0,6,0,0,0,0,0,0,0,0,,0,0,0.0,10,1,1,0,N,0,39 56:06.140,,0,75 13:30.610,3,0,0,0,67301,1,0,0,N,0,0,0,2,67301,0,,6,9,,N,N,N,1,,1,0,1,0,0,,1020,1,2,0,0,0,0,0,3,4,0,2,7,4.0,N,,,,,,,,,,,
2022044055,2136.0,0,0,0,0,0,0,0,0,0,1,1,,67,5,2022,2,40.0256,-75.1218,2131.0,6,0,0,0,0,0,0,0,0,,0,1,0.0,21,3,3,2,,2,40 01:32.217,3.0,0,75 07:17.428,2,0,3,2,67301,0,0,0,N,0,0,0,3,67301,0,,1,1,30.0,N,N,N,0,,0,3,0,3,3,Y,2121,3,4,0,0,0,0,0,3,4,0,3,3,3.0,N,,,,,,,,,,,