CRN,ARRIVAL_TM,AUTOMOBILE_COUNT,BELTED_DEATH_COUNT,BELTED_SUSP_SERIOUS_INJ_COUNT,BICYCLE_COUNT,BICYCLE_DEATH_COUNT,BICYCLE_SUSP_SERIOUS_INJ_COUNT,BUS_COUNT,CHLDPAS_DEATH_COUNT,CHLDPAS_SUSP_SERIOUS_INJ_COUNT,COLLISION_TYPE,COMM_VEH_COUNT,CONS_ZONE_SPD_LIM,COUNTY,CRASH_MONTH,CRASH_YEAR,DAY_OF_WEEK,DEC_LAT,DEC_LONG,DISPATCH_TM,DISTRICT,DRIVER_COUNT_16YR,DRIVER_COUNT_17YR,DRIVER_COUNT_18YR,DRIVER_COUNT_19YR,DRIVER_COUNT_20YR,DRIVER_COUNT_50_64YR,DRIVER_COUNT_65_74YR,DRIVER_COUNT_75PLUS,EST_HRS_CLOSED,FATAL_COUNT,HEAVY_TRUCK_COUNT,HORSE_BUGGY_COUNT,HOUR_OF_DAY,ILLUMINATION,INJURY_COUNT,INTERSECT_TYPE,INTERSECTION_RELATED,LANE_CLOSED,LATITUDE,LN_CLOSE_DIR,LOCATION_TYPE,LONGITUDE,MAX_SEVERITY_LEVEL,MCYCLE_DEATH_COUNT,MCYCLE_SUSP_SERIOUS_INJ_COUNT,MOTORCYCLE_COUNT,MUNICIPALITY,NONMOTR_COUNT,NONMOTR_DEATH_COUNT,NONMOTR_SUSP_SERIOUS_INJ_COUNT,NTFY_HIWY_MAINT,PED_COUNT,PED_DEATH_COUNT,PED_SUSP_SERIOUS_INJ_COUNT,PERSON_COUNT,POLICE_AGCY,POSSIBLE_INJ_COUNT,RDWY_SURF_TYPE_CD,RELATION_TO_ROAD,ROAD_CONDITION,ROADWAY_CLEARED,SCH_BUS_IND,SCH_ZONE_IND,SECONDARY_CRASH,SMALL_TRUCK_COUNT,SPEC_JURIS_CD,SUSP_MINOR_INJ_COUNT,SUSP_SERIOUS_INJ_COUNT,SUV_COUNT,TCD_FUNC_CD,TCD_TYPE,TFC_DETOUR_IND,TIME_OF_DAY,TOT_INJ_COUNT,TOTAL_UNITS,UNB_DEATH_COUNT,UNB_SUSP_SERIOUS_INJ_COUNT,UNBELTED_OCC_COUNT,UNK_INJ_DEG_COUNT,UNK_INJ_PER_COUNT,URBAN_AREA,URBAN_RURAL,VAN_COUNT,VEHICLE_COUNT,WEATHER1,WEATHER2,WORK_ZONE_IND,WORK_ZONE_LOC,WORK_ZONE_TYPE,WORKERS_PRES,WZ_CLOSE_DETOUR,WZ_FLAGGER,WZ_LAW_OFFCR_IND,WZ_LN_CLOSURE,WZ_MOVING,WZ_OTHER,WZ_SHLDER_MDN,WZ_WORKERS_INJ_KILLED
2022004487,1754.0,0,0,0,0,0,0,0,0,0,5,1,,67,1,2022,1,40.0304,-75.022,1750.0,6,0,1,0,0,0,0,0,0,,0,1,0.0,17,3,0,0,N,1,40 01:49.392,2.0,0,75 01:19.273,0,0,0,0,67301,0,0,0,N,0,0,0,4,68K01,0,,1,9,1840.0,N,N,N,1,,0,0,0,0,0,N,1740,0,2,0,0,0,0,0,3,4,0,2,6,,N,,,,,,,,,,,
2022023870,41.0,1,0,0,0,0,0,0,0,0,7,0,,67,2,2022,2,39.9954,-75.1976,37.0,6,0,0,0,0,0,0,0,0,,0,0,0.0,0,3,1,0,N,1,39 59:43.384,4.0,0,75 11:51.307,4,0,0,0,67301,0,0,0,N,0,0,0,1,68K01,1,,4,1,110.0,N,N,N,0,,0,0,0,0,0,N,31,1,1,0,0,0,0,0,3,4,0,1,3,,N,,,,,,,,,,,
2022024986,449.0,1,0,0,0,0,0,0,0,0,5,1,,67,2,2022,5,39.9813,-75.2069,448.0,6,0,0,0,0,0,0,0,0,,0,0,0.0,4,3,2,0,N,0,39 58:52.596,,0,75 12:24.867,3,0,0,0,67301,0,0,0,N,0,0,0,2,68K01,0,,1,1,,N,N,N,0,,1,0,1,0,0,,445,2,3,0,0,0,1,0,3,4,0,3,3,,N,,,,,,,,,,,
2022023798,2155.0,2,0,0,0,0,0,0,0,0,1,0,,67,3,2022,4,40.01,-75.1666,2150.0,6,0,0,0,0,0,0,0,0,,0,0,0.0,21,3,2,0,N,0,40 00:35.953,,0,75 09:59.584,3,0,0,0,67301,3,0,0,N,0,0,0,6,67301,0,,6,1,,N,N,N,1,,2,0,0,0,0,,2130,2,3,0,0,0,0,0,3,4,0,3,3,3.0,N,,,,,,,,,,,
2022023990,1638.0,2,0,0,0,0,0,0,0,0,1,0,,67,1,2022,3,40.0392,-75.0082,1621.0,6,0,0,0,0,0,2,0,0,,0,0,0.0,16,1,1,0,N,0,40 02:21.028,,0,75 00:29.485,8,0,0,0,67301,0,0,0,N,0,0,0,3,68K01,0,,1,1,,N,N,N,0,,0,0,0,0,0,,1618,1,2,0,0,0,1,0,3,4,0,2,3,,N,,,,,,,,,,,
2022000526,805.0,0,0,0,0,0,0,1,0,0,1,1,,67,1,2022,1,40.0013,-75.2153,750.0,6,0,0,0,0,0,0,0,0,,1,0,0.0,7,1,2,5,,0,40 00:04.744,,0,75 12:55.083,1,0,0,0,67301,0,0,0,N,0,0,0,8,67508,0,2.0,1,1,,N,N,N,0,0.0,0,0,0,3,2,,745,2,2,0,0,0,2,1,3,4,1,2,99,,N,,,,,,,,,,,
2022004298,1000.0,2,0,0,0,0,0,0,0,0,5,1,,67,1,2022,5,39.9946,-75.1543,1000.0,6,0,0,0,0,0,1,0,0,,0,0,0.0,10,1,1,0,N,0,39 59:40.450,,0,75 09:15.563,3,0,0,0,67301,0,0,0,N,0,0,0,2,67301,0,,1,1,,N,N,N,1,,1,0,1,0,0,,1000,1,4,0,0,0,0,0,3,4,0,4,3,3.0,N,,,,,,,,,,,
2022023183,1131.0,1,0,0,0,0,0,0,0,0,5,1,,67,3,2022,4,39.9612,-75.1824,1127.0,6,0,0,0,0,0,1,0,0,,0,1,0.0,11,1,0,6,N,1,39 57:40.397,4.0,2,75 10:56.651,0,0,0,0,67301,0,0,0,N,0,0,0,2,68K01,0,,1,1,1200.0,N,N,N,0,,0,0,0,3,8,N,1124,0,2,0,0,0,0,0,3,4,0,2,3,3.0,N,,,,,,,,,,,
2022023716,911.0,2,0,0,0,0,0,0,0,0,4,0,,67,3,2022,7,40.0222,-75.2183,910.0,6,0,0,0,0,0,0,0,0,,0,0,0.0,9,1,0,2,,0,40 01:19.948,,0,75 13:05.804,9,0,0,0,67301,0,0,0,N,0,0,0,4,67301,0,,1,1,,N,N,N,0,,0,0,1,3,2,,908,0,3,0,0,0,0,1,3,4,0,3,3,4.0,N,,,,,,,,,,,
2022024591,222.0,1,0,0,0,0,0,0,0,0,1,0,,67,2,2022,4,40.0277,-75.11,221.0,6,0,0,0,0,0,0,0,0,,0,0,0.0,14,1,2,1,N,0,40 01:39.827,,0,75 06:35.893,3,0,0,0,67301,0,0,0,N,0,0,0,3,67301,0,,1,1,,N,N,N,0,,1,0,1,0,0,,1415,2,2,0,0,0,1,1,3,4,0,2,3,,N,,,,,,,,,,,
2022000010,48.0,0,0,0,0,0,0,0,0,0,7,0,,67,1,2022,7,39.9124,-75.1739,45.0,6,0,0,0,0,0,0,0,0,,0,0,0.0,0,3,0,0,N,2,39 54:44.700,2.0,2,75 10:26.200,0,0,0,0,67301,0,0,0,N,0,0,0,1,67501,0,,4,9,59.0,N,N,N,0,,0,0,1,3,8,Y,45,0,1,0,0,0,0,0,3,4,0,1,4,5.0,N,,,,,,,,,,,
2022004539,225.0,1,0,0,0,0,0,0,0,0,1,1,,67,1,2022,4,40.0156,-75.1769,214.0,6,0,0,0,0,0,0,0,0,,0,1,0.0,2,3,0,3,,2,40 00:56.296,2.0,0,75 10:37.001,0,0,0,0,67301,0,0,0,N,0,0,0,2,67301,0,,1,1,245.0,N,N,N,0,,0,0,0,2,2,Y,210,0,2,0,0,0,0,0,3,4,0,2,3,3.0,N,,,,,,,,,,,
2022023801,540.0,1,0,0,0,0,0,0,0,0,2,1,,67,3,2022,6,40.0028,-75.1527,537.0,6,0,0,0,0,0,3,0,0,,0,1,0.0,5,3,2,0,N,9,40 00:10.032,,0,75 09:09.589,8,0,0,0,67301,0,0,0,N,0,0,0,3,67301,0,,1,1,,N,N,N,0,,0,0,1,3,2,,535,2,3,0,0,0,2,1,3,4,0,3,3,3.0,N,,,,,,,,,,,
2022024025,2325.0,2,0,0,0,0,0,0,0,0,5,0,,67,2,2022,6,39.9582,-75.1642,2313.0,6,0,0,0,0,1,0,0,0,,0,0,0.0,22,3,1,0,N,2,39 57:29.400,4.0,0,75 09:50.969,3,0,0,0,67301,0,0,0,N,0,0,0,3,68K01,0,,1,1,2350.0,N,N,N,0,,1,0,1,0,0,Y,2258,1,3,0,0,0,0,0,3,4,0,3,3,3.0,N,,,,,,,,,,,
2022023704,2230.0,2,0,0,0,0,0,0,0,0,4,0,,67,2,2022,6,40.0656,-75.0622,1640.0,6,0,0,0,0,0,0,0,0,,0,0,0.0,16,1,1,1,,0,40 03:56.148,,0,75 03:43.883,8,0,0,0,67301,0,0,0,N,0,0,0,1,67301,0,,1,1,,N,N,N,0,,0,0,0,3,3,,1630,1,2,0,0,0,1,0,3,4,0,2,3,,N,,,,,,,,,,,
2022119576,1828.0,0,0,0,0,0,0,0,0,0,4,0,,67,12,2022,5,39.8887,-75.2471,1819.0,6,0,0,0,0,0,0,0,0,,0,0,0.0,17,3,3,0,N,0,39 53:19.162,,0,75 14:49.587,3,0,0,0,67301,0,0,0,N,0,0,0,4,67301,0,,1,8,,N,N,N,0,,3,0,1,0,0,,1717,3,2,0,0,0,0,1,3,4,0,2,7,7.0,N,,,,,,,,,,,
2022118589,2041.0,2,0,0,0,0,0,0,0,0,1,0,,67,12,2022,3,39.9181,-75.2098,2039.0,6,0,0,0,0,0,0,0,0,,0,0,0.0,20,3,2,0,N,0,39 55:05.294,,0,75 12:35.106,3,0,0,0,67301,0,0,0,N,0,0,0,6,67301,1,,1,1,,N,N,N,0,,1,0,0,0,0,,2025,2,2,0,0,0,0,0,3,4,0,2,3,3.0,N,,,,,,,,,,,
2022107516,2235.0,3,0,0,0,0,0,0,0,0,1,0,,67,10,2022,3,39.8943,-75.2374,2230.0,6,0,0,0,0,1,0,0,0,,0,0,0.0,21,3,0,0,Y,0,39 53:39.476,,0,75 14:14.784,0,0,0,0,67301,0,0,0,N,0,0,0,3,67301,0,,1,1,,N,N,N,0,,0,0,0,0,0,,2125,0,3,0,0,2,0,0,3,4,0,3,3,3.0,N,,,,,,,,,,,
2022088883,1730.0,1,0,0,0,0,0,0,0,0,4,0,,67,9,2022,7,39.9714,-75.1594,1724.0,6,0,0,0,0,0,0,0,0,,0,0,0.0,17,1,0,1,,0,39 58:17.205,,0,75 09:33.736,0,0,0,0,67301,0,0,0,N,0,0,0,2,67301,0,,1,1,,N,N,N,0,,0,0,1,3,2,,1723,0,2,0,0,0,0,0,3,4,0,2,3,3.0,N,,,,,,,,,,,
2022119146,715.0,0,0,0,0,0,0,0,0,0,0,1,,67,11,2022,4,40.012,-75.0603,659.0,6,0,0,0,0,0,0,0,0,,0,1,0.0,6,1,0,0,N,1,40 00:43.130,2.0,3,75 03:37.010,0,0,0,0,67301,0,0,0,N,0,0,0,2,68K01,0,,1,1,735.0,N,N,N,1,,0,0,0,0,0,N,658,0,3,0,0,0,0,0,3,4,0,2,3,,N,,,,,,,,,,,
2022118759,336.0,1,0,0,0,0,0,0,0,0,2,0,,67,12,2022,4,39.974,-75.2433,336.0,6,0,0,0,0,0,0,0,0,,0,0,0.0,3,3,3,1,,0,39 58:26.331,,0,75 14:35.811,2,0,0,0,67301,0,0,0,N,0,0,0,3,67301,0,,1,1,,N,N,N,0,,2,1,1,9,3,,335,3,2,0,0,0,0,0,3,4,0,2,3,3.0,N,,,,,,,,,,,
2022088927,1650.0,0,0,0,0,0,0,0,0,0,1,0,,67,9,2022,2,39.9194,-75.1521,1640.0,6,0,0,0,0,0,0,0,0,,0,0,0.0,16,1,0,0,N,0,39 55:09.930,,0,75 09:07.630,0,0,0,0,67301,0,0,0,N,0,0,0,1,67301,0,,6,1,,N,N,N,0,,0,0,1,0,0,,1630,0,3,0,0,0,0,0,3,4,1,3,3,3.0,N,,,,,,,,,,,
2022119012,909.0,2,0,0,0,0,0,0,0,0,2,0,,67,12,2022,4,40.1141,-74.9877,909.0,6,0,0,0,0,0,0,0,0,,0,0,0.0,9,1,2,5,,0,40 06:50.926,,0,74 59:15.880,4,0,0,0,67301,0,0,0,N,0,0,0,1,67301,1,,1,1,,N,N,N,0,,0,0,0,3,2,,907,1,2,0,0,0,0,0,3,4,0,2,3,,N,,,,,,,,,,,
2022089281,1117.0,2,0,0,0,0,0,0,0,0,4,0,,67,9,2022,2,40.0202,-75.1505,1112.0,6,0,0,0,0,0,0,1,0,,0,0,0.0,10,1,1,1,,0,40 01:12.714,,3,75 09:01.947,3,0,0,0,67301,0,0,0,N,0,0,0,2,67301,0,,1,1,,N,N,N,0,,1,0,0,3,2,,1044,1,2,0,0,2,0,0,3,4,0,2,4,4.0,N,,,,,,,,,,,
2022090474,2230.0,0,0,0,1,0,1,0,0,0,4,0,,67,9,2022,1,39.9534,-75.1638,2230.0,6,0,0,0,0,0,0,0,0,,0,0,0.0,20,3,1,3,,0,39 57:12.352,,0,75 09:49.776,2,0,0,0,67301,1,0,1,N,0,0,0,2,67301,0,,1,1,,N,N,N,0,,0,1,1,3,2,,2007,1,2,0,0,0,0,0,3,4,0,1,99,,N,,,,,,,,,,,
2022089046,1401.0,0,0,0,0,0,0,0,0,0,8,0,,67,9,2022,7,39.9862,-75.168,1401.0,6,0,0,0,0,0,1,0,0,,0,0,0.0,14,1,1,1,,0,39 59:10.273,,0,75 10:04.778,3,0,0,0,67301,1,0,0,N,1,0,0,2,67301,0,,1,1,,N,N,N,0,,1,0,1,3,1,,1401,1,2,0,0,0,0,0,3,4,0,1,3,3.0,N,,,,,,,,,,,
2022088821,1652.0,1,0,0,0,0,0,0,0,0,7,0,,67,9,2022,1,40.0734,-75.2153,1652.0,6,0,0,0,0,0,0,1,0,,0,0,0.0,15,1,1,0,N,0,40 04:24.270,,0,75 12:55.020,3,0,0,0,67301,0,0,0,N,0,0,0,1,67301,0,,4,9,,N,N,N,0,,1,0,0,3,3,,1501,1,1,0,0,0,0,0,3,4,0,1,7,7.0,N,,,,,,,,,,,
2022117264,1500.0,0,0,0,0,0,0,0,0,0,8,0,,67,11,2022,3,39.9585,-75.2252,1457.0,6,0,0,0,0,0,0,0,0,,0,0,0.0,14,1,1,1,,0,39 57:30.510,,0,75 13:30.663,2,0,0,0,67301,1,0,1,N,1,0,1,1,67301,0,,1,1,,N,N,N,0,,0,1,0,3,2,,1455,1,2,0,0,0,0,0,3,4,0,1,3,3.0,N,,,,,,,,,,,
2022096956,1338.0,0,0,0,0,0,0,0,0,0,4,0,,67,9,2022,2,40.0034,-75.2206,1338.0,6,0,0,0,0,0,1,0,0,,0,0,0.0,13,1,1,0,N,1,40 00:12.098,2.0,0,75 13:14.011,3,0,0,0,67301,0,0,0,N,0,0,0,3,68K01,0,,1,1,20.0,N,N,N,0,,1,0,2,0,0,N,1337,1,2,0,0,0,0,0,3,4,0,2,3,,N,,,,,,,,,,,
2022112260,2004.0,0,0,0,0,0,0,0,0,0,8,0,,67,11,2022,6,39.9915,-75.2266,2004.0,6,0,0,0,0,0,1,0,0,,0,0,0.0,18,3,1,1,,0,39 59:29.470,,0,75 13:35.669,3,0,0,0,67301,1,0,0,N,1,0,0,2,67301,0,,1,8,,N,N,N,0,,1,0,1,3,2,,1840,1,2,0,0,0,0,0,3,4,0,1,7,4.0,N,,,,,,,,,,,
2022087937,1610.0,1,0,0,0,0,0,0,0,0,8,0,,67,9,2022,6,40.0569,-75.1881,1606.0,6,0,0,0,0,0,0,0,0,,0,0,0.0,15,1,1,1,,0,40 03:24.795,,0,75 11:17.028,2,0,0,0,67301,1,0,1,N,1,0,1,2,67301,0,,1,1,,N,N,N,0,,0,1,0,3,2,,1522,1,2,0,0,0,0,0,3,4,0,1,3,3.0,N,,,,,,,,,,,
2022119572,916.0,1,0,0,0,0,0,0,0,0,7,0,,67,12,2022,5,40.0692,-75.2377,912.0,6,0,0,0,0,0,1,0,0,,0,0,0.0,9,1,0,0,N,2,40 04:09.160,5.0,0,75 14:15.840,9,0,0,0,67301,0,0,0,N,0,0,0,1,67301,0,,2,2,951.0,N,N,N,0,,0,0,0,0,0,Y,900,0,1,0,0,0,0,1,3,4,0,1,6,6.0,N,,,,,,,,,,,
2022104958,1046.0,1,0,0,0,0,0,0,0,0,7,0,,67,11,2022,1,40.0257,-75.0737,1034.0,6,0,0,0,0,0,1,0,0,,0,0,0.0,10,1,0,0,N,0,40 01:32.490,,0,75 04:25.460,0,0,0,0,67301,0,0,0,N,0,0,0,1,67301,0,,4,1,,N,N,N,0,,0,0,0,3,2,,1030,0,1,0,0,1,0,0,3,4,0,1,7,4.0,N,,,,,,,,,,,
2022119038,2335.0,2,0,0,0,0,0,0,0,0,4,0,,67,12,2022,2,40.0477,-75.1429,2335.0,6,0,0,0,0,0,1,0,0,,0,0,0.0,22,3,0,1,,0,40 02:51.770,,0,75 08:34.280,0,0,0,0,67301,0,0,0,N,0,0,0,3,67301,0,,1,1,,N,N,N,0,,0,0,0,3,2,,2230,0,2,0,0,0,0,0,3,4,0,2,3,,N,,,,,,,,,,,
2022091117,2119.0,0,0,0,0,0,0,0,0,0,1,0,,67,9,2022,1,39.8862,-75.2432,2119.0,6,0,0,0,0,0,0,0,0,,0,0,0.0,20,3,1,0,N,0,39 53:10.256,,0,75 14:35.519,8,0,0,0,67301,1,0,0,N,1,0,0,2,68K01,0,,2,1,,N,N,N,0,,0,0,2,0,0,,2051,1,3,0,0,0,1,0,3,4,0,2,3,3.0,N,,,,,,,,,,,
2022118974,343.0,2,0,0,0,0,0,0,0,0,5,0,,67,12,2022,1,39.9976,-75.1963,342.0,6,0,0,0,1,0,0,0,0,,0,0,0.0,3,3,1,0,N,1,39 59:51.358,6.0,0,75 11:46.507,3,0,0,0,67301,0,0,0,N,0,0,0,3,68K01,0,,1,1,425.0,N,N,N,0,,1,0,0,0,0,N,340,1,2,0,0,0,0,0,3,4,0,2,3,,N,,,,,,,,,,,
2022089341,1629.0,1,0,0,0,0,0,0,0,0,4,0,,67,9,2022,2,40.0547,-75.0048,1629.0,6,0,1,0,0,0,0,1,0,,0,0,0.0,12,1,0,1,,0,40 03:17.072,,0,75 00:17.300,9,0,0,0,67301,0,0,0,N,0,0,0,2,67301,0,,1,1,,N,N,N,0,,0,0,0,3,2,,1230,0,2,0,0,1,0,1,3,4,1,2,3,3.0,N,,,,,,,,,,,
2022090312,1341.0,1,0,0,0,0,0,0,0,0,4,0,,67,9,2022,2,39.9585,-75.2476,1341.0,6,0,0,0,0,0,0,0,0,,0,0,0.0,13,1,2,2,,0,39 57:30.706,,0,75 14:51.628,3,0,0,0,67301,0,0,0,N,0,0,0,2,67301,0,,1,1,,N,N,N,0,,2,0,1,3,3,,1325,2,2,0,0,0,0,0,3,4,0,2,3,3.0,N,,,,,,,,,,,
2022118175,54.0,0,0,0,0,0,0,0,0,0,4,1,,67,12,2022,2,40.0379,-75.1395,54.0,6,0,0,0,0,0,2,0,0,,0,1,0.0,0,3,0,1,,0,40 02:16.410,,0,75 08:22.177,0,0,0,0,67301,0,0,0,N,0,0,0,5,67301,0,,1,1,,N,N,N,0,,0,0,1,3,2,,54,0,2,0,0,0,0,0,3,4,0,2,3,3.0,N,,,,,,,,,,,
2022095495,321.0,2,0,0,0,0,0,0,0,0,4,0,,67,9,2022,7,39.973,-75.2261,309.0,6,0,0,0,0,1,0,0,0,,0,0,0.0,2,3,1,1,,0,39 58:22.631,,0,75 13:34.022,8,0,0,0,67301,0,0,0,N,0,0,0,3,67301,0,,1,1,,N,N,N,0,,0,0,0,3,2,,251,1,2,0,0,0,1,1,3,4,0,2,3,,N,,,,,,,,,,,
2022117873,1915.0,0,0,0,0,0,0,0,0,0,7,0,,67,12,2022,1,39.9826,-75.2078,1912.0,6,0,0,0,0,0,0,0,0,,0,0,0.0,19,3,0,0,N,1,39 58:57.335,4.0,0,75 12:27.913,0,0,0,0,67301,0,0,0,N,0,0,0,1,68K01,0,,2,9,1945.0,N,N,N,1,,0,0,0,0,0,N,1904,0,1,0,0,0,0,0,3,4,0,1,3,,N,,,,,,,,,,,
2022117759,818.0,1,0,0,0,0,0,0,0,0,4,1,,67,12,2022,6,39.995,-75.2276,803.0,6,0,0,0,0,0,0,0,0,,0,1,0.0,7,1,1,1,,1,39 59:42.122,2.0,0,75 13:39.471,8,0,0,0,67301,0,0,0,N,0,0,0,2,67301,0,,1,1,1015.0,N,N,N,0,,0,0,0,3,3,N,751,1,2,0,0,1,1,0,3,4,0,2,3,3.0,N,,,,,,,,,,,
2022088194,557.0,0,0,0,0,0,0,0,0,0,4,0,,67,9,2022,7,40.0405,-75.0591,555.0,6,0,0,0,0,0,2,0,0,,0,0,0.0,5,3,3,1,,1,40 02:25.817,2.0,0,75 03:32.713,3,0,0,0,67301,0,0,0,N,0,0,0,6,67301,2,,1,1,706.0,N,N,N,0,,1,0,2,3,2,N,544,3,2,0,0,0,0,0,3,4,0,2,3,,N,,,,,,,,,,,
2022116782,1655.0,1,0,0,0,0,0,0,0,0,5,0,,67,12,2022,5,40.037,-75.0135,1648.0,6,0,0,0,0,0,1,1,0,,0,0,0.0,15,1,2,0,N,0,40 02:13.096,,0,75 00:48.504,4,0,0,0,67301,0,0,0,N,0,0,0,3,68K01,2,,1,1,,N,N,N,0,,0,0,1,0,0,,1557,2,2,0,0,0,0,0,3,4,0,2,3,3.0,N,,,,,,,,,,,
2022115292,1752.0,0,0,0,0,0,0,0,0,0,2,0,,67,12,2022,3,40.0062,-75.1518,1751.0,6,0,0,0,0,0,0,0,0,,0,0,0.0,17,3,1,1,N,1,40 00:22.203,3.0,0,75 09:06.487,3,0,0,0,67301,0,0,0,N,0,0,0,3,67505,0,,1,9,1830.0,N,N,N,0,,1,0,2,3,2,Y,1750,1,2,0,0,0,0,1,3,4,0,2,7,7.0,N,,,,,,,,,,,
2022118461,2033.0,3,0,0,0,0,0,0,0,0,1,0,,67,10,2022,7,40.0262,-75.0269,2025.0,6,0,0,0,0,0,0,0,0,,0,0,0.0,19,3,1,0,N,0,40 01:34.312,,0,75 01:36.835,3,0,0,0,67301,0,0,0,N,0,0,0,5,68K01,0,,1,1,,N,N,N,0,,1,0,0,0,0,,1920,1,3,0,0,0,0,0,3,4,0,3,3,3.0,N,,,,,,,,,,,
2022120113,1845.0,0,0,0,0,0,0,0,0,0,8,0,,67,12,2022,2,39.9244,-75.1757,1841.0,6,0,0,0,0,0,0,0,0,,0,0,0.0,16,3,1,0,N,0,39 55:27.663,,0,75 10:32.514,3,0,0,0,67301,1,0,0,N,1,0,0,2,67301,0,,1,1,,N,N,N,0,,1,0,0,0,0,,1655,1,2,0,0,0,0,1,3,4,0,1,3,3.0,N,,,,,,,,,,,
2022122226,140.0,1,0,0,0,0,0,0,0,0,1,0,,67,12,2022,1,39.9773,-75.2459,130.0,6,0,0,0,0,0,0,0,0,,0,0,0.0,1,3,1,0,N,0,39 58:38.245,,0,75 14:45.112,3,0,0,0,67301,0,0,0,N,0,0,0,3,67301,0,,1,1,,N,N,N,0,,1,0,1,0,0,,125,1,2,0,0,3,0,0,3,4,0,2,3,3.0,N,,,,,,,,,,,
2022121794,340.0,1,0,0,0,0,0,0,0,0,4,1,,67,12,2022,4,39.9346,-75.2273,333.0,6,0,0,0,0,0,0,0,1,,0,1,0.0,3,3,2,1,,0,39 56:04.800,,0,75 13:38.065,2,0,0,0,67301,0,0,0,N,0,0,0,2,67301,0,,1,1,,N,N,N,0,,1,1,1,3,2,,332,2,3,0,0,0,0,0,3,4,0,3,3,3.0,N,,,,,,,,,,,
2022090911,1721.0,1,0,0,0,0,0,0,0,0,1,0,,67,10,2022,7,39.9179,-75.1593,1720.0,6,0,0,0,0,0,0,1,0,,0,0,0.0,17,4,1,1,,0,39 55:04.544,,0,75 09:33.400,4,0,0,0,67301,0,0,0,N,0,0,0,3,67301,1,,1,9,,N,N,N,0,,0,0,2,3,3,,1708,1,3,0,0,3,0,0,3,4,0,3,4,7.0,N,,,,,,,,,,,
2022121357,1430.0,0,0,0,0,0,0,0,0,0,1,1,,67,12,2022,2,39.9944,-75.1585,1430.0,6,0,0,0,0,0,1,0,0,,0,1,0.0,14,1,1,0,N,0,39 59:39.973,,0,75 09:30.474,8,0,0,0,67301,0,0,0,N,0,0,0,2,67301,0,,1,1,,N,N,N,0,,0,0,1,0,0,,1409,1,2,0,0,0,1,0,3,4,0,2,3,3.0,N,,,,,,,,,,,
2022119020,40.0,1,0,0,0,0,0,0,0,0,8,0,,67,12,2022,2,39.974,-75.2045,30.0,6,0,0,0,0,0,0,0,0,,0,0,0.0,22,3,1,0,N,0,39 58:26.577,,0,75 12:16.303,8,0,0,0,67301,1,0,0,N,1,0,0,2,67301,0,,1,1,,N,N,N,0,,0,0,0,0,0,,2230,1,2,0,0,1,1,0,3,4,0,1,3,,N,,,,,,,,,,,
2022089300,1355.0,0,0,0,0,0,0,0,0,0,5,0,,67,9,2022,2,39.9183,-75.1622,1349.0,6,0,0,0,0,0,0,0,1,,0,0,0.0,13,1,1,0,N,0,39 55:05.900,,0,75 09:44.000,3,0,0,0,67301,0,0,0,N,0,0,0,2,67301,0,,1,1,,N,N,N,0,,1,0,2,0,0,,1322,1,2,0,0,0,0,0,3,4,0,2,3,,N,,,,,,,,,,,
2022088443,327.0,4,0,0,0,0,0,0,0,0,5,0,,67,9,2022,7,40.0067,-75.078,324.0,6,0,0,0,0,0,0,0,0,,0,0,0.0,3,3,0,0,N,2,40 00:24.090,3.0,0,75 04:40.850,0,0,0,0,67301,0,0,0,N,0,0,0,1,67301,0,,6,1,449.0,N,N,N,0,,0,0,1,0,0,Y,315,0,5,0,0,1,0,0,3,4,0,5,3,3.0,N,,,,,,,,,,,
2022118594,1130.0,0,0,0,0,0,0,0,0,0,4,1,,67,12,2022,2,40.0541,-75.049,1120.0,6,0,0,0,0,0,1,1,0,,0,1,0.0,11,1,2,1,,2,40 03:14.734,1.0,0,75 02:56.553,2,0,0,0,67301,0,0,0,N,0,0,0,3,67301,0,,1,1,1335.0,N,N,N,1,,0,2,0,3,2,Y,1100,2,2,0,0,0,0,0,3,4,0,2,4,4.0,N,,,,,,,,,,,
2022118697,501.0,0,0,0,0,0,0,0,0,0,7,0,,67,12,2022,5,40.0393,-75.0074,442.0,6,0,0,0,0,0,1,0,0,,0,0,0.0,4,3,1,0,N,0,40 02:21.503,,0,75 00:26.486,4,0,0,0,67301,0,0,0,N,0,0,0,1,68K01,1,,2,1,,N,N,N,0,,0,0,1,0,0,,437,1,1,0,0,0,0,0,3,4,0,1,3,,N,,,,,,,,,,,
2022093812,1202.0,0,0,0,0,0,0,0,0,0,8,1,,67,9,2022,3,39.9701,-75.2374,1202.0,6,0,0,0,0,0,0,0,0,,0,1,0.0,10,1,1,1,,0,39 58:12.525,,0,75 14:14.801,3,0,0,0,67301,1,0,0,N,1,0,0,2,67301,0,,1,1,,N,N,N,0,,1,0,0,3,2,,1051,1,2,0,0,0,0,1,3,4,0,1,3,,N,,,,,,,,,,,
2022119272,1537.0,2,0,0,0,0,0,0,0,0,4,0,,67,12,2022,5,40.0349,-75.1844,1536.0,6,0,0,0,0,0,1,0,0,,0,0,0.0,15,1,1,1,,2,40 02:05.601,7.0,0,75 11:03.743,3,0,0,0,67301,0,0,0,N,0,0,0,2,67301,0,,1,9,45.0,N,N,N,0,,1,0,0,3,2,Y,1534,1,2,0,0,0,0,1,3,4,0,2,7,7.0,N,,,,,,,,,,,