CRN,ARRIVAL_TM,AUTOMOBILE_COUNT,BELTED_DEATH_COUNT,BELTED_SUSP_SERIOUS_INJ_COUNT,BICYCLE_COUNT,BICYCLE_DEATH_COUNT,BICYCLE_SUSP_SERIOUS_INJ_COUNT,BUS_COUNT,CHLDPAS_DEATH_COUNT,CHLDPAS_SUSP_SERIOUS_INJ_COUNT,COLLISION_TYPE,COMM_VEH_COUNT,CONS_ZONE_SPD_LIM,COUNTY,CRASH_MONTH,CRASH_YEAR,DAY_OF_WEEK,DEC_LAT,DEC_LONG,DISPATCH_TM,DISTRICT,DRIVER_COUNT_16YR,DRIVER_COUNT_17YR,DRIVER_COUNT_18YR,DRIVER_COUNT_19YR,DRIVER_COUNT_20YR,DRIVER_COUNT_50_64YR,DRIVER_COUNT_65_74YR,DRIVER_COUNT_75PLUS,EST_HRS_CLOSED,FATAL_COUNT,HEAVY_TRUCK_COUNT,HORSE_BUGGY_COUNT,HOUR_OF_DAY,ILLUMINATION,INJURY_COUNT,INTERSECT_TYPE,INTERSECTION_RELATED,LANE_CLOSED,LATITUDE,LN_CLOSE_DIR,LOCATION_TYPE,LONGITUDE,MAX_SEVERITY_LEVEL,MCYCLE_DEATH_COUNT,MCYCLE_SUSP_SERIOUS_INJ_COUNT,MOTORCYCLE_COUNT,MUNICIPALITY,NONMOTR_COUNT,NONMOTR_DEATH_COUNT,NONMOTR_SUSP_SERIOUS_INJ_COUNT,NTFY_HIWY_MAINT,PED_COUNT,PED_DEATH_COUNT,PED_SUSP_SERIOUS_INJ_COUNT,PERSON_COUNT,POLICE_AGCY,POSSIBLE_INJ_COUNT,RDWY_SURF_TYPE_CD,RELATION_TO_ROAD,ROAD_CONDITION,ROADWAY_CLEARED,SCH_BUS_IND,SCH_ZONE_IND,SECONDARY_CRASH,SMALL_TRUCK_COUNT,SPEC_JURIS_CD,SUSP_MINOR_INJ_COUNT,SUSP_SERIOUS_INJ_COUNT,SUV_COUNT,TCD_FUNC_CD,TCD_TYPE,TFC_DETOUR_IND,TIME_OF_DAY,TOT_INJ_COUNT,TOTAL_UNITS,UNB_DEATH_COUNT,UNB_SUSP_SERIOUS_INJ_COUNT,UNBELTED_OCC_COUNT,UNK_INJ_DEG_COUNT,UNK_INJ_PER_COUNT,URBAN_AREA,URBAN_RURAL,VAN_COUNT,VEHICLE_COUNT,WEATHER1,WEATHER2,WORK_ZONE_IND,WORK_ZONE_LOC,WORK_ZONE_TYPE,WORKERS_PRES,WZ_CLOSE_DETOUR,WZ_FLAGGER,WZ_LAW_OFFCR_IND,WZ_LN_CLOSURE,WZ_MOVING,WZ_OTHER,WZ_SHLDER_MDN,WZ_WORKERS_INJ_KILLED
2022117892,2059.0,2,0,0,0,0,0,0,0,0,4,1,,67,12,2022,7,40.0054,-75.1073,2059.0,6,0,0,0,0,0,0,0,0,,0,1,0.0,20,3,0,2,,0,40 00:19.593,,0,75 06:26.392,9,0,0,0,67301,0,0,0,N,0,0,0,2,67301,0,,1,1,,N,N,Y,0,,0,0,0,0,0,,2045,0,3,0,0,0,0,2,3,4,0,3,3,3.0,N,,,,,,,,,,,
2022117762,38.0,0,0,0,0,0,0,0,0,0,99,0,,67,12,2022,7,39.9962,-75.1413,34.0,6,0,0,0,0,0,0,0,0,,0,0,0.0,22,3,0,0,N,0,39 59:46.230,,0,75 08:28.830,9,0,0,0,67301,0,0,0,N,0,0,0,1,67301,0,,1,1,,N,N,N,0,,0,0,1,3,2,,2214,0,1,0,0,0,0,1,3,4,0,1,3,,N,,,,,,,,,,,
2022118731,1709.0,1,0,0,0,0,0,0,0,0,5,1,,67,12,2022,4,39.909,-75.1528,1708.0,6,0,0,0,0,0,2,0,0,,0,1,0.0,17,3,0,0,N,1,39 54:32.492,3.0,3,75 09:10.152,0,0,0,0,67301,0,0,0,N,0,0,0,2,67501,0,,1,1,1735.0,N,N,N,0,,0,0,0,3,8,N,1708,0,2,0,0,0,0,0,3,4,0,2,3,3.0,N,,,,,,,,,,,
2022118312,1737.0,0,0,0,0,0,0,0,0,0,1,0,,67,12,2022,2,40.0843,-74.9686,1732.0,6,0,0,0,0,0,0,0,1,,0,0,0.0,16,3,1,0,N,0,40 05:03.454,,0,74 58:07.077,8,0,0,0,67301,0,0,0,N,0,0,0,3,67301,0,,1,1,,N,N,N,0,,0,0,2,0,0,,1651,1,2,0,0,0,1,0,3,4,0,2,3,3.0,N,,,,,,,,,,,
2022089290,458.0,1,0,0,0,0,0,0,0,0,4,0,,67,9,2022,3,39.9222,-75.2303,455.0,6,0,0,0,0,0,1,0,0,,0,0,0.0,4,3,1,1,,2,39 55:19.936,7.0,0,75 13:49.166,8,0,0,0,67301,0,0,0,N,0,0,0,2,67301,0,,1,1,630.0,N,N,N,0,,0,0,1,3,2,Y,449,1,2,0,0,0,1,1,3,4,0,2,3,3.0,N,,,,,,,,,,,
2022091619,1745.0,2,0,0,0,0,0,0,0,0,1,0,,67,9,2022,1,39.9583,-75.1665,1745.0,6,0,0,0,0,0,1,0,0,,0,0,0.0,17,1,0,0,N,0,39 57:30.025,,0,75 09:59.241,0,0,0,0,67301,0,0,0,N,0,0,0,3,68K01,0,,1,9,,N,N,N,0,,0,0,1,0,0,,1709,0,3,0,0,0,0,0,3,4,0,3,4,,N,,,,,,,,,,,
2022088958,835.0,1,0,0,0,0,0,0,0,0,1,0,,67,9,2022,2,40.056,-75.0502,832.0,6,0,0,0,0,0,0,0,0,,0,0,0.0,7,1,0,0,N,0,40 03:21.470,,0,75 03:00.620,9,0,0,0,67301,0,0,0,N,0,0,0,1,67301,0,,6,1,,N,N,N,0,,0,0,0,0,0,,709,0,2,0,0,0,0,1,3,4,0,2,3,3.0,N,,,,,,,,,,,
2022118703,2352.0,1,0,0,0,0,0,0,0,0,1,1,,67,12,2022,6,40.0126,-75.0592,2339.0,6,0,0,0,0,0,2,0,0,,0,1,0.0,23,3,1,0,N,1,40 00:45.360,2.0,0,75 03:32.971,8,0,0,0,67301,0,0,0,N,0,0,0,3,68K01,0,,1,1,31.0,N,N,N,0,,0,0,0,0,0,N,2331,1,2,0,0,0,1,0,3,4,0,2,3,3.0,N,,,,,,,,,,,
2022119281,1751.0,1,0,0,0,0,0,0,0,0,8,0,,67,12,2022,5,39.9492,-75.2414,1746.0,6,0,0,0,0,0,0,0,0,,0,0,0.0,17,3,1,1,,0,39 56:57.011,,0,75 14:29.057,3,0,0,0,67301,1,0,0,N,1,0,0,2,67301,0,,1,9,,N,N,N,0,,1,0,0,3,3,,1746,1,2,0,0,0,0,0,3,4,0,1,7,,N,,,,,,,,,,,
2022118711,127.0,0,0,0,0,0,0,0,0,0,7,0,,67,12,2022,4,39.9825,-75.2077,122.0,6,0,0,0,0,0,1,0,0,,0,0,0.0,1,3,1,0,N,0,39 58:56.908,,0,75 12:27.690,3,0,0,0,67301,0,0,0,N,0,0,0,1,68K01,0,,2,9,,N,N,N,0,,1,0,1,0,0,,120,1,1,0,0,0,0,0,3,4,0,1,7,,N,,,,,,,,,,,
2022091616,1727.0,1,0,0,0,0,0,0,0,0,5,0,,67,9,2022,7,39.978,-75.2017,1713.0,6,0,0,0,0,0,1,0,0,,0,0,0.0,17,1,0,0,N,1,39 58:40.953,4.0,0,75 12:06.171,0,0,0,0,67301,0,0,0,N,0,0,0,2,68K01,0,,1,1,1810.0,N,N,N,0,,0,0,1,0,0,N,1710,0,2,0,0,0,0,0,3,4,0,2,3,3.0,N,,,,,,,,,,,
2022089340,1527.0,0,0,0,0,0,0,0,0,0,1,0,,67,9,2022,3,40.1078,-74.9964,1512.0,6,0,0,0,0,0,1,0,0,,0,0,0.0,15,1,1,0,N,1,40 06:28.031,4.0,3,74 59:47.159,3,0,0,0,67301,0,0,0,N,0,0,0,3,67301,0,,1,1,100.0,N,N,N,1,,1,0,2,0,0,Y,1507,1,3,0,0,3,0,0,3,4,0,3,3,3.0,N,,,,,,,,,,,
2022089779,1528.0,0,0,0,0,0,0,0,0,0,8,0,,67,9,2022,7,39.9563,-75.1956,1528.0,6,0,0,0,0,0,0,0,0,,0,0,0.0,15,1,1,2,,0,39 57:22.801,,0,75 11:44.221,2,0,0,0,67301,1,0,1,N,1,0,1,2,67504,0,,1,1,,N,N,N,0,,0,1,1,3,2,,1523,1,2,0,0,0,0,0,3,4,0,1,3,3.0,N,,,,,,,,,,,
2022117995,708.0,0,0,0,0,0,0,1,0,0,5,1,,67,12,2022,5,39.998,-75.2332,658.0,6,0,0,0,0,0,2,0,0,,0,0,0.0,6,1,1,1,N,0,39 59:52.816,,0,75 13:59.550,8,0,0,0,67301,0,0,0,N,0,0,0,3,67508,0,,1,1,,N,N,Y,0,,0,0,1,3,2,N,658,1,2,0,0,1,1,0,3,4,0,2,3,3.0,N,,,,,,,,,,,
2022096756,1900.0,1,0,0,1,0,0,0,0,0,4,0,,67,9,2022,2,39.9903,-75.127,1900.0,6,0,0,0,0,0,0,0,0,,0,0,0.0,18,4,1,1,,0,39 59:25.574,,0,75 07:37.365,8,0,0,0,67301,1,0,0,N,0,0,0,2,67301,0,,1,1,,N,N,N,0,,0,0,0,3,2,,1857,1,2,0,0,1,1,0,3,4,0,1,3,3.0,N,,,,,,,,,,,
2022093658,555.0,1,0,0,0,0,0,0,0,0,7,0,25.0,67,9,2022,4,39.9787,-75.0977,555.0,6,0,1,0,0,0,0,0,0,,0,0,0.0,5,1,2,11,,0,39 58:43.342,,0,75 05:51.613,4,0,0,0,67301,0,0,0,N,0,0,0,2,67301,2,,4,1,,N,N,N,0,,0,0,0,0,0,,550,2,2,0,0,1,0,0,3,4,0,1,3,3.0,Y,1.0,1.0,N,N,N,N,Y,N,N,N,N
2022116753,947.0,1,0,0,0,0,0,0,0,0,1,0,,67,10,2022,1,39.9703,-75.1928,939.0,6,0,0,0,0,0,0,0,0,,0,0,0.0,9,1,0,0,N,1,39 58:13.082,4.0,0,75 11:33.944,0,0,0,0,67301,0,0,0,N,0,0,0,2,68K01,0,,1,9,955.0,N,N,N,0,,0,0,1,0,0,N,937,0,2,0,0,0,0,0,3,4,0,2,3,,N,,,,,,,,,,,
2022103699,915.0,2,0,0,0,0,0,0,0,0,4,0,,67,9,2022,3,40.0255,-75.1235,913.0,6,0,0,0,0,0,0,1,0,,0,0,0.0,8,1,0,1,,0,40 01:31.670,,0,75 07:24.541,0,0,0,0,67301,0,0,0,N,0,0,0,3,67301,0,,1,1,,N,N,N,0,,0,0,1,3,1,,850,0,3,0,0,0,0,0,3,4,0,3,3,3.0,N,,,,,,,,,,,
2022119164,1904.0,1,0,0,0,0,0,0,0,0,5,0,,67,11,2022,3,39.8997,-75.1633,1855.0,6,0,0,0,0,0,0,0,1,,0,0,0.0,18,3,1,0,N,1,39 53:58.852,2.0,0,75 09:47.790,4,0,0,0,67301,0,0,0,N,0,0,0,3,68K01,1,,1,1,1950.0,N,N,N,0,,0,0,1,0,0,N,1854,1,2,0,0,0,0,0,3,4,0,2,3,,N,,,,,,,,,,,
2022118538,257.0,0,0,0,0,0,0,0,0,0,4,0,,67,12,2022,2,40.0103,-75.207,256.0,6,0,0,0,0,0,0,0,0,,0,0,0.0,2,3,0,0,N,1,40 00:37.160,4.0,0,75 12:25.376,9,0,0,0,67301,0,0,0,N,0,0,0,2,68K01,0,,1,1,305.0,N,N,N,0,,0,0,1,0,0,N,256,0,2,0,0,0,0,1,3,4,0,2,3,3.0,N,,,,,,,,,,,
2022117058,2050.0,1,0,0,0,0,0,0,0,0,5,0,,67,12,2022,5,40.0219,-75.1269,2045.0,6,0,0,0,0,0,0,0,0,,0,0,0.0,16,3,0,0,N,0,40 01:18.730,,0,75 07:36.880,0,0,0,0,67301,0,0,0,N,0,0,0,0,67301,0,,1,1,,N,N,N,0,,0,0,1,0,0,,1640,0,2,0,0,0,0,0,3,4,0,2,3,,N,,,,,,,,,,,
2022088589,1954.0,3,0,0,0,0,0,0,0,0,5,0,,67,9,2022,1,39.9404,-75.1495,1953.0,6,0,0,0,0,0,0,0,0,,0,0,0.0,19,3,0,0,N,0,39 56:25.360,,0,75 08:58.040,0,0,0,0,67301,0,0,0,N,0,0,0,1,67301,0,,6,9,,N,N,N,0,,0,0,0,0,0,,1952,0,3,0,0,1,0,0,3,4,0,3,7,7.0,N,,,,,,,,,,,
2022100527,1747.0,1,0,0,0,0,0,0,0,0,4,0,,67,9,2022,6,40.0107,-75.1508,1722.0,6,0,0,0,0,0,1,0,0,,0,0,0.0,16,1,2,1,,0,40 00:38.613,,0,75 09:02.915,4,0,0,0,67301,0,0,0,N,0,0,0,4,67301,2,,1,1,,N,N,N,0,,0,0,1,3,2,,1631,2,2,0,0,0,0,0,3,4,0,2,3,3.0,N,,,,,,,,,,,
2022090466,1627.0,0,0,0,0,0,0,0,0,0,8,0,,67,9,2022,3,39.9657,-75.1705,1626.0,6,0,0,0,0,0,0,0,0,,0,0,0.0,16,3,1,1,,0,39 57:56.473,,0,75 10:13.879,8,0,0,0,67301,1,0,0,N,1,0,0,2,67301,0,,1,1,,N,N,N,0,,0,0,1,0,0,,1622,1,2,0,0,1,1,0,3,4,0,1,3,3.0,N,,,,,,,,,,,
2022088884,1909.0,0,0,0,0,0,0,0,0,0,1,0,,67,9,2022,7,39.9851,-75.1786,1905.0,6,0,0,0,0,0,1,0,0,,0,0,0.0,18,4,2,0,N,0,39 59:06.481,,0,75 10:43.000,3,0,0,0,67301,0,0,0,N,0,0,0,3,67301,0,,1,1,,N,N,N,0,,2,0,1,0,0,,1845,2,3,0,0,0,0,1,3,4,1,3,3,3.0,N,,,,,,,,,,,
2022092923,1535.0,2,0,0,0,0,0,0,0,0,1,0,,67,9,2022,7,39.9861,-75.2494,1535.0,6,0,0,0,0,0,0,0,0,,0,0,0.0,14,1,1,3,,0,39 59:09.855,,0,75 14:57.896,4,0,0,0,67301,0,0,0,N,0,0,0,3,67301,1,,1,1,,N,N,N,0,,0,0,1,0,0,,1420,1,3,0,0,0,0,2,3,4,0,3,3,3.0,N,,,,,,,,,,,
2022117034,1134.0,1,0,0,0,0,0,0,0,0,1,0,,67,12,2022,6,39.9594,-75.1741,1122.0,6,0,0,0,0,0,0,0,0,,0,0,0.0,11,1,0,0,N,0,39 57:33.865,,0,75 10:26.688,0,0,0,0,67301,0,0,0,N,0,0,0,2,68K01,0,,1,1,,N,N,N,0,,0,0,0,0,0,,1118,0,2,0,0,0,0,0,3,4,1,2,3,3.0,N,,,,,,,,,,,
2022117081,1325.0,0,0,0,0,0,0,1,0,0,1,1,,67,12,2022,6,40.0107,-75.1513,1315.0,6,0,0,0,0,0,0,0,0,,0,0,0.0,13,1,2,1,,0,40 00:38.617,,0,75 09:04.835,8,0,0,0,67301,0,0,0,N,0,0,0,4,67508,0,,1,1,,N,N,Y,0,,0,0,0,3,2,,1315,2,2,0,0,1,2,0,3,4,1,2,3,3.0,N,,,,,,,,,,,
2022088522,1017.0,1,0,0,0,0,0,0,0,0,6,0,,67,9,2022,1,40.008,-75.085,1012.0,6,0,0,0,0,0,0,0,0,,0,0,0.0,9,1,0,0,N,0,40 00:28.139,,0,75 05:07.461,9,0,0,0,67301,0,0,0,N,0,0,0,1,67301,0,,6,99,,N,N,N,0,,0,0,1,0,0,,910,0,2,0,0,0,0,1,3,4,0,2,99,3.0,N,,,,,,,,,,,
2022119588,1832.0,1,0,0,0,0,0,0,0,0,1,0,,67,12,2022,1,40.0092,-75.1663,1816.0,6,0,0,0,0,0,0,0,0,,0,0,0.0,13,1,0,0,N,0,40 00:33.070,,0,75 09:58.550,9,0,0,0,67301,0,0,0,N,0,0,0,1,67301,0,,2,9,,N,N,N,0,,0,0,0,0,0,,1345,0,2,0,0,0,0,1,3,4,0,2,7,4.0,N,,,,,,,,,,,
2022087666,401.0,1,0,0,0,0,0,0,0,0,1,0,,67,9,2022,6,39.9087,-75.1501,400.0,6,0,0,0,0,0,0,1,0,,0,0,0.0,4,3,1,0,N,2,39 54:31.400,3.0,3,75 09:00.500,3,0,0,0,67301,0,0,0,N,0,0,0,2,67501,0,,1,1,427.0,N,N,N,0,,1,0,0,0,0,N,400,1,2,0,0,0,0,0,3,4,1,2,3,,N,,,,,,,,,,,
2022119036,2340.0,0,0,0,0,0,0,0,0,0,4,0,,67,12,2022,1,40.0299,-75.1532,2340.0,6,0,0,0,0,0,0,0,1,,0,0,0.0,20,3,1,0,N,0,40 01:47.510,,0,75 09:11.570,3,0,0,0,67301,0,0,0,N,0,0,0,2,67301,0,,1,99,,N,N,N,0,,1,0,2,0,0,,2048,1,2,0,0,0,0,0,3,4,0,2,3,,N,,,,,,,,,,,
2022118715,323.0,1,0,0,0,0,0,0,0,0,5,0,,67,12,2022,7,39.9973,-75.0821,323.0,6,0,0,0,0,0,0,0,0,,0,0,0.0,2,3,2,0,N,2,39 59:50.251,2.0,0,75 04:55.446,8,0,0,0,67301,0,0,0,N,0,0,0,3,68K01,0,,1,1,326.0,N,N,N,0,,0,0,0,0,0,Y,235,2,2,0,0,0,2,1,3,4,0,2,3,,N,,,,,,,,,,,
2022098812,2332.0,1,0,0,0,0,0,0,0,0,4,0,,67,9,2022,2,39.9536,-75.1986,2330.0,6,0,0,0,1,0,0,0,0,,0,0,0.0,23,3,1,1,,0,39 57:12.991,,0,75 11:55.051,3,0,0,0,67301,0,0,0,N,0,0,0,3,67504,0,,1,1,,N,N,N,0,,1,0,1,3,2,,2328,1,2,0,0,0,0,0,3,4,0,2,3,3.0,N,,,,,,,,,,,
2022118496,2228.0,1,0,0,0,0,0,0,0,0,7,0,,67,11,2022,3,39.936,-75.1996,2220.0,6,0,0,0,0,0,0,0,0,,0,0,0.0,22,3,0,0,N,1,39 56:09.549,4.0,0,75 11:58.640,0,0,0,0,67301,0,0,0,N,0,0,0,1,68K01,0,,4,1,2235.0,N,N,N,0,,0,0,0,0,0,N,2214,0,1,0,0,0,0,0,3,4,0,1,3,,N,,,,,,,,,,,
2022094623,427.0,1,0,0,0,0,0,0,0,0,5,0,,67,9,2022,1,39.9993,-75.0696,427.0,6,0,0,0,0,0,0,0,0,,0,0,0.0,3,3,0,0,N,0,39 59:57.478,,0,75 04:10.508,0,0,0,0,67301,0,0,0,N,0,0,0,1,67301,0,,6,1,,N,N,N,1,,0,0,1,0,0,,338,0,4,0,0,0,0,0,3,4,1,4,4,,N,,,,,,,,,,,
2022118492,2303.0,1,0,0,0,0,0,0,0,0,5,0,,67,11,2022,2,39.9338,-75.2,2254.0,6,0,0,0,0,0,0,0,0,,0,0,0.0,22,3,2,0,N,1,39 56:01.551,4.0,0,75 11:59.842,3,0,0,0,67301,0,0,0,N,0,0,0,3,68K01,0,,1,1,2330.0,N,N,N,0,,1,0,0,0,0,N,2251,2,2,0,0,2,1,1,3,4,0,2,3,,N,,,,,,,,,,,
2022119276,600.0,1,0,0,0,0,0,0,0,0,8,0,,67,12,2022,4,40.0301,-75.0352,555.0,6,0,0,0,0,0,0,0,0,,0,0,0.0,5,3,1,1,,0,40 01:48.464,,0,75 02:06.579,3,0,0,0,67301,1,0,0,N,1,0,0,2,67301,0,,1,1,,N,N,N,0,,1,0,0,3,2,,551,1,2,0,0,0,0,0,3,4,0,1,3,3.0,N,,,,,,,,,,,
2022119006,1545.0,0,0,0,0,0,0,0,0,0,8,1,,67,12,2022,4,40.044,-75.1026,1545.0,6,0,0,0,0,0,0,0,0,,0,1,0.0,15,1,1,1,,0,40 02:38.401,,0,75 06:09.537,3,0,0,0,67301,1,0,0,N,1,0,0,2,67301,0,,1,1,,N,N,N,0,,1,0,0,3,2,,1545,1,2,0,0,0,0,0,3,4,0,1,3,,N,,,,,,,,,,,
2022089850,1622.0,1,0,0,0,0,0,0,0,0,4,0,,67,9,2022,3,39.957,-75.2194,1622.0,6,0,0,0,0,0,0,0,0,,0,0,0.0,15,1,1,1,,0,39 57:25.138,,0,75 13:09.994,3,0,0,0,67301,0,0,0,N,0,0,0,2,67301,0,,1,1,,N,N,N,0,,1,0,1,3,3,,1547,1,2,0,0,0,0,0,3,4,0,2,3,3.0,N,,,,,,,,,,,
2022117629,9.0,0,0,0,0,0,0,0,0,0,7,1,,67,11,2022,4,39.96,-75.1798,9.0,6,0,0,0,0,0,0,0,0,,0,1,0.0,0,3,0,7,,1,39 57:36.017,4.0,2,75 10:47.219,0,0,0,0,67301,0,0,0,N,0,0,0,1,68K01,0,,4,9,150.0,N,N,N,0,,0,0,0,0,0,N,8,0,1,0,0,0,0,0,3,4,0,1,7,,N,,,,,,,,,,,
2022118590,1930.0,1,0,0,0,0,0,0,0,0,7,0,,67,12,2022,2,40.0443,-75.1874,1925.0,6,0,0,0,0,0,0,0,0,,0,0,0.0,19,3,2,0,N,0,40 02:39.420,,0,75 11:14.740,4,0,0,0,67301,0,0,0,N,0,0,0,2,67301,2,,2,1,,N,N,N,0,,0,0,0,0,0,,1920,2,1,0,0,0,0,0,3,4,0,1,3,,N,,,,,,,,,,,
2022116795,1120.0,1,0,0,0,0,0,0,0,0,1,1,,67,12,2022,6,39.9351,-75.1539,1108.0,6,0,0,0,0,0,0,0,0,,0,1,0.0,10,1,2,1,,0,39 56:06.459,,0,75 09:13.913,8,0,0,0,67301,0,0,0,N,0,0,0,4,67301,0,,1,1,,N,N,N,1,,0,0,0,3,2,,1045,2,3,0,0,2,2,0,3,4,0,3,3,3.0,N,,,,,,,,,,,
2022088503,1714.0,2,0,0,0,0,0,0,0,0,1,0,,67,9,2022,1,39.968,-75.1309,1709.0,6,0,0,0,0,0,2,1,0,,0,0,0.0,17,1,0,0,N,0,39 58:04.698,,0,75 07:51.388,0,0,0,0,67301,0,0,0,N,0,0,0,4,68K01,0,,1,9,,N,N,N,0,,0,0,0,0,0,,1708,0,3,0,0,0,0,0,3,4,1,3,3,3.0,N,,,,,,,,,,,
2022088868,1736.0,1,0,0,0,0,0,0,0,0,1,0,,67,9,2022,1,39.9678,-75.1315,1736.0,6,0,0,0,0,0,1,0,0,,0,0,0.0,16,1,1,0,N,1,39 58:04.062,2.0,0,75 07:53.491,4,0,0,0,67301,0,0,0,N,0,0,0,2,68K01,1,,1,9,1750.0,N,N,N,0,,0,0,1,0,0,Y,1649,1,2,0,0,0,0,0,3,4,0,2,3,3.0,N,,,,,,,,,,,
2022117046,1749.0,1,0,0,1,0,0,0,0,0,4,0,,67,12,2022,6,39.9548,-75.1463,1742.0,6,0,0,0,0,0,0,0,0,,0,0,0.0,17,3,1,1,,0,39 57:17.304,,0,75 08:46.603,3,0,0,0,67301,1,0,0,N,0,0,0,2,67301,0,,1,1,,N,N,N,0,,1,0,0,0,0,,1700,1,2,0,0,1,0,0,3,4,0,1,3,3.0,N,,,,,,,,,,,
2022119018,1925.0,1,0,0,0,0,0,0,0,0,4,0,,67,8,2022,4,40.0443,-75.0541,1900.0,6,0,0,0,0,0,0,0,0,,0,0,0.0,18,1,3,1,,1,40 02:39.718,4.0,0,75 03:14.534,3,0,0,0,67301,0,0,0,N,0,0,0,5,67301,0,,1,1,2000.0,N,N,N,0,,3,0,1,3,2,N,1839,3,2,0,0,1,0,0,3,4,0,2,3,,N,,,,,,,,,,,
2022117418,559.0,2,0,0,0,0,0,0,0,0,7,0,,67,12,2022,1,40.0736,-75.1783,555.0,6,0,0,0,0,0,0,0,0,,0,0,0.0,5,3,1,0,N,1,40 04:24.903,6.0,0,75 10:41.781,3,0,0,0,67301,0,0,0,N,0,0,0,1,67301,0,,5,1,800.0,N,N,N,0,,1,0,0,0,0,Y,545,1,2,0,0,0,0,0,3,4,0,2,4,,N,,,,,,,,,,,
2022089410,1630.0,1,0,0,0,0,0,0,0,0,4,0,,67,9,2022,2,39.963,-75.1584,1628.0,6,0,0,0,0,0,0,0,0,,0,0,0.0,16,1,0,1,,1,39 57:46.836,1.0,0,75 09:30.286,0,0,0,0,67301,0,0,0,N,0,0,0,2,67301,0,,1,1,100.0,N,N,N,0,,0,0,1,0,0,N,1620,0,2,0,0,2,0,0,3,4,0,2,3,3.0,N,,,,,,,,,,,
2022088318,944.0,2,0,0,0,0,0,0,0,0,7,0,,67,9,2022,7,40.0637,-75.1528,939.0,6,0,0,0,1,0,0,0,0,,0,0,0.0,23,3,1,0,N,0,40 03:49.480,,0,75 09:10.120,3,0,0,0,67301,0,0,0,N,0,0,0,1,67301,0,,4,1,,N,N,N,0,,1,0,1,0,0,,2300,1,3,0,0,0,0,0,3,4,0,3,3,98.0,N,,,,,,,,,,,
2022112221,206.0,0,0,0,0,0,0,0,0,0,7,0,,67,11,2022,2,40.0657,-74.9824,202.0,6,0,0,0,0,0,0,0,0,,0,0,0.0,2,3,1,0,N,0,40 03:56.639,,0,74 58:56.617,3,0,0,0,67301,0,0,0,N,0,0,0,1,67301,0,,5,1,,N,N,N,0,,1,0,1,0,0,,200,1,1,0,0,1,0,0,3,4,0,1,3,3.0,N,,,,,,,,,,,
2022112909,,1,0,0,0,0,0,0,0,0,1,0,,67,11,2022,1,40.1317,-75.0122,,6,0,0,0,0,0,0,0,0,,0,0,0.0,9,1,1,1,,0,40 07:53.962,,0,75 00:43.919,8,0,0,0,67301,0,0,0,N,0,0,0,2,00000,0,,1,1,,,,N,1,,0,0,0,3,2,,900,1,2,0,0,0,1,0,3,4,0,2,3,,N,,,,,,,,,,,
2022119581,1905.0,0,0,0,0,0,0,0,0,0,8,0,,67,9,2022,1,40.0364,-75.0415,1854.0,6,0,0,0,0,0,0,0,0,,0,0,0.0,18,1,1,0,N,0,40 02:10.959,,0,75 02:29.477,3,0,0,0,67301,1,0,0,N,1,0,0,1,67301,0,,1,9,,N,N,N,0,,1,0,1,0,0,,1841,1,2,0,0,0,0,0,3,4,0,1,7,7.0,N,,,,,,,,,,,
2022118584,1415.0,1,0,0,0,0,0,0,0,0,5,1,,67,12,2022,2,40.0658,-75.2398,1406.0,6,0,0,0,0,0,1,0,0,,0,1,0.0,13,1,0,0,N,0,40 03:56.940,,0,75 14:23.393,0,0,0,0,67301,0,0,0,N,0,0,0,2,67301,0,,1,1,,N,N,N,0,,0,0,0,0,0,,1340,0,2,0,0,0,0,0,3,4,0,2,3,3.0,N,,,,,,,,,,,
2022105487,1846.0,1,0,0,0,0,0,0,0,0,4,0,,67,11,2022,4,40.0303,-75.146,1845.0,6,0,0,0,0,0,0,0,0,,0,0,0.0,17,4,1,1,,0,40 01:48.914,,0,75 08:45.427,4,0,0,0,67301,0,0,0,N,0,0,0,2,67301,1,,1,1,,N,N,N,0,,0,0,1,3,2,,1724,1,2,0,0,1,0,0,3,4,0,2,3,3.0,N,,,,,,,,,,,
2022110735,,0,0,0,0,0,0,0,0,0,1,0,,67,11,2022,6,40.0553,-75.0734,,6,0,0,0,0,1,0,0,0,,0,0,0.0,18,1,1,1,,0,40 03:19.170,,0,75 04:24.060,8,0,0,0,67301,0,0,0,N,0,0,0,2,00000,0,,1,1,,,,N,0,,0,0,1,3,2,,1800,1,2,0,0,0,1,0,3,4,0,2,3,,N,,,,,,,,,,,
2022089538,1749.0,0,0,0,0,0,0,0,0,0,4,0,,67,9,2022,2,40.0475,-75.1428,1731.0,6,0,0,0,0,0,0,1,0,,0,0,0.0,13,1,3,1,,0,40 02:51.013,,0,75 08:34.447,3,0,0,0,67301,0,0,0,N,0,0,0,4,67301,0,,1,1,,N,N,N,0,,3,0,2,3,2,,1330,3,2,0,0,0,0,1,3,4,0,2,3,,N,,,,,,,,,,,
2022112902,,0,0,0,0,0,0,0,0,0,2,0,,67,10,2022,6,40.0049,-75.1543,,6,0,0,0,0,0,1,0,0,,0,0,0.0,8,1,1,0,N,0,40 00:17.800,,0,75 09:15.300,8,0,0,0,67301,0,0,0,N,0,0,0,2,00000,0,,1,1,,,,N,0,,0,0,1,0,0,,800,1,2,0,0,0,1,0,3,4,0,2,3,,N,,,,,,,,,,,