CRN,ARRIVAL_TM,AUTOMOBILE_COUNT,BELTED_DEATH_COUNT,BELTED_SUSP_SERIOUS_INJ_COUNT,BICYCLE_COUNT,BICYCLE_DEATH_COUNT,BICYCLE_SUSP_SERIOUS_INJ_COUNT,BUS_COUNT,CHLDPAS_DEATH_COUNT,CHLDPAS_SUSP_SERIOUS_INJ_COUNT,COLLISION_TYPE,COMM_VEH_COUNT,CONS_ZONE_SPD_LIM,COUNTY,CRASH_MONTH,CRASH_YEAR,DAY_OF_WEEK,DEC_LAT,DEC_LONG,DISPATCH_TM,DISTRICT,DRIVER_COUNT_16YR,DRIVER_COUNT_17YR,DRIVER_COUNT_18YR,DRIVER_COUNT_19YR,DRIVER_COUNT_20YR,DRIVER_COUNT_50_64YR,DRIVER_COUNT_65_74YR,DRIVER_COUNT_75PLUS,EST_HRS_CLOSED,FATAL_COUNT,HEAVY_TRUCK_COUNT,HORSE_BUGGY_COUNT,HOUR_OF_DAY,ILLUMINATION,INJURY_COUNT,INTERSECT_TYPE,INTERSECTION_RELATED,LANE_CLOSED,LATITUDE,LN_CLOSE_DIR,LOCATION_TYPE,LONGITUDE,MAX_SEVERITY_LEVEL,MCYCLE_DEATH_COUNT,MCYCLE_SUSP_SERIOUS_INJ_COUNT,MOTORCYCLE_COUNT,MUNICIPALITY,NONMOTR_COUNT,NONMOTR_DEATH_COUNT,NONMOTR_SUSP_SERIOUS_INJ_COUNT,NTFY_HIWY_MAINT,PED_COUNT,PED_DEATH_COUNT,PED_SUSP_SERIOUS_INJ_COUNT,PERSON_COUNT,POLICE_AGCY,POSSIBLE_INJ_COUNT,RDWY_SURF_TYPE_CD,RELATION_TO_ROAD,ROAD_CONDITION,ROADWAY_CLEARED,SCH_BUS_IND,SCH_ZONE_IND,SECONDARY_CRASH,SMALL_TRUCK_COUNT,SPEC_JURIS_CD,SUSP_MINOR_INJ_COUNT,SUSP_SERIOUS_INJ_COUNT,SUV_COUNT,TCD_FUNC_CD,TCD_TYPE,TFC_DETOUR_IND,TIME_OF_DAY,TOT_INJ_COUNT,TOTAL_UNITS,UNB_DEATH_COUNT,UNB_SUSP_SERIOUS_INJ_COUNT,UNBELTED_OCC_COUNT,UNK_INJ_DEG_COUNT,UNK_INJ_PER_COUNT,URBAN_AREA,URBAN_RURAL,VAN_COUNT,VEHICLE_COUNT,WEATHER1,WEATHER2,WORK_ZONE_IND,WORK_ZONE_LOC,WORK_ZONE_TYPE,WORKERS_PRES,WZ_CLOSE_DETOUR,WZ_FLAGGER,WZ_LAW_OFFCR_IND,WZ_LN_CLOSURE,WZ_MOVING,WZ_OTHER,WZ_SHLDER_MDN,WZ_WORKERS_INJ_KILLED
2022112920,,0,0,0,0,0,0,0,0,0,1,0,,67,11,2022,1,39.9213,-75.1928,,6,0,0,0,0,0,1,0,0,,0,0,0.0,14,1,1,0,N,0,39 55:16.856,,0,75 11:34.184,8,0,0,0,67301,0,0,0,N,0,0,0,2,00000,0,,1,1,,,,N,0,,0,0,2,0,0,,1440,1,2,0,0,1,1,0,3,4,0,2,3,,N,,,,,,,,,,,
2022117747,1845.0,0,0,0,0,0,0,0,0,0,7,0,,67,12,2022,1,39.9453,-75.1424,1843.0,6,0,0,0,0,0,0,0,0,,0,0,0.0,18,3,1,0,N,1,39 56:42.976,1.0,0,75 08:32.601,8,0,0,0,67301,0,0,0,N,0,0,0,1,68K01,0,,3,9,1910.0,N,N,N,0,,0,0,1,0,0,N,1840,1,1,0,0,1,1,0,3,4,0,1,4,4.0,N,,,,,,,,,,,
2022097451,2130.0,0,0,0,0,0,0,0,0,0,8,0,,67,9,2022,2,40.0202,-75.1141,2116.0,6,0,0,0,0,0,0,0,0,,0,0,0.0,17,1,1,1,,0,40 01:12.880,,0,75 06:50.704,8,0,0,0,67301,1,0,0,N,1,0,0,2,67301,0,,1,1,,N,N,N,1,,0,0,0,3,2,,1714,1,2,0,0,0,1,0,3,4,0,1,3,3.0,N,,,,,,,,,,,
2022118591,2323.0,1,0,0,0,0,0,0,0,0,4,0,,67,12,2022,2,40.0739,-75.1904,2322.0,6,0,0,0,0,0,0,0,1,,0,0,0.0,23,3,1,0,N,1,40 04:26.166,2.0,0,75 11:25.539,8,0,0,0,67301,0,0,0,N,0,0,0,1,67301,0,,1,1,15.0,N,N,N,0,,0,0,1,0,0,N,2322,1,2,0,0,0,1,0,3,4,0,2,3,3.0,N,,,,,,,,,,,
2022089289,2020.0,1,0,0,0,0,0,0,0,0,5,0,,67,9,2022,2,39.9257,-75.2429,2015.0,6,0,0,0,0,0,1,0,0,,0,0,0.0,20,2,0,0,N,0,39 55:32.400,,0,75 14:34.570,0,0,0,0,67301,0,0,0,N,0,0,0,1,67301,0,,6,1,,N,N,N,1,,0,0,2,0,0,,2009,0,5,0,0,0,0,0,3,4,1,5,3,98.0,N,,,,,,,,,,,
2022105912,307.0,2,0,0,0,0,0,0,0,0,5,0,,67,9,2022,1,39.9639,-75.1843,235.0,6,0,0,0,0,0,0,0,0,,0,0,0.0,2,3,0,3,,0,39 57:49.902,,0,75 11:03.361,0,0,0,0,67301,0,0,0,N,0,0,0,2,68K01,0,,1,1,,N,N,N,0,,0,0,0,0,0,,233,0,2,0,0,0,0,0,3,4,0,2,3,3.0,N,,,,,,,,,,,
2022116781,1534.0,1,0,0,0,0,0,0,0,0,1,0,,67,12,2022,5,39.9595,-75.1748,1533.0,6,0,0,0,0,0,0,0,0,,0,0,0.0,15,1,0,0,N,2,39 57:34.168,4.0,0,75 10:29.128,9,0,0,0,67301,0,0,0,N,0,0,0,3,68K01,0,,3,1,1540.0,N,N,N,0,,0,0,1,0,0,N,1532,0,3,0,0,0,0,1,3,4,0,3,3,,N,,,,,,,,,,,
2022119141,1009.0,0,0,0,0,0,0,0,0,0,7,0,,67,11,2022,1,39.9517,-75.1415,1003.0,6,0,0,0,0,0,0,0,0,,0,0,0.0,10,1,0,0,N,0,39 57:06.151,,0,75 08:29.297,0,0,0,0,67301,0,0,0,N,0,0,0,1,68K01,0,,2,1,,N,N,N,0,,0,0,0,0,0,,1002,0,1,0,0,0,0,0,3,4,1,1,3,,N,,,,,,,,,,,
2022118953,838.0,1,0,0,0,0,0,0,0,0,1,0,,67,12,2022,2,39.9083,-75.1495,824.0,6,0,0,0,0,0,0,0,0,,0,0,0.0,8,1,0,6,,0,39 54:26.891,,2,75 08:58.831,0,0,0,0,67301,0,0,0,N,0,0,0,2,68K01,0,,1,1,,N,N,N,0,,0,0,1,0,0,,821,0,2,0,0,0,0,0,3,4,0,2,3,,N,,,,,,,,,,,
2022118749,1139.0,0,0,0,0,0,0,0,0,0,4,1,,67,12,2022,4,40.0553,-75.1929,1137.0,6,0,0,0,0,0,0,1,0,,0,1,0.0,11,1,0,1,,0,40 03:19.015,,0,75 11:34.594,0,0,0,0,67301,0,0,0,N,0,0,0,2,67301,0,,1,1,,N,N,N,0,,0,0,1,3,2,,1128,0,2,0,0,0,0,0,3,4,0,2,3,3.0,N,,,,,,,,,,,
2022117068,1340.0,1,0,0,0,0,0,1,0,0,4,1,,67,12,2022,5,39.9441,-75.1653,1320.0,6,0,0,0,0,0,1,0,0,,0,0,0.0,13,1,2,2,,0,39 56:38.733,,0,75 09:55.258,8,0,0,0,67301,0,0,0,N,0,0,0,4,67508,0,,1,1,,N,N,Y,0,,0,0,0,0,0,,1320,2,2,0,0,1,2,0,3,4,0,2,3,3.0,N,,,,,,,,,,,
2022116785,1711.0,1,0,0,0,0,0,0,0,0,7,0,,67,12,2022,6,40.0103,-75.2071,1707.0,6,0,0,0,0,0,0,0,0,,0,0,0.0,17,3,0,6,,1,40 00:37.227,3.0,2,75 12:25.505,0,0,0,0,67301,0,0,0,N,0,0,0,3,68K01,0,,2,1,1714.0,N,N,N,1,,0,0,0,0,0,N,1701,0,2,0,0,0,0,0,3,4,0,2,3,,N,,,,,,,,,,,
2022088272,33.0,2,0,0,0,0,0,0,0,0,5,0,,67,9,2022,1,40.0348,-75.1312,33.0,6,0,0,0,1,0,0,0,0,,0,0,0.0,0,3,1,0,N,0,40 02:05.450,,0,75 07:52.250,8,0,0,0,67301,0,0,0,N,0,0,0,3,67301,0,,1,1,,N,N,N,0,,0,0,0,3,2,,20,1,2,0,0,3,1,0,3,4,0,2,3,3.0,N,,,,,,,,,,,
2022115622,,1,0,0,0,0,0,0,0,0,5,0,,67,10,2022,6,39.9214,-75.1926,,6,0,0,0,0,0,0,0,0,,0,0,0.0,19,1,1,0,N,0,39 55:16.936,,0,75 11:33.395,8,0,0,0,67301,0,0,0,N,0,0,0,2,00000,0,,1,1,,,,N,0,,0,0,1,0,0,,1930,1,2,0,0,1,1,0,3,4,0,2,3,,N,,,,,,,,,,,
2022088160,2355.0,1,0,0,0,0,0,0,0,0,7,0,,67,9,2022,6,39.9061,-75.2409,2350.0,6,0,0,0,0,0,0,0,0,,0,0,0.0,23,3,1,0,N,0,39 54:21.838,,0,75 14:27.335,2,0,0,0,67301,0,0,0,N,0,0,0,1,67301,0,,4,1,,N,N,N,0,,0,1,0,0,0,,2345,1,1,0,0,0,0,0,3,4,0,1,3,3.0,N,,,,,,,,,,,
2022087674,153.0,1,0,0,0,0,0,0,0,0,6,0,,67,9,2022,6,40.0297,-75.132,153.0,6,0,0,0,0,0,0,0,0,,0,0,0.0,1,3,0,0,N,2,40 01:46.810,5.0,0,75 07:55.140,9,0,0,0,67301,0,0,0,N,0,0,0,1,67301,0,,6,1,231.0,N,N,N,0,,0,0,0,0,0,Y,135,0,2,0,0,0,0,1,3,4,1,2,3,3.0,N,,,,,,,,,,,
2022088962,1050.0,1,0,0,0,0,0,0,0,0,1,0,,67,9,2022,7,40.072,-75.013,1043.0,6,0,0,0,0,0,0,0,0,,0,0,0.0,10,1,1,1,,1,40 04:19.713,4.0,0,75 00:46.648,3,0,0,0,67301,0,0,0,N,0,0,0,4,67301,0,,1,1,20.0,N,N,N,0,,1,0,1,3,2,N,1035,1,2,0,0,1,0,0,3,4,0,2,3,3.0,N,,,,,,,,,,,
2022117431,851.0,0,0,0,0,0,0,0,0,0,7,0,,67,12,2022,1,40.0152,-75.1699,848.0,6,0,0,0,0,0,0,0,0,,0,0,0.0,6,2,0,1,,0,40 00:54.823,,0,75 10:11.829,9,0,0,0,67301,0,0,0,N,0,0,0,1,67301,0,,5,1,,N,Y,N,0,,0,0,1,3,2,,635,0,1,0,0,0,0,1,3,4,0,1,99,,N,,,,,,,,,,,
2022087838,1017.0,1,0,0,0,0,0,0,0,0,7,0,,67,9,2022,6,40.0388,-75.1716,1013.0,6,0,0,0,0,0,0,0,0,,0,0,0.0,10,1,1,1,,0,40 02:19.838,,0,75 10:17.849,3,0,0,0,67301,0,0,0,N,0,0,0,2,67301,0,,5,1,,N,N,N,0,,1,0,0,3,2,,1013,1,1,0,0,0,0,0,3,4,0,1,3,98.0,N,,,,,,,,,,,
2022117755,2352.0,0,0,0,0,0,0,0,0,0,4,0,,67,12,2022,7,40.0948,-75.0507,2350.0,6,0,0,0,0,0,1,1,0,,0,0,0.0,23,3,2,1,,0,40 05:41.329,,0,75 03:02.612,8,0,0,0,67301,0,0,0,N,0,0,0,3,67301,0,,1,1,,N,N,N,0,,0,0,2,3,2,,2349,2,2,0,0,0,2,0,3,4,0,2,3,,N,,,,,,,,,,,
2022088255,1209.0,0,0,0,0,0,0,0,0,0,1,0,,67,9,2022,7,40.0032,-75.1525,1156.0,6,0,0,0,0,0,2,0,0,,0,0,0.0,11,1,1,5,,0,40 00:11.467,,0,75 09:09.273,3,0,0,0,67301,0,0,0,N,0,0,0,2,67301,0,,1,1,,N,N,N,0,,1,0,2,3,2,,1106,1,2,0,0,0,0,0,3,4,0,2,3,3.0,N,,,,,,,,,,,
2022117622,103.0,0,0,0,0,0,0,0,0,0,7,0,,67,11,2022,2,39.8909,-75.2385,49.0,6,0,0,0,0,0,0,0,0,,0,0,0.0,0,3,0,0,N,0,39 53:27.191,,0,75 14:18.429,0,0,0,0,67301,0,0,0,N,0,0,0,1,68K01,0,,4,1,,N,N,N,0,,0,0,1,0,0,,37,0,1,0,0,0,0,0,3,4,0,1,3,,N,,,,,,,,,,,
2022117597,1857.0,2,0,0,0,0,0,0,0,0,5,0,,67,10,2022,5,39.8992,-75.1765,1844.0,6,0,0,1,0,0,0,0,0,,0,0,0.0,18,3,1,0,N,2,39 53:57.002,1.0,0,75 10:35.363,3,0,0,0,67301,0,0,0,N,0,0,0,2,68K01,0,,1,1,2000.0,N,N,N,0,,1,0,0,0,0,N,1832,1,2,0,0,0,0,0,3,4,0,2,3,3.0,N,,,,,,,,,,,
2022088161,1145.0,1,0,0,0,0,0,0,0,0,6,0,,67,9,2022,7,39.9438,-75.2379,1145.0,6,0,0,0,0,0,1,0,0,,0,0,0.0,11,1,0,1,,1,39 56:37.760,7.0,0,75 14:16.286,0,0,0,0,67301,0,0,0,N,0,0,0,2,67301,0,,1,1,1210.0,N,N,N,0,,0,0,1,3,2,Y,1144,0,2,0,0,2,0,0,3,4,0,2,3,3.0,N,,,,,,,,,,,
2022118595,456.0,1,0,0,0,0,0,0,0,0,4,0,,67,12,2022,1,39.9432,-75.1774,453.0,6,0,0,0,0,0,0,0,0,,0,0,0.0,4,3,1,1,,0,39 56:35.658,,0,75 10:38.579,8,0,0,0,67301,0,0,0,N,0,0,0,2,67301,0,,1,1,,N,N,N,0,,0,0,0,3,3,,450,1,2,0,0,1,1,0,3,4,1,2,3,,N,,,,,,,,,,,
2022119273,1829.0,0,0,0,0,0,0,0,0,0,8,0,,67,12,2022,5,40.0472,-75.1744,1818.0,6,0,0,0,0,0,0,0,0,,0,0,0.0,18,3,1,0,N,0,40 02:49.790,,0,75 10:27.660,3,0,0,0,67301,1,0,0,N,1,0,0,1,67301,0,,1,9,,N,N,N,0,,1,0,0,0,0,,1800,1,2,0,0,0,0,0,3,4,0,1,7,7.0,N,,,,,,,,,,,
2022118550,2352.0,2,0,0,0,0,0,0,0,0,4,0,,67,12,2022,2,40.0489,-74.997,2348.0,6,0,0,0,0,0,1,0,0,,0,0,0.0,23,3,1,0,N,2,40 02:56.153,1.0,0,74 59:49.362,3,0,0,0,67301,0,0,0,N,0,0,0,3,68K01,0,,1,1,45.0,N,N,N,0,,1,0,0,0,0,N,2347,1,2,0,0,0,0,0,3,4,0,2,3,3.0,N,,,,,,,,,,,
2022088240,2200.0,2,0,0,0,0,0,0,0,0,1,0,,67,9,2022,7,40.0203,-75.0804,2151.0,6,0,0,0,0,0,1,0,0,,0,0,0.0,21,3,2,1,,0,40 01:13.195,,1,75 04:49.615,3,0,0,0,67301,0,0,0,N,0,0,0,3,67301,0,,1,1,,N,N,N,0,,2,0,0,3,2,,2132,2,2,0,0,0,0,0,3,4,0,2,3,3.0,N,,,,,,,,,,,
2022115617,,1,0,0,0,0,0,0,0,0,4,0,,67,11,2022,1,39.9333,-75.1434,,6,0,0,0,0,0,0,0,0,,0,0,0.0,23,3,1,2,,0,39 55:59.902,,0,75 08:36.154,8,0,0,0,67301,0,0,0,N,0,0,0,2,00000,0,,1,1,,,,N,0,,0,0,0,3,2,,2300,1,2,0,0,0,1,0,3,4,0,2,3,,N,,,,,,,,,,,
2022090503,236.0,2,0,0,0,0,0,0,0,0,4,0,,67,9,2022,6,39.9579,-75.1641,236.0,6,0,0,0,0,0,0,0,0,,0,0,0.0,2,3,0,1,,0,39 57:28.550,,2,75 09:50.921,0,0,0,0,67301,0,0,0,N,0,0,0,2,67301,0,,1,1,,N,N,N,0,,0,0,0,3,2,,236,0,2,0,0,2,0,0,3,4,0,2,3,3.0,N,,,,,,,,,,,
2022118781,3.0,0,0,0,0,0,0,1,0,0,4,1,,67,12,2022,2,40.0254,-75.0733,0.0,6,0,0,0,0,0,0,0,0,,0,0,0.0,0,3,3,1,,0,40 01:31.360,,0,75 04:23.920,4,0,0,0,67301,0,0,0,N,0,0,0,5,67508,1,,1,1,,N,N,Y,0,,0,0,1,3,2,,0,3,2,0,0,1,2,0,3,4,0,2,3,3.0,N,,,,,,,,,,,
2022089313,1850.0,2,0,0,0,0,0,0,0,0,4,1,,67,9,2022,3,39.9558,-75.2257,1849.0,6,0,0,0,0,0,0,0,0,,0,1,0.0,16,3,1,1,,0,39 57:20.911,,0,75 13:32.672,3,0,0,0,67301,0,0,0,N,0,0,0,3,67301,0,,1,1,,N,N,Y,0,,1,0,0,3,2,,1645,1,3,0,0,0,0,1,3,4,0,3,3,3.0,N,,,,,,,,,,,
2022089991,1631.0,0,0,0,1,0,0,0,0,0,1,0,,67,9,2022,2,39.9734,-75.1946,1621.0,6,0,0,0,0,0,0,1,0,,0,0,0.0,16,1,1,0,N,0,39 58:24.360,,0,75 11:40.410,3,0,0,0,67301,1,0,0,N,0,0,0,2,67301,0,,1,1,,N,N,N,0,,1,0,1,0,0,,1614,1,2,0,0,0,0,0,3,4,0,1,3,3.0,N,,,,,,,,,,,
2022088193,234.0,1,0,0,0,0,0,0,0,0,7,0,,67,9,2022,7,40.0583,-75.0909,225.0,6,0,0,0,0,0,0,0,0,,0,0,0.0,2,3,0,2,,0,40 03:29.761,,0,75 05:27.067,0,0,0,0,67301,0,0,0,N,0,0,0,2,67301,0,,5,1,,N,N,N,0,,0,0,0,3,3,,223,0,1,0,0,0,0,0,3,4,0,1,3,,N,,,,,,,,,,,
2022084301,2338.0,1,0,0,0,0,0,0,0,0,1,0,,67,9,2022,2,40.0467,-75.0837,2335.0,6,0,0,0,0,0,0,0,0,,0,0,0.0,23,3,1,0,N,0,40 02:48.270,,0,75 05:01.190,3,0,0,0,67301,0,0,0,N,0,0,0,1,67301,0,,6,9,,N,N,N,0,,1,0,1,0,0,,2330,1,2,0,0,0,0,0,3,4,0,2,7,3.0,N,,,,,,,,,,,
2022084151,1745.0,0,0,0,0,0,0,0,0,0,8,0,,67,9,2022,3,40.0307,-75.112,1738.0,6,0,0,0,0,0,0,0,0,,0,0,0.0,17,1,1,1,,0,40 01:50.653,,0,75 06:43.207,3,0,0,0,67301,1,0,0,N,1,0,0,2,67301,0,,1,1,,N,N,N,0,,1,0,1,3,1,,1723,1,2,0,0,0,0,0,3,4,0,1,3,3.0,N,,,,,,,,,,,
2022084100,2146.0,3,0,0,0,0,0,0,0,0,5,0,,67,9,2022,2,40.027,-75.1421,2144.0,6,0,0,0,0,0,0,0,0,,0,0,0.0,21,3,1,0,N,0,40 01:37.130,,0,75 08:31.650,3,0,0,0,67301,0,0,0,N,0,0,0,1,67301,0,,6,9,,N,N,N,0,,1,0,0,0,0,,2140,1,3,0,0,0,0,0,3,4,0,3,7,,N,,,,,,,,,,,
2022104383,434.0,1,0,0,0,0,0,0,0,0,4,0,,67,11,2022,6,40.0277,-75.0988,428.0,6,0,0,0,0,0,0,0,0,,0,0,0.0,4,3,0,5,,2,40 01:39.753,4.0,0,75 05:55.513,0,0,0,0,67301,0,0,0,N,0,0,0,3,67301,0,,1,1,434.0,N,N,N,0,,0,0,1,3,2,Y,427,0,2,0,0,0,0,0,3,4,0,2,3,3.0,N,,,,,,,,,,,
2022105121,1801.0,0,0,0,0,0,0,0,0,0,8,0,,67,10,2022,2,39.901,-75.1694,1800.0,6,0,0,0,0,0,0,0,0,,0,0,0.0,1,3,2,0,N,9,39 54:03.520,,0,75 10:09.690,2,0,0,0,67301,2,0,1,N,2,0,1,3,67301,0,,1,99,,N,N,N,1,,1,1,0,0,0,,102,2,3,0,0,0,0,1,3,4,0,1,99,,N,,,,,,,,,,,
2022104145,1444.0,0,0,0,0,0,0,0,0,0,7,1,,67,11,2022,6,40.0506,-75.1915,1356.0,6,0,0,0,0,0,0,0,0,,0,1,0.0,13,1,0,0,N,2,40 03:02.100,7.0,1,75 11:29.290,0,0,0,0,67301,0,0,0,N,0,0,0,1,67301,0,,1,1,1850.0,N,N,Y,0,,0,0,0,0,0,Y,1332,0,1,0,0,1,0,0,3,4,0,1,3,3.0,N,,,,,,,,,,,
2022083596,703.0,1,0,0,0,0,0,0,0,0,4,0,,67,9,2022,6,40.0972,-75.0181,654.0,6,0,0,0,0,0,0,1,0,,0,0,0.0,6,1,0,1,,0,40 05:49.760,,0,75 01:05.283,0,0,0,0,67301,0,0,0,N,0,0,0,3,67301,0,,1,1,,N,N,N,0,,0,0,2,3,2,,654,0,3,0,0,0,0,0,3,4,0,3,3,,N,,,,,,,,,,,
2022104966,50.0,0,0,0,0,0,0,0,0,0,5,0,25.0,67,10,2022,2,40.0194,-75.1453,45.0,6,0,0,0,0,0,0,0,0,,0,0,0.0,19,3,1,7,,9,40 01:09.794,,0,75 08:42.984,3,0,0,0,67301,0,0,0,N,0,0,0,1,67301,0,,1,9,,N,N,N,0,,1,0,1,0,0,,1930,1,2,0,0,0,0,0,3,4,0,2,7,7.0,Y,4.0,1.0,U,N,N,N,N,N,N,Y,N
2022103087,1120.0,1,0,0,0,0,0,1,0,0,5,1,,67,10,2022,3,39.979,-75.2168,1050.0,6,0,0,0,0,0,1,0,0,,0,0,0.0,10,1,1,2,,0,39 58:44.533,,0,75 13:00.598,4,0,0,0,67301,0,0,0,N,0,0,0,3,67508,1,,1,1,,N,N,Y,0,,0,0,0,0,0,,1050,1,2,0,0,0,0,0,3,4,0,2,3,3.0,N,,,,,,,,,,,
2022105798,26.0,0,0,0,0,0,0,0,0,0,5,1,,67,11,2022,4,40.0211,-75.0545,22.0,6,0,0,0,0,0,1,0,0,,0,1,0.0,20,3,0,0,N,1,40 01:16.040,3.0,0,75 03:16.070,0,0,0,0,67301,0,0,0,N,0,0,0,1,67301,0,,6,1,300.0,N,N,N,0,,0,0,2,0,0,N,2032,0,4,0,0,0,0,0,3,4,1,4,3,3.0,N,,,,,,,,,,,
2022086633,1745.0,0,0,0,0,0,0,0,0,0,7,0,,67,9,2022,3,40.0462,-75.2177,1740.0,6,0,0,0,0,0,0,0,0,,0,0,0.0,17,1,2,3,,0,40 02:46.021,,0,75 13:04.094,3,0,0,0,67301,0,0,0,N,0,0,0,3,67301,0,,4,1,,N,N,N,0,,2,0,1,3,2,,1735,2,1,0,0,0,0,0,3,4,0,1,3,3.0,N,,,,,,,,,,,
2022107722,905.0,1,0,0,0,0,0,0,0,0,8,0,,67,8,2022,6,39.995,-75.1238,905.0,6,0,0,0,0,0,0,0,0,,0,0,0.0,9,1,1,0,N,0,39 59:41.900,,0,75 07:25.720,3,0,0,0,67301,1,0,0,N,1,0,0,2,67301,0,,1,1,,N,N,N,0,,1,0,0,0,0,,905,1,2,0,0,0,0,0,3,4,0,1,3,3.0,N,,,,,,,,,,,
2022083875,730.0,1,0,0,0,0,0,0,0,0,7,0,,67,9,2022,2,40.0865,-74.9867,724.0,6,0,0,0,0,0,0,0,0,,0,0,0.0,7,1,1,0,N,0,40 05:11.486,,7,74 59:11.973,8,0,0,0,67301,0,0,0,N,0,0,0,1,67301,0,,5,1,,N,N,N,0,,0,0,0,3,2,,720,1,1,0,0,0,1,0,3,4,0,1,3,3.0,N,,,,,,,,,,,
2022096658,,0,0,0,0,0,0,0,0,0,1,0,,67,8,2022,4,40.0332,-75.0798,,6,0,0,0,0,0,0,0,0,,0,0,0.0,8,1,1,3,,0,40 01:59.583,,0,75 04:47.102,8,0,0,0,67301,0,0,0,N,0,0,0,2,00000,0,,1,1,,,,N,0,,0,0,1,3,2,,800,1,2,0,0,1,1,0,3,4,0,2,3,,N,,,,,,,,,,,
2022084605,1620.0,0,0,0,0,0,0,0,0,0,4,0,,67,9,2022,4,40.0536,-75.1594,1612.0,6,0,0,0,0,0,0,0,0,,0,0,0.0,16,1,0,2,,2,40 03:12.931,7.0,0,75 09:33.732,0,0,0,0,67301,0,0,0,N,0,0,0,1,67301,0,,1,1,1639.0,N,N,N,0,,0,0,2,0,0,Y,1601,0,2,0,0,1,0,0,3,4,0,2,3,3.0,N,,,,,,,,,,,
2022083946,732.0,0,0,0,1,0,0,0,0,0,5,0,,67,9,2022,3,39.9553,-75.1865,730.0,6,0,0,0,0,0,0,0,0,,0,0,0.0,7,1,1,0,N,0,39 57:19.041,,0,75 11:11.519,3,0,0,0,67301,1,0,0,N,0,0,0,2,67507,0,,1,1,,,,N,0,,1,0,1,0,0,,727,1,2,0,0,0,0,1,3,4,0,1,3,,N,,,,,,,,,,,
2022103479,1723.0,0,0,0,0,0,0,0,0,0,7,0,,67,9,2022,1,39.9315,-75.1995,1713.0,6,0,0,0,0,0,0,0,0,,0,0,0.0,17,1,0,0,N,1,39 55:53.524,4.0,0,75 11:58.288,0,0,0,0,67301,0,0,0,N,0,0,0,1,68K01,0,,4,1,1740.0,N,N,N,0,,0,0,1,0,0,N,1711,0,1,0,0,0,0,0,3,4,0,1,7,,N,,,,,,,,,,,
2022104173,1415.0,0,0,0,0,0,0,2,0,0,4,2,,67,10,2022,4,40.0282,-75.0389,1400.0,6,0,0,0,0,0,2,0,0,,0,0,0.0,14,1,2,1,,1,40 01:41.450,3.0,0,75 02:20.031,4,0,0,0,67301,0,0,0,N,0,0,0,4,67508,1,,1,1,9999.0,Y,N,N,0,,0,0,0,3,2,N,1400,2,2,0,0,0,1,2,3,4,0,2,3,3.0,N,,,,,,,,,,,
2022107088,132.0,0,0,0,0,0,0,0,0,0,7,0,,67,10,2022,7,39.9582,-75.1644,132.0,6,0,0,0,0,0,1,0,0,,0,0,0.0,1,3,0,0,N,1,39 57:29.528,4.0,0,75 09:51.985,0,0,0,0,67301,0,0,0,N,0,0,0,2,68K01,0,,2,1,200.0,N,N,N,0,,0,0,2,0,0,N,131,0,2,0,0,0,0,0,3,4,0,2,3,,N,,,,,,,,,,,
2022108703,1021.0,1,0,0,0,0,0,0,0,0,5,1,,67,11,2022,4,39.9974,-75.1964,1004.0,6,0,0,0,0,0,0,0,0,,0,1,0.0,9,1,0,0,N,0,39 59:50.473,,0,75 11:47.029,0,0,0,0,67301,0,0,0,N,0,0,0,2,68K01,0,,1,1,,N,N,N,0,,0,0,0,0,0,,926,0,2,0,0,0,0,0,3,4,0,2,3,,N,,,,,,,,,,,
2022106267,855.0,1,0,0,0,0,0,0,0,0,7,0,,67,11,2022,7,40.0825,-74.9671,842.0,6,0,0,0,0,1,0,0,0,,0,0,0.0,8,1,1,0,N,0,40 04:56.997,,0,74 58:01.387,3,0,0,0,67301,0,0,0,Y,0,0,0,1,67301,0,,5,1,,N,N,N,0,,1,0,0,0,0,,830,1,1,0,0,0,0,0,3,4,0,1,4,,N,,,,,,,,,,,
2022105795,1145.0,0,0,0,0,0,0,1,0,0,8,1,,67,11,2022,4,39.9449,-75.148,1142.0,6,0,0,0,0,0,0,0,0,,0,0,0.0,11,1,1,0,N,0,39 56:41.600,,0,75 08:52.720,3,0,0,0,67301,1,0,0,N,1,0,0,2,67301,0,,1,1,,N,N,N,0,,1,0,0,3,2,,1135,1,2,0,0,0,0,0,3,4,0,1,3,3.0,N,,,,,,,,,,,
2022107525,2225.0,1,0,0,0,0,0,0,0,0,4,0,,67,10,2022,6,40.0159,-75.1296,2225.0,6,0,0,0,0,0,0,0,0,,1,0,0.0,20,3,1,1,,0,40 00:57.340,,0,75 07:46.520,1,1,1,1,67301,0,0,0,N,0,0,0,3,67301,0,2.0,1,1,,N,N,N,0,0.0,0,1,0,3,2,,2000,1,2,0,0,0,0,0,3,4,0,2,3,3.0,N,,,,,,,,,,,
2022084236,319.0,1,0,0,0,0,0,0,0,0,7,0,,67,9,2022,3,40.0272,-75.0258,227.0,6,0,0,0,0,0,0,0,0,,0,0,0.0,2,3,0,0,N,0,40 01:37.796,,0,75 01:32.771,0,0,0,0,67301,0,0,0,N,0,0,0,2,68K01,0,,3,9,,N,N,N,1,,0,0,0,0,0,,227,0,2,0,0,0,0,0,3,4,0,2,7,7.0,N,,,,,,,,,,,