CRN,ARRIVAL_TM,AUTOMOBILE_COUNT,BELTED_DEATH_COUNT,BELTED_SUSP_SERIOUS_INJ_COUNT,BICYCLE_COUNT,BICYCLE_DEATH_COUNT,BICYCLE_SUSP_SERIOUS_INJ_COUNT,BUS_COUNT,CHLDPAS_DEATH_COUNT,CHLDPAS_SUSP_SERIOUS_INJ_COUNT,COLLISION_TYPE,COMM_VEH_COUNT,CONS_ZONE_SPD_LIM,COUNTY,CRASH_MONTH,CRASH_YEAR,DAY_OF_WEEK,DEC_LAT,DEC_LONG,DISPATCH_TM,DISTRICT,DRIVER_COUNT_16YR,DRIVER_COUNT_17YR,DRIVER_COUNT_18YR,DRIVER_COUNT_19YR,DRIVER_COUNT_20YR,DRIVER_COUNT_50_64YR,DRIVER_COUNT_65_74YR,DRIVER_COUNT_75PLUS,EST_HRS_CLOSED,FATAL_COUNT,HEAVY_TRUCK_COUNT,HORSE_BUGGY_COUNT,HOUR_OF_DAY,ILLUMINATION,INJURY_COUNT,INTERSECT_TYPE,INTERSECTION_RELATED,LANE_CLOSED,LATITUDE,LN_CLOSE_DIR,LOCATION_TYPE,LONGITUDE,MAX_SEVERITY_LEVEL,MCYCLE_DEATH_COUNT,MCYCLE_SUSP_SERIOUS_INJ_COUNT,MOTORCYCLE_COUNT,MUNICIPALITY,NONMOTR_COUNT,NONMOTR_DEATH_COUNT,NONMOTR_SUSP_SERIOUS_INJ_COUNT,NTFY_HIWY_MAINT,PED_COUNT,PED_DEATH_COUNT,PED_SUSP_SERIOUS_INJ_COUNT,PERSON_COUNT,POLICE_AGCY,POSSIBLE_INJ_COUNT,RDWY_SURF_TYPE_CD,RELATION_TO_ROAD,ROAD_CONDITION,ROADWAY_CLEARED,SCH_BUS_IND,SCH_ZONE_IND,SECONDARY_CRASH,SMALL_TRUCK_COUNT,SPEC_JURIS_CD,SUSP_MINOR_INJ_COUNT,SUSP_SERIOUS_INJ_COUNT,SUV_COUNT,TCD_FUNC_CD,TCD_TYPE,TFC_DETOUR_IND,TIME_OF_DAY,TOT_INJ_COUNT,TOTAL_UNITS,UNB_DEATH_COUNT,UNB_SUSP_SERIOUS_INJ_COUNT,UNBELTED_OCC_COUNT,UNK_INJ_DEG_COUNT,UNK_INJ_PER_COUNT,URBAN_AREA,URBAN_RURAL,VAN_COUNT,VEHICLE_COUNT,WEATHER1,WEATHER2,WORK_ZONE_IND,WORK_ZONE_LOC,WORK_ZONE_TYPE,WORKERS_PRES,WZ_CLOSE_DETOUR,WZ_FLAGGER,WZ_LAW_OFFCR_IND,WZ_LN_CLOSURE,WZ_MOVING,WZ_OTHER,WZ_SHLDER_MDN,WZ_WORKERS_INJ_KILLED
2022091345,1915.0,0,0,0,0,0,0,0,0,0,8,0,,67,9,2022,3,39.94,-75.1662,1913.0,6,0,0,0,0,0,0,0,0,,0,0,0.0,15,1,1,1,,0,39 56:24.162,,0,75 09:58.832,3,0,0,0,67301,1,0,0,N,1,0,0,2,67301,0,,1,1,,N,N,N,0,,1,0,0,3,2,,1540,1,2,0,0,0,0,0,3,4,0,1,3,,N,,,,,,,,,,,
2022084613,1610.0,1,0,0,0,0,0,0,0,0,4,0,,67,9,2022,4,40.0609,-75.1923,1604.0,6,0,1,0,0,0,0,0,0,,0,0,0.0,15,1,0,0,N,0,40 03:39.249,,7,75 11:32.149,9,0,0,0,67301,0,0,0,N,0,0,0,2,67301,0,,1,1,,N,N,N,0,,0,0,1,0,0,,1545,0,3,0,0,0,0,2,3,4,1,3,3,,N,,,,,,,,,,,
2022084312,2323.0,0,0,0,0,0,0,0,0,0,4,0,,67,9,2022,6,39.9616,-75.175,2323.0,6,0,0,0,0,0,0,0,0,,0,0,0.0,23,3,1,1,,1,39 57:41.736,1.0,0,75 10:30.090,3,0,0,0,67301,0,0,0,N,0,0,0,5,67301,0,,1,1,2354.0,N,N,N,1,,1,0,1,3,2,N,2307,1,2,0,0,0,0,0,3,4,0,2,3,3.0,N,,,,,,,,,,,
2022105713,2231.0,1,0,0,0,0,0,0,0,0,7,0,,67,10,2022,2,39.9847,-75.2082,2228.0,6,0,0,0,0,0,0,0,0,,0,0,0.0,22,3,0,0,N,1,39 59:04.808,4.0,0,75 12:29.575,0,0,0,0,67301,0,0,0,N,0,0,0,1,68K01,0,,2,9,1115.0,N,N,N,0,,0,0,0,0,0,N,2219,0,1,0,0,0,0,0,3,4,0,1,7,,N,,,,,,,,,,,
2022086919,2357.0,1,0,0,0,0,0,0,0,0,5,0,,67,9,2022,1,40.0357,-75.0167,2337.0,6,0,0,0,0,0,0,0,0,,0,0,0.0,23,3,2,0,N,1,40 02:08.550,1.0,0,75 01:00.076,8,0,0,0,67301,0,0,0,N,0,0,0,2,68K01,0,,1,9,11.0,N,N,Y,1,,0,0,0,0,0,N,2337,2,2,0,0,0,2,0,3,4,0,2,7,,N,,,,,,,,,,,
2022100199,,0,0,0,0,0,0,0,0,0,5,0,,67,10,2022,5,39.962,-75.1481,,6,0,0,0,0,0,1,0,0,,0,0,0.0,19,1,1,0,N,0,39 57:43.300,,0,75 08:53.100,8,0,0,0,67301,0,0,0,N,0,0,0,2,00000,0,,6,1,,,,N,0,,0,0,1,0,0,,1930,1,2,0,0,0,1,0,3,4,0,2,3,,N,,,,,,,,,,,
2022084235,2342.0,2,0,0,0,0,0,0,0,0,4,0,,67,9,2022,2,40.035,-75.0186,2329.0,6,0,0,0,0,0,0,0,0,,0,0,0.0,23,3,0,0,N,0,40 02:06.175,,3,75 01:06.837,0,0,0,0,67301,0,0,0,N,0,0,0,1,68K01,0,,1,9,,N,N,N,0,,0,0,0,0,0,,2317,0,2,0,0,0,0,0,3,4,0,2,7,,N,,,,,,,,,,,
2022088597,810.0,2,0,0,0,0,0,0,0,0,4,0,,67,9,2022,2,40.0588,-75.0506,805.0,6,0,0,0,0,1,0,0,0,,0,0,0.0,7,1,1,1,,0,40 03:31.504,,0,75 03:02.099,4,0,0,0,67301,0,0,0,N,0,0,0,2,67301,1,,1,1,,N,N,N,0,,0,0,0,3,3,,751,1,2,0,0,0,0,0,3,4,0,2,3,3.0,N,,,,,,,,,,,
2022096754,2109.0,0,0,0,0,0,0,0,0,0,8,0,,67,9,2022,6,40.0026,-75.0997,2109.0,6,0,0,0,0,0,0,0,0,,0,0,0.0,21,3,2,5,,0,40 00:09.273,,0,75 05:59.019,3,0,0,0,67301,2,0,0,N,2,0,0,3,67301,0,,1,1,,N,N,N,0,,2,0,0,3,2,,2109,2,3,0,0,0,0,0,3,4,0,1,3,3.0,N,,,,,,,,,,,
2022105805,334.0,1,0,0,0,0,0,0,0,0,1,0,,67,7,2022,2,39.9573,-75.2476,120.0,6,0,0,0,0,0,0,0,0,,0,0,0.0,1,3,1,0,N,0,39 57:26.200,,0,75 14:51.200,3,0,0,0,67301,0,0,0,N,0,0,0,2,67301,0,,1,1,,N,N,N,0,,1,0,1,0,0,,120,1,2,0,0,2,0,0,3,4,0,2,3,3.0,N,,,,,,,,,,,
2022108061,1807.0,0,0,0,0,0,0,0,0,0,4,1,,67,11,2022,3,40.0879,-74.9806,1803.0,6,0,0,0,0,0,2,0,0,,0,1,0.0,17,3,3,1,,0,40 05:16.476,,0,74 58:50.192,4,0,0,0,67301,0,0,0,N,0,0,0,4,67301,3,,1,9,,N,N,N,0,,0,0,0,3,3,,1755,3,2,0,0,3,0,0,3,4,1,2,7,7.0,N,,,,,,,,,,,
2022083552,2340.0,0,0,0,0,0,0,0,0,0,0,0,,67,9,2022,1,39.8919,-75.2419,2334.0,6,0,0,0,0,0,0,0,0,,0,0,0.0,23,3,1,2,,0,39 53:30.990,,0,75 14:30.862,2,0,1,1,67301,0,0,0,N,0,0,0,1,67301,0,,1,1,,N,N,N,0,,0,1,0,3,2,,2320,1,1,0,0,0,0,0,3,4,0,1,3,3.0,N,,,,,,,,,,,
2022107716,946.0,1,0,0,0,0,0,0,0,0,5,0,,67,11,2022,3,39.9247,-75.2439,943.0,6,0,0,0,0,0,0,0,0,,0,0,0.0,9,1,0,0,N,0,39 55:29.030,,0,75 14:38.070,0,0,0,0,67301,0,0,0,N,0,0,0,0,67301,0,,6,1,,N,N,N,1,,0,0,0,0,0,,940,0,2,0,0,0,0,0,3,4,0,2,3,3.0,N,,,,,,,,,,,
2022084539,1308.0,2,0,0,0,0,0,0,0,0,4,0,,67,9,2022,1,39.9886,-75.1612,1308.0,6,0,0,0,0,0,0,0,0,,0,0,0.0,12,1,1,1,,2,39 59:18.812,3.0,0,75 09:40.394,8,0,0,0,67301,0,0,0,N,0,0,0,2,67301,0,,1,9,1400.0,N,N,N,0,,0,0,0,3,3,Y,1230,1,2,0,0,0,1,0,3,4,0,2,7,7.0,N,,,,,,,,,,,
2022106414,1720.0,1,0,0,0,0,0,0,0,0,8,0,,67,11,2022,5,39.9548,-75.1834,1640.0,6,0,0,0,0,0,1,0,0,,0,0,0.0,15,1,1,1,N,0,39 57:17.635,,0,75 11:00.310,3,0,0,0,67301,1,0,0,N,1,0,0,2,67507,0,,1,1,,N,N,N,0,,1,0,0,3,2,,1505,1,2,0,0,0,0,1,3,4,0,1,3,,N,,,,,,,,,,,
2022085363,1910.0,0,0,0,0,0,0,0,0,0,8,0,,67,9,2022,3,39.9305,-75.1683,1910.0,6,0,0,0,0,0,1,0,0,,0,0,0.0,19,1,1,1,,0,39 55:49.827,,0,75 10:05.835,4,0,0,0,67301,1,0,0,N,1,0,0,2,67301,1,,1,1,,N,N,N,0,,0,0,1,3,2,,1905,1,2,0,0,0,0,0,3,4,0,1,3,3.0,N,,,,,,,,,,,
2022106270,2100.0,0,0,0,0,0,0,0,0,0,7,0,,67,10,2022,3,40.0166,-75.1495,2056.0,6,0,0,0,0,0,0,0,0,,0,0,0.0,20,3,1,0,N,1,40 00:59.866,2.0,0,75 08:58.296,3,0,0,1,67301,0,0,0,N,0,0,0,1,67301,0,,3,1,2105.0,N,N,N,0,,1,0,0,0,0,N,2055,1,1,0,0,0,0,0,3,4,0,1,3,,N,,,,,,,,,,,
2022086879,1225.0,0,0,0,1,0,0,0,0,0,4,0,,67,9,2022,3,39.967,-75.1416,1220.0,6,0,0,0,0,0,0,0,0,,0,0,0.0,23,3,1,0,N,0,39 58:01.110,,0,75 08:29.760,3,0,0,0,67301,1,0,0,N,0,0,0,2,67301,0,,1,1,,N,N,N,0,,1,0,1,0,0,,2345,1,2,0,0,0,0,0,3,4,0,1,3,3.0,N,,,,,,,,,,,
2022109034,925.0,2,0,0,0,0,0,0,0,0,2,0,,67,11,2022,6,40.0181,-75.2019,920.0,6,0,0,0,0,0,1,0,0,,0,0,0.0,6,1,1,0,N,0,40 01:04.980,,0,75 12:06.890,8,0,0,0,67301,0,0,0,N,0,0,0,2,67301,0,,1,1,,N,N,N,0,,0,0,0,0,0,,655,1,2,0,0,0,1,1,3,4,0,2,3,,N,,,,,,,,,,,
2022097021,213.0,1,0,0,0,0,0,0,0,0,5,0,,67,9,2022,7,39.9723,-75.2488,208.0,6,0,0,0,0,0,0,0,0,,0,0,0.0,18,1,1,1,,0,39 58:20.364,,0,75 14:55.925,3,0,0,0,67301,0,0,0,N,0,0,0,2,67301,0,,1,1,,N,N,N,0,,1,0,1,3,2,,1813,1,2,0,0,0,0,0,3,4,0,2,3,3.0,N,,,,,,,,,,,
2022095488,1400.0,0,0,0,0,0,0,0,0,0,4,0,,67,10,2022,6,40.0715,-75.0774,1348.0,6,0,0,0,0,0,0,0,0,,0,0,0.0,13,1,1,0,N,0,40 04:17.252,,0,75 04:38.462,3,0,0,1,67301,0,0,0,N,0,0,0,2,67301,0,,1,1,,N,N,N,1,,1,0,0,0,0,,1345,1,2,0,0,0,0,0,3,4,0,2,3,,N,,,,,,,,,,,
2022104967,2311.0,2,0,0,0,0,0,0,0,0,5,0,,67,10,2022,6,40.0139,-75.1415,2311.0,6,0,0,0,0,0,0,0,0,,0,0,0.0,22,3,0,0,N,0,40 00:49.990,,0,75 08:29.520,9,0,0,0,67301,0,0,0,N,0,0,0,1,67301,0,,1,1,,N,N,N,0,,0,0,0,0,0,,2230,0,2,0,0,1,0,1,3,4,0,2,3,,N,,,,,,,,,,,
2022104545,1110.0,1,0,0,0,0,0,0,0,0,5,0,,67,11,2022,2,39.8862,-75.2077,1108.0,6,0,0,0,0,0,0,0,0,,0,0,0.0,10,1,2,0,N,0,39 53:10.306,,3,75 12:27.561,4,0,0,0,67301,0,0,0,N,0,0,0,3,68K01,2,,1,1,,N,N,N,0,,0,0,0,0,0,,1046,2,2,0,0,0,0,1,3,4,0,2,3,,N,,,,,,,,,,,
2022106563,1451.0,1,0,0,0,0,0,0,0,0,7,0,,67,10,2022,1,40.0313,-75.0216,1421.0,6,0,0,0,0,0,0,0,0,,0,0,0.0,14,1,1,0,N,1,40 01:52.686,2.0,0,75 01:17.847,3,0,0,0,67301,0,0,0,N,0,0,0,1,68K01,0,,2,9,1500.0,N,N,N,0,,1,0,0,0,0,N,1419,1,1,0,0,0,0,0,3,4,0,1,7,7.0,N,,,,,,,,,,,
2022106567,1406.0,0,0,0,0,0,0,0,0,0,1,0,,67,10,2022,6,39.9768,-75.198,1356.0,6,0,0,0,0,0,1,0,0,,0,0,0.0,13,1,2,0,N,0,39 58:36.576,,0,75 11:52.837,3,0,0,0,67301,0,0,0,N,0,0,0,5,68K01,0,,1,1,,N,N,N,0,,2,0,1,0,0,,1355,2,2,0,0,0,0,0,3,4,1,2,3,3.0,N,,,,,,,,,,,
2022105799,1413.0,2,0,0,0,0,0,0,0,0,4,0,,67,1,2022,1,39.9604,-75.2411,1413.0,6,0,0,0,0,0,1,0,0,,0,0,0.0,21,3,1,1,,0,39 57:37.599,,0,75 14:27.886,3,0,0,0,67301,0,0,0,N,0,0,0,2,67301,0,,1,99,,N,N,N,0,,1,0,0,3,2,,2100,1,2,0,0,0,0,0,3,4,0,2,3,3.0,N,,,,,,,,,,,
2022106149,1550.0,1,0,0,0,0,0,0,0,0,8,0,,67,9,2022,7,39.9585,-75.2252,1549.0,6,0,0,0,0,0,0,0,0,,0,0,0.0,15,1,1,1,,2,39 57:30.510,7.0,0,75 13:30.663,2,0,0,0,67301,1,0,1,N,1,0,1,3,67301,0,,1,1,1655.0,N,N,N,0,,0,1,0,3,2,Y,1546,1,2,0,0,0,0,0,3,4,0,1,3,3.0,N,,,,,,,,,,,
2022083640,1525.0,0,0,0,1,0,0,0,0,0,2,0,,67,9,2022,7,40.0124,-75.1357,1525.0,6,0,0,0,0,0,0,0,0,,0,0,0.0,14,1,1,0,Y,0,40 00:44.730,,0,75 08:08.690,8,0,0,0,67301,1,0,0,N,0,0,0,2,67301,0,,1,99,,N,N,N,0,,0,0,0,0,0,,1448,1,2,0,0,0,1,0,3,4,0,1,3,3.0,N,,,,,,,,,,,
2022105714,212.0,0,0,0,0,0,0,0,0,0,7,0,,67,11,2022,3,39.9571,-75.1564,212.0,6,0,0,0,0,0,0,0,0,,0,0,0.0,2,3,2,0,N,1,39 57:25.726,3.0,0,75 09:23.023,3,0,0,0,67301,0,0,0,N,0,0,0,2,68K01,0,,4,9,240.0,N,N,N,0,,2,0,1,0,0,N,212,2,1,0,0,1,0,0,3,4,0,1,7,,N,,,,,,,,,,,
2022103322,1500.0,1,0,0,0,0,0,1,0,0,5,1,,67,9,2022,6,39.9999,-75.131,1641.0,6,0,0,0,0,0,0,1,0,,0,0,0.0,15,1,1,0,N,0,39 59:59.670,,0,75 07:51.620,3,0,0,0,67301,0,0,0,N,0,0,0,2,67301,0,,1,1,,N,N,N,0,,1,0,0,0,0,,1520,1,2,0,0,0,0,0,3,4,0,2,3,3.0,N,,,,,,,,,,,
2022106561,1008.0,1,0,0,0,0,0,0,0,0,7,0,,67,9,2022,1,39.8893,-75.2187,957.0,6,0,0,0,0,0,0,0,0,,0,0,0.0,9,1,1,0,N,2,39 53:21.467,2.0,0,75 13:07.268,3,0,0,0,67301,0,0,0,N,0,0,0,1,68K01,0,,7,1,1023.0,N,N,N,0,,1,0,0,0,0,N,955,1,1,0,0,0,0,0,3,4,0,1,4,4.0,N,,,,,,,,,,,
2022105365,2317.0,0,0,0,0,0,0,0,0,0,4,1,,67,9,2022,7,39.9983,-75.1274,2317.0,6,0,0,0,0,0,0,0,0,,0,1,0.0,22,3,0,1,,0,39 59:53.719,,0,75 07:38.508,0,0,0,1,67301,0,0,0,N,0,0,0,2,67301,0,,1,1,,N,N,N,0,,0,0,0,3,2,,2216,0,2,0,0,1,0,0,3,4,0,2,3,3.0,N,,,,,,,,,,,
2022084686,1356.0,1,0,0,0,0,0,0,0,0,4,0,,67,9,2022,4,40.013,-75.1503,1354.0,6,0,0,0,0,0,0,0,0,,0,0,0.0,13,1,1,3,,1,40 00:47.304,2.0,0,75 09:01.456,8,0,0,0,67301,0,0,0,N,0,0,0,5,67301,0,,1,1,1440.0,N,N,N,0,,0,0,1,0,0,N,1349,1,2,0,0,0,1,0,3,4,0,2,3,3.0,N,,,,,,,,,,,
2022108015,233.0,1,0,0,0,0,0,0,0,0,1,0,,67,11,2022,1,39.96,-75.1787,233.0,6,0,0,1,0,0,0,0,0,,0,0,0.0,2,3,1,0,N,0,39 57:35.937,,0,75 10:43.249,3,0,0,0,67301,0,0,0,N,0,0,0,9,68K01,0,,1,9,,N,N,N,0,,1,0,2,0,0,,233,1,3,0,0,0,0,0,3,4,0,3,7,,N,,,,,,,,,,,
2022099700,648.0,0,0,0,0,0,0,0,0,0,4,0,,67,9,2022,4,39.9497,-75.227,648.0,6,0,0,0,0,0,1,1,0,,0,0,0.0,6,1,2,1,,0,39 56:58.861,,0,75 13:37.260,3,0,0,0,67301,0,0,0,N,0,0,0,3,67301,0,,1,1,,N,N,N,0,,2,0,2,3,3,,647,2,2,0,0,0,0,0,3,4,0,2,3,3.0,N,,,,,,,,,,,
2022105803,2132.0,1,0,0,0,0,0,0,0,0,4,0,,67,7,2022,2,39.9459,-75.2403,2130.0,6,0,0,0,0,0,1,0,0,,0,0,0.0,21,3,1,5,,0,39 56:45.089,,0,75 14:25.018,8,0,0,0,67301,0,0,0,N,0,0,0,3,67301,0,,1,1,,N,N,N,0,,0,0,1,3,2,,2113,1,2,0,0,1,1,0,3,4,0,2,3,3.0,N,,,,,,,,,,,
2022107528,543.0,0,0,0,0,0,0,0,0,0,8,0,,67,11,2022,3,40.0501,-75.1505,538.0,6,0,0,0,0,0,0,0,0,,1,0,0.0,5,3,0,1,,2,40 03:00.234,7.0,0,75 09:01.727,1,0,0,0,67301,1,1,0,N,1,1,0,2,67301,0,2.0,1,1,736.0,N,N,N,0,0.0,0,0,1,3,2,Y,515,0,2,0,0,1,0,0,3,4,0,1,3,3.0,N,,,,,,,,,,,
2022106148,2300.0,1,0,0,0,0,0,0,0,0,8,0,,67,8,2022,6,39.9582,-75.2355,2300.0,6,0,0,0,0,0,0,0,0,,0,0,0.0,21,3,1,1,,0,39 57:29.522,,0,75 14:07.817,8,0,0,0,67301,1,0,0,N,1,0,0,2,67301,0,,1,1,,N,N,N,0,,0,0,0,3,2,,2100,1,2,0,0,1,1,1,3,4,0,1,3,3.0,N,,,,,,,,,,,
2022084737,1438.0,0,0,0,0,0,0,0,0,0,8,0,,67,9,2022,4,40.0096,-75.1536,1438.0,6,0,0,0,0,0,0,0,0,,0,0,0.0,14,1,1,1,,2,40 00:34.427,1.0,0,75 09:13.095,3,0,0,0,67301,1,0,0,N,1,0,0,2,67301,0,,1,1,1530.0,N,N,N,0,,1,0,0,3,3,Y,1403,1,2,0,0,0,0,0,3,4,1,1,3,3.0,N,,,,,,,,,,,
2022084448,1318.0,1,0,0,0,0,0,0,0,0,1,0,,67,9,2022,2,39.9149,-75.2212,1315.0,6,0,0,0,0,0,1,0,0,,0,0,0.0,13,1,1,0,N,0,39 54:53.465,,0,75 13:16.368,3,0,0,0,67301,0,0,0,N,0,0,0,2,67301,0,,1,1,,N,N,N,0,,1,0,1,0,0,,1311,1,2,0,0,0,0,0,3,4,0,2,3,3.0,N,,,,,,,,,,,
2022104957,1140.0,0,0,0,0,0,0,0,0,0,5,2,45.0,67,11,2022,6,40.0118,-75.0601,1120.0,6,0,0,0,0,0,0,0,0,,0,2,0.0,9,1,2,0,N,1,40 00:42.591,1.0,3,75 03:36.474,3,0,0,0,67301,0,0,0,N,0,0,0,4,67301,0,,1,1,1230.0,N,N,N,0,,2,0,0,3,8,N,950,2,2,0,0,0,0,1,3,4,0,2,3,3.0,Y,8.0,1.0,N,N,N,N,N,N,Y,N,N
2022091315,700.0,1,0,0,0,0,0,0,0,0,4,0,,67,10,2022,2,40.0521,-75.0678,655.0,6,0,0,0,0,0,0,0,0,,0,0,0.0,6,1,1,1,,0,40 03:07.711,,0,75 04:04.059,3,0,0,0,67301,0,0,0,N,0,0,0,2,67301,0,,1,9,,N,N,N,0,,1,0,1,3,2,,654,1,2,0,0,0,0,0,3,4,0,2,7,,N,,,,,,,,,,,
2022103991,1355.0,0,0,0,0,0,0,0,0,0,8,1,,67,11,2022,3,40.0269,-75.2272,1339.0,6,0,0,0,0,0,0,0,0,,0,1,0.0,13,1,1,1,,2,40 01:36.861,7.0,0,75 13:37.905,4,0,0,0,67301,1,0,0,N,1,0,0,2,67301,1,,1,1,1400.0,N,N,N,0,,0,0,0,3,2,Y,1333,1,2,0,0,0,0,0,3,4,0,1,3,,N,,,,,,,,,,,
2022103622,626.0,0,0,0,0,0,0,0,0,0,7,0,,67,10,2022,2,40.0344,-75.019,613.0,6,0,0,0,0,0,0,0,0,,0,0,0.0,6,3,0,0,N,0,40 02:03.988,,0,75 01:08.415,0,0,0,0,67301,0,0,0,N,0,0,0,1,68K01,0,,3,9,,N,N,N,0,,0,0,1,0,0,,604,0,1,0,0,0,0,0,3,4,0,1,7,,N,,,,,,,,,,,
2022105913,1508.0,2,0,0,0,0,0,1,0,0,1,1,,67,9,2022,5,39.8911,-75.2392,1444.0,6,0,0,0,0,0,2,0,0,,0,0,0.0,14,1,1,0,N,0,39 53:27.873,,2,75 14:21.004,3,0,0,0,67301,0,0,0,N,0,0,0,3,68K01,0,,1,2,,N,N,N,0,,1,0,0,0,0,,1442,1,3,0,0,0,0,0,3,4,0,3,3,3.0,N,,,,,,,,,,,
2022096705,,1,0,0,0,0,0,0,0,0,1,0,,67,9,2022,7,39.9924,-75.2454,,6,0,0,0,0,0,0,0,0,,0,0,0.0,1,3,1,0,Y,0,39 59:32.646,,0,75 14:43.262,8,0,0,0,67301,0,0,0,N,0,0,0,2,00000,0,,1,1,,,,N,0,,0,0,1,3,2,,145,1,2,0,0,0,1,0,3,4,0,2,3,,N,,,,,,,,,,,
2022105366,1530.0,0,0,0,0,0,0,0,0,0,5,0,,67,9,2022,3,39.9906,-75.127,1530.0,6,0,0,0,0,0,0,0,0,,0,0,0.0,10,1,0,0,N,0,39 59:26.130,,0,75 07:37.070,0,0,0,0,67301,0,0,0,N,0,0,0,1,67301,0,,6,99,,N,N,N,0,,0,0,2,0,0,,1030,0,2,0,0,0,0,0,3,4,0,2,99,,N,,,,,,,,,,,
2022105911,914.0,1,0,0,0,0,0,0,0,0,1,0,,67,9,2022,5,40.009,-75.2044,830.0,6,0,0,0,0,0,0,0,0,,0,0,0.0,8,1,1,0,N,0,40 00:32.528,,0,75 12:15.662,3,0,0,0,67301,0,0,0,N,0,0,0,3,68K01,0,,1,1,,N,N,N,0,,1,0,1,0,0,,828,1,2,0,0,0,0,0,3,4,0,2,3,3.0,N,,,,,,,,,,,
2022083583,1100.0,2,0,0,0,0,0,0,0,0,4,0,,67,9,2022,1,40.0431,-75.096,1053.0,6,0,0,0,0,0,1,0,0,,0,0,0.0,10,1,1,0,N,0,40 02:35.060,,0,75 05:45.710,3,0,0,0,67301,0,0,0,N,0,0,0,2,67301,0,,1,9,,N,N,N,0,,1,0,0,0,0,,1050,1,2,0,0,0,0,0,3,4,0,2,7,,N,,,,,,,,,,,
2022084770,2212.0,0,0,0,0,0,0,0,0,0,8,0,,67,9,2022,4,40.0306,-75.0548,2200.0,6,0,0,0,0,0,0,0,0,,0,0,0.0,10,8,1,1,,0,40 01:50.438,,0,75 03:17.357,3,0,0,0,67301,1,0,0,N,1,0,0,2,67301,0,,1,1,,N,N,N,0,,1,0,1,3,2,,1010,1,2,0,0,0,0,0,3,4,0,1,3,3.0,N,,,,,,,,,,,
2022084916,15.0,1,0,0,0,0,0,0,0,0,1,0,,67,9,2022,1,40.035,-75.0694,11.0,6,0,0,0,0,0,0,1,0,,0,0,0.0,16,1,0,1,,0,40 02:06.097,,0,75 04:09.909,9,0,0,0,67301,0,0,0,N,0,0,0,2,67301,0,,1,9,,N,N,N,0,,0,0,1,3,2,,1628,0,2,0,0,2,0,2,3,4,0,2,7,,N,,,,,,,,,,,
2022084547,550.0,1,0,0,0,0,0,0,0,0,8,0,,67,9,2022,3,40.012,-75.0696,545.0,6,0,0,0,0,0,0,0,0,,0,0,0.0,5,3,1,0,N,0,40 00:43.287,,0,75 04:10.432,3,0,0,0,67301,1,0,0,N,1,0,0,2,67301,0,,1,9,,N,N,N,0,,1,0,0,0,0,,540,1,2,0,0,0,0,1,3,4,0,1,7,4.0,N,,,,,,,,,,,
2022105973,1828.0,1,0,0,0,0,0,0,0,0,4,0,,67,11,2022,5,40.0371,-75.0112,1818.0,6,0,0,0,0,0,1,0,0,,0,0,0.0,18,3,1,1,,1,40 02:13.501,7.0,0,75 00:40.810,3,0,0,0,67301,0,0,0,N,0,0,0,2,67301,0,,1,1,2024.0,N,N,N,0,,1,0,1,3,2,N,1818,1,2,0,0,0,0,0,3,4,0,2,3,,N,,,,,,,,,,,
2022105910,759.0,1,0,0,0,0,0,0,0,0,5,0,,67,9,2022,4,40.0238,-75.0321,745.0,6,0,0,0,0,0,0,0,0,,0,0,0.0,7,1,0,0,N,0,40 01:25.654,,0,75 01:55.500,0,0,0,0,67301,0,0,0,N,0,0,0,2,68K01,0,,1,1,,N,N,N,0,,0,0,1,0,0,,742,0,2,0,0,0,0,0,3,4,0,2,3,3.0,N,,,,,,,,,,,
2022085085,1017.0,0,0,0,0,0,0,0,0,0,8,2,,67,9,2022,7,40.031,-75.1797,1014.0,6,0,0,0,0,0,0,0,0,,1,0,0.0,10,1,0,0,N,0,40 01:51.450,,0,75 10:46.990,1,0,0,0,67301,1,1,0,N,1,1,0,2,67301,0,2.0,1,1,,N,N,N,0,0.0,0,0,0,0,0,,1010,0,3,0,0,1,0,0,3,4,2,2,3,3.0,N,,,,,,,,,,,
2022103313,2331.0,1,0,0,0,0,0,0,0,0,7,0,,67,11,2022,6,39.969,-75.1278,2329.0,6,0,0,0,0,0,0,0,0,,0,0,0.0,23,3,1,0,N,0,39 58:08.392,,0,75 07:40.120,8,0,0,0,67301,0,0,0,N,0,0,0,1,68K01,0,,4,1,,N,N,N,0,,0,0,0,0,0,,2327,1,1,0,0,1,1,0,3,4,0,1,3,3.0,N,,,,,,,,,,,
2022091073,2056.0,1,0,0,0,0,0,0,0,0,5,0,,67,9,2022,6,40.01,-75.1204,2037.0,6,0,0,0,0,0,0,0,0,,0,0,0.0,19,2,0,0,N,0,40 00:36.000,,0,75 07:13.500,9,0,0,0,67301,0,0,0,N,0,0,0,1,67301,0,,1,9,,N,N,N,0,,0,0,1,0,0,,1941,0,2,0,0,0,0,1,3,4,0,2,7,7.0,N,,,,,,,,,,,
2022108047,2326.0,1,0,0,0,0,0,0,0,0,7,0,,67,11,2022,3,39.9748,-75.1169,2314.0,6,0,0,0,0,1,0,0,0,,0,0,0.0,23,3,0,0,N,1,39 58:29.349,1.0,0,75 07:00.934,0,0,0,0,67301,0,0,0,N,0,0,0,1,68K01,0,,2,9,1137.0,N,N,N,0,,0,0,0,0,0,N,2314,0,1,0,0,0,0,0,3,4,0,1,7,,N,,,,,,,,,,,