CRN,ARRIVAL_TM,AUTOMOBILE_COUNT,BELTED_DEATH_COUNT,BELTED_SUSP_SERIOUS_INJ_COUNT,BICYCLE_COUNT,BICYCLE_DEATH_COUNT,BICYCLE_SUSP_SERIOUS_INJ_COUNT,BUS_COUNT,CHLDPAS_DEATH_COUNT,CHLDPAS_SUSP_SERIOUS_INJ_COUNT,COLLISION_TYPE,COMM_VEH_COUNT,CONS_ZONE_SPD_LIM,COUNTY,CRASH_MONTH,CRASH_YEAR,DAY_OF_WEEK,DEC_LAT,DEC_LONG,DISPATCH_TM,DISTRICT,DRIVER_COUNT_16YR,DRIVER_COUNT_17YR,DRIVER_COUNT_18YR,DRIVER_COUNT_19YR,DRIVER_COUNT_20YR,DRIVER_COUNT_50_64YR,DRIVER_COUNT_65_74YR,DRIVER_COUNT_75PLUS,EST_HRS_CLOSED,FATAL_COUNT,HEAVY_TRUCK_COUNT,HORSE_BUGGY_COUNT,HOUR_OF_DAY,ILLUMINATION,INJURY_COUNT,INTERSECT_TYPE,INTERSECTION_RELATED,LANE_CLOSED,LATITUDE,LN_CLOSE_DIR,LOCATION_TYPE,LONGITUDE,MAX_SEVERITY_LEVEL,MCYCLE_DEATH_COUNT,MCYCLE_SUSP_SERIOUS_INJ_COUNT,MOTORCYCLE_COUNT,MUNICIPALITY,NONMOTR_COUNT,NONMOTR_DEATH_COUNT,NONMOTR_SUSP_SERIOUS_INJ_COUNT,NTFY_HIWY_MAINT,PED_COUNT,PED_DEATH_COUNT,PED_SUSP_SERIOUS_INJ_COUNT,PERSON_COUNT,POLICE_AGCY,POSSIBLE_INJ_COUNT,RDWY_SURF_TYPE_CD,RELATION_TO_ROAD,ROAD_CONDITION,ROADWAY_CLEARED,SCH_BUS_IND,SCH_ZONE_IND,SECONDARY_CRASH,SMALL_TRUCK_COUNT,SPEC_JURIS_CD,SUSP_MINOR_INJ_COUNT,SUSP_SERIOUS_INJ_COUNT,SUV_COUNT,TCD_FUNC_CD,TCD_TYPE,TFC_DETOUR_IND,TIME_OF_DAY,TOT_INJ_COUNT,TOTAL_UNITS,UNB_DEATH_COUNT,UNB_SUSP_SERIOUS_INJ_COUNT,UNBELTED_OCC_COUNT,UNK_INJ_DEG_COUNT,UNK_INJ_PER_COUNT,URBAN_AREA,URBAN_RURAL,VAN_COUNT,VEHICLE_COUNT,WEATHER1,WEATHER2,WORK_ZONE_IND,WORK_ZONE_LOC,WORK_ZONE_TYPE,WORKERS_PRES,WZ_CLOSE_DETOUR,WZ_FLAGGER,WZ_LAW_OFFCR_IND,WZ_LN_CLOSURE,WZ_MOVING,WZ_OTHER,WZ_SHLDER_MDN,WZ_WORKERS_INJ_KILLED
2022107459,2334.0,1,0,0,0,0,0,0,0,0,5,0,45.0,67,11,2022,5,39.9959,-75.0828,2324.0,6,0,0,0,0,0,0,0,0,,0,0,0.0,23,3,2,0,N,0,39 59:45.307,,0,75 04:58.208,4,0,0,0,67301,0,0,0,N,0,0,0,5,68K01,2,,1,1,,N,N,N,0,,0,0,1,0,0,,2319,2,3,0,0,0,0,1,3,4,0,3,3,,Y,2.0,2.0,Y,N,N,Y,Y,N,N,N,N
2022083589,16.0,1,0,0,0,0,0,0,0,0,4,0,,67,9,2022,7,39.9245,-75.1406,15.0,6,0,0,0,0,0,0,0,0,,0,0,0.0,0,3,0,1,,0,39 55:28.230,,7,75 08:26.150,0,0,0,0,67301,0,0,0,N,0,0,0,3,67301,0,,1,1,,N,N,N,0,,0,0,1,0,0,,15,0,2,0,0,0,0,0,3,4,0,2,3,,N,,,,,,,,,,,
2022099699,908.0,2,0,0,0,0,0,0,0,0,5,0,,67,9,2022,1,39.9566,-75.2195,906.0,6,0,0,0,0,0,0,0,0,,0,0,0.0,9,1,1,0,N,0,39 57:23.680,,0,75 13:10.310,3,0,0,0,67301,0,0,0,N,0,0,0,2,67301,0,,6,1,,N,N,N,0,,1,0,0,0,0,,900,1,2,0,0,0,0,0,3,4,0,2,7,4.0,N,,,,,,,,,,,
2022107023,1805.0,0,0,0,0,0,0,0,0,0,4,1,,67,11,2022,1,39.9054,-75.1735,1805.0,6,0,0,0,0,0,0,0,0,,0,1,0.0,18,3,0,5,,1,39 54:19.500,3.0,0,75 10:24.761,0,0,0,0,67301,0,0,0,N,0,0,0,2,67301,0,,1,1,1817.0,N,N,N,0,,0,0,0,3,2,Y,1805,0,2,0,0,0,0,0,3,4,1,2,3,3.0,N,,,,,,,,,,,
2022108763,1546.0,0,0,0,0,0,0,0,0,0,8,0,,67,11,2022,4,40.0553,-75.0786,1542.0,6,0,0,0,0,0,1,0,0,,0,0,0.0,15,1,1,0,N,0,40 03:19.130,,0,75 04:42.780,3,0,0,0,67301,1,0,0,N,1,0,0,2,67301,0,,1,1,,N,N,N,0,,1,0,1,0,0,,1541,1,2,0,0,0,0,0,3,4,0,1,3,3.0,N,,,,,,,,,,,
2022108072,350.0,1,0,0,0,0,0,0,0,0,5,0,,67,9,2022,6,40.0008,-75.0989,321.0,6,0,0,0,0,0,0,0,0,,0,0,0.0,2,3,0,0,N,0,40 00:03.040,,0,75 05:56.070,9,0,0,0,67301,0,0,0,N,0,0,0,1,67301,0,,6,1,,N,N,N,0,,0,0,2,0,0,,253,0,3,0,0,0,0,1,3,4,0,3,3,,N,,,,,,,,,,,
2022083578,1545.0,1,0,0,0,0,0,0,0,0,8,0,,67,9,2022,6,39.9173,-75.1746,1544.0,6,0,0,0,0,1,0,0,0,,0,0,0.0,15,1,1,1,,0,39 55:02.254,,0,75 10:28.502,3,0,0,0,67301,1,0,0,N,1,0,0,2,67301,0,,1,1,,N,N,N,0,,1,0,0,3,2,,1543,1,2,0,0,0,0,0,3,4,0,1,3,3.0,N,,,,,,,,,,,
2022109017,2235.0,1,0,0,0,0,0,0,0,0,8,0,,67,11,2022,5,40.0443,-75.0541,2224.0,6,0,0,0,0,0,0,0,0,,0,0,0.0,22,3,1,1,,0,40 02:39.718,,0,75 03:14.534,3,0,0,0,67301,1,0,0,N,1,0,0,2,67301,0,,1,1,,N,N,N,0,,1,0,0,3,2,,2221,1,2,0,0,0,0,0,3,4,0,1,3,3.0,N,,,,,,,,,,,
2022084277,1759.0,1,0,0,0,0,0,0,0,0,4,0,,67,9,2022,2,40.0473,-75.1677,1759.0,6,0,0,0,0,0,0,0,1,,0,0,0.0,17,4,6,1,,0,40 02:50.166,,0,75 10:03.872,3,0,0,0,67301,0,0,0,N,0,0,0,7,67301,0,,1,1,,N,N,Y,0,,6,0,1,3,2,,1750,6,2,0,0,0,0,0,3,4,0,2,4,98.0,N,,,,,,,,,,,
2022107523,1715.0,1,0,0,0,0,0,0,0,0,7,0,,67,8,2022,7,39.9963,-75.1133,1715.0,6,0,0,0,0,0,0,0,0,,0,0,0.0,17,1,1,0,N,0,39 59:46.653,,0,75 06:47.703,3,0,0,0,67301,0,0,0,N,0,0,0,1,67301,0,,5,1,,N,N,N,0,,1,0,1,0,0,,1715,1,2,0,0,1,0,0,3,4,0,2,3,3.0,N,,,,,,,,,,,
2022084904,1535.0,1,0,0,0,0,0,0,0,0,8,0,,67,9,2022,4,39.9188,-75.1759,1526.0,6,0,0,0,0,0,0,0,0,,0,0,0.0,14,1,1,1,,0,39 55:07.694,,0,75 10:33.178,3,0,0,0,67301,1,0,0,N,1,0,0,2,67301,0,,1,1,,N,N,N,0,,1,0,0,3,3,,1459,1,2,0,0,1,0,0,3,4,0,1,3,3.0,N,,,,,,,,,,,
2022106154,112.0,2,0,0,0,0,0,0,0,0,1,0,,67,9,2022,7,39.9551,-75.2442,112.0,6,0,0,0,0,0,0,0,0,,0,0,0.0,0,3,0,0,N,0,39 57:18.360,,0,75 14:39.190,0,0,0,0,67301,0,0,0,N,0,0,0,1,67301,0,,6,1,,N,N,Y,0,,0,0,1,0,0,,21,0,3,0,0,0,0,0,3,4,0,3,3,3.0,N,,,,,,,,,,,
2022100801,1927.0,0,0,0,0,0,0,0,0,0,8,0,,67,9,2022,4,39.9997,-75.1385,1922.0,6,0,0,0,0,0,0,0,0,,0,0,0.0,19,1,1,1,,0,39 59:59.082,,0,75 08:18.715,3,0,0,0,67301,1,0,0,N,1,0,0,2,67301,0,,1,1,,N,N,N,0,,1,0,1,3,2,,1922,1,2,0,0,1,0,0,3,4,0,1,3,3.0,N,,,,,,,,,,,
2022083588,2005.0,1,0,0,0,0,0,0,0,0,1,0,,67,9,2022,6,39.943,-75.1656,2201.0,6,0,0,0,0,0,0,0,0,,0,0,0.0,21,3,1,0,N,0,39 56:34.687,,0,75 09:56.135,3,0,0,0,67301,0,0,0,N,0,0,0,1,67301,0,,6,1,,N,N,N,0,,1,0,1,0,0,,2130,1,2,0,0,0,0,0,3,4,0,2,3,3.0,N,,,,,,,,,,,
2022083650,1323.0,1,0,0,0,0,0,0,0,0,4,0,,67,9,2022,1,40.0554,-75.1263,1323.0,6,0,0,0,0,0,0,0,1,,0,0,0.0,12,1,0,2,,0,40 03:19.504,,0,75 07:34.819,0,0,0,0,67301,0,0,0,N,0,0,0,4,67301,0,,1,9,,N,N,N,0,,0,0,1,3,2,,1245,0,2,0,0,0,0,0,3,4,0,2,7,,N,,,,,,,,,,,
2022107478,154.0,2,0,0,0,0,0,0,0,0,5,0,,67,11,2022,1,39.96,-75.1786,154.0,6,0,0,0,0,0,0,0,0,,0,0,0.0,1,3,0,0,N,1,39 57:35.906,4.0,0,75 10:42.982,0,0,0,0,67301,0,0,0,N,0,0,0,2,68K01,0,,1,9,255.0,N,N,N,0,,0,0,0,0,0,N,152,0,2,0,0,0,0,0,3,4,0,2,7,,N,,,,,,,,,,,
2022084309,2042.0,1,0,0,0,0,0,0,0,0,8,0,,67,9,2022,3,39.9416,-75.1492,2041.0,6,0,0,0,0,0,0,0,0,,0,0,0.0,20,3,1,1,,0,39 56:29.847,,0,75 08:57.023,8,0,0,0,67301,1,0,0,N,1,0,0,2,67301,0,,1,1,,N,N,N,0,,0,0,0,3,2,,2040,1,2,0,0,0,1,0,3,4,0,1,3,3.0,N,,,,,,,,,,,
2022085096,1600.0,2,0,0,0,0,0,0,0,0,4,0,,67,9,2022,4,40.0545,-75.0908,1558.0,6,0,0,0,0,0,1,0,0,,0,0,0.0,15,1,1,1,,0,40 03:16.301,,0,75 05:26.793,3,0,0,0,67301,0,0,0,N,0,0,0,3,67301,0,,1,1,,N,N,N,0,,1,0,0,3,3,,1526,1,2,0,0,0,0,0,3,4,0,2,3,,N,,,,,,,,,,,
2022089253,,1,0,0,0,0,0,0,0,0,7,0,,67,8,2022,6,40.0715,-75.2402,,6,0,0,0,0,0,0,0,0,,0,0,0.0,23,3,1,0,N,0,40 04:17.500,,0,75 14:24.800,8,0,0,0,67301,0,0,0,N,0,0,0,1,00000,0,,5,1,,,,N,0,,0,0,0,0,0,,2330,1,2,0,0,0,1,0,3,4,0,1,3,,N,,,,,,,,,,,
2022105800,30.0,1,0,0,0,0,0,0,0,0,4,0,,67,6,2022,5,39.9469,-75.2127,21.0,6,0,0,0,0,0,0,0,0,,0,0,0.0,23,3,1,1,,0,39 56:48.807,,0,75 12:45.628,3,0,0,0,67301,0,0,0,N,0,0,0,2,67301,0,,1,1,,N,N,N,0,,1,0,0,3,3,,2313,1,2,0,0,0,0,1,3,4,0,2,3,3.0,N,,,,,,,,,,,
2022091835,,0,0,0,0,0,0,0,0,0,1,0,,67,9,2022,6,,,,6,0,0,0,0,0,0,0,0,,0,0,0.0,13,1,2,0,N,0,,,0,,8,0,0,0,67301,0,0,0,N,0,0,0,3,00000,0,,1,1,,,,N,0,,0,0,2,0,0,,1320,2,2,0,0,1,2,0,3,3,0,2,3,,N,,,,,,,,,,,
2022084543,1706.0,0,0,0,0,0,0,0,0,0,4,0,,67,9,2022,4,39.991,-75.1686,1702.0,6,0,0,0,0,0,1,0,0,,0,0,0.0,16,1,1,1,,0,39 59:27.754,,0,75 10:06.805,8,0,0,0,67301,0,0,0,N,0,0,0,2,67301,0,,1,1,,N,N,N,0,,0,0,0,3,2,,1600,1,2,0,0,0,1,0,3,4,1,2,3,3.0,N,,,,,,,,,,,
2022083559,949.0,0,0,0,0,0,0,0,0,0,6,0,,67,9,2022,7,39.9748,-75.2363,949.0,6,0,0,0,0,0,0,0,0,,0,0,0.0,9,1,1,0,N,2,39 58:29.200,6.0,0,75 14:10.510,3,0,0,0,67301,0,0,0,N,0,0,0,6,67301,0,,1,1,1059.0,N,N,N,0,,1,0,1,0,0,N,944,1,2,0,0,0,0,0,3,4,1,2,3,,N,,,,,,,,,,,
2022100200,,2,0,0,0,0,0,0,0,0,1,0,,67,8,2022,3,,,,6,0,0,0,0,0,0,0,1,,0,0,0.0,15,1,1,1,,0,,,0,,8,0,0,0,67301,0,0,0,N,0,0,0,2,00000,0,,1,1,,,,N,0,,0,0,0,3,2,,1500,1,2,0,0,1,1,0,3,3,0,2,3,,N,,,,,,,,,,,
2022083647,1923.0,3,0,0,0,0,0,0,0,0,5,0,,67,9,2022,7,39.9685,-75.1311,1919.0,6,0,0,0,0,0,1,0,0,,0,0,0.0,19,1,0,0,N,0,39 58:06.550,,0,75 07:51.940,0,0,0,0,67301,0,0,0,N,0,0,0,1,67301,0,,6,1,,N,N,Y,0,,0,0,0,0,0,,1900,0,3,0,0,0,0,0,3,4,0,3,3,,N,,,,,,,,,,,
2022105791,1645.0,1,0,0,0,0,0,0,0,0,4,0,,67,11,2022,5,40.0514,-75.0568,1639.0,6,0,0,0,0,0,0,0,0,,0,0,0.0,15,1,0,0,N,0,40 03:05.178,,7,75 03:24.370,9,0,0,0,67301,0,0,0,N,0,0,0,2,67301,0,,1,1,,N,N,N,0,,0,0,1,0,0,,1547,0,2,0,0,0,0,1,3,4,0,2,3,3.0,N,,,,,,,,,,,
2022108009,454.0,1,0,0,0,0,0,0,0,0,7,0,,67,11,2022,7,39.9405,-75.1436,447.0,6,0,0,0,0,0,0,0,0,,0,0,0.0,4,3,1,0,N,2,39 56:25.842,2.0,0,75 08:36.821,8,0,0,0,67301,0,0,0,N,0,0,0,1,68K01,0,,2,9,524.0,N,N,Y,0,,0,0,0,0,0,Y,442,1,1,0,0,0,1,0,3,4,0,1,7,,N,,,,,,,,,,,
2022107712,2044.0,0,0,0,0,0,0,0,0,0,2,0,,67,11,2022,1,40.0773,-75.0854,2034.0,6,0,0,0,0,0,0,1,0,,0,0,0.0,19,3,2,0,N,2,40 04:38.359,6.0,0,75 05:07.460,3,0,0,0,67301,0,0,0,N,0,0,0,3,67301,0,,1,1,200.0,N,N,N,0,,2,0,2,0,0,N,1943,2,2,0,0,0,0,0,3,4,0,2,3,3.0,N,,,,,,,,,,,
2022108285,842.0,1,0,0,0,0,0,0,0,0,7,0,,67,11,2022,1,39.993,-75.0819,836.0,6,0,0,0,0,0,0,0,0,,0,0,0.0,8,1,1,0,N,0,39 59:34.856,,0,75 04:54.792,3,0,0,0,67301,0,0,0,N,0,0,0,1,67301,0,,5,1,,N,N,N,0,,1,0,0,0,0,,804,1,1,0,0,0,0,0,3,4,0,1,3,3.0,N,,,,,,,,,,,
2022090942,2035.0,2,0,0,0,0,0,0,0,0,1,0,,67,9,2022,4,39.8946,-75.2296,2035.0,6,0,0,0,0,0,1,0,0,,0,0,0.0,16,1,1,3,,0,39 53:40.896,,0,75 13:46.117,3,0,0,0,67301,0,0,0,N,0,0,0,4,67301,0,,1,1,,N,N,N,0,,1,0,2,3,2,,1640,1,5,0,0,0,0,2,3,4,0,4,3,3.0,N,,,,,,,,,,,
2022091831,,1,0,0,0,0,0,0,0,0,1,0,,67,8,2022,2,39.9234,-75.2447,,6,0,0,0,0,0,0,0,0,,0,0,0.0,14,1,1,0,N,0,39 55:24.200,,0,75 14:40.900,8,0,0,0,67301,0,0,0,N,0,0,0,2,00000,0,,1,1,,,,N,0,,0,0,1,0,0,,1445,1,2,0,0,0,1,0,3,4,0,2,3,,N,,,,,,,,,,,
2022105801,612.0,1,0,0,0,0,0,0,0,0,7,0,,67,6,2022,7,39.9528,-75.2326,612.0,6,0,0,0,0,0,0,0,0,,0,0,0.0,6,1,0,0,N,0,39 57:10.100,,0,75 13:57.300,0,0,0,0,67301,0,0,0,N,0,0,0,1,67301,0,,4,1,,N,N,N,0,,0,0,0,0,0,,611,0,1,0,0,1,0,0,3,4,0,1,3,3.0,N,,,,,,,,,,,
2022084556,1711.0,1,0,0,1,0,0,0,0,0,4,0,,67,9,2022,4,39.9509,-75.152,1640.0,6,0,0,0,0,0,1,0,0,,0,0,0.0,16,1,1,1,,0,39 57:03.252,,0,75 09:07.174,3,0,0,0,67301,1,0,0,N,0,0,0,2,67301,0,,1,1,,N,N,N,0,,1,0,0,3,2,,1627,1,2,0,0,0,0,0,3,4,0,1,3,3.0,N,,,,,,,,,,,
2022084456,818.0,0,0,0,0,0,0,0,0,0,8,0,,67,9,2022,3,39.9397,-75.2255,814.0,6,0,0,0,0,0,0,0,0,,0,0,0.0,8,1,1,1,,1,39 56:23.027,3.0,0,75 13:31.850,3,0,0,0,67301,1,0,0,N,1,0,0,2,67301,0,,1,1,30.0,N,N,N,0,,1,0,1,3,2,Y,812,1,2,0,0,0,0,0,3,4,0,1,3,3.0,N,,,,,,,,,,,
2022094271,1638.0,1,0,0,0,0,0,0,0,0,4,0,,67,9,2022,1,39.972,-75.2345,1638.0,6,0,0,0,0,0,0,0,0,,0,0,0.0,16,1,2,1,,0,39 58:19.300,,0,75 14:04.109,3,0,0,0,67301,0,0,0,N,0,0,0,3,67301,0,,1,9,,N,N,N,0,,2,0,1,3,3,,1636,2,2,0,0,0,0,0,3,4,0,2,7,,N,,,,,,,,,,,
2022087535,1355.0,1,0,0,1,0,0,0,0,0,4,0,,67,9,2022,3,40.0312,-75.0217,1350.0,6,0,0,0,0,0,1,0,0,,0,0,0.0,13,1,1,2,,0,40 01:52.399,,1,75 01:18.206,8,0,0,0,67301,1,0,0,N,0,0,0,2,67301,0,,1,1,,N,N,N,0,,0,0,0,3,2,,1345,1,2,0,0,0,1,0,3,4,0,1,4,4.0,N,,,,,,,,,,,
2022103478,1723.0,1,0,0,0,0,0,0,0,0,1,0,,67,9,2022,7,39.9178,-75.1478,1714.0,6,0,0,0,0,0,0,0,0,,0,0,0.0,17,1,3,0,N,0,39 55:04.012,,0,75 08:52.258,4,0,0,0,67301,0,0,0,N,0,0,0,3,68K01,3,,1,1,,N,N,N,0,,0,0,1,0,0,,1704,3,2,0,0,0,0,0,3,4,0,2,3,,N,,,,,,,,,,,
2022104954,2040.0,2,0,0,0,0,0,0,0,0,4,0,,67,11,2022,3,40.0368,-75.0407,2033.0,6,0,0,0,0,1,0,0,0,,0,0,0.0,19,1,4,1,,0,40 02:12.310,,0,75 02:26.659,8,0,0,0,67301,0,0,0,N,0,0,0,5,67301,0,,1,1,,N,N,N,0,,0,0,0,3,2,,1934,4,2,0,0,0,4,1,3,4,0,2,3,,N,,,,,,,,,,,
2022107498,1744.0,1,0,0,0,0,0,0,0,0,1,0,,67,11,2022,2,40.0089,-75.2054,1739.0,6,0,0,0,0,0,0,0,0,,0,0,0.0,17,3,2,0,N,1,40 00:32.113,3.0,2,75 12:19.403,3,0,0,0,67301,0,0,0,N,0,0,0,3,68K01,1,,1,1,612.0,N,N,N,0,,1,0,1,0,0,N,1738,2,2,0,0,0,0,0,3,4,0,2,3,3.0,N,,,,,,,,,,,
2022083837,1815.0,0,0,0,1,0,0,0,0,0,4,0,,67,9,2022,2,39.9784,-75.1146,1815.0,6,0,0,0,0,0,0,0,0,,0,0,0.0,14,1,1,1,,0,39 58:42.906,,0,75 06:53.125,3,0,0,0,67301,1,0,0,N,0,0,0,2,67301,0,,1,1,,N,N,N,0,,1,0,1,3,2,,1430,1,2,0,0,0,0,0,3,4,0,1,3,3.0,N,,,,,,,,,,,
2022096695,,1,0,0,0,0,0,0,0,0,1,0,,67,2,2022,1,40.0032,-75.1525,,6,0,0,0,0,0,0,0,0,,0,0,0.0,17,1,1,5,,0,40 00:11.393,,0,75 09:08.837,8,0,0,0,67301,0,0,0,N,0,0,0,2,00000,0,,1,1,,,,N,0,,0,0,1,3,2,,1707,1,2,0,0,0,1,0,3,4,0,2,3,,N,,,,,,,,,,,
2022084310,1018.0,0,0,0,0,0,0,0,0,0,1,0,,67,9,2022,4,40.104,-75.0516,1015.0,6,0,0,0,0,0,1,0,0,,0,0,0.0,10,1,1,0,N,0,40 06:14.383,,0,75 03:05.784,3,0,0,0,67301,0,0,0,N,0,0,0,3,67301,0,,1,1,,N,N,N,0,,1,0,2,0,0,,1011,1,2,0,0,0,0,0,3,4,0,2,3,3.0,N,,,,,,,,,,,
2022107221,1329.0,1,0,0,0,0,0,0,0,0,1,1,,67,11,2022,3,39.9772,-75.1576,1328.0,6,0,0,0,0,0,0,0,0,,0,1,0.0,13,1,0,0,Y,0,39 58:38.000,,0,75 09:27.200,0,0,0,0,67301,0,0,0,N,0,0,0,2,67505,0,,1,1,,N,N,N,0,,0,0,0,3,2,,1325,0,2,0,0,1,0,0,3,4,0,2,3,3.0,N,,,,,,,,,,,
2022084023,1719.0,0,0,0,0,0,0,0,0,0,8,0,,67,9,2022,2,40.0072,-75.1566,1717.0,6,0,0,0,0,0,0,1,0,,0,0,0.0,15,1,1,0,N,0,40 00:26.070,,0,75 09:23.780,3,0,0,0,67301,1,0,0,N,1,0,0,2,67301,0,,1,1,,N,N,N,0,,1,0,1,0,0,,1545,1,2,0,0,0,0,0,3,4,0,1,4,,N,,,,,,,,,,,
2022084280,1545.0,0,0,0,0,0,0,0,0,0,4,0,,67,9,2022,3,40.0731,-75.1718,1528.0,6,0,0,0,0,0,0,2,0,,0,0,0.0,12,1,3,1,,0,40 04:23.026,,0,75 10:18.328,3,0,0,0,67301,0,0,0,N,0,0,0,3,67301,0,,1,1,,N,N,N,1,,3,0,1,3,3,,1248,3,2,0,0,0,0,0,3,4,0,2,3,3.0,N,,,,,,,,,,,
2022105809,36.0,1,0,0,0,0,0,0,0,0,7,0,,67,11,2022,6,40.0427,-75.1297,35.0,6,0,0,0,0,0,0,0,0,,0,0,0.0,0,3,1,0,N,0,40 02:33.550,,0,75 07:47.050,3,0,0,0,67301,0,0,0,N,0,0,0,1,67301,0,,4,1,,N,N,N,0,,1,0,0,0,0,,30,1,1,0,0,0,0,0,3,4,0,1,3,,N,,,,,,,,,,,
2022105361,1434.0,1,0,0,0,0,0,0,0,0,8,0,,67,11,2022,3,40.0208,-75.0947,1428.0,6,0,0,0,0,0,0,0,0,,0,0,0.0,14,1,1,0,N,2,40 01:14.799,5.0,0,75 05:41.095,3,0,0,0,67301,1,0,0,N,1,0,0,1,67301,0,,1,1,1515.0,N,Y,N,0,,1,0,0,0,0,Y,1426,1,2,0,0,0,0,0,3,4,0,1,3,3.0,N,,,,,,,,,,,
2022084674,1915.0,0,0,0,0,0,0,0,0,0,8,0,,67,9,2022,6,39.9364,-75.1536,1906.0,6,0,0,0,0,0,0,0,0,,0,0,0.0,19,1,1,1,,0,39 56:10.906,,0,75 09:12.923,3,0,0,0,67301,1,0,0,N,1,0,0,2,67301,0,,1,1,,N,N,N,0,,1,0,0,3,3,,1900,1,2,0,0,0,0,0,3,4,0,1,3,3.0,N,,,,,,,,,,,
2022083605,850.0,0,0,0,0,0,0,0,0,0,8,0,,67,9,2022,6,39.9278,-75.237,850.0,6,0,0,0,0,0,0,0,0,,0,0,0.0,8,1,1,1,,0,39 55:40.109,,0,75 14:13.130,3,0,0,0,67301,1,0,0,N,1,0,0,2,67301,0,,1,1,,N,N,N,0,,1,0,0,3,2,,837,1,2,0,0,0,0,0,3,4,1,1,3,3.0,N,,,,,,,,,,,
2022102948,1650.0,1,0,0,0,0,0,1,0,0,4,1,,67,11,2022,5,,,1646.0,6,0,0,0,0,0,0,2,0,,0,0,0.0,16,1,1,1,,0,,,0,,8,0,0,0,67301,0,0,0,N,0,0,0,3,67301,0,,1,1,,Y,N,N,0,,0,0,1,3,3,,1646,1,3,0,0,1,1,0,3,3,0,3,3,,N,,,,,,,,,,,
2022106151,2112.0,1,0,0,0,0,0,0,0,0,4,0,,67,9,2022,7,39.9614,-75.2429,2112.0,6,0,0,0,0,0,0,0,0,,0,0,0.0,20,3,0,1,,0,39 57:41.165,,0,75 14:34.461,0,0,0,0,67301,0,0,0,N,0,0,0,2,67301,0,,1,1,,N,N,N,1,,0,0,0,3,3,,2020,0,2,0,0,0,0,0,3,4,0,2,3,3.0,N,,,,,,,,,,,
2022084540,1223.0,1,0,0,0,0,0,0,0,0,4,0,,67,9,2022,2,39.9856,-75.1509,1213.0,6,0,0,0,0,0,0,0,0,,0,0,0.0,11,1,2,1,,0,39 59:08.141,,0,75 09:03.283,8,0,0,0,67301,0,0,0,N,0,0,0,2,67301,0,,1,1,,N,N,N,0,,0,0,0,3,2,,1156,2,2,0,0,0,2,0,3,4,1,2,3,3.0,N,,,,,,,,,,,
2022105672,1805.0,2,0,0,0,0,0,0,0,0,7,0,,67,9,2022,7,39.9066,-75.1498,1805.0,6,0,0,0,0,0,0,0,0,,0,0,0.0,18,1,1,0,N,0,39 54:23.919,,0,75 08:59.419,3,0,0,0,67301,0,0,0,Y,0,0,0,3,68K01,0,,3,1,,N,N,N,0,,1,0,0,0,0,,1801,1,2,0,0,0,0,0,3,4,0,2,3,,N,,,,,,,,,,,
2022108597,630.0,2,0,0,0,0,0,0,0,0,4,0,,67,11,2022,1,39.9888,-75.1557,630.0,6,0,0,0,0,0,0,1,0,,0,0,0.0,6,3,1,0,N,1,39 59:19.790,2.0,0,75 09:20.617,4,0,0,0,67301,0,0,0,N,0,0,0,2,67301,1,,1,9,800.0,N,N,N,0,,0,0,0,0,0,Y,630,1,2,0,0,0,0,0,3,4,0,2,7,,N,,,,,,,,,,,
2022084452,733.0,2,0,0,0,0,0,0,0,0,6,0,,67,9,2022,3,39.9393,-75.2292,733.0,6,0,0,0,0,0,0,0,0,,0,0,0.0,6,1,0,0,N,0,39 56:21.420,,0,75 13:45.140,0,0,0,0,67301,0,0,0,N,0,0,0,1,67301,0,,6,99,,N,N,N,0,,0,0,1,0,0,,622,0,3,0,0,1,0,0,3,4,0,3,3,,N,,,,,,,,,,,
2022084279,816.0,0,0,0,0,0,0,0,0,0,4,0,,67,9,2022,3,40.0473,-75.1677,815.0,6,0,0,0,0,0,0,0,0,,0,0,0.0,8,1,1,1,,0,40 02:50.166,,0,75 10:03.872,3,0,0,0,67301,0,0,0,N,0,0,0,2,67301,0,,1,1,,N,N,N,0,,1,0,1,1,2,,814,1,2,0,0,0,0,1,3,4,1,2,3,3.0,N,,,,,,,,,,,
2022084650,850.0,0,0,0,0,0,0,0,0,0,8,0,,67,9,2022,4,39.9825,-75.1636,838.0,6,0,0,1,0,0,0,0,0,,0,0,0.0,8,1,1,1,,0,39 58:57.147,,0,75 09:49.017,8,0,0,0,67301,1,0,0,N,1,0,0,2,67505,0,,1,1,,N,Y,N,0,,0,0,1,3,3,,838,1,2,0,0,0,1,1,3,4,0,1,3,3.0,N,,,,,,,,,,,
2022084535,1520.0,1,0,0,0,0,0,0,0,0,8,0,,67,9,2022,4,40.0875,-74.9711,1520.0,6,0,0,0,0,0,0,0,0,,0,0,0.0,14,1,1,1,,0,40 05:15.121,,2,74 58:16.779,3,0,0,0,67301,1,0,0,N,1,0,0,2,67301,0,,1,1,,N,N,N,0,,1,0,0,3,2,,1450,1,2,0,0,1,0,0,3,4,0,1,3,3.0,N,,,,,,,,,,,