CRN,ARRIVAL_TM,AUTOMOBILE_COUNT,BELTED_DEATH_COUNT,BELTED_SUSP_SERIOUS_INJ_COUNT,BICYCLE_COUNT,BICYCLE_DEATH_COUNT,BICYCLE_SUSP_SERIOUS_INJ_COUNT,BUS_COUNT,CHLDPAS_DEATH_COUNT,CHLDPAS_SUSP_SERIOUS_INJ_COUNT,COLLISION_TYPE,COMM_VEH_COUNT,CONS_ZONE_SPD_LIM,COUNTY,CRASH_MONTH,CRASH_YEAR,DAY_OF_WEEK,DEC_LAT,DEC_LONG,DISPATCH_TM,DISTRICT,DRIVER_COUNT_16YR,DRIVER_COUNT_17YR,DRIVER_COUNT_18YR,DRIVER_COUNT_19YR,DRIVER_COUNT_20YR,DRIVER_COUNT_50_64YR,DRIVER_COUNT_65_74YR,DRIVER_COUNT_75PLUS,EST_HRS_CLOSED,FATAL_COUNT,HEAVY_TRUCK_COUNT,HORSE_BUGGY_COUNT,HOUR_OF_DAY,ILLUMINATION,INJURY_COUNT,INTERSECT_TYPE,INTERSECTION_RELATED,LANE_CLOSED,LATITUDE,LN_CLOSE_DIR,LOCATION_TYPE,LONGITUDE,MAX_SEVERITY_LEVEL,MCYCLE_DEATH_COUNT,MCYCLE_SUSP_SERIOUS_INJ_COUNT,MOTORCYCLE_COUNT,MUNICIPALITY,NONMOTR_COUNT,NONMOTR_DEATH_COUNT,NONMOTR_SUSP_SERIOUS_INJ_COUNT,NTFY_HIWY_MAINT,PED_COUNT,PED_DEATH_COUNT,PED_SUSP_SERIOUS_INJ_COUNT,PERSON_COUNT,POLICE_AGCY,POSSIBLE_INJ_COUNT,RDWY_SURF_TYPE_CD,RELATION_TO_ROAD,ROAD_CONDITION,ROADWAY_CLEARED,SCH_BUS_IND,SCH_ZONE_IND,SECONDARY_CRASH,SMALL_TRUCK_COUNT,SPEC_JURIS_CD,SUSP_MINOR_INJ_COUNT,SUSP_SERIOUS_INJ_COUNT,SUV_COUNT,TCD_FUNC_CD,TCD_TYPE,TFC_DETOUR_IND,TIME_OF_DAY,TOT_INJ_COUNT,TOTAL_UNITS,UNB_DEATH_COUNT,UNB_SUSP_SERIOUS_INJ_COUNT,UNBELTED_OCC_COUNT,UNK_INJ_DEG_COUNT,UNK_INJ_PER_COUNT,URBAN_AREA,URBAN_RURAL,VAN_COUNT,VEHICLE_COUNT,WEATHER1,WEATHER2,WORK_ZONE_IND,WORK_ZONE_LOC,WORK_ZONE_TYPE,WORKERS_PRES,WZ_CLOSE_DETOUR,WZ_FLAGGER,WZ_LAW_OFFCR_IND,WZ_LN_CLOSURE,WZ_MOVING,WZ_OTHER,WZ_SHLDER_MDN,WZ_WORKERS_INJ_KILLED
2022087656,125.0,3,0,0,0,0,0,0,0,0,4,0,,67,9,2022,5,39.9879,-75.1326,121.0,6,0,0,0,0,0,1,0,0,,0,0,0.0,1,3,0,1,,0,39 59:16.583,,0,75 07:57.424,0,0,0,0,67301,0,0,0,N,0,0,0,2,67301,0,,1,1,,N,N,N,0,,0,0,1,3,3,,121,0,4,0,0,2,0,0,3,4,0,4,3,3.0,N,,,,,,,,,,,
2022088195,2325.0,2,0,0,0,0,0,0,0,0,5,0,,67,9,2022,6,40.0257,-75.1317,2319.0,6,0,0,0,0,0,0,0,0,,0,0,0.0,23,3,1,0,N,2,40 01:32.400,6.0,0,75 07:54.200,3,0,0,0,67301,0,0,0,N,0,0,0,1,67301,0,,6,1,1201.0,N,N,Y,0,,1,0,0,0,0,Y,2318,1,2,0,0,0,0,0,3,4,0,2,3,3.0,N,,,,,,,,,,,
2022115929,1340.0,4,0,0,0,0,0,0,0,0,1,0,,67,12,2022,3,40.0799,-75.0271,1331.0,6,0,0,0,1,0,0,0,0,,0,0,0.0,13,1,1,0,N,1,40 04:47.701,3.0,0,75 01:37.572,4,0,0,0,67301,0,0,0,N,0,0,0,4,67301,1,,1,9,30.0,N,N,N,0,,0,0,0,0,0,N,1317,1,4,0,0,4,0,0,3,4,0,4,7,7.0,N,,,,,,,,,,,
2022110722,,2,0,0,0,0,0,0,0,0,1,0,,67,11,2022,5,40.0215,-75.1398,,6,0,0,0,0,0,0,0,0,,0,0,0.0,12,1,1,1,,0,40 01:17.552,,0,75 08:23.303,8,0,0,0,67301,0,0,0,N,0,0,0,2,00000,0,,1,1,,,,N,0,,0,0,0,3,2,,1210,1,2,0,0,2,1,0,3,4,0,2,3,,N,,,,,,,,,,,
2022114994,1548.0,1,0,0,0,0,0,0,0,0,1,0,,67,12,2022,1,40.1065,-74.9989,1541.0,6,0,0,0,0,0,1,0,0,,0,0,0.0,15,1,1,2,,0,40 06:23.287,,0,74 59:55.982,3,0,0,0,67301,0,0,0,N,0,0,0,2,67301,0,,1,1,,N,N,N,0,,1,0,1,3,2,,1535,1,2,0,0,0,0,0,3,4,0,2,3,3.0,N,,,,,,,,,,,
2022088168,1555.0,2,0,0,0,0,0,0,0,0,1,0,,67,9,2022,6,40.0539,-75.0831,1550.0,6,0,0,0,0,0,1,0,0,,0,0,0.0,15,1,1,1,,0,40 03:14.053,,0,75 04:59.142,4,0,0,0,67301,0,0,0,N,0,0,0,4,67301,1,,1,1,,N,N,N,0,,0,0,2,3,2,,1549,1,4,0,0,1,0,1,3,4,0,4,3,3.0,N,,,,,,,,,,,
2022119268,1737.0,0,0,0,0,0,0,0,0,0,4,0,,67,12,2022,5,40.1197,-75.0087,1733.0,6,0,0,0,0,0,1,0,0,,0,0,0.0,17,3,1,2,,0,40 07:10.752,,0,75 00:31.478,3,0,0,0,67301,0,0,0,N,0,0,0,2,67301,0,,1,9,,N,N,Y,0,,1,0,2,3,3,,1725,1,2,0,0,0,0,0,3,4,0,2,7,,N,,,,,,,,,,,
2022116023,623.0,2,0,0,0,0,0,0,0,0,5,0,,67,11,2022,7,39.9609,-75.1822,622.0,6,0,0,0,0,0,0,0,0,,0,0,0.0,6,3,4,0,N,1,39 57:39.270,3.0,0,75 10:55.899,8,0,0,0,67301,0,0,0,N,0,0,0,4,68K01,0,,1,1,720.0,N,N,N,0,,0,0,0,0,0,N,618,4,2,0,0,1,4,0,3,4,0,2,3,,N,,,,,,,,,,,
2022115579,2336.0,0,0,0,0,0,0,0,0,0,7,0,,67,11,2022,6,39.9524,-75.141,2317.0,6,0,0,0,0,0,0,0,0,,0,0,0.0,23,3,1,0,N,1,39 57:08.491,1.0,0,75 08:27.572,4,0,0,0,67301,0,0,0,N,0,0,0,4,68K01,1,,3,1,0.0,N,N,N,0,,0,0,1,0,0,N,2303,1,2,0,0,0,0,0,3,4,0,1,3,,N,,,,,,,,,,,
2022115846,305.0,1,0,0,0,0,0,0,0,0,1,0,,67,11,2022,1,39.9485,-75.1857,255.0,6,0,0,0,0,0,0,0,0,,0,0,0.0,2,3,1,0,N,2,39 56:54.681,4.0,0,75 11:08.435,3,0,0,0,67301,0,0,0,N,0,0,0,5,68K01,0,,1,1,330.0,N,N,N,0,,1,0,1,0,0,N,255,1,2,0,0,3,0,0,3,4,0,2,3,,N,,,,,,,,,,,
2022116342,1940.0,1,0,0,0,0,0,0,0,0,8,0,,67,12,2022,4,39.9343,-75.1508,1937.0,6,0,0,0,0,0,1,0,0,,0,0,0.0,19,3,1,2,,0,39 56:03.368,,0,75 09:02.948,8,0,0,0,67301,1,0,0,N,1,0,0,2,67301,0,,1,9,,N,N,N,0,,0,0,0,3,2,,1936,1,2,0,0,0,1,0,3,4,0,1,3,,N,,,,,,,,,,,
2022115620,,0,0,0,0,0,0,0,0,0,1,0,,67,11,2022,4,40.0396,-75.0458,,6,0,0,0,0,0,0,0,0,,0,0,0.0,7,1,1,1,,0,40 02:22.384,,0,75 02:44.945,8,0,0,0,67301,0,0,0,N,0,0,0,2,00000,0,,1,1,,,,N,0,,0,0,0,3,2,,730,1,2,0,0,0,1,0,3,4,1,2,3,,N,,,,,,,,,,,
2022088471,924.0,1,0,0,0,0,0,0,0,0,8,0,,67,9,2022,5,39.9537,-75.1611,917.0,6,0,0,0,0,0,0,0,0,,0,0,0.0,9,1,1,0,N,0,39 57:13.400,,0,75 09:39.980,3,0,0,0,67301,1,0,0,N,1,0,0,3,67301,0,,6,1,,N,N,N,0,,1,0,0,0,0,,917,1,2,0,0,0,0,0,3,4,0,1,3,3.0,N,,,,,,,,,,,
2022102778,818.0,1,0,0,0,0,0,0,0,0,1,0,,67,9,2022,5,39.94,-75.1435,818.0,6,0,0,0,0,0,0,0,0,,0,0,0.0,8,1,2,0,N,2,39 56:23.899,2.0,2,75 08:36.577,8,0,0,0,67301,0,0,0,N,0,0,0,3,68K01,0,,1,1,845.0,N,N,N,0,,0,0,1,0,0,N,815,2,2,0,0,0,2,0,3,4,0,2,3,3.0,N,,,,,,,,,,,
2022110731,,0,0,0,0,0,0,0,0,0,1,0,,67,7,2022,7,39.9603,-75.1389,,6,0,0,0,0,0,0,0,0,,0,0,0.0,14,1,1,1,,0,39 57:37.093,,0,75 08:20.106,8,0,0,0,67301,0,0,0,N,0,0,0,2,00000,0,,1,1,,,,N,0,,0,0,1,3,2,,1400,1,2,0,0,0,1,0,3,4,0,2,3,,N,,,,,,,,,,,
2022088614,1144.0,0,0,0,0,0,0,0,0,0,4,0,,67,9,2022,4,39.9615,-75.1517,1142.0,6,0,0,0,0,1,1,0,0,,0,0,0.0,11,1,0,1,,1,39 57:41.631,3.0,0,75 09:06.337,0,0,0,0,67301,0,0,0,N,0,0,0,3,67301,0,,1,1,1150.0,N,N,N,0,,0,0,1,3,2,N,1140,0,2,0,0,0,0,0,3,4,1,2,3,3.0,N,,,,,,,,,,,
2022110736,,1,0,0,0,0,0,0,0,0,1,0,,67,9,2022,7,39.9531,-75.1819,,6,0,0,0,1,0,0,0,0,,0,0,0.0,5,1,1,1,,0,39 57:11.151,,2,75 10:54.540,8,0,0,0,67301,0,0,0,N,0,0,0,2,00000,0,,1,1,,,,N,0,,0,0,0,3,2,,530,1,2,0,0,0,1,0,3,4,0,2,3,,N,,,,,,,,,,,
2022086890,102.0,1,0,0,0,0,0,0,0,0,4,0,,67,9,2022,4,40.0503,-75.1736,55.0,6,0,0,0,0,0,1,0,0,,0,0,0.0,0,3,0,0,N,0,40 03:01.094,,0,75 10:24.985,0,0,0,0,67301,0,0,0,N,0,0,0,1,67301,0,,5,1,,N,N,N,0,,0,0,2,0,0,,45,0,3,0,0,0,0,0,3,4,0,3,3,3.0,N,,,,,,,,,,,
2022117764,2125.0,1,0,0,0,0,0,0,0,0,8,0,,67,12,2022,7,39.9828,-75.1186,2124.0,6,0,0,0,0,0,0,0,0,,0,0,0.0,21,3,1,1,,0,39 58:57.983,,0,75 07:06.814,3,0,0,0,67301,1,0,0,N,1,0,0,2,67301,0,,1,1,,N,N,N,0,,1,0,0,0,0,,2120,1,2,0,0,1,0,0,3,4,0,1,3,,N,,,,,,,,,,,
2022117875,1654.0,1,0,0,0,0,0,0,0,0,1,0,,67,12,2022,2,39.916,-75.1478,1654.0,6,0,0,0,0,1,0,0,0,,0,0,0.0,16,3,0,0,N,0,39 54:57.729,,0,75 08:51.953,0,0,0,0,67301,0,0,0,N,0,0,0,2,68K01,0,,3,1,,N,N,N,1,,0,0,0,0,0,,1654,0,2,0,0,0,0,0,3,4,0,2,3,,N,,,,,,,,,,,
2022117413,1637.0,1,0,0,0,0,0,0,0,0,5,0,,67,12,2022,7,39.8919,-75.2349,1634.0,6,0,0,0,0,0,0,0,0,,0,0,0.0,15,1,0,0,N,0,39 53:30.892,,0,75 14:05.683,0,0,0,0,67301,0,0,0,N,0,0,0,2,67301,0,,1,1,,N,N,Y,1,,0,0,0,0,0,,1528,0,2,0,0,0,0,0,3,4,0,2,3,3.0,N,,,,,,,,,,,
2022095494,255.0,1,0,0,0,0,0,0,0,0,1,0,,67,9,2022,7,39.9903,-75.2386,250.0,6,0,0,0,0,0,0,0,0,,0,0,0.0,2,3,0,0,N,0,39 59:25.030,,0,75 14:19.070,0,0,0,0,67301,0,0,0,N,0,0,0,1,67301,0,,6,1,,N,N,N,0,,0,0,1,0,0,,200,0,2,0,0,0,0,0,3,4,0,2,3,3.0,N,,,,,,,,,,,
2022109113,1232.0,0,0,0,0,0,0,0,0,0,5,2,,67,11,2022,2,39.9553,-75.1479,1115.0,6,0,0,0,0,0,0,0,0,,0,2,0.0,11,1,0,0,N,2,39 57:18.900,3.0,2,75 08:52.600,0,0,0,0,67301,0,0,0,N,0,0,0,2,67501,0,,1,1,1630.0,N,N,N,0,,0,0,0,3,8,Y,1115,0,2,0,0,0,0,0,3,4,0,2,3,,N,,,,,,,,,,,
2022097365,1245.0,0,0,0,0,0,0,0,0,0,5,0,,67,9,2022,4,40.009,-75.0687,1216.0,6,0,0,1,0,0,0,0,0,,0,0,0.0,12,1,0,0,N,1,40 00:32.308,2.0,3,75 04:07.372,0,0,0,0,67301,0,0,0,N,0,0,0,2,68K01,0,,1,1,1409.0,N,N,N,0,,0,0,2,0,0,N,1209,0,2,0,0,1,0,0,3,4,0,2,3,,N,,,,,,,,,,,
2022114927,1237.0,1,0,0,0,0,0,0,0,0,5,1,,67,11,2022,3,39.972,-75.1224,1230.0,6,0,0,0,0,0,0,0,0,,0,1,0.0,12,1,1,0,N,0,39 58:19.146,,0,75 07:20.534,3,0,0,0,67301,0,0,0,N,0,0,0,2,68K01,0,,1,1,,N,N,N,0,,1,0,0,0,0,,1228,1,2,0,0,0,0,0,3,4,0,2,3,3.0,N,,,,,,,,,,,
2022114722,1715.0,0,0,0,0,0,0,1,0,0,8,1,,67,11,2022,4,39.9556,-75.234,1641.0,6,0,0,0,0,0,0,0,0,,0,0,0.0,16,4,5,1,,0,39 57:20.080,,0,75 14:02.342,3,0,0,0,67301,1,0,0,N,1,0,0,6,67508,0,,1,1,,N,N,N,0,,5,0,0,3,2,,1641,5,2,0,0,0,0,0,3,4,0,1,3,3.0,N,,,,,,,,,,,
2022115583,146.0,1,0,0,0,0,0,0,0,0,5,0,,67,11,2022,3,39.9611,-75.1823,118.0,6,0,0,0,0,0,1,0,0,,0,0,0.0,1,3,0,0,N,1,39 57:39.936,3.0,0,75 10:56.348,0,0,0,0,67301,0,0,0,N,0,0,0,3,68K01,0,,1,1,150.0,N,N,N,0,,0,0,1,0,0,N,115,0,2,0,0,0,0,0,3,4,0,2,3,,N,,,,,,,,,,,
2022116617,43.0,1,0,0,0,0,0,0,0,0,7,0,,67,11,2022,3,39.9826,-75.2078,38.0,6,0,0,0,0,0,0,0,0,,0,0,0.0,0,3,1,0,N,1,39 58:57.519,4.0,0,75 12:28.005,8,0,0,0,67301,0,0,0,N,0,0,0,1,68K01,0,,2,1,1300.0,N,N,N,0,,0,0,0,0,0,N,37,1,1,0,0,1,1,0,3,4,0,1,3,,N,,,,,,,,,,,
2022089133,218.0,1,0,0,0,0,0,0,0,0,7,0,,67,9,2022,1,39.9965,-75.0811,217.0,6,0,0,0,0,0,0,0,0,,0,0,0.0,2,3,1,0,N,0,39 59:47.371,,0,75 04:51.947,3,0,0,0,67301,0,0,0,N,0,0,0,1,68K01,0,,2,1,,N,N,N,0,,1,0,0,0,0,,205,1,1,0,0,0,0,0,3,4,0,1,3,,N,,,,,,,,,,,
2022114690,1928.0,0,0,0,0,0,0,0,0,0,7,0,,67,12,2022,7,40.0193,-75.191,1926.0,6,0,0,0,0,0,0,0,0,,0,0,0.0,19,3,1,0,N,2,40 01:09.304,2.0,0,75 11:27.768,4,0,0,0,67301,0,0,0,N,0,0,0,1,67301,1,,5,9,2022.0,N,N,N,0,,0,0,1,0,0,Y,1925,1,1,0,0,0,0,0,3,4,0,1,7,4.0,N,,,,,,,,,,,
2022088562,1311.0,0,0,0,0,0,0,0,0,0,8,0,,67,9,2022,6,39.9517,-75.2369,1309.0,6,0,0,0,0,0,0,1,0,,0,0,0.0,13,1,1,1,,0,39 57:06.123,,0,75 14:12.685,3,0,0,0,67301,1,0,0,N,1,0,0,2,67301,0,,1,1,,N,N,N,0,,1,0,1,3,1,,1304,1,2,0,0,0,0,0,3,4,0,1,3,3.0,N,,,,,,,,,,,
2022113187,10.0,0,0,0,0,0,0,0,0,0,7,0,,67,9,2022,3,40.0187,-75.148,2.0,6,0,0,0,0,0,0,0,0,,0,0,0.0,23,3,1,0,N,0,40 01:07.165,,0,75 08:52.696,3,0,0,0,67301,0,0,0,N,0,0,0,1,67301,0,,4,1,,N,N,N,0,,1,0,1,0,0,,2342,1,1,0,0,1,0,0,3,4,0,1,3,3.0,N,,,,,,,,,,,
2022088235,335.0,0,0,0,0,0,0,0,0,0,7,0,,67,9,2022,6,39.8988,-75.1699,321.0,6,0,0,0,0,0,0,0,0,,0,0,0.0,3,3,3,0,N,2,39 53:55.541,1.0,3,75 10:11.809,3,0,0,0,67301,0,0,0,N,0,0,0,3,68K01,0,,4,1,430.0,N,N,N,0,,3,0,2,0,0,N,320,3,2,0,0,0,0,0,3,4,0,2,3,3.0,N,,,,,,,,,,,
2022114293,822.0,0,0,0,0,0,0,0,0,0,8,0,,67,11,2022,2,39.9518,-75.2031,821.0,6,0,0,0,0,0,1,0,0,,0,0,0.0,8,1,1,1,,2,39 57:06.318,2.0,0,75 12:11.070,3,0,0,0,67301,1,0,0,N,1,0,0,2,67504,0,,1,1,832.0,N,N,N,1,,1,0,0,3,2,Y,818,1,2,0,0,0,0,0,3,4,0,1,3,,N,,,,,,,,,,,
2022088542,1009.0,0,0,0,0,0,0,0,0,0,1,0,35.0,67,9,2022,5,39.9531,-75.1364,1007.0,6,0,0,0,0,0,0,0,0,,0,0,0.0,10,1,0,0,N,2,39 57:11.170,4.0,3,75 08:11.061,0,0,0,0,67301,0,0,0,N,0,0,0,5,67501,0,,1,1,1104.0,N,N,N,0,,0,0,2,0,0,Y,1007,0,2,0,0,0,0,0,3,4,0,2,4,4.0,Y,4.0,1.0,Y,,,N,Y,Y,,,N
2022087962,203.0,1,0,0,0,0,0,0,0,0,2,0,,67,9,2022,4,39.9853,-75.2125,200.0,6,0,0,0,0,0,0,0,0,,0,0,0.0,1,3,3,0,N,2,39 59:07.200,6.0,0,75 12:44.900,2,0,0,0,67301,0,0,0,N,0,0,0,3,67301,0,,1,1,215.0,N,N,N,0,,0,3,1,0,0,Y,159,3,2,0,0,0,0,0,3,4,0,2,3,3.0,N,,,,,,,,,,,
2022114103,1028.0,1,0,0,0,0,0,0,0,0,8,0,,67,12,2022,7,39.9559,-75.1915,1027.0,6,0,0,0,0,0,0,1,0,,0,0,0.0,10,1,1,1,,0,39 57:21.092,,0,75 11:29.243,4,0,0,0,67301,1,0,0,N,1,0,0,2,67507,1,,1,9,,N,N,N,0,,0,0,0,3,2,,1024,1,2,0,0,0,0,0,3,4,0,1,7,4.0,N,,,,,,,,,,,
2022088500,2040.0,3,0,0,0,0,0,0,0,0,1,0,,67,9,2022,6,39.9673,-75.1333,2035.0,6,0,0,0,0,0,1,0,0,,0,0,0.0,20,3,3,0,N,1,39 58:02.141,2.0,0,75 08:00.037,3,0,0,0,67301,0,0,0,N,0,0,0,9,68K01,0,,1,1,2100.0,N,N,N,0,,3,0,0,0,0,Y,2032,3,3,0,0,0,0,0,3,4,0,3,3,3.0,N,,,,,,,,,,,
2022101993,,1,0,0,0,0,0,0,0,0,5,0,,67,10,2022,7,,,,6,0,0,0,0,0,0,0,0,,0,0,0.0,4,2,1,0,N,0,,,0,,8,0,0,0,67301,0,0,0,N,0,0,0,2,00000,0,,1,1,,,,N,0,,0,0,0,0,0,,400,1,2,0,0,0,1,0,3,3,0,2,3,,N,,,,,,,,,,,
2022087246,1600.0,0,0,0,0,0,0,0,0,0,4,0,,67,9,2022,3,40.0014,-75.1515,1555.0,6,0,0,0,0,0,0,0,0,,0,0,0.0,15,1,1,1,,0,40 00:05.120,,0,75 09:05.565,3,0,0,0,67301,0,0,0,N,0,0,0,2,67301,0,,1,1,,N,N,N,0,,1,0,2,3,3,,1545,1,2,0,0,1,0,0,3,4,0,2,3,3.0,N,,,,,,,,,,,
2022102779,829.0,0,0,0,0,0,0,0,0,0,5,0,,67,9,2022,5,39.9433,-75.1428,826.0,6,0,0,0,0,0,0,0,1,,0,0,0.0,8,1,1,0,N,1,39 56:35.783,1.0,0,75 08:33.997,3,0,0,0,67301,0,0,0,N,0,0,0,3,68K01,0,,1,1,1006.0,N,N,N,0,,1,0,2,0,0,Y,825,1,2,0,0,0,0,0,3,4,0,2,3,,N,,,,,,,,,,,
2022116339,753.0,0,0,0,0,0,0,0,0,0,4,0,,67,12,2022,4,40.044,-75.0754,746.0,6,0,0,0,0,0,1,0,0,,0,0,0.0,7,1,1,1,,0,40 02:38.461,,0,75 04:31.429,3,0,0,0,67301,0,0,0,N,0,0,0,3,67301,0,,1,9,,N,N,N,0,,1,0,2,3,3,,740,1,2,0,0,0,0,0,3,4,0,2,4,7.0,N,,,,,,,,,,,
2022114089,1741.0,1,0,0,0,0,0,0,0,0,5,1,,67,12,2022,5,40.0182,-75.1695,1735.0,6,0,0,0,0,0,0,1,0,,0,1,0.0,17,4,1,0,N,2,40 01:05.410,1.0,0,75 10:10.354,8,0,0,0,67301,0,0,0,N,0,0,0,2,67301,0,,1,1,1917.0,N,N,N,0,,0,0,0,0,0,N,1730,1,2,0,0,0,1,0,3,4,0,2,3,,N,,,,,,,,,,,
2022087404,1131.0,1,0,0,0,0,0,0,0,0,8,0,,67,9,2022,4,39.9874,-75.2324,1130.0,6,0,0,0,0,0,0,0,0,,0,0,0.0,11,1,1,1,,0,39 59:14.704,,0,75 13:56.672,3,0,0,0,67301,1,0,0,N,1,0,0,2,67301,0,,1,1,,N,N,N,0,,1,0,0,3,2,,1125,1,2,0,0,1,0,0,3,4,0,1,3,3.0,N,,,,,,,,,,,
2022114516,145.0,2,0,0,0,0,0,0,0,0,1,0,,67,12,2022,1,40.0896,-74.9749,142.0,6,0,0,0,0,0,0,0,0,,0,0,0.0,1,3,1,0,N,0,40 05:22.616,,99,74 58:29.644,4,0,0,0,67301,0,0,0,N,0,0,0,2,67301,1,,1,1,,N,N,N,0,,0,0,0,0,0,,100,1,2,0,0,0,0,0,3,4,0,2,3,3.0,N,,,,,,,,,,,
2022090277,2016.0,1,0,0,0,0,0,0,0,0,4,0,,67,9,2022,6,40.0082,-75.0948,2009.0,6,0,0,0,0,0,0,0,0,,0,0,0.0,20,3,1,3,,2,40 00:29.685,7.0,0,75 05:41.384,8,0,0,1,67301,0,0,0,N,0,0,0,2,67301,0,,1,1,2140.0,N,N,N,0,,0,0,0,0,0,Y,2005,1,2,0,0,0,1,1,3,4,0,2,3,3.0,N,,,,,,,,,,,
2022115121,422.0,0,0,0,0,0,0,0,0,0,7,0,,67,11,2022,2,40.0198,-75.1487,413.0,6,0,0,0,0,0,1,0,0,,0,0,0.0,4,3,1,0,N,2,40 01:11.307,2.0,0,75 08:55.412,3,0,0,0,67301,0,0,0,N,0,0,0,1,67301,0,,3,1,500.0,N,N,N,0,,1,0,1,0,0,Y,409,1,1,0,0,0,0,0,3,4,0,1,3,3.0,N,,,,,,,,,,,
2022089314,25.0,0,0,0,0,0,0,0,0,0,1,0,,67,9,2022,3,40.0515,-75.1485,25.0,6,0,0,0,0,0,1,0,0,,0,0,0.0,0,3,4,0,N,0,40 03:05.500,,0,75 08:54.700,3,0,0,0,67301,3,0,0,N,0,0,0,4,67301,0,,1,1,,N,N,N,0,,4,0,2,0,0,,24,4,2,0,0,0,0,0,3,4,0,2,3,3.0,N,,,,,,,,,,,
2022089299,1755.0,1,0,0,0,0,0,0,0,0,5,0,,67,9,2022,4,39.9201,-75.162,1751.0,6,0,0,0,0,0,0,0,0,,0,0,0.0,16,1,1,1,,0,39 55:12.212,,0,75 09:43.275,4,0,0,1,67301,0,0,0,N,0,0,0,3,67301,1,,1,1,,N,N,N,0,,0,0,0,3,3,,1600,1,2,0,0,0,0,0,3,4,0,2,3,,N,,,,,,,,,,,
2022090307,1716.0,0,0,0,0,0,0,0,0,0,5,0,,67,9,2022,5,39.9978,-75.111,1715.0,6,0,0,0,1,0,0,0,0,,0,0,0.0,17,1,1,5,,0,39 59:52.234,,1,75 06:39.499,3,0,0,1,67301,0,0,0,N,0,0,0,2,67301,0,,1,1,,N,N,N,1,,1,0,0,3,2,,1710,1,2,0,0,1,0,0,3,4,0,2,3,3.0,N,,,,,,,,,,,
2022115120,20.0,1,0,0,0,0,0,0,0,0,1,0,,67,12,2022,7,40.0194,-75.1456,8.0,6,0,0,0,0,0,0,0,0,,0,0,0.0,23,3,0,0,N,1,40 01:09.782,2.0,0,75 08:44.231,0,0,0,0,67301,0,0,0,N,0,0,0,2,67301,0,,2,1,100.0,N,N,N,0,,0,0,1,0,0,U,2359,0,2,0,0,0,0,0,3,4,0,2,3,3.0,N,,,,,,,,,,,
2022116649,1814.0,1,0,0,0,0,0,0,0,0,8,0,,67,12,2022,1,40.0295,-75.2062,1810.0,6,0,0,0,0,0,0,0,0,,0,0,0.0,18,3,1,0,N,1,40 01:46.319,5.0,0,75 12:22.286,3,0,0,0,67301,1,0,0,N,1,0,0,2,67301,0,,1,1,1832.0,N,N,N,0,,1,0,0,0,0,Y,1809,1,2,0,0,1,0,0,3,4,0,1,3,3.0,N,,,,,,,,,,,
2022088059,1328.0,2,0,0,0,0,0,0,0,0,4,0,,67,9,2022,5,39.9796,-75.165,1326.0,6,0,0,0,0,0,1,0,0,,0,0,0.0,13,1,2,1,,0,39 58:46.587,,0,75 09:54.116,8,0,0,0,67301,0,0,0,N,0,0,0,3,67301,0,,1,9,,N,Y,N,0,,0,0,0,3,2,,1319,2,2,0,0,0,2,0,3,4,0,2,4,4.0,N,,,,,,,,,,,
2022087629,1651.0,2,0,0,0,0,0,0,0,0,4,0,,67,9,2022,5,40.0369,-75.1451,1650.0,6,0,0,0,0,0,0,0,0,,0,0,0.0,16,1,0,2,,0,40 02:12.984,,0,75 08:42.301,9,0,0,0,67301,0,0,0,N,0,0,0,2,67301,0,,1,1,,N,N,N,0,,0,0,0,3,2,,1628,0,2,0,0,2,0,1,3,4,0,2,3,3.0,N,,,,,,,,,,,
2022115122,1450.0,1,0,0,0,0,0,0,0,0,7,0,,67,12,2022,2,40.0231,-75.1366,1444.0,6,0,0,0,0,0,0,1,0,,0,0,0.0,14,1,1,0,N,1,40 01:23.157,2.0,0,75 08:11.664,3,0,0,0,67301,0,0,0,N,0,0,0,1,67301,0,,3,1,1604.0,N,N,N,0,,1,0,0,0,0,Y,1443,1,1,0,0,0,0,0,3,4,0,1,3,3.0,N,,,,,,,,,,,
2022087871,2107.0,1,0,0,0,0,0,0,0,0,4,0,,67,9,2022,5,39.9247,-75.153,2106.0,6,1,0,0,0,0,0,0,0,,0,0,0.0,20,3,0,1,,0,39 55:28.934,,0,75 09:10.627,9,0,0,0,67301,0,0,0,N,0,0,0,3,67301,0,,1,99,,N,N,N,0,,0,0,1,3,3,,2050,0,2,0,0,0,0,1,3,4,0,2,99,,N,,,,,,,,,,,
2022087216,1601.0,1,0,0,0,0,0,0,0,0,4,0,,67,9,2022,4,39.9758,-75.1584,1600.0,6,0,1,0,0,0,0,0,0,,0,0,0.0,15,1,1,1,,0,39 58:33.009,,0,75 09:30.309,3,0,0,1,67301,0,0,0,N,0,0,0,3,67301,0,,1,1,,N,N,N,0,,1,0,0,3,2,,1500,1,2,0,0,0,0,0,3,4,0,2,3,3.0,N,,,,,,,,,,,
2022087321,555.0,4,0,0,0,0,0,0,0,0,8,0,,67,9,2022,3,39.8824,-75.2438,552.0,6,0,0,1,0,0,0,0,0,,0,0,0.0,5,1,0,0,N,0,39 52:56.740,,0,75 14:37.680,0,0,0,0,67301,1,0,0,N,1,0,0,5,67301,0,,6,1,,N,N,N,0,,0,0,0,0,0,,550,0,5,0,0,0,0,0,3,4,0,4,3,3.0,N,,,,,,,,,,,