CRN,ARRIVAL_TM,AUTOMOBILE_COUNT,BELTED_DEATH_COUNT,BELTED_SUSP_SERIOUS_INJ_COUNT,BICYCLE_COUNT,BICYCLE_DEATH_COUNT,BICYCLE_SUSP_SERIOUS_INJ_COUNT,BUS_COUNT,CHLDPAS_DEATH_COUNT,CHLDPAS_SUSP_SERIOUS_INJ_COUNT,COLLISION_TYPE,COMM_VEH_COUNT,CONS_ZONE_SPD_LIM,COUNTY,CRASH_MONTH,CRASH_YEAR,DAY_OF_WEEK,DEC_LAT,DEC_LONG,DISPATCH_TM,DISTRICT,DRIVER_COUNT_16YR,DRIVER_COUNT_17YR,DRIVER_COUNT_18YR,DRIVER_COUNT_19YR,DRIVER_COUNT_20YR,DRIVER_COUNT_50_64YR,DRIVER_COUNT_65_74YR,DRIVER_COUNT_75PLUS,EST_HRS_CLOSED,FATAL_COUNT,HEAVY_TRUCK_COUNT,HORSE_BUGGY_COUNT,HOUR_OF_DAY,ILLUMINATION,INJURY_COUNT,INTERSECT_TYPE,INTERSECTION_RELATED,LANE_CLOSED,LATITUDE,LN_CLOSE_DIR,LOCATION_TYPE,LONGITUDE,MAX_SEVERITY_LEVEL,MCYCLE_DEATH_COUNT,MCYCLE_SUSP_SERIOUS_INJ_COUNT,MOTORCYCLE_COUNT,MUNICIPALITY,NONMOTR_COUNT,NONMOTR_DEATH_COUNT,NONMOTR_SUSP_SERIOUS_INJ_COUNT,NTFY_HIWY_MAINT,PED_COUNT,PED_DEATH_COUNT,PED_SUSP_SERIOUS_INJ_COUNT,PERSON_COUNT,POLICE_AGCY,POSSIBLE_INJ_COUNT,RDWY_SURF_TYPE_CD,RELATION_TO_ROAD,ROAD_CONDITION,ROADWAY_CLEARED,SCH_BUS_IND,SCH_ZONE_IND,SECONDARY_CRASH,SMALL_TRUCK_COUNT,SPEC_JURIS_CD,SUSP_MINOR_INJ_COUNT,SUSP_SERIOUS_INJ_COUNT,SUV_COUNT,TCD_FUNC_CD,TCD_TYPE,TFC_DETOUR_IND,TIME_OF_DAY,TOT_INJ_COUNT,TOTAL_UNITS,UNB_DEATH_COUNT,UNB_SUSP_SERIOUS_INJ_COUNT,UNBELTED_OCC_COUNT,UNK_INJ_DEG_COUNT,UNK_INJ_PER_COUNT,URBAN_AREA,URBAN_RURAL,VAN_COUNT,VEHICLE_COUNT,WEATHER1,WEATHER2,WORK_ZONE_IND,WORK_ZONE_LOC,WORK_ZONE_TYPE,WORKERS_PRES,WZ_CLOSE_DETOUR,WZ_FLAGGER,WZ_LAW_OFFCR_IND,WZ_LN_CLOSURE,WZ_MOVING,WZ_OTHER,WZ_SHLDER_MDN,WZ_WORKERS_INJ_KILLED
2022087961,2145.0,2,0,0,0,0,0,0,0,0,1,0,35.0,67,9,2022,6,39.9545,-75.1433,2145.0,6,0,0,0,0,0,1,0,0,,0,0,0.0,21,3,0,0,N,1,39 57:16.200,4.0,3,75 08:35.700,9,0,0,0,67301,0,0,0,N,0,0,0,5,67501,0,,1,1,2209.0,N,N,N,0,,0,0,2,0,0,N,2145,0,4,0,0,0,0,1,3,4,0,4,3,3.0,Y,4.0,1.0,Y,,,N,Y,,,,N
2022115840,2359.0,0,0,0,0,0,0,0,0,0,1,1,,67,11,2022,4,39.9338,-75.1999,2353.0,6,0,0,1,0,0,0,1,0,,0,1,0.0,23,3,0,0,N,1,39 56:01.835,4.0,0,75 11:59.818,9,0,0,0,67301,0,0,0,N,0,0,0,3,68K01,0,,1,1,140.0,N,N,N,0,,0,0,0,0,0,N,2348,0,3,0,0,1,0,1,3,4,1,3,3,3.0,N,,,,,,,,,,,
2022089315,1632.0,1,0,0,0,0,0,0,0,0,4,0,,67,9,2022,3,40.0429,-75.1438,1631.0,6,0,0,0,0,0,0,0,0,,0,0,0.0,16,1,1,1,,2,40 02:34.337,1.0,0,75 08:38.117,3,0,0,0,67301,0,0,0,N,0,0,0,2,67301,0,,1,1,1900.0,N,N,N,0,,1,0,1,3,2,Y,1630,1,2,0,0,0,0,0,3,4,0,2,3,,N,,,,,,,,,,,
2022087403,816.0,0,0,0,0,0,0,0,0,0,8,0,,67,9,2022,4,40.0307,-75.0617,801.0,6,0,0,0,0,0,0,0,0,,0,0,0.0,7,1,2,1,,0,40 01:50.524,,0,75 03:42.293,3,0,0,0,67301,2,0,0,N,2,0,0,3,67301,0,,1,1,,N,Y,N,1,,2,0,0,3,2,,744,2,3,0,0,1,0,0,3,4,0,1,3,3.0,N,,,,,,,,,,,
2022088271,1104.0,1,0,0,0,0,0,0,0,0,8,0,,67,9,2022,4,39.9333,-75.1806,1104.0,6,0,0,0,0,0,0,0,0,,0,0,0.0,10,1,1,1,,0,39 55:59.968,,0,75 10:50.323,4,0,0,0,67301,1,0,0,N,1,0,0,2,67301,1,,1,1,,N,N,N,0,,0,0,0,0,0,,1019,1,2,0,0,1,0,0,3,4,0,1,3,3.0,N,,,,,,,,,,,
2022088792,1348.0,1,0,0,0,0,0,0,0,0,8,0,,67,9,2022,4,40.073,-75.0366,1346.0,6,0,0,0,0,0,0,1,0,,0,0,0.0,13,1,1,2,,0,40 04:22.950,,0,75 02:11.709,8,0,0,0,67301,1,0,0,N,1,0,0,2,67301,0,,1,1,,N,N,N,0,,0,0,0,3,3,,1338,1,2,0,0,1,1,0,3,4,0,1,3,3.0,N,,,,,,,,,,,
2022114503,1111.0,1,0,0,0,0,0,0,0,0,7,0,,67,12,2022,7,40.0438,-75.0029,1105.0,6,0,0,0,0,0,0,0,0,,0,0,0.0,11,1,0,0,N,0,40 02:37.816,,0,75 00:10.490,0,0,0,0,67301,0,0,0,N,0,0,0,2,68K01,0,,3,9,,N,N,N,0,,0,0,0,0,0,,1104,0,1,0,0,0,0,0,3,4,0,1,7,7.0,N,,,,,,,,,,,
2022087351,149.0,1,0,0,0,0,0,0,0,0,7,0,,67,9,2022,4,40.056,-75.0559,141.0,6,0,0,0,0,0,0,0,0,,0,0,0.0,1,3,0,2,,0,40 03:21.596,,0,75 03:21.409,9,0,0,0,67301,0,0,0,N,0,0,0,1,67301,0,,5,1,,N,N,N,0,,0,0,0,3,3,,141,0,1,0,0,0,0,1,3,4,0,1,3,3.0,N,,,,,,,,,,,
2022114332,35.0,1,0,0,0,0,0,0,0,0,4,1,,67,12,2022,6,40.0539,-75.0863,27.0,6,0,0,0,0,0,1,0,0,,0,0,0.0,23,3,0,1,,1,40 03:13.871,1.0,0,75 05:10.708,9,0,0,0,67301,0,0,0,N,0,0,0,3,67301,0,,1,1,136.0,N,N,N,1,,0,0,0,3,2,N,2310,0,2,0,0,0,0,2,3,4,0,2,3,3.0,N,,,,,,,,,,,
2022089887,43.0,1,0,0,0,0,0,0,0,0,5,0,,67,9,2022,4,39.9882,-75.1536,38.0,6,0,0,0,0,0,0,0,0,,0,0,0.0,23,3,0,0,N,0,39 59:17.550,,0,75 09:12.900,9,0,0,0,67301,0,0,0,N,0,0,0,1,67301,0,,6,1,,N,N,N,1,,0,0,1,0,0,,2300,0,3,0,0,0,0,1,3,4,0,3,3,,N,,,,,,,,,,,
2022116344,1949.0,0,0,0,0,0,0,0,0,0,4,0,,67,12,2022,3,40.0845,-75.0384,1943.0,6,0,0,0,0,0,0,0,0,,0,0,0.0,19,3,1,1,,0,40 05:04.029,,0,75 02:18.148,3,0,0,0,67301,0,0,0,N,0,0,0,2,67301,0,,1,9,,N,N,N,0,,1,0,2,3,2,,1935,1,2,0,0,0,0,0,3,4,0,2,7,7.0,N,,,,,,,,,,,
2022087374,1010.0,1,0,0,0,0,0,0,0,0,1,0,,67,9,2022,5,40.049,-75.1749,1008.0,6,0,0,0,0,0,0,0,0,,0,0,0.0,9,1,1,1,,0,40 02:56.544,,0,75 10:29.690,4,0,0,0,67301,0,0,0,N,0,0,0,2,67301,1,,1,1,,N,N,N,0,,0,0,1,3,2,,945,1,2,0,0,0,0,0,3,4,0,2,4,,N,,,,,,,,,,,
2022087742,950.0,1,0,0,0,0,0,0,0,0,5,1,,67,9,2022,5,40.0429,-75.024,931.0,6,0,0,0,0,0,1,0,1,,0,1,0.0,9,1,0,0,N,0,40 02:34.382,,0,75 01:26.571,0,0,0,0,67301,0,0,0,N,0,0,0,2,67301,0,,1,1,,N,N,N,0,,0,0,0,0,0,,915,0,2,0,0,0,0,0,3,4,0,2,3,3.0,N,,,,,,,,,,,
2022114297,14.0,0,0,0,0,0,0,0,0,0,7,0,,67,10,2022,1,40.019,-75.046,8.0,6,0,0,0,0,0,0,0,0,,0,0,0.0,23,3,0,0,N,0,40 01:08.307,,0,75 02:45.647,0,0,0,0,67301,0,0,0,N,0,0,0,1,68K01,0,,2,9,,N,N,N,0,,0,0,1,0,0,,2318,0,1,0,0,0,0,0,3,4,0,1,3,,N,,,,,,,,,,,
2022114292,825.0,0,0,0,0,0,0,0,0,0,3,1,,67,11,2022,4,39.9458,-75.1949,822.0,6,0,0,0,0,0,0,1,0,,0,1,0.0,8,1,0,0,N,1,39 56:44.800,4.0,0,75 11:41.700,0,0,0,0,67301,0,0,0,N,0,0,0,2,67504,0,,1,9,835.0,N,N,N,0,,0,0,1,0,0,Y,820,0,2,0,0,0,0,0,3,4,0,2,3,7.0,N,,,,,,,,,,,
2022089200,731.0,0,0,0,0,0,0,0,0,0,1,0,,67,9,2022,4,40.022,-75.0393,712.0,6,0,0,0,0,0,1,0,0,,0,0,0.0,6,1,0,0,N,0,40 01:19.180,,0,75 02:21.340,0,0,0,0,67301,0,0,0,N,0,0,0,2,68K01,0,,1,1,,N,N,N,0,,0,0,0,0,0,,634,0,2,0,0,0,0,0,3,4,2,2,3,,N,,,,,,,,,,,
2022090302,1836.0,0,0,0,0,0,0,0,0,0,4,0,,67,9,2022,5,39.9681,-75.1563,1835.0,6,0,0,0,0,0,1,0,0,,0,0,0.0,18,4,1,1,,0,39 58:05.134,,0,75 09:22.845,4,0,0,0,67301,0,0,0,N,0,0,0,2,67301,1,,1,1,,N,N,N,0,,0,0,1,3,3,,1830,1,2,0,0,0,0,1,3,4,0,2,4,4.0,N,,,,,,,,,,,
2022115940,1335.0,2,0,0,0,0,0,0,0,0,6,0,,67,11,2022,4,39.9905,-75.1279,1328.0,6,0,0,0,0,0,0,0,0,,0,0,0.0,13,1,0,0,N,1,39 59:25.621,4.0,7,75 07:40.485,0,0,0,0,67301,0,0,0,N,0,0,0,2,67301,0,,1,9,1355.0,N,N,N,0,,0,0,0,0,0,Y,1321,0,2,0,0,0,0,0,3,4,0,2,7,7.0,N,,,,,,,,,,,
2022087242,202.0,0,0,0,0,0,0,0,0,0,1,0,,67,9,2022,5,39.9787,-75.1578,200.0,6,0,0,0,0,0,0,0,0,,0,0,0.0,1,3,1,1,,0,39 58:43.293,,0,75 09:28.577,2,0,1,2,67301,0,0,0,N,0,0,0,2,67505,0,,1,1,,N,N,N,0,,0,1,0,3,2,,157,1,2,0,0,0,0,1,3,4,0,2,3,3.0,N,,,,,,,,,,,
2022115925,253.0,0,0,0,0,0,0,0,0,0,7,0,,67,12,2022,1,40.0147,-75.2058,243.0,6,0,0,0,0,0,0,0,0,,0,0,0.0,2,3,0,1,,0,40 00:53.344,,0,75 12:22.970,0,0,0,0,67301,0,0,0,N,0,0,0,1,67301,0,,5,1,,N,N,N,0,,0,0,1,2,2,,242,0,1,0,0,0,0,0,3,4,0,1,3,3.0,N,,,,,,,,,,,
2022115863,2020.0,1,0,0,0,0,0,0,0,0,5,1,,67,11,2022,6,39.9148,-75.1481,2018.0,6,0,0,0,0,0,0,0,0,,0,1,0.0,20,3,3,0,N,0,39 54:53.441,,0,75 08:53.002,4,0,0,0,67301,0,0,0,N,0,0,0,6,68K01,3,,1,1,,N,N,N,0,,0,0,0,0,0,,2017,3,3,0,0,0,0,0,3,4,1,3,3,3.0,N,,,,,,,,,,,
2022098811,217.0,0,0,0,0,0,0,0,0,0,1,0,,67,9,2022,3,39.9555,-75.2014,216.0,6,0,0,0,0,0,0,0,0,,0,0,0.0,2,3,1,0,N,0,39 57:19.885,,0,75 12:04.901,4,0,0,0,67301,0,0,0,N,0,0,0,1,67504,1,,6,1,,N,N,Y,0,,0,0,2,0,0,,216,1,2,0,0,0,0,0,3,4,0,2,3,3.0,N,,,,,,,,,,,
2022114237,1425.0,0,0,0,0,0,0,0,0,0,99,0,,67,11,2022,7,39.933,-75.1678,1425.0,6,0,0,0,0,0,0,0,0,,0,0,0.0,21,3,1,2,,0,39 55:58.639,,0,75 10:03.934,8,0,0,0,67301,1,0,0,N,1,0,0,2,67301,0,,9,99,,N,N,N,0,,0,0,0,9,3,,2120,1,2,0,0,0,1,1,3,4,0,1,3,,N,,,,,,,,,,,
2022088123,1035.0,3,0,0,0,0,0,0,0,0,5,0,,67,9,2022,6,39.9604,-75.233,1035.0,6,0,1,0,0,0,0,0,0,,0,0,0.0,10,1,0,0,N,0,39 57:37.300,,7,75 13:58.900,0,0,0,0,67301,0,0,0,N,0,0,0,4,67301,0,,6,1,,N,N,Y,1,,0,0,2,0,0,,1030,0,6,0,0,1,0,0,3,4,0,6,3,3.0,N,,,,,,,,,,,
2022088192,2350.0,0,0,0,0,0,0,0,0,0,7,0,,67,9,2022,6,40.0344,-75.0748,2323.0,6,0,0,0,0,0,0,0,0,,0,0,0.0,23,3,1,5,,0,40 02:03.672,,0,75 04:29.364,3,0,0,0,67301,0,0,0,N,0,0,0,1,67301,0,,3,1,,N,N,N,0,,1,0,1,3,1,,2310,1,1,0,0,0,0,0,3,4,0,1,3,,N,,,,,,,,,,,
2022115559,2021.0,0,0,0,0,0,0,0,0,0,7,0,,67,10,2022,2,40.0309,-75.0218,2013.0,6,0,0,0,0,0,0,0,0,,0,0,0.0,20,3,0,0,N,1,40 01:51.182,2.0,0,75 01:18.491,0,0,0,0,67301,0,0,0,N,0,0,0,1,68K01,0,,4,9,2050.0,N,N,N,0,,0,0,1,0,0,N,2011,0,1,0,0,0,0,0,3,4,0,1,7,,N,,,,,,,,,,,
2022087390,1031.0,2,0,0,0,0,0,0,0,0,1,0,,67,9,2022,5,39.9145,-75.1889,9999.0,6,0,0,0,0,0,0,0,0,,0,0,0.0,10,1,0,0,N,1,39 54:52.200,4.0,3,75 11:19.900,0,0,0,0,67301,0,0,0,N,0,0,0,1,67501,0,,2,9,1100.0,N,N,N,0,,0,0,0,0,0,N,1030,0,2,0,0,0,0,0,3,4,0,2,7,,N,,,,,,,,,,,
2022088039,1240.0,1,0,0,0,0,0,0,0,0,8,0,,67,9,2022,6,40.0291,-75.2058,1231.0,6,0,0,0,0,0,0,0,0,,0,0,0.0,12,1,3,0,N,0,40 01:44.590,,0,75 12:20.935,2,0,0,0,67301,2,0,1,N,2,0,1,4,67301,0,,1,1,,N,N,Y,0,,2,1,0,0,0,,1230,3,3,0,0,0,0,0,3,4,0,1,3,3.0,N,,,,,,,,,,,
2022104961,327.0,2,0,0,0,0,0,0,0,0,4,0,,67,9,2022,7,39.9988,-75.119,323.0,6,0,0,0,0,0,0,0,0,,0,0,0.0,3,3,1,1,,0,39 59:55.804,,0,75 07:08.496,3,0,0,0,67301,0,0,0,N,0,0,0,2,67301,0,,1,1,,N,N,N,0,,1,0,0,3,3,,323,1,2,0,0,2,0,0,3,4,0,2,3,3.0,N,,,,,,,,,,,
2022115629,1615.0,0,0,0,1,0,0,0,0,0,4,0,,67,8,2022,4,39.9465,-75.1415,1600.0,6,0,0,0,0,0,0,0,0,,0,0,0.0,15,1,1,2,,0,39 56:47.275,,0,75 08:29.543,8,0,0,0,67301,1,0,0,N,0,0,0,2,67301,0,,1,1,,N,N,N,0,,0,0,1,3,2,,1540,1,2,0,0,0,1,0,3,4,0,1,3,3.0,N,,,,,,,,,,,
2022088731,919.0,1,0,0,0,0,0,0,0,0,8,0,,67,9,2022,5,39.9645,-75.2201,919.0,6,0,0,0,0,0,1,0,0,,0,0,0.0,9,1,1,0,N,0,39 57:52.100,,0,75 13:12.400,3,0,0,0,67301,1,0,0,N,1,0,0,2,67301,0,,1,1,,N,N,N,0,,1,0,0,0,0,,919,1,2,0,0,0,0,0,3,4,0,1,3,4.0,N,,,,,,,,,,,
2022116350,452.0,2,0,0,0,0,0,0,0,0,7,0,,67,12,2022,3,40.0316,-75.0532,447.0,6,0,0,0,0,0,0,0,0,,1,0,0.0,4,3,1,5,,0,40 01:54.185,,0,75 03:11.958,1,0,0,0,67301,0,0,0,N,0,0,0,3,67301,0,2.0,3,1,,N,N,Y,0,0.0,1,0,0,3,2,,447,1,2,0,0,0,0,0,3,4,0,2,3,3.0,N,,,,,,,,,,,
2022115451,145.0,1,0,0,0,0,0,0,0,0,4,0,,67,11,2022,6,39.9857,-75.2475,141.0,6,0,0,0,0,0,0,0,0,,0,0,0.0,1,3,2,1,,0,39 59:08.457,,0,75 14:51.079,8,0,0,0,67301,0,0,0,N,0,0,0,2,67301,0,,1,1,,N,N,N,0,,0,0,1,3,2,,133,2,2,0,0,0,2,0,3,4,0,2,3,,N,,,,,,,,,,,
2022114235,940.0,2,0,0,0,0,0,0,0,0,4,0,,67,12,2022,7,40.0496,-75.0956,937.0,6,0,0,0,0,0,0,0,0,,0,0,0.0,9,1,2,1,,0,40 02:58.479,,0,75 05:44.227,3,0,0,0,67301,0,0,0,N,0,0,0,2,67301,0,,1,9,,N,N,N,0,,2,0,0,9,2,,925,2,2,0,0,0,0,0,3,4,0,2,7,,N,,,,,,,,,,,
2022114687,1620.0,1,0,0,0,0,0,0,0,0,8,0,,67,11,2022,6,40.0038,-75.1697,1613.0,6,0,0,0,0,0,0,0,0,,0,0,0.0,15,1,1,0,N,0,40 00:13.522,,0,75 10:10.762,8,0,0,0,67301,1,0,0,N,1,0,0,1,67301,0,,1,1,,N,N,N,0,,0,0,0,0,0,,1551,1,2,0,0,0,1,0,3,4,0,1,3,,N,,,,,,,,,,,
2022088040,1416.0,1,0,0,0,0,0,0,0,0,8,0,,67,9,2022,6,40.024,-75.144,1414.0,6,0,0,0,0,0,0,0,0,,0,0,0.0,14,1,1,0,N,0,40 01:26.550,,0,75 08:38.260,3,0,0,0,67301,1,0,0,N,1,0,0,2,67301,0,,1,1,,N,N,N,0,,1,0,0,0,0,,1405,1,2,0,0,1,0,1,3,4,0,1,3,3.0,N,,,,,,,,,,,
2022114228,552.0,1,0,0,0,0,0,0,0,0,7,0,,67,12,2022,7,39.9612,-75.1824,552.0,6,0,0,0,0,0,0,0,0,,0,0,0.0,5,3,0,7,,0,39 57:40.397,,2,75 10:56.651,0,0,0,0,67301,0,0,0,N,0,0,0,1,68K01,0,,2,9,,N,N,N,0,,0,0,0,0,0,,544,0,1,0,0,0,0,0,3,4,0,1,7,,N,,,,,,,,,,,
2022089216,7.0,0,0,0,0,0,0,0,0,0,5,0,,67,9,2022,6,39.9599,-75.1779,1.0,6,0,0,0,0,0,1,0,0,,0,0,0.0,23,3,4,0,N,2,39 57:35.597,4.0,3,75 10:40.491,4,0,0,0,67301,0,0,0,N,0,0,0,4,68K01,4,,1,1,23.0,N,N,N,0,,0,0,3,0,0,N,2351,4,3,0,0,0,0,0,3,4,0,3,3,,N,,,,,,,,,,,
2022114760,1400.0,0,0,0,0,0,0,0,0,0,4,1,,67,12,2022,2,39.9604,-75.1894,235.0,6,0,0,0,0,0,0,0,0,,0,1,0.0,11,1,0,1,,0,39 57:37.313,,0,75 11:22.016,9,0,0,0,67301,0,0,0,N,0,0,0,1,67507,0,,1,1,,N,N,N,0,,0,0,1,3,2,,1151,0,2,0,0,0,0,1,3,4,0,2,3,3.0,N,,,,,,,,,,,
2022114079,1020.0,0,0,0,0,0,0,0,0,0,8,0,,67,12,2022,6,40.0553,-75.1929,1004.0,6,0,0,0,0,0,0,0,0,,0,0,0.0,10,1,1,1,,0,40 03:19.015,,0,75 11:34.594,3,0,0,0,67301,1,0,0,N,1,0,0,1,67301,0,,1,1,,N,N,N,0,,1,0,1,3,2,,1002,1,2,0,0,0,0,0,3,4,0,1,3,,N,,,,,,,,,,,
2022101615,1755.0,0,0,0,0,0,0,0,0,0,1,0,,67,10,2022,3,40.0118,-75.0978,1754.0,6,0,0,0,0,0,0,0,0,,0,0,0.0,16,3,1,1,N,0,40 00:42.552,,0,75 05:51.907,3,0,0,0,67301,0,0,0,N,0,0,0,3,67301,0,,1,9,,N,N,N,1,,1,0,1,3,2,,1627,1,2,0,0,0,0,0,3,4,0,2,4,7.0,N,,,,,,,,,,,
2022101853,530.0,1,0,0,0,0,0,0,0,0,7,0,,67,10,2022,3,39.9909,-75.1851,516.0,6,0,0,0,0,0,0,0,0,,0,0,0.0,5,3,0,0,N,0,39 59:27.122,,0,75 11:06.416,9,0,0,0,67301,0,0,0,N,0,0,0,1,67301,0,,5,1,,N,N,N,0,,0,0,0,0,0,,510,0,1,0,0,0,0,1,3,4,0,1,3,,N,,,,,,,,,,,
2022083629,1118.0,1,0,0,0,0,0,0,0,0,8,0,,67,9,2022,3,39.9653,-75.2255,1101.0,6,0,0,0,0,0,0,0,1,,0,0,0.0,8,1,1,1,,0,39 57:55.055,,0,75 13:31.731,3,0,0,0,67301,1,0,0,N,1,0,0,2,67301,0,,1,9,,N,N,N,0,,1,0,0,3,2,,850,1,2,0,0,0,0,1,3,4,0,1,7,,N,,,,,,,,,,,
2022101104,1330.0,0,0,0,0,0,0,0,0,0,4,0,,67,10,2022,7,39.9583,-75.1641,1330.0,6,0,0,0,0,0,1,0,0,,0,0,0.0,1,3,1,1,,9,39 57:29.829,,0,75 09:50.647,8,0,0,0,67301,0,0,0,N,0,0,0,3,67301,0,,1,1,,N,N,Y,0,,0,0,2,9,2,,126,1,2,0,0,0,1,1,3,4,0,2,3,3.0,N,,,,,,,,,,,
2022084851,1738.0,0,0,0,0,0,0,0,0,0,1,0,,67,9,2022,4,39.9585,-75.1803,1707.0,6,0,0,0,0,0,1,0,0,,0,0,0.0,17,1,1,0,N,1,39 57:30.554,4.0,0,75 10:48.960,3,0,0,0,67301,0,0,0,N,0,0,0,4,68K01,0,,1,1,1835.0,N,N,N,1,,1,0,2,0,0,N,1705,1,3,0,0,0,0,0,3,4,0,3,3,,N,,,,,,,,,,,
2022101524,1510.0,0,0,0,0,0,0,1,0,0,5,2,,67,10,2022,5,39.9553,-75.1478,1430.0,6,0,0,0,0,0,1,0,0,,0,1,0.0,14,1,2,0,N,0,39 57:19.023,,2,75 08:51.936,4,0,0,0,67301,0,0,0,N,0,0,0,6,67501,2,,1,1,,N,N,N,0,,0,0,0,0,0,,1426,2,2,0,0,0,0,0,3,4,0,2,3,3.0,N,,,,,,,,,,,
2022102141,857.0,0,0,0,0,0,0,0,0,0,7,0,,67,8,2022,1,39.9313,-75.1994,847.0,6,0,0,0,0,0,0,0,0,,0,0,0.0,8,1,2,0,N,1,39 55:52.501,3.0,0,75 11:57.922,3,0,0,0,67301,0,0,0,N,0,0,0,3,68K01,0,,3,1,953.0,N,N,N,0,,2,0,1,0,0,N,835,2,1,0,0,0,0,0,3,4,0,1,3,,N,,,,,,,,,,,
2022083631,1435.0,0,0,0,0,0,0,0,0,0,4,0,,67,9,2022,4,39.981,-75.1757,1427.0,6,0,0,0,0,0,0,0,0,,0,0,0.0,14,1,0,1,,0,39 58:51.524,,0,75 10:32.559,0,0,0,0,67301,0,0,0,N,0,0,0,3,67301,0,,1,1,,N,N,N,0,,0,0,2,3,2,,1425,0,2,0,0,3,0,0,3,4,0,2,3,4.0,N,,,,,,,,,,,
2022099556,1754.0,0,0,0,0,0,0,0,0,0,5,0,45.0,67,9,2022,1,39.9972,-75.0822,1744.0,6,0,0,0,0,0,1,0,0,,0,0,0.0,17,1,3,0,N,1,39 59:49.749,3.0,0,75 04:55.815,3,0,0,0,67301,0,0,0,N,0,0,0,3,68K01,0,,1,1,1844.0,N,N,N,0,,1,0,2,0,0,N,1742,3,2,0,0,1,2,0,3,4,0,2,3,,Y,4.0,1.0,N,,,N,,,,Y,N
2022103291,1240.0,1,0,0,0,0,0,0,0,0,4,0,,67,11,2022,6,40.1066,-75.0299,1229.0,6,0,0,0,0,0,0,0,0,,0,0,0.0,11,1,0,0,N,0,40 06:23.705,,0,75 01:47.563,9,0,0,0,67301,0,0,0,N,0,0,0,7,67301,0,,1,1,,N,N,N,0,,0,0,1,0,0,,1150,0,2,0,0,0,0,6,3,4,0,2,3,,N,,,,,,,,,,,
2022105071,1124.0,1,0,0,0,0,0,0,0,0,1,0,,67,9,2022,7,39.9571,-75.1568,1106.0,6,0,0,0,1,0,0,2,0,,0,0,0.0,11,1,1,0,N,0,39 57:25.584,,0,75 09:24.465,3,0,0,0,67301,0,0,0,N,0,0,0,5,68K01,0,,1,1,,N,N,N,0,,1,0,2,0,0,,1101,1,3,0,0,0,0,0,3,4,0,3,3,3.0,N,,,,,,,,,,,
2022102045,,0,0,0,0,0,0,0,0,0,5,0,,67,10,2022,3,,,,6,0,0,0,0,0,0,1,0,,0,0,0.0,11,1,1,0,N,0,,,0,,8,0,0,0,67301,0,0,0,N,0,0,0,2,00000,0,,1,1,,,,N,0,,0,0,1,0,0,,1107,1,2,0,0,0,1,0,3,3,0,2,3,,N,,,,,,,,,,,
2022088803,2142.0,1,0,0,0,0,0,0,0,0,4,0,,67,9,2022,1,40.0086,-75.0688,2142.0,6,0,0,0,0,0,0,0,0,,0,0,0.0,19,3,1,1,,0,40 00:31.197,,0,75 04:08.216,4,0,0,0,67301,0,0,0,N,0,0,0,2,67301,1,,1,9,,N,N,N,0,,0,0,1,3,2,,1942,1,2,0,0,0,0,0,3,4,0,2,7,,N,,,,,,,,,,,
2022098736,10.0,1,0,0,0,0,0,0,0,0,2,0,,67,9,2022,3,40.0066,-75.1471,0.0,6,0,0,1,0,0,0,0,0,,0,0,0.0,0,3,0,0,N,0,40 00:23.910,,0,75 08:49.660,0,0,0,0,67301,0,0,0,N,0,0,0,1,67301,0,,1,1,,N,N,N,0,,0,0,4,0,0,,0,0,5,0,0,0,0,0,3,4,0,5,3,3.0,N,,,,,,,,,,,
2022105127,1201.0,1,0,0,0,0,0,0,0,0,7,0,,67,3,2022,7,40.0648,-75.1685,1157.0,6,0,0,0,0,0,1,0,0,,0,0,0.0,11,1,1,0,N,2,40 03:53.453,6.0,0,75 10:06.525,4,0,0,0,67301,0,0,0,N,0,0,0,1,67301,1,,5,9,1400.0,N,N,N,0,,0,0,0,0,0,Y,1154,1,1,0,0,1,0,0,3,4,0,1,7,,N,,,,,,,,,,,
2022083648,845.0,1,0,0,0,0,0,0,0,0,8,0,,67,9,2022,5,40.0521,-75.1418,832.0,6,0,0,0,0,0,0,0,0,,0,0,0.0,8,1,1,1,,0,40 03:07.476,,0,75 08:30.412,8,0,0,0,67301,1,0,0,N,1,0,0,2,67301,0,,1,1,,N,N,N,0,,0,0,0,3,2,,801,1,2,0,0,0,1,0,3,4,0,1,3,3.0,N,,,,,,,,,,,
2022097878,2137.0,0,0,0,0,0,0,0,0,0,8,0,,67,8,2022,3,40.0189,-75.1472,2137.0,6,0,0,0,0,0,0,0,0,,0,0,0.0,21,3,1,1,,0,40 01:08.061,,0,75 08:50.029,3,0,0,0,67301,1,0,0,N,1,0,0,2,67301,0,,1,9,,N,N,N,0,,1,0,0,3,2,,2137,1,2,0,0,0,0,0,3,4,0,1,7,,N,,,,,,,,,,,
2022083615,450.0,0,0,0,0,0,0,0,0,0,5,0,,67,9,2022,3,40.0155,-75.0746,445.0,6,0,0,0,0,0,0,0,0,,0,0,0.0,4,3,0,0,N,0,40 00:55.800,,0,75 04:28.700,0,0,0,0,67301,0,0,0,N,0,0,0,1,67301,0,,6,9,,N,N,N,0,,0,0,1,0,0,,440,0,2,0,0,0,0,0,3,4,1,2,7,7.0,N,,,,,,,,,,,