CRN,ARRIVAL_TM,AUTOMOBILE_COUNT,BELTED_DEATH_COUNT,BELTED_SUSP_SERIOUS_INJ_COUNT,BICYCLE_COUNT,BICYCLE_DEATH_COUNT,BICYCLE_SUSP_SERIOUS_INJ_COUNT,BUS_COUNT,CHLDPAS_DEATH_COUNT,CHLDPAS_SUSP_SERIOUS_INJ_COUNT,COLLISION_TYPE,COMM_VEH_COUNT,CONS_ZONE_SPD_LIM,COUNTY,CRASH_MONTH,CRASH_YEAR,DAY_OF_WEEK,DEC_LAT,DEC_LONG,DISPATCH_TM,DISTRICT,DRIVER_COUNT_16YR,DRIVER_COUNT_17YR,DRIVER_COUNT_18YR,DRIVER_COUNT_19YR,DRIVER_COUNT_20YR,DRIVER_COUNT_50_64YR,DRIVER_COUNT_65_74YR,DRIVER_COUNT_75PLUS,EST_HRS_CLOSED,FATAL_COUNT,HEAVY_TRUCK_COUNT,HORSE_BUGGY_COUNT,HOUR_OF_DAY,ILLUMINATION,INJURY_COUNT,INTERSECT_TYPE,INTERSECTION_RELATED,LANE_CLOSED,LATITUDE,LN_CLOSE_DIR,LOCATION_TYPE,LONGITUDE,MAX_SEVERITY_LEVEL,MCYCLE_DEATH_COUNT,MCYCLE_SUSP_SERIOUS_INJ_COUNT,MOTORCYCLE_COUNT,MUNICIPALITY,NONMOTR_COUNT,NONMOTR_DEATH_COUNT,NONMOTR_SUSP_SERIOUS_INJ_COUNT,NTFY_HIWY_MAINT,PED_COUNT,PED_DEATH_COUNT,PED_SUSP_SERIOUS_INJ_COUNT,PERSON_COUNT,POLICE_AGCY,POSSIBLE_INJ_COUNT,RDWY_SURF_TYPE_CD,RELATION_TO_ROAD,ROAD_CONDITION,ROADWAY_CLEARED,SCH_BUS_IND,SCH_ZONE_IND,SECONDARY_CRASH,SMALL_TRUCK_COUNT,SPEC_JURIS_CD,SUSP_MINOR_INJ_COUNT,SUSP_SERIOUS_INJ_COUNT,SUV_COUNT,TCD_FUNC_CD,TCD_TYPE,TFC_DETOUR_IND,TIME_OF_DAY,TOT_INJ_COUNT,TOTAL_UNITS,UNB_DEATH_COUNT,UNB_SUSP_SERIOUS_INJ_COUNT,UNBELTED_OCC_COUNT,UNK_INJ_DEG_COUNT,UNK_INJ_PER_COUNT,URBAN_AREA,URBAN_RURAL,VAN_COUNT,VEHICLE_COUNT,WEATHER1,WEATHER2,WORK_ZONE_IND,WORK_ZONE_LOC,WORK_ZONE_TYPE,WORKERS_PRES,WZ_CLOSE_DETOUR,WZ_FLAGGER,WZ_LAW_OFFCR_IND,WZ_LN_CLOSURE,WZ_MOVING,WZ_OTHER,WZ_SHLDER_MDN,WZ_WORKERS_INJ_KILLED
2022097351,1215.0,2,0,0,0,0,0,0,0,0,7,0,,67,9,2022,3,39.9574,-75.1587,1158.0,6,0,0,0,0,0,0,0,0,,0,0,0.0,11,1,0,0,N,1,39 57:26.819,4.0,1,75 09:31.239,9,0,0,0,67301,0,0,0,N,0,0,0,3,68K01,0,,3,9,15.0,N,N,N,0,,0,0,0,0,0,N,1157,0,3,0,0,0,0,1,3,4,0,3,7,7.0,N,,,,,,,,,,,
2022080570,,0,0,0,0,0,0,0,0,0,1,0,,67,8,2022,2,40.0072,-75.2002,,6,0,0,0,0,0,0,0,0,,0,0,0.0,13,1,2,7,N,0,40 00:25.917,,2,75 12:00.838,8,0,0,0,67301,0,0,0,N,0,0,0,3,00000,0,,7,1,,,,N,0,,0,0,0,0,0,,1350,2,2,0,0,1,2,0,3,4,1,2,3,,N,,,,,,,,,,,
2022097353,1138.0,1,0,0,0,0,0,0,0,0,5,0,,67,9,2022,6,39.9564,-75.1804,1135.0,6,0,0,0,0,0,0,0,0,,0,0,0.0,11,1,0,0,N,1,39 57:23.905,4.0,1,75 10:49.318,0,0,0,0,67301,0,0,0,Y,0,0,0,3,68K01,0,,1,1,1210.0,N,N,N,0,,0,0,1,0,0,N,1118,0,2,0,0,0,0,0,3,4,0,2,3,3.0,N,,,,,,,,,,,
2022100194,,0,0,0,0,0,0,0,0,0,4,0,,67,9,2022,3,40.0218,-75.052,,6,0,0,0,0,0,0,0,0,,0,0,0.0,17,1,1,1,,0,40 01:18.569,,0,75 03:07.311,8,0,0,0,67301,0,0,0,N,0,0,0,2,00000,0,,1,1,,,,N,1,,0,0,0,0,0,,1700,1,2,0,0,1,1,0,3,4,0,2,3,,N,,,,,,,,,,,
2022100951,33.0,1,0,0,0,0,0,0,0,0,4,0,,67,10,2022,7,40.0354,-75.0698,32.0,6,0,0,0,0,0,0,0,0,,0,0,0.0,23,3,1,5,,0,40 02:07.401,,0,75 04:11.116,3,0,0,0,67301,0,0,0,N,0,0,0,3,67301,0,,1,1,,N,N,N,0,,1,0,1,3,2,,2341,1,2,0,0,0,0,0,3,4,0,2,3,3.0,N,,,,,,,,,,,
2022085274,1230.0,0,0,0,0,0,0,0,0,0,1,1,,67,9,2022,5,40.114,-74.9876,1219.0,6,0,0,0,0,0,0,0,0,,0,1,0.0,12,1,1,1,,0,40 06:50.525,,0,74 59:15.412,8,0,0,0,67301,0,0,0,N,0,0,0,2,67301,0,,1,1,,N,N,N,0,,0,0,1,3,2,,1211,1,2,0,0,0,1,0,3,4,0,2,3,,N,,,,,,,,,,,
2022086939,,1,0,0,0,0,0,0,0,0,1,0,,67,9,2022,5,,,,6,0,0,0,0,0,1,0,0,,0,0,0.0,8,1,1,0,N,0,,,3,,8,0,0,0,67301,0,0,0,N,0,0,0,2,00000,0,,1,1,,,,N,0,,0,0,0,0,0,,815,1,2,0,0,0,1,0,3,3,0,2,3,,N,,,,,,,,,,,
2022100956,1340.0,0,0,0,0,0,0,0,0,0,7,0,,67,10,2022,7,40.0098,-75.0894,1340.0,6,0,0,0,0,0,0,0,0,,0,0,0.0,13,1,0,0,N,0,40 00:35.717,,0,75 05:21.653,0,0,0,0,67301,0,0,0,N,0,0,0,1,67301,0,,4,1,,N,N,N,0,,0,0,0,0,0,,1340,0,1,0,0,0,0,0,3,4,1,1,3,,N,,,,,,,,,,,
2022101074,51.0,1,0,0,0,0,0,0,0,0,5,0,,67,10,2022,7,39.9363,-75.1995,51.0,6,0,0,0,0,1,0,0,0,,0,0,0.0,0,3,1,0,N,2,39 56:10.699,4.0,0,75 11:58.136,3,0,0,0,67301,0,0,0,N,0,0,0,4,68K01,0,,1,1,130.0,N,N,Y,0,,1,0,0,0,0,N,51,1,2,0,0,0,0,1,3,4,0,2,3,,N,,,,,,,,,,,
2022102015,2110.0,1,0,0,0,0,0,0,0,0,4,0,,67,10,2022,1,39.9738,-75.2064,2101.0,6,0,1,0,0,0,0,0,0,,0,0,0.0,20,3,2,1,,0,39 58:25.797,,0,75 12:23.198,3,0,0,0,67301,0,0,0,N,0,0,0,3,67301,0,,1,1,,N,N,N,0,,2,0,1,3,2,,2058,2,2,0,0,0,0,0,3,4,0,2,3,3.0,N,,,,,,,,,,,
2022101520,310.0,1,0,0,0,0,0,0,0,0,1,1,55.0,67,9,2022,7,40.0062,-75.1969,257.0,6,0,0,0,0,0,0,0,0,,0,1,0.0,2,3,1,7,,0,40 00:12.127,,2,75 11:40.015,3,0,0,0,67301,1,0,0,N,0,0,0,2,68K01,0,,2,1,,N,N,N,0,,1,0,0,0,0,,257,1,2,0,0,0,0,0,3,4,0,2,3,,Y,4.0,1.0,Y,N,N,N,N,N,N,Y,N
2022077367,,1,0,0,0,0,0,0,0,0,1,0,,67,7,2022,6,,,,6,0,0,0,0,0,1,0,0,,0,0,0.0,16,1,1,1,,0,,,0,,8,0,0,0,67301,0,0,0,N,0,0,0,2,00000,0,,1,1,,,,N,0,,0,0,1,3,2,,1645,1,2,0,0,1,1,0,3,3,0,2,3,,N,,,,,,,,,,,
2022072939,,1,0,0,0,0,0,0,0,0,1,0,,67,7,2022,7,39.938,-75.1987,,6,0,0,0,0,0,1,0,0,,0,0,0.0,11,1,1,0,Y,0,39 56:16.638,,0,75 11:55.257,8,0,0,0,67301,0,0,0,N,0,0,0,2,00000,0,,1,1,,,,N,0,,0,0,0,3,2,,1130,1,2,0,0,0,1,0,3,4,0,2,3,,N,,,,,,,,,,,
2022100206,,2,0,0,0,0,0,0,0,0,4,0,,67,9,2022,6,40.0385,-75.0518,,6,0,0,0,0,0,0,0,1,,0,0,0.0,0,3,0,1,,0,40 02:18.549,,0,75 03:06.494,0,0,0,0,67301,0,0,0,N,0,0,0,2,00000,0,,1,1,,,,N,0,,0,0,0,3,2,,30,0,2,0,0,2,0,0,3,4,0,2,3,,N,,,,,,,,,,,
2022105128,2335.0,0,0,0,0,0,0,0,0,0,4,0,,67,11,2022,3,40.0808,-75.1699,2334.0,6,0,0,0,0,0,1,0,0,,0,0,0.0,23,3,2,1,,0,40 04:50.635,,0,75 10:11.945,8,0,0,0,67301,0,0,0,N,0,0,0,3,67301,0,,1,1,,N,N,Y,0,,0,0,0,2,1,,2320,2,2,0,0,0,2,0,3,4,2,2,3,3.0,N,,,,,,,,,,,
2022104386,2025.0,1,0,0,0,0,0,0,0,0,5,1,,67,11,2022,5,40.105,-75.0017,2014.0,6,0,0,0,0,0,0,1,0,,0,1,0.0,17,1,2,2,,0,40 06:17.915,,0,75 00:06.177,8,0,0,0,67301,0,0,0,N,0,0,0,3,67301,0,,1,1,,N,N,N,0,,0,0,0,3,2,,1715,2,2,0,0,0,2,0,3,4,0,2,3,,N,,,,,,,,,,,
2022075112,,1,0,0,0,0,0,0,0,0,1,0,,67,8,2022,2,39.9333,-75.1434,,6,0,0,0,0,0,0,0,0,,0,0,0.0,14,1,4,2,,0,39 55:59.902,,0,75 08:36.154,8,0,0,0,67301,0,0,0,N,0,0,0,5,00000,0,,1,1,,,,N,1,,0,0,0,3,2,,1455,4,2,0,0,1,4,0,3,4,0,2,3,,N,,,,,,,,,,,
2022083654,804.0,0,0,0,0,0,0,0,0,0,4,0,,67,9,2022,4,40.0037,-75.1689,759.0,6,0,0,0,0,0,0,0,0,,0,0,0.0,7,1,3,5,,0,40 00:13.178,,0,75 10:08.095,3,0,0,0,67301,0,0,0,N,0,0,0,4,67301,1,,1,9,,N,N,N,0,,2,0,1,3,2,,757,3,2,0,0,0,0,0,3,4,1,2,7,7.0,N,,,,,,,,,,,
2022101401,1458.0,0,0,0,0,0,0,0,0,0,5,0,,67,10,2022,6,39.9976,-75.1963,1452.0,6,0,0,0,0,0,1,0,0,,0,0,0.0,14,1,2,0,N,1,39 59:51.348,3.0,0,75 11:46.512,3,0,0,0,67301,0,0,0,N,0,0,0,3,68K01,0,,1,1,1537.0,N,N,N,0,,2,0,1,0,0,N,1451,2,2,0,0,0,0,0,3,4,0,2,3,3.0,N,,,,,,,,,,,
2022101316,1656.0,0,0,0,0,0,0,0,0,0,7,0,,67,10,2022,5,40.0446,-75.0022,1649.0,6,0,0,0,0,0,1,0,0,,0,0,0.0,16,1,1,0,N,2,40 02:40.524,1.0,0,75 00:08.045,8,0,0,0,67301,0,0,0,N,0,0,0,1,68K01,0,,2,1,1950.0,N,N,N,0,,0,0,0,0,0,N,1648,1,1,0,0,1,1,0,3,4,1,1,3,3.0,N,,,,,,,,,,,
2022093413,230.0,3,0,0,0,0,0,0,0,0,6,0,,67,9,2022,5,39.9543,-75.22,229.0,6,0,0,0,0,0,0,0,0,,0,0,0.0,2,3,0,0,N,0,39 57:15.550,,0,75 13:11.990,0,0,0,0,67301,0,0,0,N,0,0,0,1,67301,0,,6,1,,N,N,N,0,,0,0,2,0,0,,229,0,5,0,0,1,0,0,3,4,0,5,3,3.0,N,,,,,,,,,,,
2022075127,,0,0,0,0,0,0,0,0,0,5,0,,67,8,2022,4,,,,6,0,0,0,0,0,1,0,0,,0,0,0.0,8,1,1,0,N,0,,,0,,8,0,0,0,67301,0,0,0,N,0,0,0,2,00000,0,,1,1,,,,N,0,,0,0,1,0,0,,845,1,2,0,0,0,1,0,3,3,0,2,3,,N,,,,,,,,,,,
2022083602,1700.0,1,0,0,0,0,0,0,0,0,4,0,,67,9,2022,7,40.0995,-74.9864,1658.0,6,0,0,0,0,1,0,0,0,,0,0,0.0,16,1,1,1,,1,40 05:58.296,2.0,2,74 59:10.926,3,0,0,0,67301,0,0,0,N,0,0,0,2,67301,0,,1,1,100.0,N,N,N,0,,1,0,1,3,2,N,1656,1,2,0,0,0,0,0,3,4,0,2,3,3.0,N,,,,,,,,,,,
2022102043,,0,0,0,0,0,0,0,0,0,4,0,,67,10,2022,6,39.9872,-75.1755,,6,0,0,0,0,0,0,0,0,,0,0,0.0,14,1,1,1,,0,39 59:13.822,,0,75 10:31.872,8,0,0,0,67301,0,0,0,N,0,0,0,2,00000,0,,1,1,,,,N,0,,0,0,1,0,0,,1430,1,2,0,0,1,1,0,3,4,1,2,3,,N,,,,,,,,,,,
2022083549,1720.0,1,0,0,1,0,0,0,0,0,4,0,,67,9,2022,6,39.9303,-75.1444,1705.0,6,0,0,0,0,0,0,0,0,,0,0,0.0,12,1,1,0,N,0,39 55:49.070,,7,75 08:39.691,3,0,0,0,67301,1,0,0,N,0,0,0,2,67301,0,,1,1,,N,N,N,0,,1,0,0,0,0,,1240,1,2,0,0,1,0,0,3,4,0,1,3,3.0,N,,,,,,,,,,,
2022103328,1527.0,0,0,0,0,0,0,1,0,0,4,2,,67,11,2022,3,40.0444,-75.1435,1527.0,6,0,0,0,0,0,0,0,0,,0,1,0.0,15,1,0,1,,1,40 02:39.936,2.0,0,75 08:36.817,9,0,0,0,67301,0,0,0,N,0,0,0,6,67301,0,,1,1,1730.0,Y,N,N,0,,0,0,0,3,2,N,1526,0,2,0,0,0,0,6,3,4,0,2,3,3.0,N,,,,,,,,,,,
2022105070,921.0,1,0,0,0,0,0,0,0,0,1,1,,67,9,2022,3,39.9918,-75.2027,917.0,6,0,0,0,0,0,1,0,0,,0,1,0.0,9,1,0,0,N,2,39 59:30.337,3.0,0,75 12:09.862,0,0,0,0,67301,0,0,0,N,0,0,0,3,68K01,0,,1,2,1000.0,N,N,N,0,,0,0,0,0,0,N,915,0,2,0,0,0,0,0,3,4,0,2,3,3.0,N,,,,,,,,,,,
2022101603,2043.0,0,0,0,0,0,0,0,0,0,1,0,,67,10,2022,1,40.0556,-75.2324,2041.0,6,0,0,0,0,0,0,0,0,,0,0,0.0,20,3,0,0,N,0,40 03:20.119,,0,75 13:56.593,9,0,0,0,67301,0,0,0,N,0,0,0,3,67301,0,,1,1,,N,N,N,0,,0,0,2,0,0,,2035,0,2,0,0,1,0,1,3,4,0,2,3,,N,,,,,,,,,,,
2022100426,1200.0,0,0,0,0,0,0,0,0,0,8,1,,67,10,2022,4,39.9501,-75.1706,1145.0,6,0,0,0,0,0,1,0,0,,0,1,0.0,11,1,1,1,,0,39 57:00.513,,0,75 10:14.404,8,0,0,0,67301,1,0,0,N,1,0,0,2,67301,0,,1,9,,N,N,N,0,,0,0,0,3,2,,1130,1,2,0,0,0,1,0,3,4,0,1,4,7.0,N,,,,,,,,,,,
2022102230,1322.0,0,0,0,0,0,0,0,0,0,8,0,,67,10,2022,2,39.9317,-75.168,1317.0,6,0,0,0,0,0,1,0,0,,0,0,0.0,13,1,1,1,,2,39 55:54.243,3.0,0,75 10:04.882,3,0,0,0,67301,1,0,0,N,1,0,0,2,67301,0,,1,1,1340.0,N,N,N,1,,1,0,0,3,3,Y,1315,1,2,0,0,0,0,0,3,4,0,1,3,3.0,N,,,,,,,,,,,
2022100496,455.0,2,0,0,0,0,0,0,0,0,5,0,,67,10,2022,4,39.9426,-75.1429,448.0,6,0,0,0,0,0,0,0,0,,0,0,0.0,4,3,1,0,N,2,39 56:33.188,1.0,0,75 08:34.523,8,0,0,0,67301,0,0,0,N,0,0,0,2,68K01,0,,1,9,510.0,N,N,N,0,,0,0,0,0,0,N,443,1,2,0,0,0,1,0,3,4,0,2,7,,N,,,,,,,,,,,
2022083582,2146.0,2,0,0,0,0,0,0,0,0,6,0,,67,9,2022,5,40.0302,-75.0918,2145.0,6,0,0,0,0,0,1,0,0,,0,0,0.0,21,3,0,0,N,0,40 01:48.840,,0,75 05:30.600,0,0,0,0,67301,0,0,0,N,0,0,0,2,67301,0,,1,1,,N,N,N,1,,0,0,0,0,0,,2143,0,3,0,0,1,0,0,3,4,0,3,3,3.0,N,,,,,,,,,,,
2022101846,815.0,0,0,0,0,0,0,1,0,0,1,1,,67,10,2022,2,40.0665,-75.0636,752.0,6,0,0,0,0,0,1,0,0,,0,0,0.0,7,1,1,0,N,0,40 03:59.284,,0,75 03:48.962,3,0,0,0,67301,0,0,0,N,0,0,0,3,67301,0,,1,1,,N,N,N,0,,1,0,2,0,0,,750,1,3,0,0,0,0,0,3,4,0,3,3,3.0,N,,,,,,,,,,,
2022086912,324.0,4,0,0,0,0,0,0,0,0,1,0,,67,9,2022,5,39.9666,-75.1354,316.0,6,0,0,0,0,0,0,0,0,,0,0,0.0,3,3,3,0,N,0,39 57:59.827,,0,75 08:07.251,3,0,0,0,67301,0,0,0,N,0,0,0,5,68K01,0,,1,1,,N,N,Y,0,,1,0,0,0,0,,315,3,4,0,0,2,2,0,3,4,0,4,3,,N,,,,,,,,,,,
2022101986,253.0,1,0,0,0,0,0,0,0,0,7,0,,67,11,2022,3,40.0421,-75.0038,249.0,6,0,0,1,0,0,0,0,0,,0,0,0.0,2,3,1,0,N,1,40 02:31.426,1.0,0,75 00:13.506,8,0,0,0,67301,0,0,0,N,0,0,0,1,68K01,0,,4,9,255.0,N,N,N,0,,0,0,0,0,0,N,248,1,1,0,0,0,1,0,3,4,0,1,7,,N,,,,,,,,,,,
2022082484,1310.0,1,0,0,0,0,0,0,0,0,8,0,,67,9,2022,5,39.9558,-75.1909,1309.0,6,0,0,0,0,0,0,0,0,,0,0,0.0,13,1,1,0,N,0,39 57:20.992,,0,75 11:27.104,4,0,0,0,67301,1,0,0,N,1,0,0,3,67507,1,,1,1,,N,N,N,0,,0,0,0,0,0,,1300,1,2,0,0,0,0,0,3,4,0,1,3,,N,,,,,,,,,,,
2022082017,913.0,0,0,0,0,0,0,0,0,0,7,0,,67,9,2022,3,40.0902,-74.9758,910.0,6,0,0,0,0,0,0,0,0,,0,0,0.0,9,1,1,0,N,1,40 05:24.859,3.0,0,74 58:32.731,8,0,0,0,67301,0,0,0,N,0,0,0,1,67301,0,,2,9,1000.0,N,N,N,0,,0,0,1,0,0,N,901,1,1,0,0,1,1,0,3,4,0,1,7,7.0,N,,,,,,,,,,,
2022083607,1550.0,2,0,0,0,0,0,0,0,0,2,0,,67,9,2022,7,39.9366,-75.2244,1544.0,6,0,0,0,0,0,0,0,0,,0,0,0.0,13,1,2,1,,0,39 56:12.095,,0,75 13:27.703,8,0,0,0,67301,0,0,0,N,0,0,0,3,67301,0,,1,1,,N,N,N,0,,0,0,0,3,2,,1347,2,2,0,0,3,2,0,3,4,0,2,3,3.0,N,,,,,,,,,,,
2022098377,1836.0,2,0,0,0,0,0,0,0,0,5,0,,67,10,2022,2,39.9401,-75.2007,1836.0,6,0,0,0,0,0,0,0,0,,0,0,0.0,15,1,1,2,,0,39 56:24.746,,0,75 12:02.525,3,0,0,0,67301,0,0,0,N,0,0,0,2,67301,0,,1,9,,N,N,N,0,,1,0,0,0,0,,1530,1,2,0,0,2,0,1,3,4,0,2,4,4.0,N,,,,,,,,,,,
2022102205,740.0,1,0,0,0,0,0,0,0,0,1,0,,67,11,2022,3,39.9863,-75.092,656.0,6,0,0,0,0,1,0,0,0,,0,0,0.0,6,1,0,0,N,0,39 59:10.528,,0,75 05:31.311,0,0,0,0,67301,0,0,0,N,0,0,0,2,68K01,0,,1,9,,N,N,N,1,,0,0,0,0,0,,607,0,2,0,0,0,0,0,3,4,0,2,4,4.0,N,,,,,,,,,,,
2022083548,1212.0,1,0,0,1,0,0,0,0,0,4,0,,67,9,2022,5,39.9376,-75.165,1209.0,6,0,0,0,0,0,0,0,0,,0,0,0.0,12,1,1,0,N,0,39 56:15.300,,7,75 09:54.000,8,0,0,0,67301,1,0,0,N,0,0,0,2,67301,0,,1,1,,N,N,N,0,,0,0,0,0,0,,1200,1,2,0,0,0,1,0,3,4,0,1,3,3.0,N,,,,,,,,,,,
2022101985,121.0,0,0,0,0,0,0,0,0,0,5,0,,67,11,2022,3,40.0352,-75.0178,109.0,6,0,0,1,0,0,0,0,0,,0,0,0.0,1,3,1,0,N,1,40 02:06.546,1.0,0,75 01:04.228,8,0,0,0,67301,0,0,0,N,0,0,0,3,68K01,0,,1,9,125.0,N,N,N,0,,0,0,2,0,0,N,108,1,2,0,0,0,1,0,3,4,0,2,7,,N,,,,,,,,,,,
2022102145,1833.0,1,0,0,0,0,0,0,0,0,1,0,,67,9,2022,6,40.0077,-75.2012,1833.0,6,0,0,1,0,0,0,0,0,,0,0,0.0,18,1,1,0,N,0,40 00:27.777,,2,75 12:04.261,3,0,0,0,67301,0,0,0,N,0,0,0,4,68K01,0,,1,1,,N,N,N,0,,1,0,1,0,0,,1833,1,2,0,0,0,0,0,3,4,0,2,3,,N,,,,,,,,,,,
2022085388,1411.0,1,0,0,0,0,0,0,0,0,1,0,,67,9,2022,4,39.9663,-75.2248,1411.0,6,0,0,0,0,0,0,0,0,,0,0,0.0,14,1,1,0,N,1,39 57:58.628,5.0,0,75 13:29.317,2,0,1,1,67301,0,0,0,N,0,0,0,2,67301,0,,1,1,1440.0,N,N,N,0,,0,1,0,0,0,Y,1410,1,2,0,0,0,0,0,3,4,0,2,7,3.0,N,,,,,,,,,,,
2022082283,2103.0,1,0,0,0,0,0,0,0,0,5,0,,67,9,2022,4,39.9829,-75.1587,2055.0,6,0,0,0,0,0,0,0,0,,0,0,0.0,99,9,0,0,Y,0,39 58:58.400,,0,75 09:31.300,9,0,0,0,67301,0,0,0,N,0,0,0,1,67505,0,,6,99,,N,N,N,0,,0,0,0,0,0,,9999,0,2,0,0,0,0,1,3,4,0,2,99,98.0,N,,,,,,,,,,,
2022099058,2039.0,2,0,0,0,0,0,0,0,0,5,0,,67,8,2022,3,39.9687,-75.1277,2013.0,6,0,0,0,0,0,0,0,0,,0,0,0.0,20,3,0,0,N,1,39 58:07.327,1.0,3,75 07:39.645,0,0,0,0,67301,0,0,0,N,0,0,0,3,68K01,0,,1,1,2130.0,N,N,N,0,,0,0,1,0,0,N,2011,0,3,0,0,0,0,0,3,4,0,3,3,,N,,,,,,,,,,,
2022084683,159.0,0,0,1,0,0,0,0,0,0,7,0,,67,9,2022,5,40.016,-75.176,154.0,6,0,0,0,0,0,0,0,0,,0,0,0.0,1,3,1,0,N,1,40 00:57.607,3.0,0,75 10:33.521,2,0,0,0,67301,0,0,0,N,0,0,0,1,67301,0,,4,1,45.0,N,N,N,0,,0,1,1,0,0,Y,154,1,1,0,0,0,0,0,3,4,0,1,3,3.0,N,,,,,,,,,,,
2022081979,1902.0,0,0,0,0,0,0,0,0,0,1,0,,67,9,2022,3,39.8932,-75.222,1900.0,6,0,0,0,0,0,1,0,0,,0,0,0.0,17,1,1,0,N,0,39 53:35.450,,3,75 13:19.188,3,0,0,0,67301,0,0,0,N,0,0,0,2,67301,0,,1,99,,N,N,N,1,,1,0,1,0,0,,1717,1,2,0,0,0,0,1,3,4,0,2,4,98.0,N,,,,,,,,,,,
2022083563,1227.0,1,0,0,0,0,0,0,0,0,1,0,,67,9,2022,3,40.0131,-75.1198,1227.0,6,0,0,0,0,0,1,0,0,,0,0,0.0,11,1,1,0,N,0,40 00:46.980,,0,75 07:11.270,3,0,0,0,67301,0,0,0,N,0,0,0,2,67301,0,,1,1,,N,N,Y,1,,1,0,0,0,0,,1130,1,2,0,0,1,0,0,3,4,0,2,3,,N,,,,,,,,,,,
2022083579,1220.0,0,0,0,0,0,0,0,0,0,5,0,,67,9,2022,6,39.9226,-75.1783,1215.0,6,0,0,0,0,0,0,0,0,,0,0,0.0,23,3,1,0,N,0,39 55:21.510,,0,75 10:41.730,8,0,0,0,67301,0,0,0,N,0,0,0,2,67301,0,,6,1,,N,N,N,0,,0,0,3,0,0,,2345,1,3,0,0,0,1,0,3,4,0,3,3,3.0,N,,,,,,,,,,,
2022102226,1202.0,0,0,0,0,0,0,0,0,0,8,0,,67,11,2022,3,39.9538,-75.1751,1202.0,6,0,0,0,0,0,0,0,0,,0,0,0.0,11,1,1,1,,0,39 57:13.812,,0,75 10:30.258,3,0,0,0,67301,1,0,0,N,1,0,0,2,67301,0,,1,1,,N,N,N,0,,1,0,1,3,2,,1155,1,2,0,0,0,0,0,3,4,0,1,3,,N,,,,,,,,,,,
2022102030,2155.0,4,0,0,0,0,0,1,0,0,5,1,,67,10,2022,6,40.0306,-75.2181,2140.0,6,0,0,0,0,0,1,0,0,,0,0,0.0,21,3,0,0,N,0,40 01:50.200,,0,75 13:05.100,0,0,0,0,67301,0,0,0,N,0,0,0,1,67508,0,,6,1,,N,N,Y,0,,0,0,1,0,0,,2140,0,6,0,0,0,0,0,3,4,0,6,3,3.0,N,,,,,,,,,,,
2022083550,1453.0,0,0,0,0,0,0,0,0,0,8,0,,67,9,2022,7,39.9449,-75.1484,1439.0,6,0,0,0,0,0,0,0,1,,0,0,0.0,14,1,1,1,,0,39 56:41.782,,0,75 08:54.322,3,0,0,0,67301,1,0,0,N,1,0,0,2,67301,0,,1,1,,N,N,N,0,,1,0,0,3,2,,1435,1,2,0,0,0,0,0,3,4,1,1,3,,N,,,,,,,,,,,
2022083547,955.0,1,0,0,0,0,0,0,0,0,4,0,,67,9,2022,6,39.9197,-75.1637,947.0,6,0,0,0,0,0,0,0,0,,0,0,0.0,7,1,0,5,,0,39 55:11.071,,0,75 09:49.337,0,0,0,0,67301,0,0,0,N,0,0,0,2,67301,0,,1,1,,N,N,N,0,,0,0,1,3,3,,730,0,2,0,0,1,0,0,3,4,0,2,3,3.0,N,,,,,,,,,,,
2022086918,2349.0,0,0,0,0,0,0,0,0,0,7,0,,67,9,2022,1,40.036,-75.0161,2334.0,6,0,0,0,0,0,0,0,0,,0,0,0.0,23,3,1,0,N,1,40 02:09.479,1.0,0,75 00:57.979,8,0,0,0,67301,0,0,0,N,0,0,0,1,68K01,0,,2,9,11.0,N,N,Y,1,,0,0,0,0,0,N,2332,1,1,0,0,0,1,0,3,4,0,1,7,,N,,,,,,,,,,,
2022100428,1022.0,1,0,0,0,0,0,1,0,0,4,1,,67,10,2022,5,39.9717,-75.1259,1022.0,6,0,0,0,0,0,1,0,0,,0,0,0.0,10,1,0,1,,1,39 58:18.518,6.0,0,75 07:33.433,0,0,0,0,67301,0,0,0,N,0,0,0,2,67301,0,,1,1,1100.0,N,N,N,0,,0,0,0,3,2,N,1022,0,2,0,0,0,0,0,3,4,0,2,3,3.0,N,,,,,,,,,,,
2022072946,,1,0,0,0,0,0,0,0,0,4,0,,67,7,2022,6,39.9573,-75.1441,,6,0,0,0,0,0,0,1,0,,0,0,0.0,19,1,1,5,,0,39 57:26.412,,2,75 08:38.875,8,0,0,0,67301,0,0,0,N,0,0,0,2,00000,0,,1,1,,,,N,0,,0,0,0,3,2,,1945,1,2,0,0,0,1,0,3,4,0,2,3,,N,,,,,,,,,,,
2022105804,310.0,1,0,0,0,0,0,0,0,0,5,0,,67,7,2022,3,39.9579,-75.2333,305.0,6,0,0,0,0,0,0,0,0,,0,0,0.0,2,3,0,0,N,2,39 57:28.531,4.0,0,75 13:59.806,9,0,0,0,67301,0,0,0,N,0,0,0,1,67301,0,,6,1,500.0,N,N,N,1,,0,0,0,0,0,Y,200,0,2,0,0,0,0,1,3,4,0,2,3,3.0,N,,,,,,,,,,,
2022083603,317.0,1,0,0,0,0,0,0,0,0,7,0,,67,9,2022,6,39.9578,-75.1642,315.0,6,0,0,0,0,0,0,0,0,,0,0,0.0,3,3,1,2,,0,39 57:27.800,,2,75 09:51.300,3,0,0,0,67301,0,0,0,N,0,0,0,1,67301,0,,4,1,,N,N,N,0,,1,0,0,3,2,,311,1,1,0,0,1,0,0,3,4,0,1,3,3.0,N,,,,,,,,,,,