CRN,ARRIVAL_TM,AUTOMOBILE_COUNT,BELTED_DEATH_COUNT,BELTED_SUSP_SERIOUS_INJ_COUNT,BICYCLE_COUNT,BICYCLE_DEATH_COUNT,BICYCLE_SUSP_SERIOUS_INJ_COUNT,BUS_COUNT,CHLDPAS_DEATH_COUNT,CHLDPAS_SUSP_SERIOUS_INJ_COUNT,COLLISION_TYPE,COMM_VEH_COUNT,CONS_ZONE_SPD_LIM,COUNTY,CRASH_MONTH,CRASH_YEAR,DAY_OF_WEEK,DEC_LAT,DEC_LONG,DISPATCH_TM,DISTRICT,DRIVER_COUNT_16YR,DRIVER_COUNT_17YR,DRIVER_COUNT_18YR,DRIVER_COUNT_19YR,DRIVER_COUNT_20YR,DRIVER_COUNT_50_64YR,DRIVER_COUNT_65_74YR,DRIVER_COUNT_75PLUS,EST_HRS_CLOSED,FATAL_COUNT,HEAVY_TRUCK_COUNT,HORSE_BUGGY_COUNT,HOUR_OF_DAY,ILLUMINATION,INJURY_COUNT,INTERSECT_TYPE,INTERSECTION_RELATED,LANE_CLOSED,LATITUDE,LN_CLOSE_DIR,LOCATION_TYPE,LONGITUDE,MAX_SEVERITY_LEVEL,MCYCLE_DEATH_COUNT,MCYCLE_SUSP_SERIOUS_INJ_COUNT,MOTORCYCLE_COUNT,MUNICIPALITY,NONMOTR_COUNT,NONMOTR_DEATH_COUNT,NONMOTR_SUSP_SERIOUS_INJ_COUNT,NTFY_HIWY_MAINT,PED_COUNT,PED_DEATH_COUNT,PED_SUSP_SERIOUS_INJ_COUNT,PERSON_COUNT,POLICE_AGCY,POSSIBLE_INJ_COUNT,RDWY_SURF_TYPE_CD,RELATION_TO_ROAD,ROAD_CONDITION,ROADWAY_CLEARED,SCH_BUS_IND,SCH_ZONE_IND,SECONDARY_CRASH,SMALL_TRUCK_COUNT,SPEC_JURIS_CD,SUSP_MINOR_INJ_COUNT,SUSP_SERIOUS_INJ_COUNT,SUV_COUNT,TCD_FUNC_CD,TCD_TYPE,TFC_DETOUR_IND,TIME_OF_DAY,TOT_INJ_COUNT,TOTAL_UNITS,UNB_DEATH_COUNT,UNB_SUSP_SERIOUS_INJ_COUNT,UNBELTED_OCC_COUNT,UNK_INJ_DEG_COUNT,UNK_INJ_PER_COUNT,URBAN_AREA,URBAN_RURAL,VAN_COUNT,VEHICLE_COUNT,WEATHER1,WEATHER2,WORK_ZONE_IND,WORK_ZONE_LOC,WORK_ZONE_TYPE,WORKERS_PRES,WZ_CLOSE_DETOUR,WZ_FLAGGER,WZ_LAW_OFFCR_IND,WZ_LN_CLOSURE,WZ_MOVING,WZ_OTHER,WZ_SHLDER_MDN,WZ_WORKERS_INJ_KILLED
2022113749,1036.0,1,0,0,0,0,0,0,0,0,4,0,,67,11,2022,4,40.0474,-75.0594,1030.0,6,0,0,0,0,0,0,0,0,,0,0,0.0,18,3,1,0,N,0,40 02:50.756,,0,75 03:33.758,4,0,0,0,67301,0,0,0,N,0,0,0,1,67301,1,,1,1,,N,N,N,0,,0,0,1,0,0,,1800,1,2,0,0,0,0,0,3,4,0,2,3,3.0,N,,,,,,,,,,,
2022096704,,0,0,0,0,0,0,0,0,0,1,0,,67,10,2022,2,40.0278,-75.0995,,6,0,0,0,0,0,1,0,0,,0,0,0.0,7,1,1,0,Y,0,40 01:40.148,,0,75 05:58.367,8,0,0,0,67301,0,0,0,N,0,0,0,2,00000,0,,1,1,,,,N,0,,0,0,1,3,2,,750,1,2,0,0,0,1,0,3,4,1,2,3,,N,,,,,,,,,,,
2022110085,2345.0,0,0,0,0,0,0,0,0,0,7,0,,67,9,2022,3,40.0067,-75.1518,2339.0,6,0,0,0,0,0,0,0,0,,1,0,0.0,23,3,0,0,N,0,40 00:24.030,,0,75 09:06.532,1,1,0,1,67301,0,0,0,N,0,0,0,1,67301,0,2.0,4,1,,N,N,N,0,0.0,0,0,0,0,0,,2330,0,1,0,0,0,0,0,3,4,0,1,3,3.0,N,,,,,,,,,,,
2022084721,735.0,0,0,0,0,0,0,0,0,0,7,0,,67,9,2022,5,39.9655,-75.2317,730.0,6,0,0,0,0,0,0,0,0,,0,0,0.0,6,5,0,5,,0,39 57:55.969,,0,75 13:53.947,9,0,0,0,67301,0,0,0,N,0,0,0,1,67301,0,,5,1,,N,N,N,0,,0,0,1,3,2,,634,0,1,0,0,0,0,1,3,4,0,1,3,3.0,N,,,,,,,,,,,
2022113197,340.0,1,0,0,0,0,0,0,0,0,5,1,,67,11,2022,3,40.0144,-75.1306,334.0,6,0,0,0,0,0,0,0,0,,0,0,0.0,3,3,1,0,N,1,40 00:51.990,4.0,0,75 07:50.020,3,0,0,0,67301,0,0,0,N,0,0,0,3,67301,0,,1,1,430.0,N,N,N,1,,1,0,0,0,0,N,329,1,2,0,0,0,0,0,3,4,0,2,3,,N,,,,,,,,,,,
2022087564,2046.0,0,0,0,0,0,0,0,0,0,8,0,,67,9,2022,3,39.9235,-75.1628,2046.0,6,0,0,0,0,0,0,0,0,,0,0,0.0,20,3,1,1,,0,39 55:24.605,,0,75 09:46.390,4,0,0,0,67301,1,0,0,N,1,0,0,2,67301,1,,1,1,,N,N,Y,0,,0,0,0,3,2,,2040,1,2,0,0,0,0,0,3,4,1,1,3,,N,,,,,,,,,,,
2022109031,1624.0,0,0,0,0,0,0,0,0,0,4,0,,67,11,2022,5,40.0101,-75.1576,1619.0,6,0,0,0,0,0,2,0,0,,0,0,0.0,14,1,2,1,,2,40 00:36.265,3.0,0,75 09:27.402,3,0,0,0,67301,0,0,0,N,0,0,0,2,67301,0,,1,1,1715.0,N,N,N,1,,1,0,1,3,2,Y,1430,2,2,0,0,0,1,0,3,4,0,2,3,,N,,,,,,,,,,,
2022085295,1453.0,1,0,0,0,0,0,0,0,0,8,0,,67,9,2022,5,40.0771,-75.2081,1453.0,6,0,0,0,0,0,0,1,0,,0,0,0.0,14,1,2,3,,1,40 04:37.641,2.0,0,75 12:29.231,8,0,0,0,67301,1,0,0,N,1,0,0,2,67301,0,,4,1,1545.0,N,N,N,0,,0,0,0,3,2,N,1453,2,2,0,0,0,2,0,3,4,0,1,3,3.0,N,,,,,,,,,,,
2022096699,,1,0,0,0,0,0,0,0,0,1,0,,67,10,2022,3,39.8954,-75.2168,,6,0,0,0,0,0,0,0,0,,0,0,0.0,0,3,1,0,N,0,39 53:43.342,,3,75 13:00.632,8,0,0,0,67301,0,0,0,N,0,0,0,2,00000,0,,1,1,,,,N,0,,0,0,1,0,0,,55,1,2,0,0,1,1,0,3,4,0,2,3,,N,,,,,,,,,,,
2022111349,33.0,2,0,0,0,0,0,0,0,0,1,0,,67,11,2022,6,40.0234,-75.0345,33.0,6,0,0,0,0,0,1,0,0,,0,0,0.0,0,3,0,0,N,1,40 01:24.379,2.0,0,75 02:04.196,0,0,0,0,67301,0,0,0,N,0,0,0,2,68K01,0,,1,1,430.0,N,N,N,0,,0,0,0,0,0,N,33,0,2,0,0,0,0,0,3,4,0,2,3,,N,,,,,,,,,,,
2022112399,619.0,0,0,0,0,0,0,0,0,0,8,0,,67,11,2022,5,39.9127,-75.2433,617.0,6,0,0,0,0,0,0,0,0,,1,0,0.0,6,3,0,0,N,2,39 54:45.575,5.0,0,75 14:35.716,1,0,0,0,67301,1,1,0,N,1,1,0,2,67301,0,2.0,1,1,845.0,N,N,N,0,0.0,0,0,0,0,0,Y,613,0,2,0,0,0,0,0,3,4,1,1,3,3.0,N,,,,,,,,,,,
2022087418,1715.0,1,0,0,0,0,0,0,0,0,4,0,,67,9,2022,2,40.021,-75.1639,1708.0,6,0,0,0,0,0,0,0,1,,0,0,0.0,15,1,1,1,,0,40 01:15.603,,0,75 09:50.111,4,0,0,0,67301,0,0,0,N,0,0,0,2,67301,1,,1,1,,N,N,N,0,,0,0,1,3,3,,1530,1,2,0,0,0,0,1,3,4,0,2,3,3.0,N,,,,,,,,,,,
2022110559,830.0,0,0,0,0,0,0,0,0,0,8,0,,67,10,2022,5,39.9695,-75.1442,830.0,6,0,0,0,0,0,0,0,0,,0,0,0.0,8,1,1,0,N,0,39 58:10.260,,0,75 08:38.990,4,0,0,0,67301,1,0,0,N,1,0,0,1,67301,1,,1,1,,N,Y,N,0,,0,0,0,0,0,,805,1,2,0,0,0,0,0,3,4,1,1,3,,N,,,,,,,,,,,
2022110428,257.0,1,0,0,0,0,0,0,0,0,7,0,,67,10,2022,6,39.9829,-75.2079,252.0,6,0,0,0,0,0,0,0,0,,0,0,0.0,2,3,0,0,N,0,39 58:58.523,,0,75 12:28.440,0,0,0,0,67301,0,0,0,N,0,0,0,2,68K01,0,,4,9,,N,N,N,0,,0,0,0,0,0,,251,0,1,0,0,0,0,0,3,4,0,1,3,,N,,,,,,,,,,,
2022088729,2337.0,1,0,0,0,0,0,0,0,0,1,0,,67,9,2022,4,40.009,-75.0676,2329.0,6,0,0,0,0,0,0,0,0,,0,0,0.0,23,3,0,0,N,2,40 00:32.579,1.0,3,75 04:03.329,0,0,0,0,67301,0,0,0,N,0,0,0,2,68K01,0,,1,1,21.0,N,N,N,0,,0,0,1,0,0,Y,2318,0,2,0,0,0,0,0,3,4,0,2,3,3.0,N,,,,,,,,,,,
2022110561,1120.0,1,0,0,0,0,0,0,0,0,4,0,,67,10,2022,7,39.9705,-75.1481,1115.0,6,0,0,0,0,0,0,0,0,,0,0,0.0,11,1,0,1,,0,39 58:13.819,,0,75 08:53.332,0,0,0,0,67301,0,0,0,N,0,0,0,2,67301,0,,1,1,,N,N,N,0,,0,0,1,3,2,,1100,0,2,0,0,0,0,0,3,4,0,2,3,3.0,N,,,,,,,,,,,
2022109207,700.0,0,0,0,0,0,0,1,0,0,8,1,,67,11,2022,5,40.0379,-75.1395,625.0,6,0,0,0,0,0,1,0,0,,0,0,0.0,6,1,1,1,,0,40 02:16.410,,0,75 08:22.177,8,0,0,0,67301,1,0,0,N,1,0,0,2,67508,0,,1,98,,N,N,Y,0,,0,0,0,3,2,,625,1,2,0,0,0,1,0,3,4,0,1,3,3.0,N,,,,,,,,,,,
2022113608,2320.0,0,0,0,0,0,0,0,0,0,4,0,,67,11,2022,6,40.0293,-75.0627,2320.0,6,0,0,0,0,0,1,0,0,,0,0,0.0,21,3,1,0,N,0,40 01:45.401,,0,75 03:45.770,8,0,0,0,67301,0,0,0,N,0,0,0,4,67301,0,,1,99,,N,N,N,0,,0,0,2,0,0,,2100,1,2,0,0,0,1,2,3,4,0,2,3,,N,,,,,,,,,,,
2022085568,140.0,1,0,0,0,0,0,0,0,0,4,0,,67,9,2022,1,39.9159,-75.1645,137.0,6,0,0,0,0,0,0,0,0,,0,0,0.0,1,3,1,1,,0,39 54:57.561,,0,75 09:52.072,3,0,0,0,67301,0,0,0,N,0,0,0,2,67301,0,,1,1,,N,N,N,0,,1,0,0,3,2,,130,1,2,0,0,1,0,0,3,4,1,2,3,3.0,N,,,,,,,,,,,
2022086027,810.0,0,0,0,0,0,0,0,0,0,5,0,,67,9,2022,2,40.0343,-75.0682,806.0,6,0,0,0,0,0,2,0,0,,0,0,0.0,8,1,2,2,,0,40 02:03.454,,0,75 04:05.430,3,0,0,0,67301,0,0,0,N,0,0,0,2,67301,0,,1,1,,N,N,N,0,,2,0,2,0,0,,805,2,2,0,0,0,0,0,3,4,0,2,3,3.0,N,,,,,,,,,,,
2022097362,1809.0,2,0,0,0,0,0,0,0,0,1,0,,67,9,2022,1,39.9658,-75.1865,1801.0,6,0,0,0,0,0,1,0,1,,0,0,0.0,17,1,0,0,N,0,39 57:56.969,,0,75 11:11.510,0,0,0,0,67301,0,0,0,N,0,0,0,2,68K01,0,,1,1,,N,N,N,0,,0,0,0,0,0,,1759,0,2,0,0,0,0,0,3,4,0,2,3,,N,,,,,,,,,,,
2022110918,156.0,2,0,0,0,0,0,0,0,0,2,0,,67,11,2022,1,40.044,-75.0534,152.0,6,0,0,0,0,0,0,0,0,,0,0,0.0,1,3,0,0,N,0,40 02:38.311,,0,75 03:12.207,0,0,0,0,67301,0,0,0,N,0,0,0,3,67301,0,,1,1,,N,N,N,0,,0,0,0,0,0,,151,0,2,0,0,0,0,0,3,4,0,2,3,3.0,N,,,,,,,,,,,
2022087348,2150.0,1,0,0,0,0,0,0,0,0,4,0,,67,9,2022,6,40.0481,-75.0691,2149.0,6,0,0,0,0,0,0,0,0,,0,0,0.0,21,3,1,1,,0,40 02:53.003,,0,75 04:08.659,8,0,0,1,67301,0,0,0,N,0,0,0,2,67301,0,,1,1,,N,N,N,0,,0,0,0,3,2,,2147,1,2,0,0,0,1,1,3,4,0,2,3,,N,,,,,,,,,,,
2022084548,1723.0,0,0,0,0,0,0,0,0,0,7,0,,67,9,2022,4,40.018,-75.097,1723.0,6,0,0,0,0,0,1,0,0,,0,0,0.0,17,1,1,12,,1,40 01:05.269,3.0,0,75 05:51.253,3,0,0,0,67301,0,0,0,N,0,0,0,2,67301,0,,4,1,1750.0,N,N,N,0,,1,0,1,3,4,N,1720,1,1,0,0,0,0,1,3,4,0,1,3,3.0,N,,,,,,,,,,,
2022101849,802.0,1,0,0,0,0,0,0,0,0,8,0,,67,9,2022,4,39.9607,-75.243,802.0,6,0,0,0,0,0,0,0,0,,0,0,0.0,8,3,1,1,,0,39 57:38.474,,0,75 14:34.999,3,0,0,0,67301,1,0,0,N,1,0,0,2,67301,0,,1,1,,N,N,N,0,,1,0,0,3,2,,800,1,2,0,0,0,0,0,3,4,0,1,3,3.0,N,,,,,,,,,,,
2022109461,1034.0,1,0,0,0,0,0,0,0,0,8,0,,67,11,2022,6,40.039,-75.15,1031.0,6,0,0,0,0,0,0,1,0,,0,0,0.0,10,1,1,1,,0,40 02:20.298,,0,75 09:00.066,3,0,0,0,67301,1,0,0,N,1,0,0,2,67301,0,,1,1,,N,Y,N,0,,1,0,0,3,2,,1025,1,2,0,0,0,0,0,3,4,0,1,3,,N,,,,,,,,,,,
2022104589,,1,0,0,0,0,0,0,0,0,1,0,,67,10,2022,6,40.0014,-75.195,,6,0,0,0,0,0,0,0,0,,0,0,0.0,22,3,2,0,N,0,40 00:05.095,,0,75 11:41.875,8,0,0,0,67301,0,0,0,N,0,0,0,4,00000,0,,1,1,,,,N,0,,0,0,0,0,0,,2205,2,3,0,0,0,2,0,3,4,0,3,3,,N,,,,,,,,,,,
2022087224,1810.0,2,0,0,0,0,0,0,0,0,4,0,,67,9,2022,5,39.9867,-75.2083,1800.0,6,0,0,0,0,0,0,0,0,,0,0,0.0,17,1,1,3,,0,39 59:11.983,,2,75 12:29.919,2,0,0,0,67301,0,0,0,N,0,0,0,2,67301,0,,1,1,,N,N,N,0,,0,1,0,3,3,,1700,1,2,0,0,0,0,1,3,4,0,2,3,3.0,N,,,,,,,,,,,
2022109184,1645.0,0,0,0,0,0,0,0,0,0,1,0,,67,11,2022,5,39.9053,-75.1947,1643.0,6,0,0,0,0,0,1,0,0,,0,0,0.0,15,1,1,0,N,0,39 54:19.003,,3,75 11:41.075,3,0,0,0,67301,0,0,0,N,0,0,0,2,67301,0,,1,1,,N,N,N,0,,1,0,2,0,0,,1531,1,2,0,0,0,0,0,3,4,0,2,3,3.0,N,,,,,,,,,,,
2022109325,754.0,1,0,0,0,0,0,0,0,0,7,0,,67,11,2022,4,39.8905,-75.2396,748.0,6,0,0,0,0,0,0,0,0,,0,0,0.0,7,1,0,0,N,0,39 53:25.632,,0,75 14:22.404,0,0,0,0,67301,0,0,0,N,0,0,0,3,68K01,0,,2,1,,N,N,N,1,,0,0,1,0,0,,736,0,3,0,0,0,0,0,3,4,0,3,3,3.0,N,,,,,,,,,,,
2022110083,2116.0,0,0,0,0,0,0,0,0,0,8,0,,67,11,2022,2,40.0044,-75.124,2114.0,6,0,0,0,0,0,0,0,0,,1,0,0.0,21,3,0,0,N,2,40 00:16.309,5.0,1,75 07:26.420,1,0,0,0,67301,1,1,0,N,1,1,0,3,67301,0,2.0,1,1,2300.0,N,N,N,0,0.0,0,0,1,0,0,Y,2114,0,2,0,0,0,0,0,3,4,0,1,3,,N,,,,,,,,,,,
2022086686,1215.0,0,0,0,0,0,0,0,0,0,1,0,,67,9,2022,4,40.0025,-75.1456,1209.0,6,0,0,0,0,0,0,0,0,,0,0,0.0,11,1,1,0,N,0,40 00:09.000,,0,75 08:44.200,4,0,0,0,67301,1,0,0,N,1,0,0,2,67301,1,,6,1,,N,N,N,1,,0,0,1,0,0,,1114,1,3,0,0,0,0,0,3,4,0,2,3,,N,,,,,,,,,,,
2022084691,402.0,1,0,0,0,0,0,0,0,0,7,0,,67,9,2022,5,40.0238,-75.1867,401.0,6,0,0,0,0,0,0,0,0,,0,0,0.0,4,3,0,0,N,0,40 01:25.530,,0,75 11:12.210,0,0,0,0,67301,0,0,0,N,0,0,0,1,67301,0,,4,1,,N,N,N,0,,0,0,0,0,0,,401,0,1,0,0,1,0,0,3,4,0,1,3,3.0,N,,,,,,,,,,,
2022110730,,2,0,0,0,0,0,0,0,0,5,0,,67,9,2022,6,39.9711,-75.2258,,6,0,0,0,0,0,0,0,0,,0,0,0.0,17,1,1,0,N,0,39 58:16.087,,0,75 13:32.773,8,0,0,0,67301,0,0,0,N,0,0,0,2,00000,0,,1,1,,,,N,0,,0,0,0,0,0,,1700,1,2,0,0,0,1,0,3,4,0,2,3,,N,,,,,,,,,,,
2022112627,635.0,1,0,0,0,0,0,0,0,0,8,0,,67,11,2022,7,39.9514,-75.1415,635.0,6,0,0,0,0,0,1,0,0,,2,0,0.0,5,3,0,0,N,2,39 57:05.077,2.0,0,75 08:29.386,1,0,0,0,67301,1,1,0,N,1,1,0,2,68K01,0,1.0,1,9,1000.0,N,N,N,0,0.0,0,0,1,0,0,Y,549,0,4,1,0,1,0,0,3,4,1,3,3,,N,,,,,,,,,,,
2022113081,537.0,1,0,0,0,0,0,0,0,0,1,0,,67,9,2022,1,39.8971,-75.1887,525.0,6,0,0,0,0,0,0,0,0,,1,0,0.0,5,3,7,0,N,2,39 53:49.650,1.0,3,75 11:19.195,1,0,0,0,67301,0,0,0,N,0,0,0,8,68K01,0,2.0,1,1,1005.0,N,N,Y,0,0.0,0,0,1,0,0,Y,524,7,2,1,0,8,7,0,3,4,0,2,3,3.0,N,,,,,,,,,,,
2022086457,2353.0,2,0,0,0,0,0,0,0,0,4,0,,67,9,2022,5,40.0,-75.1405,2351.0,6,0,0,0,0,0,0,0,0,,0,0,0.0,23,3,2,1,,0,39 59:59.964,,0,75 08:25.794,3,0,0,0,67301,0,0,0,N,0,0,0,3,67301,0,,1,1,,N,N,N,0,,1,0,0,3,2,,2342,2,2,0,0,0,1,0,3,4,0,2,3,3.0,N,,,,,,,,,,,
2022111718,2019.0,1,0,0,0,0,0,0,0,0,5,0,,67,10,2022,7,40.0394,-75.0077,2008.0,6,0,0,0,1,0,1,0,0,,0,0,0.0,20,3,2,0,N,1,40 02:21.757,2.0,0,75 00:27.815,4,0,0,0,67301,0,0,0,N,0,0,0,4,68K01,2,,1,9,2050.0,N,N,N,0,,0,0,2,0,0,N,2006,2,4,0,0,0,0,0,3,4,0,4,7,,N,,,,,,,,,,,
2022112404,2047.0,2,0,0,0,0,0,1,0,0,6,1,,67,10,2022,2,39.9923,-75.1859,2046.0,6,0,0,0,0,0,1,0,0,,0,0,0.0,20,3,1,0,N,0,39 59:32.287,,0,75 11:09.323,3,0,0,0,67301,0,0,0,N,0,0,0,3,67301,0,,1,9,,N,N,N,0,,1,0,4,0,0,,2024,1,8,0,0,1,0,0,3,4,1,8,7,4.0,N,,,,,,,,,,,
2022113327,712.0,0,0,0,0,0,0,0,0,0,5,0,,67,11,2022,3,40.0304,-75.2184,702.0,6,0,0,0,0,0,0,0,0,,0,0,0.0,6,5,0,0,N,0,40 01:49.510,,0,75 13:06.150,9,0,0,0,67301,0,0,0,N,0,0,0,1,67301,0,,1,1,,N,N,N,0,,0,0,2,0,0,,645,0,2,0,0,0,0,1,3,4,0,2,3,,N,,,,,,,,,,,
2022109624,1143.0,1,0,0,0,0,0,0,0,0,1,1,,67,11,2022,7,40.0773,-75.1756,1142.0,6,0,0,0,1,0,0,0,0,,0,1,0.0,23,3,1,0,N,0,40 04:38.202,,0,75 10:32.322,8,0,0,0,67301,0,0,0,N,0,0,0,4,67301,0,,1,1,,N,N,N,0,,0,0,0,0,0,,2342,1,2,0,0,1,1,0,3,4,0,2,3,3.0,N,,,,,,,,,,,
2022100802,1510.0,0,0,0,0,0,0,0,0,0,8,0,,67,9,2022,5,40.0215,-75.1204,1510.0,6,0,0,0,0,0,1,0,0,,0,0,0.0,15,1,1,0,N,0,40 01:17.230,,0,75 07:13.420,4,0,0,0,67301,1,0,0,N,1,0,0,2,67301,1,,1,1,,N,Y,N,0,,0,0,1,0,0,,1510,1,2,0,0,0,0,0,3,4,0,1,3,3.0,N,,,,,,,,,,,
2022109187,805.0,0,0,0,0,0,0,0,0,0,8,0,,67,11,2022,6,40.0403,-75.0789,755.0,6,0,0,0,0,0,0,0,0,,0,0,0.0,7,1,1,2,,2,40 02:25.167,7.0,0,75 04:44.065,2,0,0,0,67301,1,0,1,N,1,0,1,1,67301,0,,1,1,830.0,N,N,N,0,,0,1,0,0,0,Y,753,1,2,0,0,0,0,0,3,4,0,1,3,3.0,N,,,,,,,,,,,
2022085365,1720.0,2,0,0,0,0,0,0,0,0,4,0,,67,9,2022,5,40.0564,-75.0142,1717.0,6,0,0,0,0,0,0,0,1,,0,0,0.0,16,1,2,2,,1,40 03:23.068,3.0,6,75 00:51.078,3,0,0,0,67301,0,0,0,N,0,0,0,2,67301,0,,1,1,1747.0,N,N,N,0,,1,0,0,3,3,N,1650,2,2,0,0,0,1,0,3,4,0,2,3,3.0,N,,,,,,,,,,,
2022087568,1707.0,0,0,0,1,0,0,0,0,0,4,0,,67,9,2022,7,39.9343,-75.1508,1707.0,6,0,0,0,0,0,0,0,0,,0,0,0.0,21,3,1,1,,0,39 56:03.368,,0,75 09:02.948,3,0,0,0,67301,1,0,0,N,0,0,0,2,67301,0,,1,1,,N,N,N,0,,1,0,0,3,2,,2130,1,2,0,0,0,0,1,3,4,0,1,3,,N,,,,,,,,,,,
2022111338,346.0,1,0,0,0,0,0,0,0,0,1,1,,67,10,2022,5,39.8987,-75.1709,333.0,6,0,0,0,0,0,0,0,0,,0,1,0.0,3,3,2,0,N,1,39 53:55.370,1.0,0,75 10:15.361,8,0,0,0,67301,0,0,0,N,0,0,0,2,68K01,0,,1,1,400.0,N,N,N,0,,0,0,0,0,0,N,332,2,2,0,0,0,2,0,3,4,0,2,3,,N,,,,,,,,,,,
2022112371,1616.0,1,0,0,0,0,0,0,0,0,1,0,,67,11,2022,7,40.0256,-75.0286,1608.0,6,0,0,1,0,0,0,0,0,,0,0,0.0,16,1,0,0,N,1,40 01:32.143,2.0,0,75 01:43.071,9,0,0,0,67301,0,0,0,N,0,0,0,2,68K01,0,,1,1,1630.0,N,N,N,0,,0,0,0,0,0,N,1605,0,2,0,0,0,0,1,3,4,0,2,3,3.0,N,,,,,,,,,,,
2022110459,746.0,3,0,0,0,0,0,0,0,0,1,1,,67,11,2022,2,40.0154,-75.0532,746.0,6,0,0,0,0,0,1,1,0,,0,1,0.0,7,1,1,0,N,0,40 00:55.562,,0,75 03:11.566,8,0,0,0,67301,0,0,0,N,0,0,0,5,68K01,0,,1,1,,N,N,Y,0,,0,0,1,0,0,,746,1,5,0,0,0,1,0,3,4,0,5,3,3.0,N,,,,,,,,,,,
2022086682,744.0,0,0,0,0,0,0,0,0,0,8,0,,67,9,2022,3,39.938,-75.1597,744.0,6,0,0,0,0,0,0,0,0,,0,0,0.0,7,1,1,1,,0,39 56:16.780,,0,75 09:34.835,3,0,0,0,67301,1,0,0,N,1,0,0,2,67301,0,,1,1,,N,N,N,0,,1,0,1,3,3,,730,1,2,0,0,0,0,0,3,4,0,1,3,,N,,,,,,,,,,,
2022096739,905.0,1,0,0,0,0,0,0,0,0,4,0,,67,9,2022,5,39.9579,-75.2142,902.0,6,0,0,0,0,0,0,0,0,,0,0,0.0,8,1,4,1,,2,39 57:28.339,3.0,0,75 12:51.029,3,0,0,0,67301,0,0,0,N,0,0,0,4,67301,0,,1,1,910.0,N,N,Y,1,,4,0,2,3,3,N,842,4,4,0,0,0,0,0,3,4,0,4,3,3.0,N,,,,,,,,,,,
2022109348,822.0,2,0,0,0,0,0,0,0,0,1,0,,67,11,2022,7,39.9674,-75.1318,805.0,6,0,0,0,0,0,0,0,0,,0,0,0.0,8,1,0,0,N,0,39 58:02.802,,0,75 07:54.572,0,0,0,0,67301,0,0,0,N,0,0,0,3,68K01,0,,1,1,,N,N,N,0,,0,0,0,0,0,,801,0,2,0,0,0,0,0,3,4,0,2,3,3.0,N,,,,,,,,,,,
2022109178,1319.0,1,0,0,0,0,0,0,0,0,7,0,,67,11,2022,6,40.0081,-75.2029,1314.0,6,0,0,0,0,0,0,0,0,,0,0,0.0,13,1,0,0,N,0,40 00:29.332,,0,75 12:10.562,9,0,0,0,67301,0,0,0,N,0,0,0,1,68K01,0,,3,1,,N,N,N,0,,0,0,0,0,0,,1311,0,1,0,0,0,0,1,3,4,0,1,3,,N,,,,,,,,,,,
2022108992,103.0,0,0,0,0,0,0,0,0,0,7,1,,67,11,2022,4,40.0318,-75.0214,26.0,6,0,0,0,0,0,0,0,0,,0,1,0.0,0,3,0,0,N,1,40 01:54.551,2.0,3,75 01:17.105,0,0,0,0,67301,0,0,0,N,0,0,0,1,68K01,0,,4,9,246.0,N,N,N,0,,0,0,0,0,0,N,25,0,1,0,0,0,0,0,3,4,0,1,7,7.0,N,,,,,,,,,,,
2022100101,925.0,1,0,0,0,0,0,0,0,0,1,0,,67,10,2022,3,40.0573,-75.1357,920.0,6,0,0,0,0,0,1,0,0,,0,0,0.0,8,1,1,2,,0,40 03:26.319,,0,75 08:08.628,8,0,0,0,67301,0,0,0,N,0,0,0,2,67301,0,,1,9,,N,N,N,0,,0,0,1,3,3,,830,1,2,0,0,2,1,0,3,4,0,2,7,,N,,,,,,,,,,,
2022097359,431.0,0,0,0,0,0,0,0,0,0,2,0,,67,9,2022,6,39.9128,-75.1759,425.0,6,0,0,0,0,0,0,0,0,,0,0,0.0,4,2,0,0,N,1,39 54:45.970,3.0,3,75 10:33.120,9,0,0,0,67301,0,0,0,N,0,0,0,2,68K01,0,,1,1,100.0,N,N,N,0,,0,0,2,0,0,Y,424,0,2,0,0,1,0,1,3,4,0,2,3,,N,,,,,,,,,,,
2022092922,2240.0,0,0,0,0,0,0,0,0,0,4,0,,67,9,2022,6,40.0432,-75.1672,2235.0,6,0,0,0,0,0,2,0,0,,0,0,0.0,22,3,1,1,,0,40 02:35.358,,0,75 10:01.956,4,0,0,0,67301,0,0,0,N,0,0,0,2,67301,1,,1,1,,N,N,N,0,,0,0,2,3,2,,2230,1,2,0,0,0,0,0,3,4,0,2,3,3.0,N,,,,,,,,,,,
2022085723,1930.0,1,0,0,0,0,0,0,0,0,7,0,,67,9,2022,1,39.9819,-75.1572,1925.0,6,0,0,0,0,0,0,0,0,,0,0,0.0,17,1,0,0,N,1,39 58:54.804,2.0,0,75 09:26.075,0,0,0,0,67301,0,0,0,N,0,0,0,3,67505,0,,3,1,1950.0,N,N,N,0,,0,0,0,0,0,Y,1725,0,1,0,0,0,0,0,3,4,0,1,3,3.0,N,,,,,,,,,,,
2022085876,140.0,0,0,0,0,0,0,0,0,0,7,0,,67,9,2022,1,40.0072,-75.1745,140.0,6,0,0,0,0,0,1,0,0,,0,0,0.0,1,3,1,3,,1,40 00:26.056,4.0,0,75 10:28.019,3,0,0,0,67301,0,0,0,N,0,0,0,1,67301,0,,4,1,215.0,N,N,N,0,,1,0,1,3,2,N,132,1,2,0,0,0,0,0,3,4,0,1,3,3.0,N,,,,,,,,,,,