CRN,ARRIVAL_TM,AUTOMOBILE_COUNT,BELTED_DEATH_COUNT,BELTED_SUSP_SERIOUS_INJ_COUNT,BICYCLE_COUNT,BICYCLE_DEATH_COUNT,BICYCLE_SUSP_SERIOUS_INJ_COUNT,BUS_COUNT,CHLDPAS_DEATH_COUNT,CHLDPAS_SUSP_SERIOUS_INJ_COUNT,COLLISION_TYPE,COMM_VEH_COUNT,CONS_ZONE_SPD_LIM,COUNTY,CRASH_MONTH,CRASH_YEAR,DAY_OF_WEEK,DEC_LAT,DEC_LONG,DISPATCH_TM,DISTRICT,DRIVER_COUNT_16YR,DRIVER_COUNT_17YR,DRIVER_COUNT_18YR,DRIVER_COUNT_19YR,DRIVER_COUNT_20YR,DRIVER_COUNT_50_64YR,DRIVER_COUNT_65_74YR,DRIVER_COUNT_75PLUS,EST_HRS_CLOSED,FATAL_COUNT,HEAVY_TRUCK_COUNT,HORSE_BUGGY_COUNT,HOUR_OF_DAY,ILLUMINATION,INJURY_COUNT,INTERSECT_TYPE,INTERSECTION_RELATED,LANE_CLOSED,LATITUDE,LN_CLOSE_DIR,LOCATION_TYPE,LONGITUDE,MAX_SEVERITY_LEVEL,MCYCLE_DEATH_COUNT,MCYCLE_SUSP_SERIOUS_INJ_COUNT,MOTORCYCLE_COUNT,MUNICIPALITY,NONMOTR_COUNT,NONMOTR_DEATH_COUNT,NONMOTR_SUSP_SERIOUS_INJ_COUNT,NTFY_HIWY_MAINT,PED_COUNT,PED_DEATH_COUNT,PED_SUSP_SERIOUS_INJ_COUNT,PERSON_COUNT,POLICE_AGCY,POSSIBLE_INJ_COUNT,RDWY_SURF_TYPE_CD,RELATION_TO_ROAD,ROAD_CONDITION,ROADWAY_CLEARED,SCH_BUS_IND,SCH_ZONE_IND,SECONDARY_CRASH,SMALL_TRUCK_COUNT,SPEC_JURIS_CD,SUSP_MINOR_INJ_COUNT,SUSP_SERIOUS_INJ_COUNT,SUV_COUNT,TCD_FUNC_CD,TCD_TYPE,TFC_DETOUR_IND,TIME_OF_DAY,TOT_INJ_COUNT,TOTAL_UNITS,UNB_DEATH_COUNT,UNB_SUSP_SERIOUS_INJ_COUNT,UNBELTED_OCC_COUNT,UNK_INJ_DEG_COUNT,UNK_INJ_PER_COUNT,URBAN_AREA,URBAN_RURAL,VAN_COUNT,VEHICLE_COUNT,WEATHER1,WEATHER2,WORK_ZONE_IND,WORK_ZONE_LOC,WORK_ZONE_TYPE,WORKERS_PRES,WZ_CLOSE_DETOUR,WZ_FLAGGER,WZ_LAW_OFFCR_IND,WZ_LN_CLOSURE,WZ_MOVING,WZ_OTHER,WZ_SHLDER_MDN,WZ_WORKERS_INJ_KILLED
2022089093,6.0,0,0,0,0,0,0,0,0,0,7,0,,67,9,2022,2,40.0053,-75.1956,5.0,6,0,0,0,0,0,0,0,0,,0,0,0.0,23,3,1,0,N,1,40 00:19.210,4.0,0,75 11:44.118,3,0,0,1,67301,0,0,0,N,0,0,0,1,68K01,0,,3,9,1246.0,N,N,N,0,,1,0,0,0,0,N,2347,1,1,0,0,0,0,0,3,4,0,1,3,,N,,,,,,,,,,,
2022086346,2313.0,0,0,0,0,0,0,0,0,0,7,0,,67,9,2022,1,39.8883,-75.2171,2313.0,6,0,0,0,0,0,0,0,0,,0,0,0.0,23,3,1,0,N,1,39 53:17.845,2.0,3,75 13:01.423,8,0,0,0,67301,0,0,0,N,0,0,0,1,68K01,0,,3,9,2320.0,N,N,N,0,,0,0,1,0,0,N,2308,1,1,0,0,0,1,0,3,4,0,1,7,,N,,,,,,,,,,,
2022096697,,2,0,0,0,0,0,0,0,0,4,0,,67,8,2022,4,40.0076,-75.1273,,6,0,0,0,0,0,0,0,0,,0,0,0.0,16,1,1,1,,0,40 00:27.502,,0,75 07:38.377,8,0,0,0,67301,0,0,0,N,0,0,0,2,00000,0,,1,1,,,,N,0,,0,0,0,3,2,,1600,1,2,0,0,1,1,0,3,4,0,2,3,,N,,,,,,,,,,,
2022083825,1230.0,0,0,0,0,0,0,0,0,0,8,1,,67,9,2022,2,40.025,-75.1669,1218.0,6,0,0,0,0,0,0,0,0,,0,1,0.0,10,1,1,2,,0,40 01:29.963,,0,75 10:00.974,8,0,0,0,67301,1,0,0,N,1,0,0,2,67301,0,,1,1,,N,N,N,0,,0,0,0,0,0,,1010,1,2,0,0,1,1,0,3,4,0,1,3,3.0,N,,,,,,,,,,,
2022112748,836.0,0,0,0,0,0,0,0,0,0,1,0,,67,11,2022,3,39.9571,-75.1444,819.0,6,0,0,0,0,0,0,0,0,,0,0,0.0,8,1,2,0,N,0,39 57:25.710,,2,75 08:39.698,4,0,0,0,67301,0,0,0,N,0,0,0,3,68K01,2,,1,1,,N,N,N,0,,0,0,2,0,0,,813,2,2,0,0,0,0,0,3,4,0,2,3,3.0,N,,,,,,,,,,,
2022112604,2342.0,1,0,0,0,0,0,0,0,0,7,0,,67,10,2022,2,39.9607,-75.1816,2342.0,6,0,0,0,0,0,0,0,0,,0,0,0.0,23,3,1,0,N,0,39 57:38.364,,0,75 10:53.596,8,0,0,0,67301,0,0,0,N,0,0,0,1,68K01,0,,4,1,,N,N,N,0,,0,0,0,0,0,,2342,1,1,0,0,0,1,0,3,4,0,1,3,3.0,N,,,,,,,,,,,
2022085663,1004.0,0,0,0,0,0,0,0,0,0,4,0,,67,9,2022,1,39.9434,-75.1553,1000.0,6,0,0,0,0,0,0,0,0,,0,0,0.0,9,1,1,1,,0,39 56:36.293,,0,75 09:18.968,8,0,0,0,67301,0,0,0,N,0,0,0,4,67301,0,,1,1,,N,N,N,0,,0,0,2,3,2,,945,1,2,0,0,0,1,0,3,4,0,2,3,,N,,,,,,,,,,,
2022112895,1046.0,1,0,0,0,0,0,0,0,0,4,0,,67,11,2022,3,40.0318,-75.1789,1043.0,6,0,0,0,0,0,0,1,0,,0,0,0.0,10,1,3,1,,0,40 01:54.331,,0,75 10:44.072,4,0,0,0,67301,0,0,0,N,0,0,0,4,67301,3,,1,1,,N,N,N,0,,0,0,1,3,2,,1035,3,2,0,0,0,0,0,3,4,0,2,3,3.0,N,,,,,,,,,,,
2022112819,820.0,1,0,0,0,0,0,1,0,0,2,1,,67,11,2022,4,40.0129,-75.1184,805.0,6,0,0,0,0,1,0,0,0,,0,0,0.0,8,1,3,0,N,1,40 00:46.600,3.0,0,75 07:06.400,4,0,0,0,67301,0,0,0,N,0,0,0,3,67508,3,,1,9,9999.0,N,N,N,0,,0,0,0,0,0,N,800,3,2,0,0,0,0,0,3,4,0,2,3,3.0,N,,,,,,,,,,,
2022086433,609.0,1,0,0,0,0,0,0,0,0,5,0,,67,9,2022,3,39.9856,-75.2131,602.0,6,0,0,0,0,0,0,0,0,,0,0,0.0,5,5,1,1,,0,39 59:08.221,,0,75 12:47.294,8,0,0,0,67301,0,0,0,N,0,0,0,2,67301,0,,1,1,,N,N,N,0,,0,0,0,0,0,,559,1,2,0,0,1,1,0,3,4,1,2,3,,N,,,,,,,,,,,
2022113492,859.0,1,0,0,0,0,0,0,0,0,1,1,,67,10,2022,6,39.9483,-75.1866,849.0,6,0,0,0,0,0,0,0,0,,0,1,0.0,8,1,0,0,N,0,39 56:53.741,,0,75 11:11.669,0,0,0,0,67301,0,0,0,N,0,0,0,2,68K01,0,,1,1,,N,N,N,0,,0,0,0,0,0,,844,0,2,0,0,0,0,0,3,4,0,2,3,,N,,,,,,,,,,,
2022085801,344.0,1,0,0,0,0,0,0,0,0,4,0,,67,9,2022,1,40.0377,-75.1388,344.0,6,0,0,0,0,0,0,1,0,,0,0,0.0,3,3,1,2,,0,40 02:15.827,,0,75 08:19.594,3,0,0,0,67301,0,0,0,N,0,0,0,3,67301,0,,1,1,,N,N,N,1,,1,0,0,0,0,,306,1,2,0,0,0,0,0,3,4,0,2,3,3.0,N,,,,,,,,,,,
2022110567,1441.0,0,0,0,0,0,0,0,0,0,8,0,,67,9,2022,1,39.9921,-75.1403,1441.0,6,0,0,0,0,0,0,0,0,,0,0,0.0,14,1,1,0,N,0,39 59:31.732,,0,75 08:25.050,2,0,0,0,67301,1,0,1,N,1,0,1,2,67301,0,,1,99,,N,N,N,0,,0,1,0,0,0,,1441,1,2,0,0,0,0,0,3,4,0,1,99,,N,,,,,,,,,,,
2022086028,1035.0,0,0,0,0,0,0,0,0,0,4,0,,67,9,2022,2,40.0337,-75.0636,1032.0,6,0,0,0,0,0,0,0,0,,0,0,0.0,9,1,1,5,,0,40 02:01.162,,0,75 03:49.102,4,0,0,0,67301,0,0,0,N,0,0,0,2,67301,1,,1,1,,N,N,N,0,,0,0,2,3,2,,959,1,2,0,0,0,0,1,3,4,0,2,3,,N,,,,,,,,,,,
2022085805,1507.0,1,0,0,0,0,0,0,0,0,4,0,25.0,67,9,2022,1,39.9587,-75.1621,1501.0,6,0,0,0,0,0,1,0,0,,0,0,0.0,14,1,1,1,,0,39 57:31.392,,0,75 09:44.125,8,0,0,0,67301,0,0,0,N,0,0,0,3,67301,0,,1,1,,N,N,N,0,,0,0,1,0,0,,1427,1,2,0,0,0,1,0,3,4,0,2,3,,Y,4.0,1.0,N,N,N,N,Y,N,N,N,N
2022110557,204.0,1,0,0,0,0,0,0,0,0,4,0,,67,8,2022,4,39.9713,-75.1213,203.0,6,0,0,0,0,0,0,0,0,,0,0,0.0,2,3,0,5,,0,39 58:16.610,,2,75 07:16.686,0,0,0,0,67301,0,0,0,N,0,0,0,2,67301,0,,1,1,,N,N,N,0,,0,0,1,3,2,,202,0,2,0,0,0,0,0,3,4,0,2,3,3.0,N,,,,,,,,,,,
2022112231,2335.0,2,0,0,0,0,0,0,0,0,4,0,,67,11,2022,2,39.9221,-75.2349,2335.0,6,0,0,0,0,0,0,0,0,,0,0,0.0,22,3,0,0,N,0,39 55:19.660,,3,75 14:05.580,9,0,0,0,67301,0,0,0,N,0,0,0,1,67301,0,,6,1,,N,N,N,0,,0,0,0,0,0,,2245,0,3,0,0,0,0,1,3,4,0,3,3,3.0,N,,,,,,,,,,,
2022088121,912.0,2,0,0,0,0,0,0,0,0,4,0,,67,9,2022,2,39.9479,-75.2233,902.0,6,0,0,0,0,0,0,1,0,,0,0,0.0,8,1,1,1,,0,39 56:52.594,,0,75 13:23.885,8,0,0,0,67301,0,0,0,N,0,0,0,2,67301,0,,1,1,,N,N,N,0,,0,0,0,3,2,,850,1,2,0,0,0,1,0,3,4,0,2,3,3.0,N,,,,,,,,,,,
2022087643,520.0,1,0,0,0,0,0,0,0,0,4,0,,67,9,2022,2,40.0307,-75.0617,518.0,6,0,0,0,0,0,0,0,0,,0,0,0.0,5,8,1,1,,0,40 01:50.524,,0,75 03:42.293,3,0,0,0,67301,0,0,0,N,0,0,0,2,67301,0,,1,1,,N,N,N,2,,1,0,0,3,2,,513,1,3,0,0,0,0,0,3,4,0,3,3,3.0,N,,,,,,,,,,,
2022110732,,1,0,0,0,0,0,0,0,0,4,0,,67,10,2022,1,39.9714,-75.1644,,6,0,0,0,0,0,0,0,0,,0,0,0.0,11,1,1,1,,0,39 58:17.050,,0,75 09:51.958,8,0,0,0,67301,0,0,0,N,0,0,0,2,00000,0,,1,1,,,,N,0,,0,0,0,3,3,,1100,1,2,0,0,0,1,0,3,4,0,2,3,,N,,,,,,,,,,,
2022112903,1352.0,1,0,0,0,0,0,0,0,0,2,0,,67,11,2022,6,39.9397,-75.1815,1350.0,6,0,0,0,0,0,0,0,0,,0,0,0.0,13,1,1,1,,0,39 56:22.794,,0,75 10:53.366,3,0,0,0,67301,0,0,0,N,0,0,0,4,67301,0,,1,9,,N,N,N,1,,1,0,0,3,2,,1348,1,2,0,0,2,0,0,3,4,0,2,7,7.0,N,,,,,,,,,,,
2022110737,,0,0,0,0,0,0,0,0,0,1,0,,67,11,2022,5,39.9856,-75.2083,,6,0,0,0,0,0,0,0,0,,0,0,0.0,9,1,1,6,,0,39 59:08.312,,2,75 12:29.815,8,0,0,0,67301,0,0,0,N,0,0,0,2,00000,0,,7,1,,,,N,0,,0,0,1,0,0,,900,1,2,0,0,0,1,0,3,4,0,2,3,,N,,,,,,,,,,,
2022086459,2245.0,0,0,0,0,0,0,0,0,0,8,0,,67,9,2022,7,40.0153,-75.1472,2235.0,6,0,0,0,0,0,0,0,0,,0,0,0.0,20,3,1,2,,0,40 00:55.112,,0,75 08:49.930,3,0,0,0,67301,1,0,0,N,1,0,0,2,67301,0,,1,1,,N,N,N,0,,1,0,1,0,0,,2035,1,2,0,0,0,0,1,3,4,0,1,3,,N,,,,,,,,,,,
2022110554,2335.0,1,0,0,0,0,0,0,0,0,8,0,,67,11,2022,3,39.9863,-75.1561,2332.0,6,0,0,1,0,0,0,0,0,,1,0,0.0,23,3,0,1,,2,39 59:10.572,7.0,0,75 09:22.129,1,0,0,0,67301,1,1,0,N,1,1,0,2,67301,0,2.0,1,1,159.0,N,N,N,0,0.0,0,0,0,3,2,Y,2332,0,2,0,0,1,0,1,3,4,0,1,3,3.0,N,,,,,,,,,,,
2022113753,1726.0,1,0,0,0,0,0,0,0,0,1,1,,67,11,2022,4,39.8936,-75.2362,1717.0,6,0,0,0,0,0,0,0,0,,0,1,0.0,15,1,1,0,N,0,39 53:36.989,,0,75 14:10.376,3,0,0,0,67301,0,0,0,N,0,0,0,2,67301,0,,1,9,,N,N,N,0,,1,0,0,0,0,,1529,1,2,0,0,0,0,0,3,4,0,2,7,7.0,N,,,,,,,,,,,
2022103285,927.0,1,0,0,0,0,0,0,0,0,4,0,,67,11,2022,7,39.9358,-75.1563,926.0,6,0,0,1,0,0,0,0,0,,0,0,0.0,9,1,1,1,,0,39 56:08.847,,0,75 09:22.510,3,0,0,0,67301,0,0,0,N,0,0,0,6,67301,0,,1,1,,N,N,N,0,,1,0,1,3,2,,926,1,2,0,0,0,0,0,3,4,0,2,3,3.0,N,,,,,,,,,,,
2022085364,330.0,1,0,0,0,0,0,0,0,0,5,0,,67,9,2022,7,39.9325,-75.1552,330.0,6,0,0,0,0,0,0,0,0,,0,0,0.0,3,3,0,0,N,0,39 55:57.110,,0,75 09:18.730,0,0,0,0,67301,0,0,0,N,0,0,0,1,67301,0,,6,1,,N,N,N,0,,0,0,2,0,0,,305,0,3,0,0,0,0,0,3,4,0,3,3,3.0,N,,,,,,,,,,,
2022087349,849.0,3,0,0,0,0,0,0,0,0,4,0,,67,9,2022,2,40.0621,-75.0583,840.0,6,0,0,0,0,0,0,0,0,,0,0,0.0,8,1,1,1,,2,40 03:43.646,6.0,0,75 03:29.930,3,0,0,0,67301,0,0,0,N,0,0,0,2,67301,0,,1,1,849.0,N,N,Y,0,,1,0,0,3,3,N,814,1,3,0,0,0,0,0,3,4,0,3,3,,N,,,,,,,,,,,
2022107003,755.0,1,0,0,0,0,0,0,0,0,7,0,,67,11,2022,1,40.0348,-75.0184,755.0,6,0,0,0,0,0,0,0,0,,0,0,0.0,7,1,0,0,N,2,40 02:05.357,1.0,0,75 01:06.320,0,0,0,0,67301,0,0,0,N,0,0,0,1,68K01,0,,2,9,800.0,N,N,N,0,,0,0,0,0,0,N,749,0,1,0,0,0,0,0,3,4,0,1,3,,N,,,,,,,,,,,
2022108294,1955.0,0,0,0,0,0,0,0,0,0,1,1,,67,11,2022,3,40.0531,-75.1416,1955.0,6,0,0,0,0,0,0,0,0,,0,1,0.0,19,3,0,0,Y,0,40 03:11.115,,0,75 08:29.619,9,0,0,0,67301,0,0,0,N,0,0,0,2,67301,0,,1,9,,N,N,N,0,,0,0,1,3,2,,1900,0,2,0,0,0,0,1,3,4,0,2,7,,N,,,,,,,,,,,
2022085505,1356.0,0,0,0,0,0,0,0,0,0,1,0,,67,9,2022,3,40.0673,-75.051,1352.0,6,0,0,0,0,0,0,0,0,,0,0,0.0,13,1,0,0,N,0,40 04:02.035,,0,75 03:03.721,0,0,0,0,67301,0,0,0,N,0,0,0,3,67301,0,,1,1,,N,N,N,0,,0,0,2,3,2,,1350,0,2,0,0,0,0,0,3,4,0,2,3,3.0,N,,,,,,,,,,,
2022085833,1955.0,1,0,0,0,0,0,0,0,0,4,0,,67,9,2022,1,40.0661,-75.063,1950.0,6,0,0,0,0,0,2,0,0,,0,0,0.0,19,4,1,1,,0,40 03:58.061,,0,75 03:46.964,3,0,0,0,67301,0,0,0,N,0,0,0,2,67301,0,,1,1,,N,N,N,0,,1,0,1,3,2,,1913,1,2,0,0,0,0,1,3,4,0,2,3,,N,,,,,,,,,,,
2022086740,42.0,1,0,0,0,0,0,0,0,0,4,0,,67,9,2022,2,39.9368,-75.2297,37.0,6,0,0,0,0,0,0,0,0,,0,0,0.0,0,3,2,1,,0,39 56:12.350,,0,75 13:46.966,3,0,0,0,67301,0,0,0,N,0,0,0,2,67301,0,,1,1,,N,N,N,0,,2,0,1,3,2,,30,2,2,0,0,0,0,0,3,4,0,2,3,3.0,N,,,,,,,,,,,
2022097177,942.0,0,0,0,0,0,0,0,0,0,7,0,25.0,67,10,2022,4,40.0256,-75.2022,942.0,6,0,0,0,0,0,0,0,0,,0,0,0.0,9,1,0,0,N,0,40 01:32.061,,0,75 12:07.850,0,0,0,0,67301,0,0,0,N,0,0,0,1,67301,0,,2,1,,N,N,N,0,,0,0,0,0,0,,942,0,1,0,0,0,0,0,3,4,1,1,3,,Y,4.0,1.0,N,N,N,Y,N,N,N,Y,N
2022087417,940.0,2,0,0,0,0,0,0,0,0,4,0,,67,9,2022,2,40.0026,-75.161,936.0,6,0,0,0,0,0,0,0,0,,0,0,0.0,9,1,1,0,N,2,40 00:09.514,4.0,0,75 09:39.734,3,0,0,0,67301,0,0,0,N,0,0,0,2,67301,0,,6,1,45.0,N,N,N,0,,1,0,1,0,0,Y,900,1,3,0,0,0,0,0,3,4,0,3,3,,N,,,,,,,,,,,
2022113711,604.0,1,0,0,0,0,0,0,0,0,7,0,,67,11,2022,4,40.0415,-75.0043,551.0,6,0,0,0,0,0,0,0,0,,0,0,0.0,5,3,0,0,N,1,40 02:29.444,1.0,0,75 00:15.328,0,0,0,0,67301,0,0,0,N,0,0,0,1,68K01,0,,3,9,618.0,N,N,N,0,,0,0,0,0,0,N,538,0,1,0,0,0,0,0,3,4,0,1,7,,N,,,,,,,,,,,
2022113714,847.0,2,0,0,0,0,0,0,0,0,1,0,,67,11,2022,5,40.0163,-75.0519,839.0,6,0,0,0,0,0,0,0,0,,0,0,0.0,8,1,0,0,N,0,40 00:58.733,,0,75 03:06.810,0,0,0,0,67301,0,0,0,N,0,0,0,3,68K01,0,,1,1,,N,N,N,0,,0,0,1,0,0,,835,0,3,0,0,0,0,0,3,4,0,3,3,,N,,,,,,,,,,,
2022106155,115.0,1,0,0,0,0,0,0,0,0,1,0,,67,9,2022,7,39.9561,-75.238,115.0,6,0,0,0,0,0,1,0,0,,0,0,0.0,23,3,2,1,,0,39 57:21.859,,0,75 14:16.659,2,0,0,0,67301,0,0,0,N,0,0,0,3,67301,0,,1,1,,N,N,N,0,,0,2,1,3,2,,2355,2,2,0,0,0,0,0,3,4,0,2,3,3.0,N,,,,,,,,,,,
2022108539,2325.0,0,0,0,0,0,0,0,0,0,7,0,,67,11,2022,7,39.9605,-75.1812,2316.0,6,0,0,0,0,0,0,0,0,,0,0,0.0,23,3,0,0,N,1,39 57:37.624,4.0,0,75 10:52.455,0,0,0,0,67301,0,0,0,N,0,0,0,3,68K01,0,,4,9,2335.0,N,N,N,0,,0,0,1,0,0,N,2316,0,1,0,0,3,0,0,3,4,0,1,7,,N,,,,,,,,,,,
2022105914,1713.0,1,0,0,0,0,0,0,0,0,7,0,,67,10,2022,7,39.8872,-75.2153,1713.0,6,0,0,0,0,0,0,0,0,,0,0,0.0,17,1,1,0,N,2,39 53:14.063,2.0,0,75 12:54.922,3,0,0,0,67301,0,0,0,N,0,0,0,1,68K01,0,,5,9,1744.0,N,N,N,0,,1,0,0,0,0,N,1703,1,1,0,0,0,0,0,3,4,0,1,7,7.0,N,,,,,,,,,,,
2022096738,2020.0,1,0,0,0,0,0,0,0,0,8,0,,67,10,2022,2,40.0277,-75.0612,2020.0,6,0,0,0,1,0,0,0,0,,1,0,0.0,19,3,0,0,N,0,40 01:39.779,,0,75 03:40.204,1,0,0,0,67301,1,1,0,N,1,1,0,2,67301,0,2.0,1,9,,N,N,N,0,0.0,0,0,0,0,0,,1936,0,2,0,0,0,0,0,3,4,0,1,7,7.0,N,,,,,,,,,,,
2022107166,1455.0,0,0,0,0,0,0,0,0,0,7,1,,67,11,2022,2,39.9324,-75.2189,1442.0,6,0,0,0,0,0,0,0,0,,0,1,0.0,13,1,0,0,N,2,39 55:56.611,6.0,1,75 13:08.097,0,0,0,0,67301,0,0,0,N,0,0,0,1,67301,0,,1,1,1600.0,N,N,N,0,,0,0,0,3,8,Y,1344,0,1,0,0,0,0,0,3,4,0,1,3,3.0,N,,,,,,,,,,,
2022099320,1207.0,1,0,0,0,0,0,0,0,0,4,0,,67,9,2022,7,40.0074,-75.1494,1825.0,6,0,0,0,0,0,0,0,0,,0,0,0.0,18,1,1,1,,0,40 00:26.474,,0,75 08:57.865,8,0,0,0,67301,0,0,0,N,0,0,0,2,67301,0,,1,1,,N,N,N,0,,0,0,1,3,3,,1820,1,2,0,0,0,1,1,3,4,0,2,3,3.0,N,,,,,,,,,,,
2022102306,1722.0,1,0,0,0,0,0,0,0,0,1,0,,67,9,2022,7,40.0135,-75.057,1710.0,6,0,0,0,0,0,0,0,0,,0,0,0.0,17,1,0,0,N,0,40 00:48.737,,0,75 03:25.337,9,0,0,1,67301,0,0,0,N,0,0,0,7,68K01,0,,1,1,,N,N,N,0,,0,0,3,0,0,,1708,0,6,0,0,0,0,2,3,4,0,6,3,,N,,,,,,,,,,,
2022112274,1225.0,0,0,0,0,0,0,1,0,0,4,1,,67,11,2022,3,40.0287,-75.1177,1206.0,6,0,0,0,0,0,0,1,0,,0,0,0.0,11,1,4,1,,2,40 01:43.256,7.0,0,75 07:03.868,3,0,0,0,67301,0,0,0,N,0,0,0,5,67301,0,,1,1,1344.0,N,N,N,0,,3,0,1,3,2,Y,1148,4,2,0,0,0,1,0,3,4,0,2,3,,N,,,,,,,,,,,
2022086934,1725.0,1,0,0,0,0,0,0,0,0,1,0,,67,9,2022,3,39.9418,-75.1424,1719.0,6,0,0,0,0,0,0,0,0,,0,0,0.0,16,1,3,0,Y,0,39 56:30.616,,0,75 08:32.502,3,0,0,0,67301,0,0,0,N,0,0,0,5,67301,0,,1,1,,N,N,N,0,,3,0,0,3,2,,1630,3,2,0,0,0,0,0,3,4,1,2,3,3.0,N,,,,,,,,,,,
2022119580,1115.0,2,0,0,0,0,0,0,0,0,4,0,,67,9,2022,3,40.0213,-75.1224,1115.0,6,0,0,0,0,0,0,0,0,,0,0,0.0,10,1,1,1,,0,40 01:16.715,,0,75 07:20.686,3,0,0,0,67301,0,0,0,N,0,0,0,2,67301,0,,1,9,,N,N,N,0,,1,0,0,3,3,,1045,1,2,0,0,0,0,0,3,4,0,2,7,4.0,N,,,,,,,,,,,
2022119859,825.0,1,0,0,0,0,0,0,0,0,1,0,,67,11,2022,2,40.0384,-75.0102,816.0,6,0,0,0,0,0,1,0,0,,0,0,0.0,8,1,0,0,N,0,40 02:18.415,,0,75 00:36.587,0,0,0,0,67301,0,0,0,N,0,0,0,2,68K01,0,,1,1,,N,N,N,0,,0,0,1,0,0,,812,0,2,0,0,0,0,0,3,4,0,2,3,3.0,N,,,,,,,,,,,
2022088898,950.0,1,0,0,0,0,0,0,0,0,4,0,,67,9,2022,3,40.0264,-75.2091,947.0,6,0,0,0,0,0,2,0,0,,0,0,0.0,9,1,3,0,N,1,40 01:34.970,2.0,7,75 12:32.852,3,0,0,0,67301,0,0,0,N,0,0,0,3,67301,0,,1,1,1112.0,N,N,N,0,,2,0,1,0,0,Y,945,3,2,0,0,3,1,0,3,4,0,2,3,3.0,N,,,,,,,,,,,
2022113974,810.0,1,0,0,0,0,0,0,0,0,7,0,,67,12,2022,5,40.056,-75.0745,810.0,6,0,0,0,0,0,0,0,1,,0,0,0.0,8,1,0,0,N,1,40 03:21.499,3.0,0,75 04:28.053,0,0,0,0,67301,0,0,0,N,0,0,0,1,67301,0,,2,1,30.0,N,N,N,0,,0,0,0,0,0,N,810,0,1,0,0,1,0,0,3,4,0,1,4,3.0,N,,,,,,,,,,,
2022113705,1007.0,2,0,0,0,0,0,0,0,0,1,0,,67,11,2022,3,39.9349,-75.1998,1001.0,6,0,0,0,0,0,0,1,0,,0,0,0.0,9,1,0,0,N,1,39 56:05.696,4.0,0,75 11:59.390,0,0,0,0,67301,0,0,0,N,0,0,0,2,68K01,0,,1,1,1105.0,N,N,N,0,,0,0,0,0,0,N,951,0,2,0,0,0,0,0,3,4,0,2,3,,N,,,,,,,,,,,
2022112765,1550.0,2,0,0,0,0,0,0,0,0,1,0,,67,11,2022,2,40.0139,-75.179,1550.0,6,0,0,0,0,0,0,0,0,,0,0,0.0,15,1,1,0,N,0,40 00:50.096,,0,75 10:44.432,4,0,0,0,67301,0,0,0,N,0,0,0,2,67301,1,,1,1,,N,N,N,0,,0,0,0,0,0,,1544,1,2,0,0,0,0,0,3,4,0,2,3,3.0,N,,,,,,,,,,,
2022113730,1725.0,1,0,0,0,0,0,0,0,0,1,0,,67,11,2022,2,39.9625,-75.1833,1716.0,6,0,0,0,0,0,0,0,0,,0,0,0.0,17,3,0,0,N,1,39 57:45.077,3.0,0,75 10:59.981,0,0,0,0,67301,0,0,0,N,0,0,0,4,68K01,0,,1,1,1816.0,N,N,N,0,,0,0,1,0,0,N,1712,0,2,0,0,0,0,0,3,4,0,2,3,,N,,,,,,,,,,,
2022112626,524.0,1,0,0,0,0,0,0,0,0,1,1,,67,11,2022,7,39.9404,-75.1436,524.0,6,0,0,0,0,0,2,0,0,,0,1,0.0,5,3,0,0,N,2,39 56:25.353,3.0,0,75 08:36.905,0,0,0,0,67301,0,0,0,N,0,0,0,2,68K01,0,,1,1,635.0,N,N,Y,0,,0,0,0,0,0,Y,514,0,2,0,0,0,0,0,3,4,0,2,3,3.0,N,,,,,,,,,,,
2022112396,1010.0,0,1,0,0,0,0,0,0,0,7,0,,67,11,2022,1,40.0752,-75.0457,1005.0,6,0,0,0,0,0,0,0,1,,1,0,0.0,10,1,0,0,N,1,40 04:30.746,1.0,0,75 02:44.574,1,0,0,0,67301,0,0,0,N,0,0,0,1,67301,0,2.0,4,1,1130.0,N,N,N,1,0.0,0,0,0,0,0,N,1000,0,1,0,0,0,0,0,3,4,0,1,4,4.0,N,,,,,,,,,,,
2022086025,1416.0,1,0,0,0,0,0,0,0,0,5,0,,67,9,2022,2,39.9554,-75.1879,1415.0,6,0,0,0,0,0,1,0,0,,0,0,0.0,14,1,0,0,N,1,39 57:19.356,3.0,0,75 11:16.385,0,0,0,0,67301,0,0,0,N,0,0,0,3,67507,0,,1,1,1500.0,N,N,N,0,,0,0,2,0,0,N,1400,0,3,0,0,0,0,0,3,4,0,3,3,3.0,N,,,,,,,,,,,
2022087229,2240.0,1,0,0,0,0,0,0,0,0,4,0,,67,9,2022,3,39.9684,-75.2032,2238.0,6,0,0,0,0,0,0,0,0,,0,0,0.0,22,3,1,1,,1,39 58:06.304,5.0,0,75 12:11.667,2,0,0,0,67301,0,0,0,N,0,0,0,4,67301,0,,1,1,2310.0,N,N,N,0,,0,1,1,3,2,Y,2228,1,2,0,1,2,0,0,3,4,0,2,3,3.0,N,,,,,,,,,,,
2022105789,810.0,1,0,0,0,0,0,0,0,0,5,1,,67,11,2022,3,40.03,-75.1026,810.0,6,0,0,0,0,0,1,0,0,,0,1,0.0,7,1,0,0,N,0,40 01:47.927,,0,75 06:09.501,0,0,0,0,67301,0,0,0,N,0,0,0,2,67301,0,,1,1,,N,N,N,0,,0,0,0,0,0,,755,0,2,0,0,0,0,0,3,4,0,2,3,3.0,N,,,,,,,,,,,