CRN,ARRIVAL_TM,AUTOMOBILE_COUNT,BELTED_DEATH_COUNT,BELTED_SUSP_SERIOUS_INJ_COUNT,BICYCLE_COUNT,BICYCLE_DEATH_COUNT,BICYCLE_SUSP_SERIOUS_INJ_COUNT,BUS_COUNT,CHLDPAS_DEATH_COUNT,CHLDPAS_SUSP_SERIOUS_INJ_COUNT,COLLISION_TYPE,COMM_VEH_COUNT,CONS_ZONE_SPD_LIM,COUNTY,CRASH_MONTH,CRASH_YEAR,DAY_OF_WEEK,DEC_LAT,DEC_LONG,DISPATCH_TM,DISTRICT,DRIVER_COUNT_16YR,DRIVER_COUNT_17YR,DRIVER_COUNT_18YR,DRIVER_COUNT_19YR,DRIVER_COUNT_20YR,DRIVER_COUNT_50_64YR,DRIVER_COUNT_65_74YR,DRIVER_COUNT_75PLUS,EST_HRS_CLOSED,FATAL_COUNT,HEAVY_TRUCK_COUNT,HORSE_BUGGY_COUNT,HOUR_OF_DAY,ILLUMINATION,INJURY_COUNT,INTERSECT_TYPE,INTERSECTION_RELATED,LANE_CLOSED,LATITUDE,LN_CLOSE_DIR,LOCATION_TYPE,LONGITUDE,MAX_SEVERITY_LEVEL,MCYCLE_DEATH_COUNT,MCYCLE_SUSP_SERIOUS_INJ_COUNT,MOTORCYCLE_COUNT,MUNICIPALITY,NONMOTR_COUNT,NONMOTR_DEATH_COUNT,NONMOTR_SUSP_SERIOUS_INJ_COUNT,NTFY_HIWY_MAINT,PED_COUNT,PED_DEATH_COUNT,PED_SUSP_SERIOUS_INJ_COUNT,PERSON_COUNT,POLICE_AGCY,POSSIBLE_INJ_COUNT,RDWY_SURF_TYPE_CD,RELATION_TO_ROAD,ROAD_CONDITION,ROADWAY_CLEARED,SCH_BUS_IND,SCH_ZONE_IND,SECONDARY_CRASH,SMALL_TRUCK_COUNT,SPEC_JURIS_CD,SUSP_MINOR_INJ_COUNT,SUSP_SERIOUS_INJ_COUNT,SUV_COUNT,TCD_FUNC_CD,TCD_TYPE,TFC_DETOUR_IND,TIME_OF_DAY,TOT_INJ_COUNT,TOTAL_UNITS,UNB_DEATH_COUNT,UNB_SUSP_SERIOUS_INJ_COUNT,UNBELTED_OCC_COUNT,UNK_INJ_DEG_COUNT,UNK_INJ_PER_COUNT,URBAN_AREA,URBAN_RURAL,VAN_COUNT,VEHICLE_COUNT,WEATHER1,WEATHER2,WORK_ZONE_IND,WORK_ZONE_LOC,WORK_ZONE_TYPE,WORKERS_PRES,WZ_CLOSE_DETOUR,WZ_FLAGGER,WZ_LAW_OFFCR_IND,WZ_LN_CLOSURE,WZ_MOVING,WZ_OTHER,WZ_SHLDER_MDN,WZ_WORKERS_INJ_KILLED
2022084289,1628.0,1,0,0,0,0,0,0,0,0,1,0,,67,9,2022,1,40.0444,-75.1435,1628.0,6,0,0,0,0,0,1,0,0,,0,0,0.0,16,1,0,1,,1,40 02:39.888,1.0,0,75 08:36.428,0,0,0,0,67301,0,0,0,N,0,0,0,4,67301,0,,1,9,15.0,N,N,Y,0,,0,0,2,3,2,N,1625,0,3,0,0,0,0,0,3,4,0,3,7,,N,,,,,,,,,,,
2022110545,1139.0,1,0,0,0,0,0,0,0,0,2,0,,67,11,2022,7,39.9073,-75.1876,1136.0,6,0,0,0,0,0,0,0,0,,1,0,0.0,11,1,0,3,,0,39 54:26.100,,0,75 11:15.400,1,1,0,1,67301,0,0,0,N,0,0,0,2,67301,0,2.0,1,1,,N,N,Y,0,0.0,0,0,0,3,3,,1130,0,2,0,0,0,0,0,3,4,0,2,3,3.0,N,,,,,,,,,,,
2022112397,805.0,1,0,0,0,0,0,1,0,0,1,1,,67,11,2022,2,40.0749,-75.0182,758.0,6,0,0,0,0,0,1,0,0,,0,0,0.0,7,1,0,9,,1,40 04:30.512,3.0,0,75 01:06.681,0,0,0,0,67301,0,0,0,N,0,0,0,4,67301,0,,1,1,100.0,N,N,N,0,,0,0,0,3,6,N,757,0,2,0,0,0,0,0,3,4,0,2,3,3.0,N,,,,,,,,,,,
2022087938,2308.0,0,0,0,0,0,0,0,0,0,8,0,,67,9,2022,2,39.9624,-75.2156,2308.0,6,0,0,0,0,0,0,0,0,,0,0,0.0,23,3,2,2,,0,39 57:44.645,,0,75 12:56.243,3,0,0,0,67301,1,0,0,N,1,0,0,2,67301,0,,4,1,,N,N,N,0,,1,0,0,0,0,,2305,2,2,0,0,0,1,0,3,4,1,1,3,3.0,N,,,,,,,,,,,
2022111816,1950.0,1,0,0,0,0,0,0,0,0,1,0,,67,10,2022,4,39.9782,-75.1112,1940.0,6,0,0,0,0,0,0,0,0,,0,0,0.0,19,3,0,0,N,0,39 58:41.596,,0,75 06:40.244,0,0,0,0,67301,0,0,0,N,0,0,0,2,68K01,0,,1,1,,N,N,N,0,,0,0,1,0,0,,1917,0,2,0,0,0,0,0,3,4,0,2,3,3.0,N,,,,,,,,,,,
2022085872,1047.0,2,0,0,0,0,0,0,0,0,4,0,,67,9,2022,1,40.0558,-75.1271,1047.0,6,0,0,0,0,0,0,0,1,,0,0,0.0,8,1,2,1,,0,40 03:21.055,,0,75 07:37.401,3,0,0,0,67301,0,0,0,N,0,0,0,3,67301,0,,1,1,,N,N,N,0,,2,0,0,3,2,,827,2,2,0,0,0,0,0,3,4,0,2,3,3.0,N,,,,,,,,,,,
2022106157,241.0,2,0,0,0,0,0,0,0,0,5,0,,67,9,2022,5,39.9478,-75.2243,240.0,6,0,0,0,0,0,0,0,0,,0,0,0.0,1,3,1,0,N,0,39 56:52.188,,0,75 13:27.572,4,0,0,0,67301,0,0,0,N,0,0,0,2,67301,1,,6,1,,N,N,N,0,,0,0,0,0,0,,138,1,2,0,0,0,0,1,3,4,0,2,3,3.0,N,,,,,,,,,,,
2022089886,2253.0,2,0,0,0,0,0,0,0,0,4,0,,67,9,2022,1,39.9772,-75.1749,2248.0,6,0,0,0,0,0,0,0,0,,0,0,0.0,22,3,2,1,,0,39 58:38.096,,0,75 10:29.474,3,0,0,0,67301,0,0,0,N,0,0,0,3,67301,0,,1,1,,N,N,N,0,,2,0,0,3,3,,2243,2,2,0,0,2,0,0,3,4,0,2,3,3.0,N,,,,,,,,,,,
2022113716,1241.0,2,0,0,0,0,0,0,0,0,5,0,,67,11,2022,6,40.0324,-75.0209,1232.0,6,0,0,0,0,0,0,1,0,,0,0,0.0,12,1,2,0,N,1,40 01:56.805,1.0,0,75 01:15.061,8,0,0,0,67301,0,0,0,N,0,0,0,6,68K01,0,,1,1,140.0,N,N,N,0,,0,0,0,0,0,N,1227,2,2,0,0,0,2,0,3,4,0,2,3,,N,,,,,,,,,,,
2022086434,118.0,2,0,0,0,0,0,0,0,0,1,0,,67,9,2022,2,39.9606,-75.1878,114.0,6,0,0,0,0,0,0,0,0,,0,0,0.0,1,3,0,0,N,0,39 57:38.000,,0,75 11:16.200,0,0,0,0,67301,0,0,0,N,0,0,0,1,67301,0,,6,1,,N,N,Y,0,,0,0,0,0,0,,114,0,2,0,0,0,0,0,3,4,0,2,3,,N,,,,,,,,,,,
2022110246,1628.0,2,0,0,0,0,0,0,0,0,4,0,,67,11,2022,1,40.0014,-75.1145,1628.0,6,0,0,0,0,0,1,0,0,,1,0,0.0,16,1,0,1,,0,40 00:04.917,,0,75 06:52.095,1,0,0,0,67301,0,0,0,N,0,0,0,3,67301,0,2.0,1,1,,N,N,N,0,0.0,0,0,0,3,2,,1628,0,2,0,0,0,0,0,3,4,0,2,3,3.0,N,,,,,,,,,,,
2022113344,51.0,2,0,0,0,0,0,0,0,0,4,0,,67,11,2022,4,40.0284,-75.12,45.0,6,0,0,0,0,0,0,0,0,,0,0,0.0,0,3,1,1,,0,40 01:42.085,,0,75 07:12.004,3,0,0,0,67301,0,0,0,N,0,0,0,2,67301,0,,1,1,,N,N,N,0,,1,0,0,3,2,,42,1,2,0,0,0,0,1,3,4,0,2,3,3.0,N,,,,,,,,,,,
2022108073,1928.0,0,0,0,0,0,0,0,0,0,5,0,,67,9,2022,7,40.0106,-75.1009,1924.0,6,0,0,0,0,0,0,0,0,,0,0,0.0,19,4,1,0,N,1,40 00:38.100,4.0,0,75 06:03.200,8,0,0,1,67301,0,0,0,N,0,0,0,2,67301,0,,1,1,2020.0,N,N,N,0,,0,0,1,0,0,N,1909,1,2,0,0,1,1,0,3,4,0,2,3,3.0,N,,,,,,,,,,,
2022092613,20.0,0,0,0,0,0,0,0,0,0,4,0,,67,9,2022,3,39.9752,-75.1882,14.0,6,0,0,0,0,0,0,0,0,,0,0,0.0,23,3,4,1,,0,39 58:30.584,,0,75 11:17.385,3,0,0,0,67301,0,0,0,N,0,0,0,4,67301,0,,1,1,,N,N,N,0,,4,0,2,3,2,,2351,4,2,0,0,0,0,0,3,4,0,2,3,,N,,,,,,,,,,,
2022090454,907.0,1,0,0,0,0,0,0,0,0,5,0,,67,10,2022,7,40.0265,-75.2137,902.0,6,0,0,0,0,0,0,0,0,,0,0,0.0,3,3,0,0,N,2,40 01:35.540,2.0,0,75 12:49.250,0,0,0,0,67301,0,0,0,N,0,0,0,1,67301,0,,6,9,100.0,N,N,N,1,,0,0,0,0,0,Y,357,0,2,0,0,0,0,0,3,4,0,2,7,4.0,N,,,,,,,,,,,
2022090807,1652.0,1,0,0,0,0,0,0,0,0,8,0,,67,10,2022,7,40.0481,-75.158,1652.0,6,0,0,0,0,0,0,0,0,,0,0,0.0,16,1,1,3,,2,40 02:53.268,6.0,0,75 09:28.940,3,0,0,0,67301,1,0,0,N,1,0,0,2,67301,0,,1,9,1730.0,N,N,N,0,,1,0,0,0,0,Y,1649,1,2,0,0,0,0,0,3,4,0,1,7,7.0,N,,,,,,,,,,,
2022084278,1840.0,1,0,0,0,0,0,0,0,0,4,0,,67,9,2022,2,40.0581,-75.1658,1835.0,6,0,0,0,1,0,0,0,0,,0,0,0.0,18,4,1,2,,0,40 03:29.228,,0,75 09:56.782,4,0,0,0,67301,0,0,0,N,0,0,0,3,67301,1,,1,1,,N,N,N,0,,0,0,0,3,3,,1835,1,2,0,0,3,0,0,3,4,1,2,3,3.0,N,,,,,,,,,,,
2022108344,1759.0,1,0,0,0,0,0,0,0,0,1,0,,67,9,2022,2,40.0447,-75.1636,1759.0,6,0,0,0,0,0,0,0,0,,0,0,0.0,17,4,0,0,N,0,40 02:40.935,,0,75 09:48.865,0,0,0,0,67301,0,0,0,N,0,0,0,1,67301,0,,6,1,,N,N,Y,0,,0,0,1,0,0,,1750,0,2,0,0,0,0,0,3,4,0,2,4,,N,,,,,,,,,,,
2022108594,712.0,1,0,0,0,0,0,1,0,0,4,1,,67,11,2022,4,40.0339,-75.0471,705.0,6,0,0,0,0,0,0,0,0,,0,0,0.0,7,1,4,0,N,0,40 02:01.900,,7,75 02:49.600,3,0,0,0,67301,0,0,0,N,0,0,0,6,67301,0,,1,9,,Y,N,N,0,,4,0,0,0,0,,704,4,2,0,0,0,0,0,3,4,0,2,7,,N,,,,,,,,,,,
2022106560,1124.0,1,0,0,0,0,0,0,0,0,1,0,,67,9,2022,2,40.0453,-75.0023,1124.0,6,0,0,1,0,0,0,0,0,,0,0,0.0,11,1,1,6,,1,40 02:43.190,2.0,2,75 00:08.414,3,0,0,0,67301,0,0,0,N,0,0,0,2,68K01,0,,1,1,1225.0,N,N,N,0,,1,0,1,3,4,N,1124,1,2,0,0,0,0,0,3,4,0,2,3,3.0,N,,,,,,,,,,,
2022091103,1252.0,1,0,0,0,0,0,0,0,0,1,0,,67,9,2022,7,39.9682,-75.1302,1242.0,6,0,0,0,0,0,0,0,0,,0,0,0.0,12,1,0,0,N,0,39 58:05.514,,0,75 07:48.648,0,0,0,0,67301,0,0,0,N,0,0,0,2,68K01,0,,1,1,,N,N,N,0,,0,0,0,0,0,,1237,0,2,0,0,0,0,0,3,4,1,2,3,3.0,N,,,,,,,,,,,
2022110925,2241.0,1,0,0,0,0,0,0,0,0,5,0,,67,11,2022,6,39.9496,-75.2384,2239.0,6,0,0,0,0,0,0,0,0,,0,0,0.0,22,3,0,0,N,0,39 56:58.460,,0,75 14:18.110,0,0,0,0,67301,0,0,0,N,0,0,0,1,67301,0,,6,1,,N,N,N,2,,0,0,0,0,0,,2239,0,5,0,0,1,0,0,3,4,2,5,3,,N,,,,,,,,,,,
2022110991,1245.0,1,0,0,0,0,0,1,0,0,4,1,,67,11,2022,4,39.9868,-75.1474,1245.0,6,0,0,0,0,0,0,0,0,,0,0,0.0,12,1,1,1,,0,39 59:12.392,,0,75 08:50.707,4,0,0,0,67301,0,0,0,N,0,0,0,3,67508,1,,1,1,,N,N,N,0,,0,0,0,3,2,,1230,1,2,0,0,0,0,0,3,4,0,2,3,3.0,N,,,,,,,,,,,
2022112206,800.0,0,0,0,0,0,0,0,0,0,2,0,,67,11,2022,4,40.0526,-75.2272,756.0,6,0,0,0,0,0,0,0,1,,0,0,0.0,7,1,2,1,,0,40 03:09.034,,0,75 13:37.563,2,0,0,0,67301,0,0,0,N,0,0,0,2,67301,0,,1,1,,N,N,N,0,,0,2,2,3,2,,753,2,2,0,0,0,0,0,3,4,0,2,3,3.0,N,,,,,,,,,,,
2022088683,1549.0,1,0,0,0,0,0,0,0,0,8,0,,67,9,2022,2,39.9513,-75.1991,1525.0,6,0,0,0,0,0,0,0,0,,0,0,0.0,15,1,1,1,,0,39 57:04.496,,0,75 11:56.898,3,0,0,0,67301,1,0,0,N,1,0,0,2,67504,0,,1,1,,N,N,N,0,,1,0,0,3,2,,1520,1,2,0,0,0,0,1,3,4,0,1,3,3.0,N,,,,,,,,,,,
2022113594,1610.0,0,0,0,0,0,0,0,0,0,0,1,,67,11,2022,3,40.05,-75.0034,1600.0,6,0,0,0,0,0,0,0,0,,0,1,0.0,15,1,1,0,N,2,40 03:00.162,2.0,2,75 00:12.364,8,0,0,0,67301,0,0,0,N,0,0,0,1,67301,0,,1,1,2221.0,N,N,N,0,,0,0,0,0,0,Y,1500,1,1,0,0,0,1,0,3,4,0,1,3,,N,,,,,,,,,,,
2022110734,,1,0,0,0,0,0,0,0,0,1,0,,67,8,2022,2,40.0352,-75.1455,,6,0,0,0,0,0,1,0,0,,0,0,0.0,99,1,1,1,,0,40 02:06.768,,0,75 08:43.662,8,0,0,0,67301,0,0,0,N,0,0,0,2,00000,0,,1,1,,,,N,0,,0,0,0,3,2,,9999,1,2,0,0,1,1,0,3,4,1,2,3,,N,,,,,,,,,,,
2022108077,2345.0,2,0,0,0,0,0,0,0,0,4,0,,67,10,2022,3,39.9986,-75.1096,2343.0,6,0,0,0,0,0,0,0,0,,0,0,0.0,23,3,2,0,N,0,39 59:54.880,,0,75 06:34.700,2,0,0,0,67301,1,0,1,N,0,0,0,2,67301,0,,6,1,,N,N,N,1,,1,1,1,0,0,,2335,2,4,0,0,1,0,0,3,4,0,4,3,3.0,N,,,,,,,,,,,
2022084281,1755.0,1,0,0,0,0,0,0,0,0,6,0,,67,9,2022,3,40.0609,-75.1551,1752.0,6,0,0,0,0,0,0,0,0,,0,0,0.0,17,1,1,0,N,1,40 03:39.300,6.0,0,75 09:18.200,3,0,0,0,67301,0,0,0,N,0,0,0,1,67301,0,,6,1,1818.0,N,N,N,0,,1,0,0,0,0,Y,1747,1,2,0,0,1,0,0,3,4,1,2,3,3.0,N,,,,,,,,,,,
2022113614,622.0,0,0,0,0,0,0,0,0,0,1,0,,67,11,2022,1,40.0308,-75.0869,600.0,6,0,0,0,0,0,0,0,0,,0,0,0.0,5,3,0,0,N,0,40 01:50.803,,0,75 05:12.817,9,0,0,0,67301,0,0,0,N,0,0,0,2,67301,0,,1,1,,N,N,N,0,,0,0,2,3,3,,548,0,2,0,0,0,0,1,3,4,0,2,4,,N,,,,,,,,,,,
2022112928,356.0,1,0,0,0,0,0,0,0,0,5,0,,67,11,2022,7,40.0315,-75.1544,351.0,6,0,0,0,0,0,0,0,0,,0,0,0.0,3,3,1,0,N,1,40 01:53.470,3.0,0,75 09:15.860,3,0,0,0,67301,0,0,0,N,0,0,0,1,67301,0,,1,1,453.0,N,N,N,0,,1,0,1,0,0,N,339,1,2,0,0,0,0,0,3,4,0,2,3,3.0,N,,,,,,,,,,,
2022086683,218.0,0,0,0,0,0,0,0,0,0,1,0,,67,9,2022,1,40.0593,-75.0446,217.0,6,0,0,0,0,0,0,0,0,,0,0,0.0,2,3,1,2,,1,40 03:33.392,2.0,0,75 02:40.479,8,0,0,0,67301,0,0,0,N,0,0,0,2,67301,0,,1,1,243.0,N,N,N,0,,0,0,2,3,2,N,217,1,2,0,0,0,1,0,3,4,0,2,3,3.0,N,,,,,,,,,,,
2022091836,,0,0,0,0,0,0,0,0,0,4,0,,67,9,2022,1,39.9014,-75.2393,,6,0,0,0,0,0,0,0,0,,0,0,0.0,16,1,0,2,,0,39 54:04.950,,0,75 14:21.587,0,0,0,0,67301,0,0,0,N,0,0,0,2,00000,0,,1,1,,,,N,0,,0,0,1,0,0,,1600,0,2,0,0,0,0,0,3,4,0,2,3,,N,,,,,,,,,,,
2022112204,1620.0,0,0,0,1,0,0,0,0,0,4,0,,67,11,2022,5,39.9363,-75.1617,1613.0,6,0,0,0,0,0,0,0,0,,0,0,0.0,9,1,1,0,N,0,39 56:10.720,,7,75 09:42.030,8,0,0,0,67301,1,0,0,N,0,0,0,2,67301,0,,4,1,,N,N,N,0,,0,0,1,0,0,,930,1,2,0,0,0,1,0,3,4,0,1,3,,N,,,,,,,,,,,
2022107723,227.0,2,0,0,0,0,0,0,0,0,5,0,,67,8,2022,7,39.9994,-75.1087,227.0,6,0,0,0,0,0,0,0,0,,0,0,0.0,0,3,0,0,N,0,39 59:57.860,,0,75 06:31.190,0,0,0,0,67301,0,0,0,N,0,0,0,1,67301,0,,6,1,,N,N,N,0,,0,0,2,0,0,,50,0,4,0,0,0,0,0,3,4,0,4,3,3.0,N,,,,,,,,,,,
2022105802,430.0,1,0,0,0,0,0,0,0,0,4,0,,67,7,2022,2,39.957,-75.2255,430.0,6,0,0,1,0,0,0,0,0,,0,0,0.0,4,3,1,1,,0,39 57:25.065,,0,75 13:31.843,8,0,0,0,67301,0,0,0,N,0,0,0,2,67301,0,,1,1,,N,N,N,0,,0,0,1,3,2,,430,1,2,0,0,0,1,0,3,4,0,2,3,3.0,N,,,,,,,,,,,
2022106575,4.0,0,0,0,0,0,0,0,0,0,1,0,,67,10,2022,2,39.9809,-75.2065,2354.0,6,0,0,0,1,0,0,0,0,,0,0,0.0,23,3,1,0,N,0,39 58:51.382,,0,75 12:23.387,3,0,0,0,67301,0,0,0,N,0,0,0,4,68K01,0,,1,9,,N,N,N,0,,1,0,2,0,0,,2350,1,2,0,0,1,0,0,3,4,0,2,3,,N,,,,,,,,,,,
2022083614,2034.0,3,0,0,0,0,0,0,0,0,6,0,,67,9,2022,1,40.0414,-75.1655,2034.0,6,0,0,0,0,0,0,0,0,,0,0,0.0,20,3,0,0,N,0,40 02:29.040,,0,75 09:55.960,0,0,0,1,67301,0,0,0,N,0,0,0,1,67301,0,,6,9,,N,N,N,0,,0,0,0,0,0,,2021,0,4,0,0,0,0,0,3,4,0,4,7,7.0,N,,,,,,,,,,,
2022107164,1955.0,1,0,0,0,0,0,0,0,0,7,0,,67,11,2022,1,40.092,-75.0667,1949.0,6,0,0,0,0,0,0,0,0,,0,0,0.0,19,3,1,2,,2,40 05:31.020,5.0,0,75 04:00.152,3,0,0,0,67301,0,0,0,N,0,0,0,2,67301,0,,5,1,200.0,N,N,N,0,,1,0,0,0,0,Y,1949,1,1,0,0,0,0,0,3,4,0,1,3,3.0,N,,,,,,,,,,,
2022105897,1649.0,0,0,0,0,0,0,0,0,0,8,0,,67,8,2022,3,39.9552,-75.1983,1648.0,6,0,0,0,0,0,0,0,0,,0,0,0.0,6,1,1,1,,0,39 57:18.548,,0,75 11:53.953,3,0,0,0,67301,1,0,0,N,1,0,0,2,67504,0,,1,1,,N,N,N,0,,1,0,1,3,2,,600,1,2,0,0,1,0,0,3,4,0,1,3,3.0,N,,,,,,,,,,,
2022106564,1532.0,1,0,0,0,0,0,0,0,0,7,0,,67,10,2022,3,40.0457,-74.9999,1458.0,6,0,0,0,0,0,0,0,0,,0,0,0.0,14,1,0,6,,0,40 02:44.465,,2,74 59:59.498,0,0,0,0,67301,0,0,0,N,0,0,0,2,68K01,0,,4,9,,N,N,N,0,,0,0,0,0,0,,1439,0,1,0,0,0,0,0,3,4,0,1,7,7.0,N,,,,,,,,,,,
2022113747,2012.0,0,0,0,0,0,0,0,0,0,1,0,,67,7,2022,2,40.0423,-75.0636,1840.0,6,0,0,0,0,0,1,0,0,,0,0,0.0,18,4,2,0,Y,1,40 02:32.382,1.0,0,75 03:49.070,8,0,0,0,67301,0,0,0,N,0,0,0,3,67301,0,,1,1,100.0,N,N,N,0,,0,0,1,3,2,Y,1839,2,3,0,0,0,2,1,3,4,0,3,3,3.0,N,,,,,,,,,,,
2022086448,157.0,1,0,0,0,0,0,0,0,0,7,0,,67,9,2022,7,40.0564,-75.1971,157.0,6,0,0,0,0,0,0,0,0,,0,0,0.0,1,3,1,2,,0,40 03:22.927,,0,75 11:49.613,3,0,0,0,67301,0,0,0,N,0,0,0,1,67301,0,,4,1,,N,N,N,0,,1,0,0,3,3,,130,1,1,0,0,0,0,0,3,4,0,1,3,3.0,N,,,,,,,,,,,
2022112934,2255.0,0,0,0,0,0,0,0,0,0,7,1,,67,11,2022,2,40.008,-75.1918,2225.0,6,0,0,0,0,0,0,0,0,,0,1,0.0,21,3,0,0,N,1,40 00:28.738,2.0,3,75 11:30.453,9,0,0,0,67301,0,0,0,N,0,0,0,2,67301,0,,4,1,1140.0,N,N,Y,0,,0,0,0,0,0,N,2145,0,2,0,0,0,0,1,3,4,1,2,3,3.0,N,,,,,,,,,,,
2022111876,2039.0,2,0,0,0,0,0,0,0,0,1,0,,67,11,2022,7,39.8986,-75.1805,2016.0,6,0,0,0,0,0,1,0,0,,0,0,0.0,20,1,0,0,N,0,39 53:54.973,,0,75 10:49.630,0,0,0,0,67301,0,0,0,N,0,0,0,4,68K01,0,,1,1,,N,N,N,0,,0,0,0,0,0,,2011,0,2,0,0,0,0,0,3,4,0,2,3,3.0,N,,,,,,,,,,,
2022085288,2330.0,0,0,0,0,0,0,0,0,0,4,0,,67,9,2022,6,40.0543,-75.0631,2330.0,6,0,0,0,0,0,1,0,0,,0,0,0.0,22,3,0,1,,0,40 03:15.516,,0,75 03:47.594,9,0,0,1,67301,0,0,0,N,0,0,0,2,67301,0,,1,99,,N,N,N,1,,0,0,0,3,2,,2205,0,2,0,0,0,0,1,3,4,0,2,3,,N,,,,,,,,,,,
2022112761,739.0,2,0,0,0,0,0,0,0,0,4,0,,67,10,2022,2,40.0169,-75.097,734.0,6,0,0,0,0,0,1,0,0,,0,0,0.0,7,5,0,0,N,1,40 01:00.697,2.0,0,75 05:49.295,9,0,0,0,67301,0,0,0,N,0,0,0,2,67301,0,,4,9,800.0,N,N,Y,0,,0,0,2,0,0,Y,730,0,4,0,0,0,0,2,3,4,0,4,7,4.0,N,,,,,,,,,,,
2022084231,2202.0,1,0,0,0,0,0,0,0,0,7,0,,67,9,2022,1,39.9815,-75.2072,2202.0,6,0,0,0,0,0,0,0,0,,0,0,0.0,21,3,0,0,N,0,39 58:53.491,,0,75 12:25.792,0,0,0,0,67301,0,0,0,N,0,0,0,1,68K01,0,,3,9,,N,N,N,0,,0,0,0,0,0,,2147,0,1,0,0,0,0,0,3,4,0,1,7,7.0,N,,,,,,,,,,,
2022108056,1245.0,0,0,0,0,0,0,0,0,0,7,1,,67,11,2022,2,39.9124,-75.1739,1240.0,6,0,0,0,0,0,1,0,0,,0,1,0.0,12,1,0,7,,2,39 54:44.600,3.0,8,75 10:25.900,0,0,0,0,67301,0,0,0,N,0,0,0,1,67301,0,,4,1,617.0,N,N,N,0,,0,0,0,3,8,Y,1230,0,1,0,0,0,0,0,3,4,0,1,3,3.0,N,,,,,,,,,,,
2022096647,,1,0,0,0,0,0,0,0,0,4,0,,67,9,2022,6,40.0191,-75.0815,,6,0,0,0,0,0,0,0,0,,0,0,0.0,20,1,1,1,,0,40 01:08.801,,0,75 04:53.260,8,0,0,0,67301,0,0,0,N,0,0,0,2,00000,0,,1,1,,,,N,0,,0,0,0,3,2,,2021,1,2,0,0,0,1,0,3,4,0,2,3,,N,,,,,,,,,,,
2022084461,1225.0,1,0,0,0,0,0,0,0,0,1,0,,67,9,2022,4,39.9175,-75.2129,1219.0,6,0,0,1,0,0,0,0,0,,0,0,0.0,12,1,1,0,N,0,39 55:03.153,,0,75 12:46.573,3,0,0,0,67301,0,0,0,N,0,0,0,2,67301,0,,1,1,,N,N,N,0,,1,0,1,0,0,,1200,1,2,0,0,0,0,0,3,4,0,2,3,3.0,N,,,,,,,,,,,
2022105806,1155.0,0,0,0,1,0,0,0,0,0,4,0,,67,8,2022,4,39.9567,-75.2175,1150.0,6,0,0,0,0,0,0,0,0,,0,0,0.0,21,3,1,1,,0,39 57:24.289,,0,75 13:02.974,3,0,0,0,67301,1,0,0,N,0,0,0,2,67301,0,,1,99,,N,N,N,0,,1,0,1,3,3,,2115,1,2,0,0,1,0,0,3,4,0,1,99,3.0,N,,,,,,,,,,,
2022105976,746.0,1,0,0,0,0,0,0,0,0,1,0,,67,11,2022,5,40.0697,-75.1559,737.0,6,0,0,0,0,0,0,0,0,,0,0,0.0,6,5,2,0,N,0,40 04:10.915,,0,75 09:21.283,3,0,0,0,67301,0,0,0,N,0,0,0,3,67301,0,,1,1,,N,N,N,0,,2,0,2,0,0,,642,2,3,0,0,1,0,1,3,4,0,3,3,3.0,N,,,,,,,,,,,
2022094267,,2,0,0,0,0,0,0,0,0,4,0,,67,7,2022,4,39.9579,-75.1641,,6,0,0,0,0,0,0,0,0,,0,0,0.0,13,1,0,1,,0,39 57:28.550,,2,75 09:50.921,0,0,0,0,67301,0,0,0,N,0,0,0,2,00000,0,,1,1,,,,N,0,,0,0,0,3,2,,1345,0,2,0,0,1,0,0,3,4,0,2,3,,N,,,,,,,,,,,
2022107445,1155.0,1,0,0,0,0,0,0,0,0,4,2,50.0,67,11,2022,2,39.9932,-75.2,1151.0,6,0,0,0,1,0,0,1,0,,0,2,0.0,11,1,2,0,N,1,39 59:35.394,4.0,0,75 12:00.121,3,0,0,0,67301,0,0,0,Y,0,0,0,4,68K01,1,,1,1,1240.0,N,N,N,0,,1,0,0,3,8,N,1148,2,3,0,0,0,0,0,3,4,0,3,3,,Y,4.0,8.0,Y,N,N,N,N,Y,N,N,Y
2022084542,2150.0,1,0,0,0,0,0,0,0,0,5,0,,67,9,2022,2,39.9872,-75.1592,2143.0,6,0,0,0,0,0,0,0,0,,0,0,0.0,21,3,0,0,N,0,39 59:14.030,,0,75 09:33.070,0,0,0,0,67301,0,0,0,N,0,0,0,2,67301,0,,1,9,,N,N,N,0,,0,0,3,0,0,,2130,0,4,0,0,0,0,0,3,4,0,4,7,7.0,N,,,,,,,,,,,
2022113720,1618.0,0,0,0,0,0,0,0,0,0,1,0,,67,11,2022,5,39.9419,-75.194,1608.0,6,0,0,0,0,0,2,0,0,,0,0,0.0,15,1,1,0,N,1,39 56:30.930,4.0,0,75 11:38.564,3,0,0,0,67301,0,0,0,N,0,0,0,11,68K01,0,,1,1,1653.0,N,N,N,0,,1,0,3,0,0,N,1555,1,3,0,0,0,0,0,3,4,0,3,3,,N,,,,,,,,,,,
2022084159,124.0,1,0,0,0,0,0,0,0,0,4,0,,67,9,2022,3,39.9923,-75.1422,122.0,6,0,0,0,0,0,0,0,0,,0,0,0.0,1,3,0,1,,0,39 59:32.232,,0,75 08:31.896,0,0,0,0,67301,0,0,0,N,0,0,0,2,67301,0,,1,9,,N,N,N,0,,0,0,1,3,2,,121,0,2,0,0,0,0,0,3,4,0,2,3,3.0,N,,,,,,,,,,,