CRN,ARRIVAL_TM,AUTOMOBILE_COUNT,BELTED_DEATH_COUNT,BELTED_SUSP_SERIOUS_INJ_COUNT,BICYCLE_COUNT,BICYCLE_DEATH_COUNT,BICYCLE_SUSP_SERIOUS_INJ_COUNT,BUS_COUNT,CHLDPAS_DEATH_COUNT,CHLDPAS_SUSP_SERIOUS_INJ_COUNT,COLLISION_TYPE,COMM_VEH_COUNT,CONS_ZONE_SPD_LIM,COUNTY,CRASH_MONTH,CRASH_YEAR,DAY_OF_WEEK,DEC_LAT,DEC_LONG,DISPATCH_TM,DISTRICT,DRIVER_COUNT_16YR,DRIVER_COUNT_17YR,DRIVER_COUNT_18YR,DRIVER_COUNT_19YR,DRIVER_COUNT_20YR,DRIVER_COUNT_50_64YR,DRIVER_COUNT_65_74YR,DRIVER_COUNT_75PLUS,EST_HRS_CLOSED,FATAL_COUNT,HEAVY_TRUCK_COUNT,HORSE_BUGGY_COUNT,HOUR_OF_DAY,ILLUMINATION,INJURY_COUNT,INTERSECT_TYPE,INTERSECTION_RELATED,LANE_CLOSED,LATITUDE,LN_CLOSE_DIR,LOCATION_TYPE,LONGITUDE,MAX_SEVERITY_LEVEL,MCYCLE_DEATH_COUNT,MCYCLE_SUSP_SERIOUS_INJ_COUNT,MOTORCYCLE_COUNT,MUNICIPALITY,NONMOTR_COUNT,NONMOTR_DEATH_COUNT,NONMOTR_SUSP_SERIOUS_INJ_COUNT,NTFY_HIWY_MAINT,PED_COUNT,PED_DEATH_COUNT,PED_SUSP_SERIOUS_INJ_COUNT,PERSON_COUNT,POLICE_AGCY,POSSIBLE_INJ_COUNT,RDWY_SURF_TYPE_CD,RELATION_TO_ROAD,ROAD_CONDITION,ROADWAY_CLEARED,SCH_BUS_IND,SCH_ZONE_IND,SECONDARY_CRASH,SMALL_TRUCK_COUNT,SPEC_JURIS_CD,SUSP_MINOR_INJ_COUNT,SUSP_SERIOUS_INJ_COUNT,SUV_COUNT,TCD_FUNC_CD,TCD_TYPE,TFC_DETOUR_IND,TIME_OF_DAY,TOT_INJ_COUNT,TOTAL_UNITS,UNB_DEATH_COUNT,UNB_SUSP_SERIOUS_INJ_COUNT,UNBELTED_OCC_COUNT,UNK_INJ_DEG_COUNT,UNK_INJ_PER_COUNT,URBAN_AREA,URBAN_RURAL,VAN_COUNT,VEHICLE_COUNT,WEATHER1,WEATHER2,WORK_ZONE_IND,WORK_ZONE_LOC,WORK_ZONE_TYPE,WORKERS_PRES,WZ_CLOSE_DETOUR,WZ_FLAGGER,WZ_LAW_OFFCR_IND,WZ_LN_CLOSURE,WZ_MOVING,WZ_OTHER,WZ_SHLDER_MDN,WZ_WORKERS_INJ_KILLED
2022123214,434.0,1,0,0,0,0,0,0,0,0,7,0,,67,12,2022,5,39.962,-75.1829,419.0,6,0,0,0,0,0,0,0,0,,0,0,0.0,4,3,0,0,N,0,39 57:43.083,,2,75 10:58.442,0,0,0,0,67301,0,0,0,Y,0,0,0,1,68K01,0,,7,1,,N,N,N,0,,0,0,0,0,0,,417,0,1,0,0,1,0,0,3,4,0,1,3,,N,,,,,,,,,,,
2022122920,10.0,2,0,0,0,0,0,0,0,0,2,0,,67,12,2022,6,40.0604,-75.167,5.0,6,0,0,0,0,0,0,0,0,,0,0,0.0,22,3,1,1,,0,40 03:37.564,,0,75 10:01.281,3,0,0,0,67301,0,0,0,N,0,0,0,3,67301,0,,1,1,,N,N,N,0,,1,0,0,3,2,,2200,1,2,0,0,0,0,1,3,4,0,2,3,,N,,,,,,,,,,,
2022092151,1055.0,1,0,0,0,0,0,0,0,0,8,0,,67,10,2022,2,39.9574,-75.1978,1040.0,6,0,0,0,0,0,0,0,0,,0,0,0.0,10,1,1,1,,0,39 57:26.624,,0,75 11:51.973,4,0,0,0,67301,1,0,0,N,1,0,0,2,67301,1,,1,9,,N,N,N,0,,0,0,0,0,0,,1035,1,2,0,0,0,0,0,3,4,0,1,7,4.0,N,,,,,,,,,,,
2022124393,1630.0,0,0,0,0,0,0,1,0,0,5,1,,67,12,2022,2,40.0449,-75.0544,1614.0,6,0,0,0,0,0,0,1,0,,0,0,0.0,16,1,3,0,N,1,40 02:41.549,2.0,0,75 03:15.834,4,0,0,0,67301,0,0,0,N,0,0,0,5,67508,3,,1,1,9999.0,N,N,N,0,,0,0,1,0,0,N,1614,3,2,0,0,0,0,0,3,4,0,2,3,3.0,N,,,,,,,,,,,
2022098068,236.0,3,0,0,0,0,0,0,0,0,4,0,,67,10,2022,7,40.0006,-75.1698,231.0,6,0,0,0,0,0,0,0,0,,0,0,0.0,2,3,1,1,,2,40 00:02.203,7.0,0,75 10:11.143,3,0,0,0,67301,0,0,0,N,0,0,0,3,67301,0,,1,1,325.0,N,N,N,0,,1,0,0,3,3,N,225,1,4,0,0,1,0,1,3,4,1,4,3,,N,,,,,,,,,,,
2022123464,1230.0,0,0,0,0,0,0,0,0,0,99,0,,67,10,2022,6,39.9649,-75.2261,1200.0,6,0,0,0,0,0,0,0,0,,0,0,0.0,9,1,2,1,,0,39 57:53.517,,0,75 13:33.923,3,0,0,0,67301,0,0,0,N,0,0,0,2,67301,0,,1,1,,N,N,N,0,,2,0,1,3,2,,900,2,2,0,0,0,0,0,3,4,1,2,3,3.0,N,,,,,,,,,,,
2022097911,1150.0,1,0,0,0,0,0,0,0,0,4,0,,67,10,2022,7,39.9782,-75.1541,1150.0,6,0,0,0,0,0,0,0,0,,0,0,0.0,11,1,2,1,,0,39 58:41.402,,0,75 09:14.958,8,0,0,0,67301,0,0,0,N,0,0,0,3,67505,0,,1,1,,N,N,N,0,,0,0,1,3,2,,1150,2,2,0,0,1,2,0,3,4,0,2,3,3.0,N,,,,,,,,,,,
2022098899,1646.0,1,0,0,0,0,0,0,0,0,4,0,,67,10,2022,7,39.9749,-75.1621,1644.0,6,0,0,0,0,0,1,0,0,,0,0,0.0,16,1,1,1,,0,39 58:29.670,,0,75 09:43.385,3,0,0,0,67301,0,0,0,N,0,0,0,3,67301,0,,1,1,,N,N,Y,0,,1,0,2,3,2,,1635,1,3,0,0,0,0,1,3,4,0,3,3,3.0,N,,,,,,,,,,,
2022099175,1711.0,2,0,0,0,0,0,0,0,0,1,0,,67,10,2022,2,40.0371,-75.0112,1708.0,6,0,0,0,0,0,0,0,0,,0,0,0.0,17,1,1,2,,0,40 02:13.501,,0,75 00:40.810,4,0,0,0,67301,0,0,0,N,0,0,0,2,67301,1,,1,9,,N,N,N,0,,0,0,0,3,2,,1705,1,2,0,0,1,0,0,3,4,0,2,4,7.0,N,,,,,,,,,,,
2022097877,935.0,1,0,0,0,0,0,0,0,0,1,0,,67,10,2022,5,39.9886,-75.1574,926.0,6,0,0,0,0,0,0,0,0,,0,0,0.0,9,1,1,0,N,0,39 59:18.980,,0,75 09:26.800,3,0,0,0,67301,0,0,0,N,0,0,0,2,67301,0,,6,1,,N,N,N,0,,1,0,0,0,0,,900,1,2,0,0,0,0,0,3,4,1,2,3,3.0,N,,,,,,,,,,,
2022121506,,2,0,0,0,0,0,0,0,0,5,0,,67,10,2022,7,,,,6,0,0,0,0,0,0,0,0,,0,0,0.0,16,1,1,0,N,0,,,2,,8,0,0,0,67301,0,0,0,N,0,0,0,2,00000,0,,1,1,,,,N,0,,0,0,0,0,0,,1600,1,2,0,0,1,1,0,3,3,0,2,3,,N,,,,,,,,,,,
2022090800,426.0,1,0,0,0,0,0,0,0,0,7,0,,67,10,2022,1,40.0158,-75.1411,423.0,6,0,0,0,0,0,0,0,0,,0,0,0.0,4,3,0,1,,0,40 00:56.908,,0,75 08:28.024,0,0,0,0,67301,0,0,0,N,0,0,0,1,67301,0,,4,9,,N,N,N,0,,0,0,0,3,2,,420,0,1,0,0,1,0,0,3,4,0,1,7,,N,,,,,,,,,,,
2022093290,1845.0,0,0,0,0,0,0,0,0,0,8,0,,67,10,2022,2,39.9643,-75.1591,1838.0,6,0,0,0,0,0,0,0,0,,0,0,0.0,17,1,1,0,N,0,39 57:51.378,,0,75 09:32.850,3,0,0,0,67301,1,0,0,N,1,0,0,2,67301,0,,1,9,,N,N,N,0,,1,0,0,0,0,,1730,1,2,0,0,0,0,0,3,4,1,1,7,7.0,N,,,,,,,,,,,
2022118338,,1,0,0,0,0,0,0,0,0,7,0,,67,12,2022,1,39.8776,-75.2135,,6,1,0,0,0,0,0,0,0,,0,0,0.0,20,1,1,0,N,0,39 52:39.193,,0,75 12:48.676,8,0,0,0,67301,0,0,0,N,0,0,0,4,00000,0,,4,1,,,,N,0,,0,0,0,0,0,,2000,1,1,0,0,1,1,0,3,4,0,1,3,,N,,,,,,,,,,,
2022123213,1949.0,3,0,0,0,0,0,0,0,0,1,0,,67,12,2022,3,40.0384,-75.0102,1947.0,6,0,0,0,1,0,0,0,0,,0,0,0.0,19,3,1,0,N,2,40 02:18.329,2.0,0,75 00:36.823,8,0,0,0,67301,0,0,0,N,0,0,0,4,68K01,0,,1,9,820.0,N,N,N,0,,0,0,0,0,0,N,1946,1,3,0,0,0,1,0,3,4,0,3,7,7.0,N,,,,,,,,,,,
2022124984,1245.0,0,0,0,0,0,0,0,0,0,1,0,,67,12,2022,3,40.0191,-75.0458,1242.0,6,0,0,0,0,0,0,0,0,,0,0,0.0,12,1,1,0,N,0,40 01:08.635,,0,75 02:44.967,8,0,0,0,67301,0,0,0,N,0,0,0,2,68K01,0,,1,1,,N,N,N,0,,0,0,2,0,0,,1238,1,2,0,0,0,1,0,3,4,0,2,3,,N,,,,,,,,,,,
2022091781,238.0,2,0,0,0,0,0,0,0,0,7,0,,67,10,2022,1,39.9792,-75.2039,228.0,6,0,0,0,0,1,0,0,0,,0,0,0.0,2,3,3,0,N,1,39 58:45.298,3.0,0,75 12:14.088,3,0,0,0,67301,0,0,0,N,0,0,0,3,68K01,0,,3,9,315.0,N,N,N,0,,2,0,0,0,0,N,227,3,2,0,0,0,1,0,3,4,0,2,7,4.0,N,,,,,,,,,,,
2022090304,156.0,0,0,0,0,0,0,0,0,0,4,0,,67,10,2022,7,40.057,-75.1562,153.0,6,0,0,0,0,0,0,0,0,,0,0,0.0,1,3,0,1,,0,40 03:25.235,,0,75 09:22.197,9,0,0,0,67301,0,0,0,N,0,0,0,2,67301,0,,1,9,,N,N,N,0,,0,0,1,3,3,,145,0,2,0,0,0,0,1,3,4,0,2,7,7.0,N,,,,,,,,,,,
2022123661,20.0,1,0,0,0,0,0,0,0,0,1,0,,67,12,2022,1,39.9476,-75.2324,16.0,6,0,0,0,0,0,0,0,0,,0,0,0.0,0,3,0,0,N,2,39 56:51.529,4.0,0,75 13:56.670,0,0,0,0,67301,0,0,0,N,0,0,0,1,67301,0,,6,2,35.0,N,N,N,0,,0,0,0,0,0,N,15,0,2,0,0,1,0,0,3,4,1,2,3,,N,,,,,,,,,,,
2022124320,804.0,1,0,0,0,0,0,0,0,0,5,1,,67,12,2022,4,39.9361,-75.1671,801.0,6,0,0,0,0,0,0,1,0,,0,1,0.0,7,1,0,0,N,0,39 56:09.881,,0,75 10:01.507,0,0,0,0,67301,0,0,0,N,0,0,0,1,67301,0,,6,1,,N,N,N,0,,0,0,0,0,0,,745,0,2,0,0,0,0,0,3,4,0,2,3,,N,,,,,,,,,,,
2022091374,1143.0,0,0,0,0,0,0,0,0,0,7,0,,67,10,2022,1,39.9958,-75.1542,1136.0,6,0,0,0,0,0,0,0,0,,0,0,0.0,10,1,0,0,N,0,39 59:44.761,,0,75 09:15.168,0,0,0,0,67301,0,0,0,N,0,0,0,1,67301,0,,3,9,,N,N,N,0,,0,0,1,0,0,,1046,0,1,0,0,1,0,0,3,4,0,1,7,,N,,,,,,,,,,,
2022093291,1735.0,0,0,0,0,0,0,0,0,0,4,0,,67,10,2022,3,39.956,-75.1606,1730.0,6,0,0,0,0,0,0,0,0,,0,0,0.0,17,3,1,1,,0,39 57:21.490,,0,75 09:38.204,3,0,0,1,67301,0,0,0,N,0,0,0,2,67301,0,,1,9,,N,N,N,0,,1,0,1,3,2,,1729,1,2,0,0,1,0,0,3,4,0,2,7,,N,,,,,,,,,,,
2022098058,1348.0,0,0,0,0,0,0,0,0,0,4,0,,67,10,2022,6,40.0006,-75.0725,1336.0,6,0,0,0,0,0,1,0,1,,0,0,0.0,13,1,1,1,,0,40 00:02.314,,0,75 04:21.046,3,0,0,0,67301,0,0,0,N,0,0,0,2,67301,0,,1,1,,N,N,N,0,,1,0,1,3,2,,1328,1,2,0,0,2,0,0,3,4,1,2,3,3.0,N,,,,,,,,,,,
2022102959,2155.0,1,0,0,0,0,0,0,0,0,4,0,,67,10,2022,4,39.9172,-75.2463,2155.0,6,0,0,0,0,0,1,0,0,,0,0,0.0,21,3,1,1,,2,39 55:01.859,6.0,0,75 14:46.691,3,0,0,1,67301,0,0,0,N,0,0,0,3,67301,0,,1,1,2309.0,N,N,N,0,,1,0,1,3,2,N,2155,1,4,0,0,0,0,0,3,4,0,4,3,,N,,,,,,,,,,,
2022099697,955.0,0,0,0,0,0,0,0,0,0,8,0,,67,10,2022,3,39.9655,-75.2134,943.0,6,0,0,0,0,0,0,0,0,,0,0,0.0,8,1,1,1,,0,39 57:55.628,,0,75 12:48.211,3,0,0,0,67301,1,0,0,N,1,0,0,2,67301,0,,1,9,,N,N,N,0,,1,0,0,3,3,,840,1,2,0,0,0,0,0,3,4,0,1,3,7.0,N,,,,,,,,,,,
2022101607,1925.0,0,0,0,0,0,0,0,0,0,8,0,,67,10,2022,2,40.0432,-75.0523,1903.0,6,0,0,0,0,0,0,0,0,,0,0,0.0,18,3,1,1,,0,40 02:35.849,,0,75 03:08.046,3,0,0,0,67301,1,0,0,N,1,0,0,2,67301,0,,1,9,,N,N,N,0,,1,0,1,3,2,,1855,1,2,0,0,1,0,0,3,4,0,1,7,7.0,N,,,,,,,,,,,
2022100430,1055.0,1,0,0,0,0,0,0,0,0,8,0,,67,10,2022,5,40.0276,-75.1471,1051.0,6,0,0,0,0,0,0,1,0,,0,0,0.0,8,1,2,1,,0,40 01:39.287,,0,75 08:49.681,3,0,0,0,67301,2,0,0,N,2,0,0,3,67301,1,,1,1,,N,N,N,0,,1,0,0,3,2,,855,2,3,0,0,1,0,1,3,4,0,1,3,,N,,,,,,,,,,,
2022100687,145.0,0,0,0,0,0,0,0,0,0,8,0,,67,10,2022,5,39.961,-75.137,126.0,6,0,0,0,0,0,0,0,0,,0,0,0.0,23,3,1,2,,0,39 57:39.387,,0,75 08:13.286,3,0,0,0,67301,1,0,0,N,1,0,0,2,67301,0,,9,1,,N,N,N,0,,1,0,0,0,0,,2351,1,2,0,0,0,0,0,3,4,0,1,3,,N,,,,,,,,,,,
2022098153,1211.0,1,0,0,0,0,0,0,0,0,4,0,,67,10,2022,7,40.0024,-75.0797,1159.0,6,0,0,0,0,0,0,1,0,,0,0,0.0,11,1,1,3,,0,40 00:08.772,,0,75 04:47.367,3,0,0,0,67301,0,0,0,N,0,0,0,3,67301,0,,1,1,,N,N,N,0,,1,0,1,3,3,,1146,1,2,0,0,0,0,0,3,4,0,2,3,3.0,N,,,,,,,,,,,
2022091848,1211.0,1,0,0,0,0,0,0,0,0,1,0,,67,10,2022,3,40.0743,-74.9846,1200.0,6,0,0,0,0,0,0,0,1,,0,0,0.0,11,1,1,2,,0,40 04:27.573,,0,74 59:04.653,3,0,0,0,67301,0,0,0,N,0,0,0,3,67301,0,,1,9,,N,N,N,0,,1,0,0,3,3,,1157,1,2,0,0,0,0,0,3,4,1,2,7,7.0,N,,,,,,,,,,,
2022122923,2119.0,1,0,0,0,0,0,0,0,0,4,0,,67,12,2022,6,40.0282,-75.0586,2110.0,6,0,0,0,0,0,0,0,0,,0,0,0.0,21,3,0,2,,0,40 01:41.478,,0,75 03:30.821,0,0,0,0,67301,0,0,0,N,0,0,0,2,67301,0,,1,1,,N,N,N,0,,0,0,1,3,3,,2110,0,2,0,0,0,0,0,3,4,0,2,3,,N,,,,,,,,,,,
2022090912,945.0,1,0,0,0,0,0,0,0,0,4,0,,67,10,2022,1,39.9317,-75.1493,940.0,6,0,0,0,0,0,0,0,0,,0,0,0.0,9,1,1,1,,0,39 55:54.270,,0,75 08:57.561,3,0,0,0,67301,0,0,0,N,0,0,0,3,67301,0,,1,9,,N,N,N,0,,1,0,2,3,2,,930,1,3,0,0,0,0,1,3,4,0,3,7,,N,,,,,,,,,,,
2022092608,812.0,0,0,0,0,0,0,0,0,0,8,0,,67,10,2022,2,39.9547,-75.1495,806.0,6,0,0,0,0,0,1,0,0,,0,0,0.0,7,1,1,5,,0,39 57:16.781,,2,75 08:58.276,3,0,0,0,67301,1,0,0,N,1,0,0,2,67301,0,,1,9,,N,N,N,0,,1,0,1,3,2,,710,1,2,0,0,1,0,1,3,4,0,1,7,7.0,N,,,,,,,,,,,
2022095573,1630.0,0,0,0,1,0,0,0,0,0,5,1,,67,10,2022,4,39.9399,-75.1999,1630.0,6,0,0,0,0,0,0,0,0,,0,1,0.0,8,1,1,0,N,0,39 56:23.801,,0,75 11:59.633,8,0,0,0,67301,1,0,0,N,0,0,0,2,67301,0,,1,9,,N,N,N,0,,0,0,0,0,0,,858,1,2,0,0,0,1,1,3,4,0,1,7,7.0,N,,,,,,,,,,,
2022102792,1459.0,1,0,0,0,0,0,0,0,0,7,0,,67,10,2022,1,39.9602,-75.1407,1417.0,6,0,0,0,0,0,0,0,0,,0,0,0.0,14,1,0,0,N,0,39 57:36.609,,3,75 08:26.638,0,0,0,0,67301,0,0,0,N,0,0,0,1,68K01,0,,3,9,,N,N,N,0,,0,0,0,0,0,,1413,0,1,0,0,1,0,0,3,4,0,1,4,7.0,N,,,,,,,,,,,
2022090928,2112.0,2,0,0,0,0,0,0,0,0,4,0,,67,10,2022,7,40.0447,-75.0748,2104.0,6,0,0,0,0,0,2,0,0,,0,0,0.0,21,3,0,1,,1,40 02:40.743,3.0,0,75 04:29.305,0,0,0,0,67301,0,0,0,N,0,0,0,2,67301,0,,1,9,2145.0,N,N,Y,0,,0,0,1,3,3,Y,2104,0,3,0,0,0,0,0,3,4,0,3,7,,N,,,,,,,,,,,
2022118922,1015.0,0,0,0,0,0,0,0,0,0,1,0,,67,10,2022,7,39.9829,-75.0992,954.0,6,0,0,0,0,0,0,1,0,,0,0,0.0,9,1,0,0,N,0,39 58:58.577,,0,75 05:57.185,0,0,0,0,67301,0,0,0,N,0,0,0,4,68K01,0,,1,1,,N,N,N,1,,0,0,3,0,0,,953,0,4,0,0,0,0,0,3,4,0,4,3,3.0,N,,,,,,,,,,,
2022100090,810.0,0,0,0,0,0,0,0,0,0,8,0,,67,10,2022,5,39.9373,-75.1618,752.0,6,0,0,0,0,0,0,0,0,,0,0,0.0,7,1,1,0,N,0,39 56:14.200,,0,75 09:42.500,3,0,0,0,67301,1,0,0,N,1,0,0,2,67301,0,,1,1,,N,N,N,0,,1,0,1,0,0,,738,1,2,0,0,0,0,0,3,4,0,1,3,3.0,N,,,,,,,,,,,
2022100427,150.0,0,0,1,0,0,0,0,0,0,4,0,,67,10,2022,1,40.0007,-75.0977,143.0,6,0,0,0,0,0,0,0,0,,0,0,0.0,1,3,2,1,,0,40 00:02.442,,0,75 05:51.811,2,0,0,0,67301,0,0,0,N,0,0,0,6,67301,0,,1,1,,N,N,N,0,,0,2,3,3,2,,140,2,3,0,0,0,0,2,3,4,0,3,3,,N,,,,,,,,,,,
2022098894,1848.0,2,0,0,0,0,0,0,0,0,1,0,,67,10,2022,2,40.0741,-75.1909,1838.0,6,0,0,0,0,0,0,0,1,,0,0,0.0,18,3,1,1,,1,40 04:26.624,2.0,0,75 11:27.146,3,0,0,0,67301,0,0,0,N,0,0,0,2,67301,0,,1,9,100.0,N,N,N,0,,1,0,0,3,2,Y,1819,1,2,0,0,0,0,0,3,4,0,2,7,7.0,N,,,,,,,,,,,
2022100098,820.0,0,0,0,0,0,0,0,0,0,8,0,,67,10,2022,5,39.9906,-75.129,818.0,6,0,0,0,0,0,0,0,0,,0,0,0.0,7,1,1,2,,0,39 59:26.112,,0,75 07:44.292,3,0,0,0,67301,1,0,0,N,1,0,0,2,67301,0,,1,1,,N,N,N,0,,1,0,1,3,2,,750,1,2,0,0,0,0,0,3,4,0,1,3,,N,,,,,,,,,,,
2022104074,33.0,2,0,0,0,0,0,0,0,0,5,0,,67,10,2022,4,39.9833,-75.208,33.0,6,0,0,0,0,0,0,0,0,,0,0,0.0,0,3,0,0,N,0,39 59:00.052,,0,75 12:28.954,9,0,0,0,67301,0,0,0,N,0,0,0,3,68K01,0,,1,9,,N,N,N,0,,0,0,0,0,0,,32,0,3,0,0,0,0,2,3,4,0,3,3,,N,,,,,,,,,,,
2022090808,1224.0,0,0,0,0,0,0,0,0,0,7,0,,67,10,2022,1,40.0644,-75.1846,1217.0,6,0,0,0,0,0,0,0,0,,0,0,0.0,12,1,1,1,,0,40 03:51.710,,0,75 11:04.624,8,0,0,0,67301,0,0,0,N,0,0,0,1,67301,0,,4,9,,N,N,N,0,,0,0,1,0,0,,1213,1,1,0,0,0,1,0,3,4,0,1,7,4.0,N,,,,,,,,,,,
2022096740,940.0,2,0,0,0,0,0,0,0,0,4,0,,67,10,2022,4,39.9674,-75.2457,935.0,6,0,0,0,0,1,0,0,0,,0,0,0.0,9,1,1,1,,0,39 58:02.410,,0,75 14:45.030,3,0,0,0,67301,0,0,0,N,0,0,0,2,67301,0,,1,9,,N,N,N,1,,1,0,0,3,2,,923,1,4,0,0,1,0,0,3,4,1,4,3,3.0,N,,,,,,,,,,,
2022091834,1113.0,1,0,0,0,0,0,0,0,0,4,0,,67,10,2022,3,39.9716,-75.1265,1113.0,6,0,0,0,0,0,1,0,0,,0,0,0.0,10,1,0,0,N,0,39 58:17.822,,0,75 07:35.452,0,0,0,0,67301,0,0,0,N,0,0,0,2,67301,0,,1,9,,N,N,N,1,,0,0,0,0,0,,1055,0,2,0,0,0,0,0,3,4,0,2,7,,N,,,,,,,,,,,
2022124788,114.0,1,0,0,0,0,0,0,0,0,4,0,,67,12,2022,6,39.9478,-75.1874,111.0,6,0,0,0,0,0,0,0,0,,0,0,0.0,1,3,0,0,N,2,39 56:51.902,3.0,0,75 11:14.712,9,0,0,0,67301,0,0,0,N,0,0,0,3,68K01,0,,1,9,10.0,N,N,N,0,,0,0,0,0,0,Y,111,0,2,0,0,1,0,1,3,4,0,2,7,,N,,,,,,,,,,,
2022092155,202.0,1,0,0,0,0,0,0,0,0,7,0,,67,10,2022,1,39.9554,-75.148,202.0,6,0,0,0,0,0,0,0,0,,0,0,0.0,2,3,0,0,N,0,39 57:19.363,,2,75 08:52.632,0,0,0,0,67301,0,0,0,N,0,0,0,1,67501,0,,4,9,,N,N,N,0,,0,0,0,0,0,,202,0,1,0,0,0,0,0,3,4,0,1,7,,N,,,,,,,,,,,
2022123927,2139.0,0,0,0,0,0,0,0,0,0,4,0,,67,12,2022,1,40.0362,-75.1652,2139.0,6,0,0,0,0,0,1,0,0,,0,0,0.0,21,3,0,0,N,2,40 02:10.170,4.0,0,75 09:54.670,0,0,0,0,67301,0,0,0,N,0,0,0,1,67301,0,,1,1,2230.0,N,N,N,1,,0,0,1,0,0,Y,2134,0,2,0,0,0,0,0,3,4,0,2,3,3.0,N,,,,,,,,,,,
2022091601,910.0,1,0,0,0,0,0,0,0,0,8,0,,67,10,2022,3,40.113,-75.023,905.0,6,0,0,0,0,0,0,0,0,,0,0,0.0,9,1,1,1,,0,40 06:46.657,,0,75 01:22.840,3,0,0,0,67301,1,0,0,N,1,0,0,2,67301,0,,1,9,,N,N,N,0,,1,0,0,3,2,,900,1,2,0,0,0,0,0,3,4,0,1,7,4.0,N,,,,,,,,,,,
2022090682,1812.0,1,0,0,0,0,0,0,0,0,6,0,,67,10,2022,1,39.9585,-75.1935,1808.0,6,0,0,0,0,1,0,0,0,,0,0,0.0,18,4,0,5,,0,39 57:30.808,,0,75 11:37.051,0,0,0,0,67301,0,0,0,N,0,0,0,3,67507,0,,1,9,,N,N,N,0,,0,0,1,3,2,,1800,0,2,0,0,1,0,0,3,4,0,2,7,,N,,,,,,,,,,,
2022124495,137.0,1,0,0,0,0,0,0,0,0,7,0,,67,12,2022,3,40.0257,-75.0415,104.0,6,0,0,0,0,0,0,0,0,,0,0,0.0,1,3,2,0,N,0,40 01:32.380,,0,75 02:29.480,3,0,0,0,67301,0,0,0,N,0,0,0,2,67301,0,,5,1,,N,N,N,0,,2,0,0,0,0,,104,2,1,0,0,0,0,0,3,4,0,1,3,,N,,,,,,,,,,,
2022102008,1840.0,0,0,0,0,0,0,0,0,0,5,0,,67,10,2022,3,39.8976,-75.2119,1825.0,6,0,0,0,0,0,0,0,0,,0,0,0.0,18,3,1,0,N,0,39 53:51.250,,3,75 12:43.007,4,0,0,0,67301,0,0,0,N,0,0,0,2,67301,1,,1,1,,N,N,N,1,,0,0,1,0,0,,1815,1,2,0,0,0,0,0,3,4,0,2,3,3.0,N,,,,,,,,,,,
2022100523,1643.0,0,0,0,0,0,0,0,0,0,5,0,,67,10,2022,5,40.0272,-75.097,1630.0,6,0,0,0,0,0,0,0,0,,0,0,0.0,14,1,0,0,N,0,40 01:37.800,,0,75 05:49.020,0,0,0,0,67301,0,0,0,N,0,0,0,2,67301,0,,1,1,,N,N,N,0,,0,0,1,0,0,,1429,0,2,0,0,2,0,0,3,4,1,2,3,3.0,N,,,,,,,,,,,
2022098727,1950.0,1,0,0,0,0,0,0,0,0,8,0,,67,10,2022,5,39.9438,-75.1584,1950.0,6,0,0,0,0,0,0,0,0,,0,0,0.0,19,3,1,1,,0,39 56:37.743,,0,75 09:30.285,3,0,0,0,67301,1,0,0,N,1,0,0,2,67301,0,,1,1,,N,N,N,0,,1,0,0,3,2,,1930,1,2,0,0,1,0,0,3,4,0,1,3,3.0,N,,,,,,,,,,,
2022099174,106.0,2,0,0,0,0,0,0,0,0,4,0,,67,10,2022,1,40.0566,-75.031,103.0,6,0,0,0,0,1,0,0,0,,0,0,0.0,0,8,0,1,,1,40 03:23.662,1.0,0,75 01:51.591,0,0,0,0,67301,0,0,0,N,0,0,0,2,67301,0,,1,1,130.0,N,N,N,0,,0,0,0,3,2,Y,42,0,2,0,0,0,0,0,3,4,0,2,3,3.0,N,,,,,,,,,,,
2022095497,44.0,1,0,0,0,0,0,0,0,0,4,0,,67,10,2022,4,39.9724,-75.243,44.0,6,0,0,0,0,0,1,0,0,,0,0,0.0,0,3,0,1,,0,39 58:20.564,,0,75 14:34.727,0,0,0,0,67301,0,0,0,N,0,0,0,2,67301,0,,1,9,,N,N,N,0,,0,0,1,3,3,,7,0,2,0,0,0,0,0,3,4,0,2,7,,N,,,,,,,,,,,
2022123648,1405.0,0,0,0,0,0,0,0,0,0,6,0,,67,12,2022,1,40.0846,-75.0249,1357.0,6,0,0,0,0,0,0,0,1,,0,0,0.0,13,1,2,1,,0,40 05:04.541,,0,75 01:29.594,3,0,0,0,67301,0,0,0,N,0,0,0,4,67301,0,,1,1,,N,N,N,0,,2,0,2,3,2,,1345,2,2,0,0,0,0,0,3,4,0,2,3,3.0,N,,,,,,,,,,,
2022090561,959.0,4,0,0,0,0,0,0,0,0,4,0,,67,10,2022,7,40.0251,-75.0827,956.0,6,0,0,0,0,0,1,0,0,,0,0,0.0,9,1,3,1,,1,40 01:30.464,6.0,0,75 04:57.622,3,0,0,0,67301,0,0,0,N,0,0,0,5,67301,0,,1,9,1113.0,N,N,N,0,,3,0,2,3,3,Y,955,3,6,0,0,0,0,0,3,4,0,6,4,4.0,N,,,,,,,,,,,