CRN,ARRIVAL_TM,AUTOMOBILE_COUNT,BELTED_DEATH_COUNT,BELTED_SUSP_SERIOUS_INJ_COUNT,BICYCLE_COUNT,BICYCLE_DEATH_COUNT,BICYCLE_SUSP_SERIOUS_INJ_COUNT,BUS_COUNT,CHLDPAS_DEATH_COUNT,CHLDPAS_SUSP_SERIOUS_INJ_COUNT,COLLISION_TYPE,COMM_VEH_COUNT,CONS_ZONE_SPD_LIM,COUNTY,CRASH_MONTH,CRASH_YEAR,DAY_OF_WEEK,DEC_LAT,DEC_LONG,DISPATCH_TM,DISTRICT,DRIVER_COUNT_16YR,DRIVER_COUNT_17YR,DRIVER_COUNT_18YR,DRIVER_COUNT_19YR,DRIVER_COUNT_20YR,DRIVER_COUNT_50_64YR,DRIVER_COUNT_65_74YR,DRIVER_COUNT_75PLUS,EST_HRS_CLOSED,FATAL_COUNT,HEAVY_TRUCK_COUNT,HORSE_BUGGY_COUNT,HOUR_OF_DAY,ILLUMINATION,INJURY_COUNT,INTERSECT_TYPE,INTERSECTION_RELATED,LANE_CLOSED,LATITUDE,LN_CLOSE_DIR,LOCATION_TYPE,LONGITUDE,MAX_SEVERITY_LEVEL,MCYCLE_DEATH_COUNT,MCYCLE_SUSP_SERIOUS_INJ_COUNT,MOTORCYCLE_COUNT,MUNICIPALITY,NONMOTR_COUNT,NONMOTR_DEATH_COUNT,NONMOTR_SUSP_SERIOUS_INJ_COUNT,NTFY_HIWY_MAINT,PED_COUNT,PED_DEATH_COUNT,PED_SUSP_SERIOUS_INJ_COUNT,PERSON_COUNT,POLICE_AGCY,POSSIBLE_INJ_COUNT,RDWY_SURF_TYPE_CD,RELATION_TO_ROAD,ROAD_CONDITION,ROADWAY_CLEARED,SCH_BUS_IND,SCH_ZONE_IND,SECONDARY_CRASH,SMALL_TRUCK_COUNT,SPEC_JURIS_CD,SUSP_MINOR_INJ_COUNT,SUSP_SERIOUS_INJ_COUNT,SUV_COUNT,TCD_FUNC_CD,TCD_TYPE,TFC_DETOUR_IND,TIME_OF_DAY,TOT_INJ_COUNT,TOTAL_UNITS,UNB_DEATH_COUNT,UNB_SUSP_SERIOUS_INJ_COUNT,UNBELTED_OCC_COUNT,UNK_INJ_DEG_COUNT,UNK_INJ_PER_COUNT,URBAN_AREA,URBAN_RURAL,VAN_COUNT,VEHICLE_COUNT,WEATHER1,WEATHER2,WORK_ZONE_IND,WORK_ZONE_LOC,WORK_ZONE_TYPE,WORKERS_PRES,WZ_CLOSE_DETOUR,WZ_FLAGGER,WZ_LAW_OFFCR_IND,WZ_LN_CLOSURE,WZ_MOVING,WZ_OTHER,WZ_SHLDER_MDN,WZ_WORKERS_INJ_KILLED
2022098064,2333.0,3,0,0,0,0,0,0,0,0,1,0,,67,10,2022,5,40.0209,-75.1486,2330.0,6,0,0,0,0,0,0,0,0,,0,0,0.0,23,3,1,0,N,1,40 01:15.115,1.0,0,75 08:54.974,4,0,0,0,67301,0,0,0,N,0,0,0,5,67301,1,,1,1,1245.0,N,N,N,0,,0,0,0,3,2,N,2325,1,3,0,0,0,0,0,3,4,0,3,3,3.0,N,,,,,,,,,,,
2022097774,1501.0,1,0,0,0,0,0,0,0,0,5,1,,67,10,2022,3,39.9381,-75.1423,1500.0,6,0,0,0,0,0,1,0,0,,0,1,0.0,15,1,1,0,N,0,39 56:17.124,,0,75 08:32.382,8,0,0,0,67301,0,0,0,N,0,0,0,2,67301,0,,1,99,,N,N,N,0,,0,0,0,0,0,,1530,1,2,0,0,0,1,1,3,4,0,2,99,,N,,,,,,,,,,,
2022080565,,1,0,0,0,0,0,0,0,0,5,0,,67,7,2022,6,40.0033,-75.1904,,6,0,0,0,0,0,0,0,0,,0,0,0.0,14,1,1,0,N,0,40 00:12.000,,0,75 11:25.362,8,0,0,0,67301,0,0,0,N,0,0,0,2,00000,0,,1,1,,,,N,0,,0,0,0,0,0,,1430,1,2,0,0,0,1,0,3,4,0,2,3,,N,,,,,,,,,,,
2022101404,2026.0,3,0,0,0,0,0,0,0,0,1,0,,67,10,2022,6,39.9676,-75.1321,2015.0,6,0,0,0,0,0,0,0,0,,0,0,0.0,20,3,1,0,N,0,39 58:03.488,,0,75 07:55.471,3,0,0,0,67301,0,0,0,N,0,0,0,3,68K01,0,,1,1,,N,N,N,0,,1,0,0,0,0,,2013,1,3,0,0,0,0,1,3,4,0,3,3,3.0,N,,,,,,,,,,,
2022082290,2052.0,2,0,0,0,0,0,0,0,0,4,0,,67,9,2022,4,39.9833,-75.1579,2050.0,6,0,0,0,0,0,0,0,0,,0,0,0.0,20,3,0,2,,0,39 59:00.054,,0,75 09:28.392,9,0,0,0,67301,0,0,0,N,0,0,0,2,67505,0,,1,1,,N,N,N,0,,0,0,0,0,0,,2048,0,2,0,0,0,0,1,3,4,0,2,3,3.0,N,,,,,,,,,,,
2022099606,1345.0,1,0,0,0,0,0,0,0,0,7,0,,67,10,2022,7,40.0349,-75.0182,1331.0,6,0,0,0,0,0,0,0,0,,0,0,0.0,13,1,1,0,N,1,40 02:05.759,1.0,0,75 01:05.628,8,0,0,0,67301,0,0,0,N,0,0,0,1,68K01,0,,2,1,1425.0,N,N,N,0,,0,0,0,0,0,N,1328,1,1,0,0,0,1,0,3,4,0,1,3,,N,,,,,,,,,,,
2022098720,100.0,0,0,0,0,0,0,0,0,0,2,0,,67,10,2022,1,39.9015,-75.1743,52.0,6,0,0,0,0,0,0,0,0,,0,0,0.0,0,3,1,0,N,0,39 54:05.314,,0,75 10:27.533,3,0,0,0,67301,0,0,0,N,0,0,0,2,67301,0,,1,1,,N,N,N,0,,1,0,2,3,2,,45,1,2,0,0,0,0,0,3,4,0,2,3,3.0,N,,,,,,,,,,,
2022084262,,1,0,0,0,0,0,0,0,0,5,0,,67,7,2022,1,40.0298,-75.1043,,6,0,0,0,0,0,0,0,0,,0,0,0.0,21,1,2,0,N,0,40 01:46.930,,0,75 06:14.968,8,0,0,0,67301,0,0,0,N,0,0,0,3,00000,0,,1,1,,,,N,0,,0,0,0,0,0,,2150,2,2,0,0,0,2,0,3,4,0,2,3,,N,,,,,,,,,,,
2022099173,1952.0,1,0,0,0,0,0,0,0,0,8,0,,67,10,2022,2,40.0618,-75.0561,1952.0,6,0,0,0,0,0,1,0,0,,0,0,0.0,3,3,1,1,,0,40 03:42.317,,0,75 03:21.839,3,0,0,0,67301,1,0,0,N,1,0,0,2,67301,0,,1,9,,N,N,N,0,,1,0,0,3,2,,300,1,2,0,0,0,0,0,3,4,0,1,7,4.0,N,,,,,,,,,,,
2022098063,1830.0,0,0,1,0,0,0,0,0,0,7,1,,67,10,2022,2,40.0211,-75.1399,1800.0,6,0,0,0,0,0,0,0,0,,0,0,0.0,0,3,1,1,,0,40 01:16.051,,0,75 08:23.731,2,0,0,0,67301,0,0,0,Y,0,0,0,1,67301,0,,3,1,,N,N,N,0,,0,1,0,3,2,,30,1,1,0,0,0,0,0,3,4,1,1,3,,N,,,,,,,,,,,
2022075063,,1,0,0,0,0,0,0,0,0,4,0,,67,5,2022,6,40.019,-75.0934,,6,0,0,0,0,0,1,0,0,,0,0,0.0,22,3,1,1,,0,40 01:08.356,,0,75 05:36.092,8,0,0,0,67301,0,0,0,N,0,0,0,2,00000,0,,1,1,,,,N,0,,0,0,0,3,3,,2235,1,2,0,0,0,1,0,3,4,0,2,3,,N,,,,,,,,,,,
2022102796,1509.0,1,0,0,0,0,0,0,0,0,7,0,,67,10,2022,2,40.0406,-75.0057,1448.0,6,0,0,0,0,0,1,0,0,,0,0,0.0,14,1,0,0,N,0,40 02:26.116,,0,75 00:20.396,0,0,0,0,67301,0,0,0,N,0,0,0,1,68K01,0,,4,9,,N,N,N,0,,0,0,0,0,0,,1445,0,1,0,0,0,0,0,3,4,0,1,7,4.0,N,,,,,,,,,,,
2022096766,1032.0,0,0,0,0,0,0,0,0,0,4,0,,67,9,2022,3,40.0213,-75.1224,1032.0,6,0,0,0,0,0,1,0,0,,0,0,0.0,7,5,1,1,,0,40 01:16.715,,0,75 07:20.686,3,0,0,0,67301,0,0,0,N,0,0,0,2,67301,0,,1,9,,N,N,N,1,,1,0,1,3,3,,743,1,2,0,0,1,0,1,3,4,0,2,7,4.0,N,,,,,,,,,,,
2022098268,1918.0,0,0,0,0,0,0,0,0,0,5,0,,67,10,2022,7,40.006,-75.1767,1918.0,6,0,0,0,0,0,0,0,0,,0,0,0.0,18,3,1,2,,0,40 00:21.607,,0,75 10:36.101,3,0,0,0,67301,0,0,0,N,0,0,0,2,67301,0,,1,1,,N,N,N,0,,1,0,2,3,1,,1816,1,2,0,0,0,0,1,3,4,0,2,3,,N,,,,,,,,,,,
2022099314,804.0,0,0,0,0,0,0,0,0,0,8,0,,67,10,2022,3,40.0361,-75.194,804.0,6,0,0,0,0,0,0,0,1,,0,0,0.0,6,5,1,1,,0,40 02:09.952,,6,75 11:38.274,3,0,0,0,67301,1,0,0,N,1,0,0,2,67301,0,,1,9,,N,N,N,0,,1,0,1,3,1,,648,1,2,0,0,0,0,0,3,4,0,1,7,4.0,N,,,,,,,,,,,
2022099646,806.0,0,0,0,0,0,0,0,0,0,1,0,,67,10,2022,7,39.9581,-75.164,756.0,6,0,0,0,0,0,1,0,0,,0,0,0.0,7,1,0,0,N,0,39 57:29.339,,0,75 09:50.492,0,0,0,0,67301,0,0,0,N,0,0,0,2,68K01,0,,3,1,,N,N,N,0,,0,0,2,0,0,,755,0,2,0,0,0,0,0,3,4,0,2,3,,N,,,,,,,,,,,
2022099875,2140.0,1,0,0,0,0,0,0,0,0,8,0,,67,10,2022,7,40.0329,-75.1068,2137.0,6,0,0,0,0,0,0,0,0,,0,0,0.0,21,3,1,0,N,0,40 01:58.507,,0,75 06:24.340,2,0,0,0,67301,1,0,1,N,1,0,1,2,67301,0,,1,1,,N,N,N,0,,0,1,0,3,2,,2135,1,2,0,0,0,0,1,3,4,0,1,3,3.0,N,,,,,,,,,,,
2022099615,1932.0,2,0,0,0,0,0,0,0,0,1,0,,67,10,2022,1,39.8926,-75.2258,1915.0,6,0,0,0,0,0,0,0,0,,0,0,0.0,19,3,2,0,N,0,39 53:33.222,,0,75 13:32.815,4,0,0,0,67301,0,0,0,N,0,0,0,2,68K01,2,,1,1,,N,N,N,0,,0,0,0,0,0,,1912,2,2,0,0,0,0,0,3,4,0,2,3,,N,,,,,,,,,,,
2022101310,1241.0,1,0,0,0,0,0,0,0,0,1,0,,67,10,2022,7,39.9917,-75.2028,1234.0,6,0,0,1,0,0,0,0,0,,0,0,0.0,12,1,0,0,N,0,39 59:30.247,,0,75 12:10.045,0,0,0,0,67301,0,0,0,N,0,0,0,2,68K01,0,,1,1,,N,N,N,0,,0,0,1,0,0,,1231,0,2,0,0,1,0,0,3,4,0,2,4,,N,,,,,,,,,,,
2022091738,116.0,2,0,0,0,0,0,0,0,0,1,0,,67,9,2022,4,40.0182,-75.0475,102.0,6,0,0,0,0,1,0,0,0,,0,0,0.0,1,3,0,0,N,0,40 01:05.634,,0,75 02:51.146,0,0,0,0,67301,0,0,0,N,0,0,0,2,68K01,0,,1,1,,N,N,N,0,,0,0,0,0,0,,101,0,2,0,0,0,0,0,3,4,0,2,3,,N,,,,,,,,,,,
2022077376,,0,0,0,0,0,0,0,0,0,1,0,,67,7,2022,2,39.9533,-75.1987,,6,0,0,0,0,0,0,0,0,,0,0,0.0,22,3,1,0,Y,0,39 57:11.979,,0,75 11:55.271,8,0,0,0,67301,0,0,0,N,0,0,0,2,00000,0,,1,1,,,,N,0,,0,0,2,3,2,,2200,1,2,0,0,1,1,0,3,4,0,2,3,,N,,,,,,,,,,,
2022101110,1214.0,1,0,0,0,0,0,0,0,0,1,1,,67,9,2022,6,39.9939,-75.1477,1210.0,6,0,0,0,0,0,1,0,0,,0,1,0.0,12,1,1,0,N,0,39 59:38.160,,0,75 08:51.580,3,0,0,0,67301,0,0,0,N,0,0,0,1,67301,0,,6,1,,N,N,N,0,,1,0,0,0,0,,1205,1,2,0,0,1,0,0,3,4,0,2,3,,N,,,,,,,,,,,
2022072951,,0,0,0,0,0,0,0,0,0,4,0,,67,7,2022,6,39.9187,-75.2095,,6,0,0,0,0,0,1,0,0,,0,0,0.0,12,1,1,0,N,0,39 55:07.400,,7,75 12:34.300,8,0,0,0,67301,0,0,0,N,0,0,0,2,00000,0,,1,1,,,,N,0,,0,0,0,0,0,,1230,1,2,0,0,0,1,0,3,4,1,2,3,,N,,,,,,,,,,,
2022099236,1328.0,1,0,0,0,0,0,0,0,0,1,0,,67,9,2022,1,39.9588,-75.17,1320.0,6,0,0,0,0,0,0,0,0,,0,0,0.0,13,1,1,0,N,0,39 57:31.554,,0,75 10:11.867,4,0,0,0,67301,0,0,0,N,0,0,0,5,68K01,1,,1,9,,N,N,N,0,,0,0,1,0,0,,1320,1,2,0,0,0,0,0,3,4,0,2,7,,N,,,,,,,,,,,
2022077722,,2,0,0,0,0,0,0,0,0,4,0,,67,5,2022,3,40.0279,-75.1793,,6,0,0,0,0,0,0,0,0,,0,0,0.0,18,1,1,1,,0,40 01:40.551,,0,75 10:45.361,8,0,0,0,67301,0,0,0,N,0,0,0,2,00000,0,,1,1,,,,N,0,,0,0,0,3,3,,1800,1,2,0,0,1,1,0,3,4,0,2,3,,N,,,,,,,,,,,
2022098725,1228.0,0,0,0,1,0,0,0,0,0,5,0,,67,10,2022,1,40.0271,-75.2276,1223.0,6,0,0,0,0,0,0,0,0,,0,0,0.0,12,1,1,0,N,0,40 01:37.540,,0,75 13:39.450,8,0,0,0,67301,1,0,0,N,0,0,0,2,67301,0,,1,1,,N,N,N,0,,0,0,0,0,0,,1216,1,2,0,0,0,1,1,3,4,0,1,3,3.0,N,,,,,,,,,,,
2022097576,1621.0,1,0,0,0,0,0,0,0,0,1,1,,67,10,2022,5,40.0478,-75.0136,1616.0,6,0,0,0,0,0,1,0,0,,0,1,0.0,16,1,1,0,N,0,40 02:52.119,,0,75 00:49.062,3,0,0,0,67301,0,0,0,N,0,0,0,4,67301,0,,1,1,,N,N,N,1,,1,0,1,0,0,,1609,1,4,0,0,0,0,0,3,4,0,4,3,3.0,N,,,,,,,,,,,
2022098259,2316.0,1,0,0,0,0,0,0,0,0,7,0,,67,10,2022,7,39.9673,-75.1808,2314.0,6,0,0,0,0,0,0,0,0,,0,0,0.0,23,3,1,0,N,2,39 58:02.339,6.0,0,75 10:50.997,3,0,0,0,67301,0,0,0,N,0,0,0,1,67301,0,,4,1,2351.0,N,N,N,0,,1,0,0,0,0,Y,2312,1,1,0,0,0,0,0,3,4,0,1,3,3.0,N,,,,,,,,,,,
2022068683,,0,0,0,0,0,0,0,0,0,1,0,,67,7,2022,3,40.0429,-75.0032,,6,0,0,0,0,0,0,1,0,,0,0,0.0,18,1,1,0,N,0,40 02:34.387,,0,75 00:11.385,8,0,0,0,67301,0,0,0,N,0,0,0,2,00000,0,,1,1,,,,N,1,,0,0,1,0,0,,1800,1,2,0,0,0,1,0,3,4,0,2,3,,N,,,,,,,,,,,
2022097875,1644.0,2,0,0,0,0,0,0,0,0,4,0,,67,10,2022,4,39.954,-75.175,1643.0,6,0,0,0,0,0,0,0,0,,0,0,0.0,16,1,1,0,N,1,39 57:14.550,4.0,0,75 10:30.100,3,0,0,0,67301,0,0,0,N,0,0,0,3,67301,0,,1,1,1730.0,N,N,N,0,,1,0,0,3,2,N,1640,1,2,0,0,0,0,0,3,4,0,2,3,,N,,,,,,,,,,,
2022101109,1057.0,1,0,0,1,0,0,0,0,0,2,0,,67,10,2022,7,39.9982,-75.1876,1057.0,6,0,0,0,0,0,0,0,0,,0,0,0.0,10,1,1,2,,0,39 59:53.503,,0,75 11:15.437,3,0,0,0,67301,1,0,0,N,0,0,0,2,67301,0,,1,1,,N,N,N,0,,1,0,0,3,2,,1055,1,2,0,0,1,0,0,3,4,0,1,3,3.0,N,,,,,,,,,,,
2022083594,757.0,0,0,0,0,0,0,0,0,0,1,0,,67,9,2022,5,40.0858,-75.0381,757.0,6,0,0,0,0,0,0,0,0,,0,0,0.0,7,1,1,0,Y,0,40 05:08.927,,0,75 02:17.153,3,0,0,0,67301,0,0,0,N,0,0,0,2,67301,0,,1,1,,N,N,N,1,,1,0,1,3,2,,756,1,2,0,0,0,0,0,3,4,0,2,3,,N,,,,,,,,,,,
2022083561,1051.0,1,0,0,0,0,0,0,0,0,4,0,,67,9,2022,4,40.0043,-75.128,1051.0,6,0,0,0,0,0,0,0,0,,0,0,0.0,6,1,2,1,,0,40 00:15.530,,0,75 07:40.814,3,0,0,0,67301,0,0,0,N,0,0,0,2,67301,0,,1,1,,N,N,N,0,,2,0,1,3,2,,640,2,2,0,0,1,0,0,3,4,0,2,3,,N,,,,,,,,,,,
2022101523,2215.0,1,0,0,0,0,0,0,0,0,98,0,,67,10,2022,2,39.9828,-75.208,2214.0,6,0,0,0,0,1,0,0,0,,0,0,0.0,22,3,0,0,N,1,39 58:57.960,3.0,0,75 12:28.780,0,0,0,0,67301,0,0,0,N,0,0,0,1,68K01,0,,1,1,2250.0,N,N,N,0,,0,0,0,0,0,N,2208,0,1,0,0,0,0,0,3,4,0,1,3,,N,,,,,,,,,,,
2022094616,1600.0,1,0,0,0,0,0,0,0,0,8,0,,67,10,2022,3,39.9382,-75.1499,1600.0,6,0,0,0,0,0,0,0,0,,0,0,0.0,16,1,1,1,,0,39 56:17.597,,0,75 08:59.778,3,0,0,0,67301,1,0,0,N,1,0,0,2,67301,0,,1,1,,N,N,N,0,,1,0,0,0,0,,1600,1,2,0,0,0,0,0,3,4,0,1,3,3.0,N,,,,,,,,,,,
2022099241,1700.0,0,0,0,0,0,0,0,0,0,1,1,,67,9,2022,6,39.9715,-75.1232,1630.0,6,0,0,0,0,0,0,0,0,,0,1,0.0,16,1,2,0,N,0,39 58:17.305,,0,75 07:23.448,3,0,0,0,67301,0,0,0,N,0,0,0,3,68K01,0,,1,1,,N,N,N,1,,2,0,1,0,0,,1615,2,3,0,0,1,0,0,3,4,0,3,3,,N,,,,,,,,,,,
2022098650,1508.0,1,0,0,0,0,0,0,0,0,1,0,,67,10,2022,2,39.9595,-75.1747,1451.0,6,0,0,0,0,0,0,0,0,,0,0,0.0,14,1,0,0,N,0,39 57:34.138,,0,75 10:28.886,0,0,0,0,67301,0,0,0,N,0,0,0,3,68K01,0,,1,1,,N,N,N,0,,0,0,2,0,0,,1444,0,3,0,0,0,0,0,3,4,0,3,3,,N,,,,,,,,,,,
2022099086,445.0,1,0,0,0,0,0,0,0,0,1,1,,67,10,2022,3,39.9407,-75.1953,437.0,6,0,0,0,0,0,1,0,0,,0,1,0.0,4,3,4,0,N,1,39 56:26.667,3.0,0,75 11:43.130,4,0,0,0,67301,0,0,0,N,0,0,0,4,68K01,1,,1,1,20.0,N,N,N,0,,0,0,0,0,0,N,434,4,2,0,0,0,3,0,3,4,0,2,3,3.0,N,,,,,,,,,,,
2022097780,1330.0,1,0,0,0,0,0,1,0,0,5,1,,67,9,2022,5,39.9929,-75.148,1330.0,6,0,0,0,0,0,0,0,0,,0,0,0.0,8,1,1,0,N,0,39 59:34.600,,0,75 08:52.700,4,0,0,0,67301,1,0,0,N,0,0,0,2,67301,1,,6,1,,Y,N,N,0,,0,0,0,0,0,,830,1,2,0,0,0,0,0,3,4,0,2,3,,N,,,,,,,,,,,
2022098814,643.0,2,0,0,0,0,0,0,0,0,6,0,,67,10,2022,4,39.9536,-75.1986,642.0,6,0,0,0,0,0,1,0,0,,0,0,0.0,6,3,1,1,,0,39 57:12.991,,0,75 11:55.051,3,0,0,0,67301,0,0,0,N,0,0,0,2,67504,0,,1,1,,N,N,N,0,,1,0,0,9,2,,640,1,2,0,0,0,0,0,3,4,0,2,3,,N,,,,,,,,,,,
2022099296,2349.0,2,0,0,0,0,0,0,0,0,5,0,,67,10,2022,2,39.9615,-75.1826,2312.0,6,0,0,0,0,0,0,0,0,,0,0,0.0,23,3,0,0,N,0,39 57:41.455,,0,75 10:57.298,0,0,0,0,67301,0,0,0,N,0,0,0,2,68K01,0,,1,1,,N,N,N,0,,0,0,0,0,0,,2308,0,2,0,0,0,0,0,3,4,0,2,3,3.0,N,,,,,,,,,,,
2022100663,742.0,1,0,0,0,0,0,0,0,0,7,0,,67,10,2022,3,39.9338,-75.1453,742.0,6,0,0,0,0,0,0,0,0,,0,0,0.0,7,5,0,0,N,0,39 56:01.519,,0,75 08:43.148,0,0,0,0,67301,0,0,0,N,0,0,0,1,68K01,0,,2,9,,N,N,N,0,,0,0,0,0,0,,738,0,1,0,0,0,0,0,3,4,0,1,7,7.0,N,,,,,,,,,,,
2022097350,830.0,0,0,0,0,0,0,0,0,0,5,0,,67,9,2022,3,39.8924,-75.2339,800.0,6,0,0,0,0,0,1,0,0,,0,0,0.0,7,1,0,0,N,0,39 53:32.730,,2,75 14:02.008,0,0,0,0,67301,0,0,0,N,0,0,0,2,68K01,0,,1,9,,N,N,N,0,,0,0,2,0,0,,744,0,2,0,0,0,0,0,3,4,0,2,7,,N,,,,,,,,,,,
2022098896,151.0,3,0,0,0,0,0,0,0,0,4,0,,67,10,2022,1,40.0078,-75.0749,149.0,6,0,0,0,0,0,0,0,0,,0,0,0.0,1,3,1,0,N,2,40 00:28.148,5.0,0,75 04:29.817,4,0,0,0,67301,0,0,0,N,0,0,0,3,67301,1,,1,1,410.0,N,N,N,1,,0,0,0,0,0,U,145,1,4,0,0,2,0,0,3,4,0,4,3,3.0,N,,,,,,,,,,,
2022098735,1538.0,0,0,0,0,0,0,0,0,0,8,1,,67,10,2022,3,40.0113,-75.1061,1536.0,6,0,0,0,0,0,0,0,0,,0,1,0.0,15,1,1,1,,0,40 00:40.660,,0,75 06:21.970,3,0,0,0,67301,1,0,0,N,1,0,0,2,67301,0,,1,9,,N,N,N,0,,1,0,0,3,2,,1500,1,2,0,0,0,0,0,3,4,0,1,7,,N,,,,,,,,,,,
2022075102,,1,0,0,0,0,0,0,0,0,1,0,,67,7,2022,3,40.0236,-75.1488,,6,0,0,0,1,0,1,1,0,,0,0,0.0,16,1,1,0,N,0,40 01:24.968,,0,75 08:55.568,8,0,0,0,67301,0,0,0,N,0,0,0,3,00000,0,,1,1,,,,N,0,,0,0,0,0,0,,1600,1,3,0,0,0,1,0,3,4,1,3,3,,N,,,,,,,,,,,
2022099319,35.0,1,0,0,0,0,0,0,0,0,6,1,,67,8,2022,7,39.9963,-75.1258,32.0,6,0,0,0,0,0,0,0,0,,0,1,0.0,0,2,2,0,N,0,39 59:46.540,,0,75 07:32.930,3,0,0,0,67301,0,0,0,N,0,0,0,2,67301,0,,6,1,,N,N,N,1,,2,0,1,0,0,,28,2,4,0,0,0,0,0,3,4,0,4,3,,N,,,,,,,,,,,
2022080573,,1,0,0,0,0,0,0,0,0,1,0,,67,4,2022,3,39.9353,-75.235,,6,0,0,0,0,0,0,0,0,,0,0,0.0,13,1,1,0,N,0,39 56:07.203,,0,75 14:05.931,8,0,0,0,67301,0,0,0,N,0,0,0,2,00000,0,,1,1,,,,N,0,,0,0,0,0,0,,1305,1,2,0,0,0,1,0,3,4,0,2,3,,N,,,,,,,,,,,
2022097872,820.0,1,0,0,0,0,0,0,0,0,2,0,,67,10,2022,4,40.1076,-75.0537,811.0,6,0,0,0,1,0,1,0,0,,0,0,0.0,7,1,1,1,,0,40 06:27.306,,0,75 03:13.453,3,0,0,0,67301,0,0,0,N,0,0,0,2,67301,0,,1,1,,N,N,N,0,,1,0,1,0,0,,710,1,2,0,0,2,0,0,3,4,0,2,3,3.0,N,,,,,,,,,,,
2022101452,1120.0,2,0,0,0,0,0,0,0,0,2,0,,67,8,2022,4,39.9579,-75.2142,1120.0,6,0,0,0,0,0,1,0,0,,0,0,0.0,11,1,0,1,,1,39 57:28.339,1.0,0,75 12:51.029,0,0,0,0,67301,0,0,0,N,0,0,0,2,67301,0,,1,1,1231.0,N,N,N,0,,0,0,0,3,3,Y,1110,0,2,0,0,0,0,0,3,4,0,2,3,3.0,N,,,,,,,,,,,
2022083616,1402.0,2,0,0,0,0,0,0,0,0,5,0,,67,9,2022,3,40.0244,-75.0343,1402.0,6,0,0,0,0,0,2,0,0,,0,0,0.0,14,1,1,0,N,0,40 01:27.956,,0,75 02:03.659,3,0,0,0,67301,0,0,0,N,0,0,0,3,67301,0,,1,1,,N,N,N,0,,1,0,0,0,0,,1402,1,2,0,0,1,0,0,3,4,0,2,3,3.0,N,,,,,,,,,,,
2022080576,,1,0,0,0,0,0,0,0,0,7,0,,67,8,2022,6,39.9291,-75.2434,,6,0,0,0,0,0,0,0,0,,0,0,0.0,20,1,0,0,N,0,39 55:44.793,,0,75 14:36.263,0,0,0,0,67301,0,0,0,N,0,0,0,1,00000,0,,4,1,,,,N,0,,0,0,0,0,0,,2030,0,1,0,0,0,0,0,3,4,0,1,3,,N,,,,,,,,,,,
2022099876,800.0,0,0,0,0,0,0,0,0,0,4,0,,67,10,2022,4,40.0299,-75.2064,753.0,6,0,0,0,0,0,0,0,0,,0,0,0.0,7,1,0,2,,0,40 01:47.480,,0,75 12:23.517,0,0,0,0,67301,0,0,0,N,0,0,0,2,67301,0,,1,9,,N,N,N,0,,0,0,2,3,3,,730,0,2,0,0,0,0,0,3,4,0,2,5,,N,,,,,,,,,,,
2022066417,,2,0,0,0,0,0,0,0,0,5,0,,67,7,2022,3,39.9451,-75.2417,,6,0,0,0,0,0,0,0,0,,0,0,0.0,8,1,0,0,N,0,39 56:42.500,,0,75 14:30.100,0,0,0,0,67301,0,0,0,N,0,0,0,2,00000,0,,1,1,,,,N,0,,0,0,0,0,0,,832,0,2,0,0,0,0,0,3,4,0,2,3,,N,,,,,,,,,,,
2022084245,,1,0,0,0,0,0,0,0,0,5,0,,67,8,2022,3,39.9587,-75.1695,,6,0,0,0,0,0,1,0,0,,0,0,0.0,12,1,1,0,N,0,39 57:31.360,,0,75 10:10.310,8,0,0,0,67301,0,0,0,N,0,0,0,2,00000,0,,1,1,,,,N,0,,0,0,0,0,0,,1227,1,2,0,0,0,1,0,3,4,0,2,3,,N,,,,,,,,,,,
2022086938,,1,0,0,0,0,0,0,0,0,1,0,,67,8,2022,1,39.9751,-75.195,,6,0,0,0,0,0,0,0,0,,0,0,0.0,17,1,1,1,,0,39 58:30.316,,0,75 11:41.875,8,0,0,0,67301,0,0,0,N,0,0,0,3,00000,0,,1,1,,,,N,0,,0,0,1,3,2,,1730,1,3,0,0,0,1,0,3,4,0,3,3,,N,,,,,,,,,,,
2022099890,1730.0,0,0,0,0,0,0,0,0,0,8,0,,67,10,2022,3,40.017,-75.1504,1712.0,6,0,0,0,0,0,0,0,0,,0,0,0.0,16,1,1,1,,0,40 01:01.347,,0,75 09:01.508,3,0,0,0,67301,1,0,0,N,1,0,0,1,67301,0,,1,9,,N,N,N,0,,1,0,0,3,2,,1603,1,2,0,0,0,0,0,3,4,0,1,7,7.0,N,,,,,,,,,,,
2022099884,1500.0,0,0,0,0,0,0,0,0,0,2,0,,67,10,2022,1,39.9712,-75.1629,1500.0,6,0,0,0,0,1,0,0,0,,0,0,0.0,2,3,1,2,,0,39 58:16.355,,0,75 09:46.267,3,0,0,0,67301,0,0,0,N,0,0,0,2,67301,0,,1,1,,N,N,N,1,,1,0,1,3,3,,200,1,2,0,0,0,0,0,3,4,0,2,3,3.0,N,,,,,,,,,,,
2022101313,1243.0,2,0,0,0,0,0,0,0,0,1,0,,67,10,2022,1,39.9459,-75.1425,1227.0,6,0,0,0,0,0,0,0,0,,0,0,0.0,12,1,1,0,N,0,39 56:45.114,,0,75 08:33.132,3,0,0,0,67301,0,0,0,N,0,0,0,4,68K01,0,,1,9,,N,N,N,0,,1,0,0,0,0,,1221,1,2,0,0,0,0,0,3,4,0,2,7,,N,,,,,,,,,,,