CRN,ARRIVAL_TM,AUTOMOBILE_COUNT,BELTED_DEATH_COUNT,BELTED_SUSP_SERIOUS_INJ_COUNT,BICYCLE_COUNT,BICYCLE_DEATH_COUNT,BICYCLE_SUSP_SERIOUS_INJ_COUNT,BUS_COUNT,CHLDPAS_DEATH_COUNT,CHLDPAS_SUSP_SERIOUS_INJ_COUNT,COLLISION_TYPE,COMM_VEH_COUNT,CONS_ZONE_SPD_LIM,COUNTY,CRASH_MONTH,CRASH_YEAR,DAY_OF_WEEK,DEC_LAT,DEC_LONG,DISPATCH_TM,DISTRICT,DRIVER_COUNT_16YR,DRIVER_COUNT_17YR,DRIVER_COUNT_18YR,DRIVER_COUNT_19YR,DRIVER_COUNT_20YR,DRIVER_COUNT_50_64YR,DRIVER_COUNT_65_74YR,DRIVER_COUNT_75PLUS,EST_HRS_CLOSED,FATAL_COUNT,HEAVY_TRUCK_COUNT,HORSE_BUGGY_COUNT,HOUR_OF_DAY,ILLUMINATION,INJURY_COUNT,INTERSECT_TYPE,INTERSECTION_RELATED,LANE_CLOSED,LATITUDE,LN_CLOSE_DIR,LOCATION_TYPE,LONGITUDE,MAX_SEVERITY_LEVEL,MCYCLE_DEATH_COUNT,MCYCLE_SUSP_SERIOUS_INJ_COUNT,MOTORCYCLE_COUNT,MUNICIPALITY,NONMOTR_COUNT,NONMOTR_DEATH_COUNT,NONMOTR_SUSP_SERIOUS_INJ_COUNT,NTFY_HIWY_MAINT,PED_COUNT,PED_DEATH_COUNT,PED_SUSP_SERIOUS_INJ_COUNT,PERSON_COUNT,POLICE_AGCY,POSSIBLE_INJ_COUNT,RDWY_SURF_TYPE_CD,RELATION_TO_ROAD,ROAD_CONDITION,ROADWAY_CLEARED,SCH_BUS_IND,SCH_ZONE_IND,SECONDARY_CRASH,SMALL_TRUCK_COUNT,SPEC_JURIS_CD,SUSP_MINOR_INJ_COUNT,SUSP_SERIOUS_INJ_COUNT,SUV_COUNT,TCD_FUNC_CD,TCD_TYPE,TFC_DETOUR_IND,TIME_OF_DAY,TOT_INJ_COUNT,TOTAL_UNITS,UNB_DEATH_COUNT,UNB_SUSP_SERIOUS_INJ_COUNT,UNBELTED_OCC_COUNT,UNK_INJ_DEG_COUNT,UNK_INJ_PER_COUNT,URBAN_AREA,URBAN_RURAL,VAN_COUNT,VEHICLE_COUNT,WEATHER1,WEATHER2,WORK_ZONE_IND,WORK_ZONE_LOC,WORK_ZONE_TYPE,WORKERS_PRES,WZ_CLOSE_DETOUR,WZ_FLAGGER,WZ_LAW_OFFCR_IND,WZ_LN_CLOSURE,WZ_MOVING,WZ_OTHER,WZ_SHLDER_MDN,WZ_WORKERS_INJ_KILLED
2022102347,1940.0,2,0,0,0,0,0,0,0,0,1,0,,67,11,2022,3,39.9269,-75.1951,1931.0,6,0,0,0,0,0,0,1,0,,0,0,0.0,19,3,1,0,N,2,39 55:36.734,3.0,0,75 11:42.192,4,0,0,0,67301,0,0,0,N,0,0,0,3,68K01,1,,3,1,1950.0,N,N,N,0,,0,0,0,0,0,N,1931,1,3,0,0,0,0,1,3,4,0,3,3,,N,,,,,,,,,,,
2022100954,1232.0,0,0,0,0,0,0,0,0,0,8,0,,67,10,2022,7,39.926,-75.2337,1232.0,6,0,0,0,0,0,0,0,0,,0,0,0.0,12,1,1,2,,0,39 55:33.708,,0,75 14:01.255,3,0,0,0,67301,1,0,0,N,1,0,0,1,67301,0,,1,1,,N,N,N,0,,1,0,0,3,3,,1216,1,2,0,0,0,0,0,3,4,0,1,3,3.0,N,,,,,,,,,,,
2022071237,,2,0,0,0,0,0,0,0,0,4,0,,67,7,2022,6,,,,6,0,0,0,0,0,0,0,0,,0,0,0.0,17,1,2,0,N,0,,,7,,8,0,0,0,67301,0,0,0,N,0,0,0,3,00000,0,,1,1,,,,N,0,,0,0,0,0,0,,1755,2,2,0,0,1,2,0,3,3,0,2,3,,N,,,,,,,,,,,
2022098732,334.0,2,0,0,0,0,0,0,0,0,5,0,,67,10,2022,2,39.9176,-75.2128,330.0,6,0,0,0,0,0,0,0,0,,0,0,0.0,3,3,0,0,N,1,39 55:03.258,6.0,0,75 12:46.012,0,0,0,0,67301,0,0,0,N,0,0,0,1,67301,0,,3,9,100.0,N,N,N,0,,0,0,0,0,0,N,330,0,2,0,0,0,0,0,3,4,0,2,7,4.0,N,,,,,,,,,,,
2022100205,1210.0,1,0,0,0,0,0,0,0,0,4,1,,67,8,2022,5,39.9905,-75.1687,1200.0,6,0,0,0,0,0,0,0,0,,0,1,0.0,11,1,1,1,,0,39 59:25.969,,0,75 10:07.229,4,0,0,0,67301,0,0,0,N,0,0,0,2,67301,1,,1,1,,N,N,N,0,,0,0,0,3,2,,1135,1,2,0,0,1,0,0,3,4,0,2,3,3.0,N,,,,,,,,,,,
2022098242,1300.0,0,0,0,0,0,0,0,0,0,1,0,,67,10,2022,7,40.0103,-75.2071,1253.0,6,0,0,0,0,0,0,0,0,,0,0,0.0,12,1,1,6,,2,40 00:37.227,4.0,2,75 12:25.505,4,0,0,0,67301,0,0,0,N,0,0,0,5,68K01,1,,1,1,1310.0,N,N,N,1,,0,0,1,3,3,N,1248,1,2,0,0,0,0,0,3,4,0,2,3,3.0,N,,,,,,,,,,,
2022097781,1652.0,0,0,0,0,0,0,1,0,0,1,1,,67,9,2022,5,39.984,-75.1751,1651.0,6,0,0,0,0,0,0,0,0,,0,0,0.0,16,1,1,1,,0,39 59:02.546,,0,75 10:30.184,3,0,0,0,67301,0,0,0,N,0,0,0,6,67301,0,,1,1,,Y,N,N,1,,1,0,0,3,2,,1650,1,2,0,0,0,0,0,3,4,0,2,3,3.0,N,,,,,,,,,,,
2022083617,303.0,2,0,0,0,0,0,0,0,0,5,0,,67,9,2022,4,40.0253,-75.059,247.0,6,0,0,0,0,0,0,0,0,,0,0,0.0,2,3,1,0,N,0,40 01:31.080,,0,75 03:32.520,3,0,0,0,67301,0,0,0,N,0,0,0,1,67301,0,,6,9,,N,N,N,0,,1,0,1,0,0,,246,1,4,0,0,0,0,0,3,4,1,4,7,,N,,,,,,,,,,,
2022083600,1434.0,2,0,0,0,0,0,0,0,0,4,0,,67,9,2022,4,40.0764,-75.0326,1427.0,6,0,0,0,0,0,0,1,1,,0,0,0.0,14,1,2,1,,0,40 04:35.200,,0,75 01:57.222,3,0,0,0,67301,0,0,0,N,0,0,0,4,67301,0,,1,1,,N,N,N,1,,2,0,0,3,2,,1426,2,3,0,0,0,0,0,3,4,0,3,3,3.0,N,,,,,,,,,,,
2022101086,406.0,1,0,0,0,0,0,0,0,0,7,0,,67,10,2022,1,39.9636,-75.1389,406.0,6,0,0,0,0,0,0,0,0,,0,0,0.0,4,3,1,0,N,1,39 57:49.021,2.0,2,75 08:20.101,3,0,0,0,67301,0,0,0,N,0,0,0,2,68K01,0,,4,1,435.0,N,N,N,0,,1,0,0,0,0,N,405,1,1,0,0,0,0,0,3,4,0,1,3,,N,,,,,,,,,,,
2022099795,813.0,1,0,0,0,0,0,0,0,0,5,1,,67,10,2022,4,39.9839,-75.0971,758.0,6,0,0,0,0,0,1,0,0,,0,1,0.0,7,1,1,0,N,0,39 59:01.975,,0,75 05:49.693,3,0,0,0,67301,0,0,0,N,0,0,0,2,68K01,0,,1,1,,N,N,N,0,,1,0,0,0,0,,756,1,2,0,0,0,0,0,3,4,0,2,3,,N,,,,,,,,,,,
2022099165,729.0,1,0,0,0,0,0,0,0,0,1,0,,67,10,2022,3,40.0006,-75.1951,719.0,6,0,0,0,0,1,0,0,0,,0,0,0.0,7,1,0,0,N,0,40 00:02.111,,0,75 11:42.315,0,0,0,0,67301,0,0,0,N,0,0,0,2,68K01,0,,1,9,,N,N,N,0,,0,0,1,0,0,,718,0,2,0,0,0,0,0,3,4,0,2,7,4.0,N,,,,,,,,,,,
2022099177,1539.0,0,0,0,0,0,0,0,0,0,8,0,,67,9,2022,4,40.0391,-75.0343,1536.0,6,0,0,0,0,0,0,0,0,,1,0,0.0,14,1,0,2,,2,40 02:21.020,1.0,0,75 02:03.748,1,0,0,0,67301,1,1,0,N,1,1,0,2,67301,0,2.0,1,1,1800.0,N,N,N,0,0.0,0,0,1,3,3,Y,1437,0,2,0,0,0,0,0,3,4,0,1,3,3.0,N,,,,,,,,,,,
2022098376,1325.0,2,0,0,0,0,0,0,0,0,4,0,,67,8,2022,4,39.9277,-75.23,1320.0,6,0,0,0,0,0,0,0,0,,0,0,0.0,13,1,3,0,N,0,39 55:39.700,,7,75 13:48.100,3,0,0,0,67301,0,0,0,N,0,0,0,4,67301,0,,1,1,,N,N,N,0,,3,0,0,0,0,,1315,3,2,0,0,0,0,0,3,4,0,2,3,,N,,,,,,,,,,,
2022098818,805.0,0,0,0,0,0,0,1,0,0,4,2,,67,10,2022,4,39.9689,-75.1344,800.0,6,0,0,0,0,0,1,0,0,,0,1,0.0,8,1,2,1,,0,39 58:08.006,,0,75 08:03.925,4,0,0,0,67301,0,0,0,N,0,0,0,2,67508,2,,1,1,,N,N,N,0,,0,0,0,3,7,,800,2,2,0,0,0,0,0,3,4,0,2,3,3.0,N,,,,,,,,,,,
2022077365,,0,0,0,0,0,0,0,0,0,1,0,,67,6,2022,2,,,,6,0,0,0,0,0,0,0,0,,0,0,0.0,16,1,1,0,N,0,,,0,,8,0,0,0,67301,0,0,0,N,0,0,0,6,00000,0,,1,1,,,,N,0,,0,0,1,0,0,,1630,1,3,0,0,0,1,0,3,3,1,3,3,,N,,,,,,,,,,,
2022098648,1942.0,1,0,0,0,0,0,0,0,0,1,0,,67,10,2022,1,39.9255,-75.1938,1942.0,6,0,0,0,0,0,0,0,0,,0,0,0.0,19,3,0,0,N,0,39 55:31.675,,0,75 11:37.649,0,0,0,0,67301,0,0,0,N,0,0,0,3,68K01,0,,1,1,,N,N,N,0,,0,0,2,0,0,,1941,0,3,0,0,0,0,0,3,4,0,3,3,3.0,N,,,,,,,,,,,
2022099524,1103.0,0,0,0,1,0,1,0,0,0,4,0,,67,9,2022,6,39.9477,-75.1986,1102.0,6,0,0,0,0,0,0,0,0,,0,0,0.0,10,1,1,2,,0,39 56:51.748,,0,75 11:55.037,2,0,0,0,67301,1,0,1,N,0,0,0,2,67504,0,,1,1,,N,N,N,0,,0,1,1,3,2,,1050,1,2,0,0,0,0,0,3,4,0,1,3,,N,,,,,,,,,,,
2022098724,1554.0,1,0,0,0,0,0,0,0,0,4,0,,67,10,2022,5,40.0348,-75.2348,1544.0,6,0,0,0,0,0,0,0,0,,0,0,0.0,15,1,1,0,N,0,40 02:05.200,,0,75 14:05.280,3,0,0,0,67301,0,0,0,N,0,0,0,3,67301,0,,1,1,,N,N,N,0,,1,0,1,0,0,,1510,1,2,0,0,0,0,0,3,4,0,2,3,,N,,,,,,,,,,,
2022099304,705.0,1,0,0,0,0,0,0,0,0,5,0,,67,10,2022,4,39.9562,-75.1941,700.0,6,0,0,0,0,0,0,1,0,,0,0,0.0,7,5,0,1,,0,39 57:22.450,,0,75 11:38.949,0,0,0,0,67301,0,0,0,N,0,0,0,2,67507,0,,1,1,,N,N,N,0,,0,0,1,3,2,,700,0,2,0,0,0,0,0,3,4,0,2,3,,N,,,,,,,,,,,
2022099324,206.0,1,0,0,0,0,0,0,0,0,7,0,,67,10,2022,7,40.0181,-75.1689,206.0,6,0,0,0,0,0,0,0,0,,1,0,0.0,2,3,0,0,N,1,40 01:05.204,1.0,2,75 10:08.077,1,0,0,0,67301,0,0,0,N,0,0,0,1,67301,0,2.0,4,1,520.0,N,N,N,0,0.0,0,0,0,0,0,Y,200,0,1,0,0,0,0,0,3,4,0,1,3,,N,,,,,,,,,,,
2022099240,1648.0,2,0,0,0,0,0,0,0,0,1,0,,67,9,2022,5,39.9918,-75.2024,1634.0,6,0,0,0,0,0,0,0,0,,0,0,0.0,16,1,0,0,N,0,39 59:30.391,,0,75 12:08.522,0,0,0,0,67301,0,0,0,N,0,0,0,2,68K01,0,,1,1,,N,N,N,0,,0,0,0,0,0,,1617,0,2,0,0,0,0,0,3,4,0,2,3,,N,,,,,,,,,,,
2022098361,155.0,1,0,0,0,0,0,0,0,0,1,0,,67,10,2022,1,40.0078,-75.2019,152.0,6,0,0,0,0,0,0,0,0,,0,0,0.0,1,3,0,0,N,1,40 00:28.080,3.0,0,75 12:06.975,0,0,0,0,67301,0,0,0,N,0,0,0,9,68K01,0,,1,1,157.0,N,N,N,0,,0,0,1,0,0,N,151,0,2,0,0,1,0,0,3,4,0,2,3,3.0,N,,,,,,,,,,,
2022084254,,0,0,0,0,0,0,0,0,0,4,0,,67,7,2022,6,40.0462,-75.0521,,6,0,0,0,0,0,0,0,1,,0,0,0.0,15,1,1,2,,0,40 02:46.346,,0,75 03:07.450,8,0,0,0,67301,0,0,0,N,0,0,0,2,00000,0,,1,1,,,,N,0,,0,0,1,3,3,,1540,1,2,0,0,0,1,0,3,4,0,2,3,,N,,,,,,,,,,,
2022100093,1242.0,2,0,0,0,0,0,0,0,0,4,0,,67,10,2022,4,40.026,-75.0418,1237.0,6,0,0,0,0,1,0,0,0,,0,0,0.0,12,1,0,1,,0,40 01:33.506,,0,75 02:30.353,0,0,0,0,67301,0,0,0,N,0,0,0,2,67301,0,,1,1,,N,N,N,0,,0,0,0,3,3,,1221,0,2,0,0,0,0,0,3,4,0,2,4,,N,,,,,,,,,,,
2022101031,2239.0,1,0,0,0,0,0,0,0,0,7,0,,67,10,2022,2,39.9831,-75.2081,2238.0,6,0,0,0,0,0,0,0,0,,0,0,0.0,22,3,0,0,N,1,39 58:59.139,3.0,0,75 12:29.242,0,0,0,0,67301,0,0,0,N,0,0,0,1,68K01,0,,1,1,2300.0,N,N,N,0,,0,0,0,0,0,N,2224,0,1,0,0,0,0,0,3,4,0,1,3,,N,,,,,,,,,,,
2022083556,1328.0,0,0,0,0,0,0,0,0,0,1,0,,67,9,2022,4,40.0286,-75.0339,1328.0,6,0,0,0,0,0,0,0,0,,0,0,0.0,13,1,1,1,,0,40 01:42.885,,0,75 02:02.202,4,0,0,0,67301,0,0,0,N,0,0,0,3,67301,1,,1,1,,N,N,N,1,,0,0,0,3,2,,1328,1,3,0,0,1,0,0,3,4,2,3,4,,N,,,,,,,,,,,
2022083566,928.0,1,0,0,0,0,0,0,0,0,4,0,,67,9,2022,4,40.0184,-75.1861,928.0,6,0,0,0,0,0,0,0,0,,0,0,0.0,9,1,1,1,,0,40 01:06.321,,0,75 11:10.226,3,0,0,0,67301,0,0,0,N,0,0,0,2,67301,0,,1,9,,N,N,Y,0,,1,0,1,3,3,,927,1,2,0,0,2,0,0,3,4,0,2,3,,N,,,,,,,,,,,
2022102330,1637.0,0,0,0,0,0,0,0,0,0,5,0,,67,10,2022,7,40.0082,-75.2024,1636.0,6,0,0,0,0,0,1,1,0,,0,0,0.0,16,1,0,0,N,0,40 00:29.660,,0,75 12:08.540,0,0,0,0,67301,0,0,0,N,0,0,0,3,68K01,0,,1,1,,N,N,N,1,,0,0,1,0,0,,1633,0,2,0,0,0,0,0,3,4,0,2,3,3.0,N,,,,,,,,,,,
2022102143,1059.0,0,0,0,0,0,0,0,0,0,7,0,,67,9,2022,6,39.9835,-75.0976,1059.0,6,0,0,1,0,0,0,0,0,,0,0,0.0,10,1,1,0,N,1,39 59:00.484,1.0,3,75 05:51.463,3,0,0,0,67301,0,0,0,N,0,0,0,1,68K01,0,,2,1,1115.0,N,N,N,0,,1,0,0,0,0,N,1034,1,1,0,0,0,0,0,3,4,1,1,3,,N,,,,,,,,,,,
2022081369,242.0,2,0,0,0,0,0,0,0,0,5,0,,67,9,2022,2,39.9288,-75.1555,238.0,6,0,0,0,0,0,0,0,0,,0,0,0.0,1,2,0,0,N,2,39 55:43.670,4.0,0,75 09:19.720,0,0,0,0,67301,0,0,0,N,0,0,0,1,67301,0,,6,1,220.0,N,N,N,0,,0,0,1,0,0,Y,159,0,3,0,0,0,0,0,3,4,0,3,3,3.0,N,,,,,,,,,,,
2022083577,1640.0,0,0,0,0,0,0,0,0,0,8,0,,67,9,2022,6,39.9289,-75.1822,1635.0,6,0,0,0,0,0,0,0,0,,0,0,0.0,15,1,1,0,N,0,39 55:44.190,,0,75 10:55.900,2,0,0,1,67301,1,0,1,N,1,0,1,2,67301,0,,4,1,,N,N,N,0,,0,1,0,0,0,,1530,1,2,0,0,0,0,1,3,4,0,1,3,3.0,N,,,,,,,,,,,
2022075285,1541.0,2,0,0,0,0,0,0,0,0,1,0,,67,8,2022,2,39.959,-75.1704,1541.0,6,0,0,0,1,0,0,0,0,,0,0,0.0,15,1,1,0,N,1,39 57:32.225,4.0,0,75 10:13.456,4,0,0,0,67301,0,0,0,N,0,0,0,6,68K01,1,,1,1,1542.0,N,N,N,0,,0,0,1,0,0,N,1541,1,4,0,0,2,0,1,3,4,0,4,3,3.0,N,,,,,,,,,,,
2022074121,1223.0,2,0,0,0,0,0,0,0,0,1,0,,67,8,2022,5,39.958,-75.163,1215.0,6,0,0,0,0,0,1,0,0,,0,0,0.0,12,1,1,0,N,1,39 57:28.851,4.0,0,75 09:46.627,3,0,0,0,67301,0,0,0,N,0,0,0,5,68K01,0,,1,1,1400.0,N,N,N,1,,1,0,0,0,0,N,1214,1,3,0,0,0,0,0,3,4,0,3,3,3.0,N,,,,,,,,,,,
2022074554,2235.0,0,0,0,0,0,0,0,0,0,1,0,,67,8,2022,4,40.0014,-75.195,2229.0,6,0,0,0,0,0,2,0,0,,0,0,0.0,22,3,1,0,N,0,40 00:04.875,,0,75 11:41.890,8,0,0,0,67301,0,0,0,N,0,0,0,2,68K01,0,,1,1,,N,N,N,0,,0,0,1,0,0,,2216,1,2,0,0,0,1,0,3,4,1,2,3,,N,,,,,,,,,,,
2022074611,329.0,2,0,0,0,0,0,1,0,0,1,1,,67,7,2022,1,39.9456,-75.1901,322.0,6,0,0,0,0,0,1,0,0,,0,0,0.0,3,3,4,0,N,0,39 56:44.052,,0,75 11:24.385,3,0,0,0,67301,0,0,0,N,0,0,0,6,68K01,0,,1,1,,N,N,N,0,,4,0,0,0,0,,318,4,3,0,0,0,0,0,3,4,0,3,3,3.0,N,,,,,,,,,,,
2022063788,1512.0,1,0,0,0,0,0,0,0,0,8,0,,67,7,2022,1,39.9758,-75.1584,1508.0,6,0,0,0,0,0,0,0,0,,0,0,0.0,15,1,1,1,,0,39 58:33.126,,0,75 09:30.804,3,0,0,0,67301,1,0,0,N,1,0,0,2,67301,0,,1,1,,N,N,N,0,,1,0,0,3,2,,1508,1,2,0,0,0,0,1,3,4,0,1,3,3.0,N,,,,,,,,,,,
2022064089,1723.0,2,0,0,0,0,0,0,0,0,5,0,,67,7,2022,1,39.9242,-75.1491,1722.0,6,0,0,0,0,0,0,0,0,,0,0,0.0,17,1,0,0,N,2,39 55:27.060,3.0,0,75 08:56.790,0,0,0,0,67301,0,0,0,N,0,0,0,1,67301,0,,6,1,1820.0,N,N,N,0,,0,0,1,0,0,Y,1700,0,3,0,0,0,0,0,3,4,0,3,3,,N,,,,,,,,,,,
2022075974,1843.0,0,0,0,0,0,0,0,0,0,1,0,,67,8,2022,2,39.9,-75.16,1843.0,6,0,0,0,0,0,1,0,0,,0,0,0.0,18,1,1,0,N,0,39 53:59.868,,0,75 09:35.883,3,0,0,0,67301,0,0,0,N,0,0,0,3,68K01,0,,1,1,,N,N,N,0,,1,0,2,0,0,,1835,1,3,0,0,0,0,1,3,4,0,3,3,,N,,,,,,,,,,,
2022068582,1215.0,1,0,0,0,0,0,0,0,0,4,0,,67,7,2022,1,40.0405,-75.0474,1212.0,6,0,0,0,0,0,0,0,0,,0,0,0.0,12,1,0,1,,0,40 02:25.802,,0,75 02:50.481,0,0,0,0,67301,0,0,0,N,0,0,0,3,67301,0,,1,1,,N,N,N,0,,0,0,1,3,2,,1209,0,2,0,0,0,0,0,3,4,0,2,3,3.0,N,,,,,,,,,,,
2022075336,703.0,1,0,0,0,0,0,0,0,0,1,0,,67,7,2022,1,39.9541,-75.1814,655.0,6,0,0,0,1,0,1,0,0,,0,0,0.0,6,3,2,0,N,2,39 57:14.908,3.0,0,75 10:53.014,3,0,0,0,67301,0,0,0,N,0,0,0,2,68K01,0,,1,1,746.0,N,N,N,1,,1,0,0,0,0,N,650,2,2,0,0,0,1,0,3,4,0,2,3,,N,,,,,,,,,,,
2022074157,1620.0,0,0,0,0,0,0,0,0,0,7,0,,67,8,2022,7,39.9109,-75.2425,1614.0,6,0,0,0,0,0,0,0,1,,0,0,0.0,16,1,1,0,N,0,39 54:39.231,,0,75 14:33.065,3,0,0,0,67301,0,0,0,N,0,0,0,1,67301,0,,5,1,,N,N,N,1,,1,0,0,0,0,,1600,1,1,0,0,1,0,0,3,4,0,1,3,3.0,N,,,,,,,,,,,
2022063024,1608.0,1,0,0,0,0,0,0,0,0,4,0,,67,7,2022,5,39.9398,-75.1641,1602.0,6,0,0,0,0,0,0,0,0,,0,0,0.0,15,1,3,1,,0,39 56:23.157,,0,75 09:50.911,3,0,0,0,67301,0,0,0,N,0,0,0,3,67301,0,,1,1,,N,N,N,0,,3,0,1,3,3,,1555,3,2,0,0,0,0,0,3,4,0,2,3,3.0,N,,,,,,,,,,,
2022074117,1432.0,1,0,0,0,0,0,0,0,0,5,0,,67,7,2022,3,40.0267,-75.026,1419.0,6,0,0,0,1,0,0,0,0,,0,0,0.0,13,1,0,0,N,0,40 01:36.118,,0,75 01:33.567,0,0,0,0,67301,0,0,0,N,0,0,0,3,68K01,0,,1,1,,N,N,N,0,,0,0,1,0,0,,1358,0,2,0,0,0,0,0,3,4,0,2,3,3.0,N,,,,,,,,,,,
2022097442,56.0,2,0,0,0,0,0,0,0,0,4,0,,67,7,2022,6,39.9848,-75.2372,55.0,6,0,0,0,0,0,0,0,0,,0,0,0.0,0,3,2,5,,0,39 59:05.457,,0,75 14:14.047,8,0,0,0,67301,0,0,0,N,0,0,0,2,67301,0,,1,1,,N,N,N,1,,0,0,0,3,2,,50,2,3,0,0,0,2,0,3,4,0,3,3,3.0,N,,,,,,,,,,,
2022064580,1749.0,0,0,0,0,0,0,0,0,0,5,0,,67,7,2022,4,39.9574,-75.1414,1749.0,6,0,0,0,0,0,0,0,0,,0,0,0.0,17,1,0,0,N,0,39 57:26.780,,0,75 08:28.897,0,0,0,0,67301,0,0,0,N,0,0,0,2,68K01,0,,1,1,,N,N,N,0,,0,0,2,0,0,,1748,0,2,0,0,0,0,0,3,4,0,2,3,,N,,,,,,,,,,,
2022071367,1623.0,0,0,0,0,0,0,0,0,0,0,0,,67,7,2022,1,40.0058,-75.1981,1619.0,6,0,0,0,0,0,0,0,0,,0,0,0.0,16,1,1,0,N,1,40 00:20.804,1.0,2,75 11:53.210,8,0,0,1,67301,0,0,0,N,0,0,0,1,68K01,0,,2,1,1700.0,N,N,N,0,,0,0,0,0,0,N,1618,1,1,0,0,0,1,0,3,4,0,1,3,,N,,,,,,,,,,,
2022068078,218.0,1,0,0,0,0,0,0,0,0,7,0,45.0,67,7,2022,1,40.0092,-75.0677,159.0,6,0,0,0,0,1,0,0,0,,0,0,0.0,1,3,0,0,N,0,40 00:33.045,,3,75 04:03.651,0,0,0,0,67301,0,0,0,N,0,0,0,1,68K01,0,,3,1,,N,N,N,0,,0,0,0,0,0,,156,0,1,0,0,0,0,0,3,4,0,1,3,,Y,8.0,1.0,N,,,N,,,,Y,N
2022064952,1618.0,2,0,0,0,0,0,0,0,0,4,0,,67,7,2022,1,39.9576,-75.1457,1612.0,6,0,0,0,0,1,0,0,0,,0,0,0.0,14,1,2,1,,1,39 57:27.432,4.0,0,75 08:44.473,3,0,0,0,67301,0,0,0,N,0,0,0,4,67301,0,,1,1,1630.0,N,N,N,0,,2,0,0,3,2,N,1456,2,2,0,0,0,0,0,3,4,0,2,3,3.0,N,,,,,,,,,,,
2022064807,245.0,2,0,0,0,0,0,0,0,0,5,0,,67,7,2022,1,40.0281,-75.1827,229.0,6,0,0,0,0,0,0,0,0,,0,0,0.0,2,3,0,2,,0,40 01:41.019,,0,75 10:57.687,9,0,0,0,67301,0,0,0,N,0,0,0,1,67301,0,,1,1,,N,N,N,0,,0,0,0,0,0,,211,0,3,0,0,0,0,1,3,4,0,3,3,3.0,N,,,,,,,,,,,
2022074947,500.0,0,0,0,0,0,0,0,0,0,7,0,,67,8,2022,2,39.9516,-75.1415,434.0,6,0,0,0,0,0,0,0,0,,0,1,0.0,3,3,0,0,N,1,39 57:05.714,2.0,0,75 08:29.330,0,0,0,0,67301,0,0,0,N,0,0,0,1,68K01,0,,5,9,30.0,N,N,N,0,,0,0,0,0,0,Y,323,0,1,0,0,0,0,0,3,4,0,1,7,,N,,,,,,,,,,,
2022064186,1113.0,1,0,0,0,0,0,0,0,0,4,0,,67,7,2022,7,40.1093,-75.0256,1113.0,6,0,0,0,0,1,0,1,0,,0,0,0.0,11,1,1,2,,0,40 06:33.569,,0,75 01:32.284,3,0,0,0,67301,0,0,0,N,0,0,0,3,67301,0,,1,1,,N,N,N,1,,1,0,0,0,0,,1100,1,2,0,0,0,0,0,3,4,0,2,4,,N,,,,,,,,,,,
2022071240,,0,0,0,0,0,0,0,0,0,5,0,,67,7,2022,6,40.0301,-75.0352,,6,0,0,0,0,0,1,0,0,,0,0,0.0,13,1,1,0,N,0,40 01:48.458,,0,75 02:06.590,8,0,0,0,67301,0,0,0,N,0,0,0,2,00000,0,,1,1,,,,N,0,,0,0,1,0,0,,1330,1,2,0,0,0,1,0,3,4,0,2,3,,N,,,,,,,,,,,
2022073969,826.0,1,0,0,0,0,0,0,0,0,4,0,,67,8,2022,7,39.8932,-75.236,824.0,6,0,0,0,0,0,1,0,0,,0,0,0.0,8,1,1,0,N,1,39 53:35.449,1.0,0,75 14:09.424,3,0,0,0,67301,0,0,0,N,0,0,0,3,67301,0,,1,1,100.0,N,N,N,0,,1,0,1,0,0,N,820,1,2,0,0,0,0,0,3,4,0,2,3,3.0,N,,,,,,,,,,,
2022074208,137.0,2,0,0,0,0,0,0,0,0,1,0,,67,8,2022,2,39.9464,-75.242,134.0,6,0,0,0,0,0,0,0,0,,0,0,0.0,1,3,0,0,N,1,39 56:46.990,2.0,0,75 14:31.210,0,0,0,0,67301,0,0,0,N,0,0,0,1,67301,0,,6,9,329.0,N,N,N,0,,0,0,2,0,0,N,130,0,4,0,0,0,0,0,3,4,0,4,7,7.0,N,,,,,,,,,,,
2022063330,2328.0,1,0,0,0,0,0,0,0,0,5,0,,67,7,2022,7,39.961,-75.2454,2328.0,6,0,0,0,0,0,1,0,0,,0,0,0.0,22,3,1,0,N,1,39 57:39.521,3.0,0,75 14:43.494,3,0,0,0,67301,0,0,0,N,0,0,0,1,67301,0,,6,1,2334.0,N,N,N,0,,1,0,1,0,0,N,2242,1,3,0,0,0,0,0,3,4,1,3,3,3.0,N,,,,,,,,,,,
2022074187,1120.0,0,0,0,0,0,0,0,0,0,4,1,,67,8,2022,6,40.0021,-75.1203,1051.0,6,0,0,0,0,0,0,0,0,,0,1,0.0,10,1,1,2,,0,40 00:07.624,,0,75 07:13.137,4,0,0,0,67301,0,0,0,N,0,0,0,3,67301,1,,1,1,,N,N,N,0,,0,0,1,3,3,,1030,1,3,0,0,0,0,0,3,4,1,3,3,3.0,N,,,,,,,,,,,
2022063036,2049.0,2,0,0,0,0,0,0,0,0,5,0,,67,7,2022,3,40.0452,-75.1651,2049.0,6,0,0,0,0,0,0,0,0,,0,0,0.0,20,4,0,0,N,0,40 02:42.610,,0,75 09:54.470,0,0,0,0,67301,0,0,0,N,0,0,0,2,67301,0,,1,1,,N,N,N,0,,0,0,0,0,0,,2044,0,2,0,0,0,0,0,3,4,0,2,3,3.0,N,,,,,,,,,,,
2022061171,648.0,1,0,0,0,0,0,0,0,0,4,0,,67,7,2022,7,40.0146,-75.1567,648.0,6,0,0,0,0,0,0,0,1,,0,0,0.0,6,1,3,1,,0,40 00:52.463,,0,75 09:23.952,3,0,0,0,67301,0,0,0,N,0,0,0,3,67301,0,,1,1,,N,N,N,0,,3,0,1,3,2,,640,3,2,0,0,0,0,0,3,4,0,2,4,,N,,,,,,,,,,,