CRN,ARRIVAL_TM,AUTOMOBILE_COUNT,BELTED_DEATH_COUNT,BELTED_SUSP_SERIOUS_INJ_COUNT,BICYCLE_COUNT,BICYCLE_DEATH_COUNT,BICYCLE_SUSP_SERIOUS_INJ_COUNT,BUS_COUNT,CHLDPAS_DEATH_COUNT,CHLDPAS_SUSP_SERIOUS_INJ_COUNT,COLLISION_TYPE,COMM_VEH_COUNT,CONS_ZONE_SPD_LIM,COUNTY,CRASH_MONTH,CRASH_YEAR,DAY_OF_WEEK,DEC_LAT,DEC_LONG,DISPATCH_TM,DISTRICT,DRIVER_COUNT_16YR,DRIVER_COUNT_17YR,DRIVER_COUNT_18YR,DRIVER_COUNT_19YR,DRIVER_COUNT_20YR,DRIVER_COUNT_50_64YR,DRIVER_COUNT_65_74YR,DRIVER_COUNT_75PLUS,EST_HRS_CLOSED,FATAL_COUNT,HEAVY_TRUCK_COUNT,HORSE_BUGGY_COUNT,HOUR_OF_DAY,ILLUMINATION,INJURY_COUNT,INTERSECT_TYPE,INTERSECTION_RELATED,LANE_CLOSED,LATITUDE,LN_CLOSE_DIR,LOCATION_TYPE,LONGITUDE,MAX_SEVERITY_LEVEL,MCYCLE_DEATH_COUNT,MCYCLE_SUSP_SERIOUS_INJ_COUNT,MOTORCYCLE_COUNT,MUNICIPALITY,NONMOTR_COUNT,NONMOTR_DEATH_COUNT,NONMOTR_SUSP_SERIOUS_INJ_COUNT,NTFY_HIWY_MAINT,PED_COUNT,PED_DEATH_COUNT,PED_SUSP_SERIOUS_INJ_COUNT,PERSON_COUNT,POLICE_AGCY,POSSIBLE_INJ_COUNT,RDWY_SURF_TYPE_CD,RELATION_TO_ROAD,ROAD_CONDITION,ROADWAY_CLEARED,SCH_BUS_IND,SCH_ZONE_IND,SECONDARY_CRASH,SMALL_TRUCK_COUNT,SPEC_JURIS_CD,SUSP_MINOR_INJ_COUNT,SUSP_SERIOUS_INJ_COUNT,SUV_COUNT,TCD_FUNC_CD,TCD_TYPE,TFC_DETOUR_IND,TIME_OF_DAY,TOT_INJ_COUNT,TOTAL_UNITS,UNB_DEATH_COUNT,UNB_SUSP_SERIOUS_INJ_COUNT,UNBELTED_OCC_COUNT,UNK_INJ_DEG_COUNT,UNK_INJ_PER_COUNT,URBAN_AREA,URBAN_RURAL,VAN_COUNT,VEHICLE_COUNT,WEATHER1,WEATHER2,WORK_ZONE_IND,WORK_ZONE_LOC,WORK_ZONE_TYPE,WORKERS_PRES,WZ_CLOSE_DETOUR,WZ_FLAGGER,WZ_LAW_OFFCR_IND,WZ_LN_CLOSURE,WZ_MOVING,WZ_OTHER,WZ_SHLDER_MDN,WZ_WORKERS_INJ_KILLED
2022073393,1510.0,1,0,0,0,0,0,0,0,0,5,1,,67,8,2022,5,40.0051,-75.1522,1501.0,6,0,0,0,0,0,1,0,0,,0,1,0.0,15,1,1,0,N,0,40 00:18.404,,0,75 09:07.760,3,0,0,0,67301,0,0,0,N,0,0,0,2,67505,0,,1,1,,N,N,N,0,,1,0,0,0,0,,1501,1,2,0,0,0,0,0,3,4,0,2,3,3.0,N,,,,,,,,,,,
2022075605,2125.0,0,0,0,0,0,0,0,0,0,7,0,,67,8,2022,7,40.0077,-75.0719,2107.0,6,0,0,0,0,0,1,0,0,,0,0,0.0,21,3,2,0,N,1,40 00:27.640,1.0,0,75 04:18.893,4,0,0,0,67301,0,0,0,N,0,0,0,2,68K01,1,,4,1,2220.0,N,N,N,1,,0,0,1,0,0,N,2106,2,2,0,0,0,1,0,3,4,0,2,3,,N,,,,,,,,,,,
2022075984,1531.0,1,0,0,0,0,0,0,0,0,1,0,,67,8,2022,6,39.9512,-75.141,1520.0,6,0,0,0,0,0,0,0,0,,0,0,0.0,15,1,1,0,N,2,39 57:04.435,1.0,0,75 08:27.685,8,0,0,0,67301,0,0,0,N,0,0,0,3,68K01,0,,1,1,1644.0,N,N,N,1,,0,0,0,0,0,N,1520,1,2,0,0,0,1,0,3,4,0,2,3,,N,,,,,,,,,,,
2022063118,200.0,1,0,0,0,0,0,0,0,0,4,0,,67,7,2022,7,40.0351,-75.0695,155.0,6,0,0,0,0,0,0,0,0,,0,0,0.0,1,3,1,1,,0,40 02:06.425,,0,75 04:10.216,4,0,0,0,67301,0,0,0,N,0,0,0,2,67301,1,,1,9,,N,N,Y,0,,0,0,1,3,2,,150,1,2,0,0,0,0,0,3,4,0,2,7,7.0,N,,,,,,,,,,,
2022053359,,1,0,0,0,0,0,0,0,0,1,0,,67,5,2022,5,,,,6,0,0,0,0,0,0,0,0,,0,0,0.0,9,1,1,0,N,0,,,0,,8,0,0,0,67301,0,0,0,N,0,0,0,2,00000,0,,1,1,,,,N,0,,0,0,0,0,0,,935,1,2,0,0,0,1,0,3,3,0,2,3,,N,,,,,,,,,,,
2022063552,350.0,1,0,0,0,0,0,0,0,0,5,0,,67,7,2022,1,39.966,-75.2061,340.0,6,0,0,0,0,0,0,0,0,,0,0,0.0,3,3,0,0,N,0,39 57:57.640,,0,75 12:21.800,0,0,0,0,67301,0,0,0,N,0,0,0,1,67301,0,,6,1,,N,N,N,0,,0,0,1,0,0,,340,0,2,0,0,0,0,0,3,4,0,2,3,,N,,,,,,,,,,,
2022063576,2350.0,1,0,0,0,0,0,0,0,0,1,0,,67,7,2022,1,40.0737,-75.1649,2345.0,6,0,0,0,0,0,0,0,0,,0,0,0.0,23,3,0,0,N,0,40 04:25.160,,0,75 09:53.480,0,0,0,0,67301,0,0,0,N,0,0,0,2,67301,0,,6,1,,N,N,N,0,,0,0,2,0,0,,2340,0,3,0,0,0,0,0,3,4,0,3,3,3.0,N,,,,,,,,,,,
2022061213,35.0,0,0,0,0,0,0,0,0,0,7,0,,67,7,2022,1,39.9126,-75.1504,29.0,6,0,0,0,0,0,0,0,0,,0,0,0.0,0,3,1,0,N,0,39 54:45.200,,0,75 09:01.360,3,0,0,1,67301,0,0,0,N,0,0,0,1,67301,0,,4,1,,N,N,N,0,,1,0,0,0,0,,28,1,1,0,0,0,0,0,3,4,0,1,3,3.0,N,,,,,,,,,,,
2022080555,842.0,1,0,0,0,0,0,0,0,0,4,0,,67,9,2022,6,40.0047,-75.1521,840.0,6,0,0,0,0,0,1,0,0,,0,0,0.0,8,1,1,1,,1,40 00:16.847,4.0,0,75 09:07.652,4,0,0,0,67301,0,0,0,N,0,0,0,3,67505,1,,1,1,900.0,N,N,N,0,,0,0,1,3,2,N,840,1,2,0,0,0,0,1,3,4,0,2,3,3.0,N,,,,,,,,,,,
2022096244,2326.0,1,0,0,0,0,0,0,0,0,7,0,,67,10,2022,3,40.0408,-75.0053,2324.0,6,0,0,0,0,0,0,0,0,,0,0,0.0,23,3,0,0,N,0,40 02:27.055,,0,75 00:19.171,0,0,0,0,67301,0,0,0,N,0,0,0,1,68K01,0,,4,9,,N,N,N,0,,0,0,0,0,0,,2318,0,1,0,0,0,0,0,3,4,0,1,7,3.0,N,,,,,,,,,,,
2022097371,755.0,1,0,0,0,0,0,0,0,0,5,1,,67,9,2022,3,39.99,-75.2057,741.0,6,0,0,0,0,0,1,0,0,,0,1,0.0,7,1,1,0,N,1,39 59:24.060,3.0,0,75 12:20.482,3,0,0,0,67301,0,0,0,N,0,0,0,2,68K01,0,,1,1,820.0,N,N,N,0,,1,0,0,0,0,N,738,1,2,0,0,0,0,0,3,4,0,2,3,,N,,,,,,,,,,,
2022080943,2033.0,0,0,0,0,0,0,0,0,0,5,0,,67,9,2022,6,39.9693,-75.1599,2033.0,6,0,0,0,0,0,1,0,0,,0,0,0.0,20,3,1,0,N,0,39 58:09.355,,0,75 09:35.479,4,0,0,0,67301,0,0,0,N,0,0,0,2,67301,1,,1,1,,N,N,N,0,,0,0,2,0,0,,2032,1,2,0,0,1,0,0,3,4,0,2,3,3.0,N,,,,,,,,,,,
2022063098,1158.0,1,0,0,0,0,0,0,0,0,4,0,,67,7,2022,5,39.9878,-75.1676,1154.0,6,0,0,0,0,0,0,0,0,,0,0,0.0,11,1,0,1,,0,39 59:16.004,,0,75 10:03.532,0,0,0,0,67301,0,0,0,N,0,0,0,2,67301,0,,1,1,,N,N,N,0,,0,0,0,3,2,,1143,0,2,0,0,0,0,0,3,4,1,2,3,3.0,N,,,,,,,,,,,
2022064325,119.0,2,0,0,0,0,0,0,0,0,4,0,,67,7,2022,3,40.0436,-75.1032,118.0,6,0,0,0,0,0,0,0,0,,0,0,0.0,1,3,2,2,,2,40 02:37.051,7.0,0,75 06:11.604,3,0,0,0,67301,0,0,0,N,0,0,0,4,67301,0,,1,1,203.0,N,N,N,0,,2,0,0,3,3,Y,118,2,2,0,0,3,0,0,3,4,0,2,3,3.0,N,,,,,,,,,,,
2022063099,1500.0,1,0,0,0,0,0,0,0,0,4,0,,67,7,2022,5,39.9765,-75.1894,1426.0,6,0,0,0,0,1,0,0,0,,0,0,0.0,14,1,0,3,,0,39 58:35.259,,0,75 11:21.744,0,0,0,0,67301,0,0,0,N,0,0,0,2,67301,0,,1,1,,N,N,N,0,,0,0,0,3,3,,1426,0,2,0,0,1,0,0,3,4,1,2,3,3.0,N,,,,,,,,,,,
2022063716,25.0,2,0,0,0,0,0,0,0,0,5,0,,67,7,2022,2,40.0756,-75.0403,21.0,6,0,0,0,0,0,0,0,0,,0,0,0.0,0,3,1,0,N,0,40 04:32.120,,0,75 02:25.060,3,0,0,0,67301,0,0,0,N,0,0,0,1,67301,0,,6,1,,N,N,N,0,,1,0,0,0,0,,15,1,2,0,0,0,0,0,3,4,0,2,3,3.0,N,,,,,,,,,,,
2022063550,1355.0,1,0,0,0,0,0,0,0,0,1,0,,67,7,2022,7,40.0751,-75.0182,1345.0,6,0,0,0,0,0,0,0,0,,0,0,0.0,13,1,1,0,N,1,40 04:30.309,4.0,0,75 01:05.395,8,0,0,0,67301,0,0,0,N,0,0,0,3,67301,0,,1,1,20.0,N,N,N,0,,0,0,1,0,0,N,1341,1,2,0,0,0,1,0,3,4,0,2,3,3.0,N,,,,,,,,,,,
2022062068,331.0,1,0,0,0,0,0,0,0,0,5,0,,67,7,2022,3,39.9686,-75.208,320.0,6,0,0,0,0,0,0,0,0,,0,0,0.0,3,3,0,0,N,0,39 58:06.780,,0,75 12:28.630,0,0,0,0,67301,0,0,0,N,0,0,0,1,67301,0,,6,1,,N,N,N,0,,0,0,2,0,0,,300,0,3,0,0,0,0,0,3,4,0,3,3,3.0,N,,,,,,,,,,,
2022063488,2002.0,0,0,0,0,0,0,0,0,0,4,0,,67,7,2022,6,39.9804,-75.1709,2000.0,6,0,0,0,0,0,0,0,0,,0,0,0.0,19,1,0,1,,0,39 58:49.320,,0,75 10:15.311,0,0,0,0,67301,0,0,0,N,0,0,0,2,67301,0,,1,1,,N,N,N,0,,0,0,2,3,2,,1959,0,2,0,0,0,0,0,3,4,0,2,3,3.0,N,,,,,,,,,,,
2022068077,11.0,2,0,0,0,0,0,0,0,0,5,0,,67,7,2022,7,40.005,-75.076,2357.0,6,0,0,0,0,0,0,0,0,,0,0,0.0,23,3,1,0,N,1,40 00:18.116,2.0,3,75 04:33.482,3,0,0,0,67301,0,0,0,Y,0,0,0,4,68K01,0,,1,1,100.0,N,N,N,0,,1,0,0,0,0,N,2354,1,2,0,0,0,0,0,3,4,0,2,3,3.0,N,,,,,,,,,,,
2022075636,1737.0,1,0,0,0,0,0,0,0,0,5,0,,67,7,2022,7,40.0381,-75.0112,1715.0,6,0,0,0,0,0,0,0,0,,0,0,0.0,17,1,2,0,N,0,40 02:17.115,,0,75 00:40.169,3,0,0,0,67301,0,0,0,N,0,0,0,4,68K01,1,,1,1,,N,N,N,0,,1,0,1,0,0,,1712,2,2,0,0,0,0,0,3,4,0,2,3,,N,,,,,,,,,,,
2022074175,1212.0,1,0,0,0,0,0,0,0,0,5,0,,67,8,2022,3,39.9887,-75.253,1211.0,6,0,0,0,0,0,0,0,0,,0,0,0.0,10,1,0,0,N,0,39 59:19.345,,0,75 15:10.803,0,0,0,0,67301,0,0,0,N,0,0,0,1,67301,0,,1,1,,N,N,N,0,,0,0,0,0,0,,1028,0,2,0,0,0,0,0,3,4,0,2,3,3.0,N,,,,,,,,,,,
2022061575,1613.0,0,0,0,0,0,0,0,0,0,1,0,,67,7,2022,2,39.9407,-75.219,1613.0,6,0,0,0,0,0,0,0,0,,0,0,0.0,15,1,3,0,N,0,39 56:26.394,,0,75 13:08.535,3,0,0,0,67301,0,0,0,N,0,0,0,5,67301,0,,6,1,,N,N,N,0,,3,0,4,0,0,,1528,3,4,0,0,0,0,0,3,4,0,4,3,,N,,,,,,,,,,,
2022074721,958.0,0,0,0,0,0,0,0,0,0,1,0,,67,4,2022,2,39.9791,-75.2037,953.0,6,0,0,0,0,0,0,0,1,,0,0,0.0,9,1,0,0,N,0,39 58:44.715,,0,75 12:13.186,0,0,0,0,67301,0,0,0,N,0,0,0,2,68K01,0,,1,1,,N,N,N,1,,0,0,1,0,0,,952,0,2,0,0,0,0,0,3,4,0,2,3,,N,,,,,,,,,,,
2022061504,2259.0,0,0,0,0,0,0,0,0,0,5,0,,67,7,2022,2,40.0525,-75.0619,2256.0,6,0,0,0,0,0,0,0,0,,0,0,0.0,21,3,1,0,N,0,40 03:09.120,,0,75 03:42.890,3,0,0,0,67301,0,0,0,N,0,0,0,1,67301,0,,6,1,,N,N,N,0,,1,0,2,0,0,,2146,1,2,0,0,0,0,0,3,4,0,2,3,3.0,N,,,,,,,,,,,
2022076060,1918.0,1,0,0,0,0,0,0,0,0,7,0,,67,8,2022,4,39.8959,-75.2157,1857.0,6,0,0,0,0,0,0,0,0,,0,0,0.0,18,1,0,0,N,1,39 53:45.247,3.0,3,75 12:56.387,0,0,0,0,67301,0,0,0,N,0,0,0,2,67301,0,,3,1,100.0,N,N,N,0,,0,0,0,0,0,N,1850,0,1,0,0,2,0,0,3,4,0,1,3,3.0,N,,,,,,,,,,,
2022061521,1540.0,1,0,0,0,0,0,0,0,0,1,0,,67,7,2022,2,40.0404,-75.1227,1535.0,6,0,0,0,0,0,0,0,0,,0,0,0.0,13,1,0,0,N,0,40 02:25.490,,0,75 07:21.660,0,0,0,0,67301,0,0,0,N,0,0,0,1,67301,0,,6,1,,N,N,N,0,,0,0,2,0,0,,1300,0,3,0,0,0,0,0,3,4,0,3,3,,N,,,,,,,,,,,
2022066406,102.0,2,0,0,0,0,0,0,0,0,1,0,,67,7,2022,3,39.9043,-75.197,102.0,6,0,0,0,0,0,0,0,0,,0,0,0.0,19,4,0,0,N,0,39 54:15.311,,0,75 11:49.326,0,0,0,0,67301,0,0,0,N,0,0,0,2,67301,0,,1,99,,N,N,N,0,,0,0,0,0,0,,1915,0,2,0,0,0,0,0,3,4,0,2,4,4.0,N,,,,,,,,,,,
2022066384,1919.0,1,0,0,0,0,0,0,0,0,4,0,,67,7,2022,2,39.9915,-75.1361,1919.0,6,0,0,0,0,0,0,1,0,,0,0,0.0,19,1,4,1,,0,39 59:29.818,,0,75 08:10.215,3,0,0,0,67301,0,0,0,N,0,0,0,5,67301,0,,1,1,,N,N,N,0,,4,0,1,3,2,,1919,4,2,0,0,0,0,0,3,4,0,2,3,3.0,N,,,,,,,,,,,
2022075746,1116.0,0,0,0,1,0,0,0,0,0,4,0,,67,5,2022,3,39.9447,-75.1582,1108.0,6,0,0,0,0,0,0,0,0,,0,0,0.0,11,1,1,1,,0,39 56:40.959,,0,75 09:29.607,8,0,0,0,67301,1,0,0,N,0,0,0,2,67301,0,,1,1,,N,N,N,0,,0,0,1,3,2,,1106,1,2,0,0,1,1,0,3,4,0,1,3,4.0,N,,,,,,,,,,,
2022064020,145.0,2,0,0,0,0,0,0,0,0,1,0,,67,7,2022,1,39.8946,-75.2367,145.0,6,0,0,0,0,0,1,0,0,,0,0,0.0,2,3,1,1,,0,39 53:40.603,,0,75 14:12.181,8,0,0,0,67301,0,0,0,N,0,0,0,3,67301,0,,1,1,,N,N,N,0,,0,0,1,3,2,,206,1,3,0,0,0,1,1,3,4,0,3,3,,N,,,,,,,,,,,
2022068579,1835.0,3,0,0,0,0,0,0,0,0,5,0,,67,7,2022,6,40.0247,-75.0845,1831.0,6,0,0,0,0,0,0,0,0,,0,0,0.0,18,1,0,0,N,1,40 01:28.840,2.0,0,75 05:04.360,0,0,0,0,67301,0,0,0,N,0,0,0,2,67301,0,,6,1,1957.0,N,N,N,0,,0,0,0,0,0,N,1808,0,5,0,0,1,0,0,3,4,1,5,3,3.0,N,,,,,,,,,,,
2022075795,1232.0,1,0,0,0,0,0,0,0,0,4,0,,67,8,2022,5,39.9723,-75.1243,1231.0,6,0,0,0,0,0,1,0,0,,0,0,0.0,12,1,0,0,N,0,39 58:20.270,,0,75 07:27.387,0,0,0,0,67301,0,0,0,N,0,0,0,3,67301,0,,1,1,,N,N,N,0,,0,0,1,0,0,,1225,0,2,0,0,0,0,0,3,4,0,2,3,,N,,,,,,,,,,,
2022069893,2140.0,0,0,0,0,0,0,0,0,0,7,0,,67,7,2022,7,39.9375,-75.1985,2125.0,6,0,0,0,0,0,1,0,0,,0,0,0.0,21,3,1,0,N,1,39 56:15.035,4.0,3,75 11:54.721,8,0,0,1,67301,0,0,0,N,0,0,0,1,68K01,0,,2,1,2200.0,N,N,N,0,,0,0,0,0,0,N,2122,1,1,0,0,0,1,0,3,4,0,1,3,,N,,,,,,,,,,,
2022069439,1006.0,1,0,0,0,0,0,0,0,0,1,1,,67,7,2022,2,40.0118,-75.0978,1006.0,6,0,0,0,0,0,0,0,0,,0,1,0.0,22,3,1,1,,0,40 00:42.552,,0,75 05:51.907,3,0,0,0,67301,0,0,0,N,0,0,0,2,67301,0,,1,1,,N,N,N,0,,1,0,0,3,2,,2245,1,2,0,0,0,0,0,3,4,0,2,3,3.0,N,,,,,,,,,,,
2022063040,438.0,0,0,0,0,0,0,0,0,0,5,0,,67,7,2022,5,39.9998,-75.0719,433.0,6,0,0,0,0,0,0,0,0,,0,0,0.0,4,3,0,0,N,0,39 59:59.440,,0,75 04:18.920,0,0,0,0,67301,0,0,0,N,0,0,0,1,67301,0,,6,9,,N,N,N,1,,0,0,1,0,0,,416,0,2,0,0,1,0,0,3,4,0,2,7,4.0,N,,,,,,,,,,,
2022075986,0.0,1,0,0,0,0,0,0,0,0,7,0,,67,8,2022,6,39.9912,-75.2039,2352.0,6,0,0,0,0,0,0,0,0,,0,0,0.0,23,2,0,0,N,0,39 59:28.418,,0,75 12:13.893,0,0,0,0,67301,0,0,0,N,0,0,0,1,68K01,0,,5,1,,N,N,N,0,,0,0,0,0,0,,2352,0,1,0,0,0,0,0,3,4,0,1,3,,N,,,,,,,,,,,
2022063095,1745.0,1,0,0,0,0,0,0,0,0,5,0,,67,7,2022,3,39.9704,-75.2451,1739.0,6,0,0,0,0,0,1,0,0,,0,0,0.0,17,1,0,1,,0,39 58:13.333,,0,75 14:42.826,0,0,0,0,67301,0,0,0,N,0,0,0,3,67301,0,,1,1,,N,N,N,0,,0,0,2,3,2,,1724,0,3,0,0,0,0,0,3,4,0,3,4,7.0,N,,,,,,,,,,,
2022075798,1400.0,1,0,0,0,0,0,0,0,0,4,0,,67,8,2022,2,39.9717,-75.1259,1400.0,6,0,0,0,0,0,1,0,0,,0,0,0.0,14,1,0,1,,0,39 58:18.550,,0,75 07:33.339,0,0,0,0,67301,0,0,0,N,0,0,0,2,67301,0,,1,1,,N,N,N,0,,0,0,1,3,2,,1400,0,2,0,0,0,0,0,3,4,0,2,3,,N,,,,,,,,,,,
2022066419,,2,0,0,0,0,0,0,0,0,1,0,,67,6,2022,7,39.978,-75.1526,,6,0,0,0,0,0,0,1,0,,0,0,0.0,21,1,1,1,,0,39 58:40.705,,0,75 09:09.321,8,0,0,0,67301,0,0,0,N,0,0,0,2,00000,0,,1,1,,,,N,0,,0,0,0,3,2,,2100,1,2,0,0,0,1,0,3,4,0,2,3,,N,,,,,,,,,,,
2022063101,423.0,1,0,0,0,0,0,0,0,0,8,0,,67,7,2022,5,39.9815,-75.1173,419.0,6,0,0,0,0,0,0,0,0,,0,0,0.0,4,3,1,1,,0,39 58:53.612,,0,75 07:02.654,3,0,0,0,67301,1,0,0,N,1,0,0,2,67301,0,,1,9,,N,N,N,0,,1,0,0,3,2,,400,1,2,0,0,0,0,0,3,4,0,1,7,7.0,N,,,,,,,,,,,
2022074862,728.0,1,0,0,0,0,0,0,0,0,1,0,,67,8,2022,2,39.8989,-75.1708,719.0,6,0,0,0,0,0,1,0,0,,0,0,0.0,7,1,0,0,N,0,39 53:56.149,,0,75 10:14.976,0,0,0,0,67301,0,0,0,N,0,0,0,2,68K01,0,,1,1,,N,N,N,0,,0,0,1,0,0,,717,0,2,0,0,0,0,0,3,4,0,2,3,3.0,N,,,,,,,,,,,
2022061514,120.0,1,0,0,0,0,0,0,0,0,4,0,,67,7,2022,2,40.0599,-75.0184,111.0,6,0,0,0,0,1,0,0,0,,0,0,0.0,0,3,0,1,,0,40 03:35.733,,0,75 01:06.209,9,0,0,0,67301,0,0,0,N,0,0,0,2,67301,0,,1,1,,N,N,N,0,,0,0,1,3,2,,34,0,2,0,0,2,0,1,3,4,0,2,3,3.0,N,,,,,,,,,,,
2022063551,2034.0,0,0,0,0,0,0,0,0,0,7,0,,67,7,2022,7,40.082,-74.9664,2034.0,6,0,0,0,0,0,0,0,0,,0,0,0.0,19,1,1,0,N,1,40 04:55.075,4.0,0,74 57:58.961,2,0,1,1,67301,0,0,0,N,0,0,0,1,67301,0,,2,1,2015.0,N,N,N,0,,0,1,0,0,0,N,1945,1,1,0,0,0,0,0,3,4,0,1,3,3.0,N,,,,,,,,,,,
2022075599,453.0,0,0,0,0,0,0,0,0,0,7,0,,67,8,2022,5,39.892,-75.2362,453.0,6,0,0,0,0,0,0,0,0,,0,0,0.0,4,3,0,0,N,0,39 53:31.157,,0,75 14:10.325,0,0,0,0,67301,0,0,0,N,0,0,0,1,68K01,0,,4,9,,N,N,N,0,,0,0,1,0,0,,452,0,1,0,0,0,0,0,3,4,0,1,7,7.0,N,,,,,,,,,,,
2022075744,1206.0,3,0,0,0,0,0,0,0,0,5,0,,67,8,2022,4,39.9125,-75.158,1202.0,6,0,0,0,0,0,1,0,0,,0,0,0.0,11,1,0,2,,0,39 54:44.906,,0,75 09:28.944,0,0,0,0,67301,0,0,0,N,0,0,0,1,67301,0,,1,1,,N,N,N,0,,0,0,0,0,0,,1130,0,3,0,0,0,0,0,3,4,0,3,3,,N,,,,,,,,,,,
2022075288,1410.0,1,0,0,0,0,0,0,0,0,1,0,,67,8,2022,5,40.0256,-75.028,1342.0,6,0,0,0,0,0,1,0,0,,0,0,0.0,13,1,0,0,N,0,40 01:32.227,,0,75 01:40.792,0,0,0,0,67301,0,0,0,N,0,0,0,3,68K01,0,,1,1,,N,N,N,0,,0,0,2,0,0,,1330,0,3,0,0,0,0,0,3,4,0,3,3,3.0,N,,,,,,,,,,,
2022061214,451.0,1,0,0,0,0,0,0,0,0,4,0,,67,7,2022,1,40.0308,-75.1464,444.0,6,0,0,0,0,0,0,0,0,,0,0,0.0,4,3,4,3,,2,40 01:50.959,1.0,0,75 08:47.127,3,0,0,0,67301,0,0,0,N,0,0,0,4,67301,0,,1,1,550.0,N,N,N,0,,2,0,1,3,2,Y,432,4,2,0,0,2,2,0,3,4,0,2,4,,N,,,,,,,,,,,
2022062531,1444.0,2,0,0,0,0,0,0,0,0,1,0,45.0,67,7,2022,3,39.9926,-75.0853,1421.0,6,0,0,0,0,0,0,0,1,,0,0,0.0,14,1,1,0,N,0,39 59:33.182,,0,75 05:07.120,8,0,0,0,67301,0,0,0,N,0,0,0,3,68K01,0,,1,1,,N,N,N,0,,0,0,1,0,0,,1414,1,3,0,0,1,1,0,3,4,0,3,3,,Y,4.0,1.0,N,,,N,,,,Y,N
2022076035,1210.0,2,0,0,0,0,0,0,0,0,1,0,,67,7,2022,5,39.9282,-75.1963,1147.0,6,0,0,0,0,0,0,0,0,,0,0,0.0,11,1,0,0,N,1,39 55:41.447,3.0,0,75 11:46.606,9,0,0,0,67301,0,0,0,N,0,0,0,3,68K01,0,,4,1,1230.0,N,N,N,0,,0,0,0,0,0,N,1144,0,2,0,0,0,0,1,3,4,0,2,3,3.0,N,,,,,,,,,,,
2022066215,1620.0,1,0,0,0,0,0,0,0,0,5,0,,67,7,2022,3,40.0505,-75.0508,1610.0,6,0,0,0,0,0,0,0,0,,0,0,0.0,15,1,0,0,N,0,40 03:01.492,,0,75 03:02.761,0,0,0,0,67301,0,0,0,N,0,0,0,5,67301,0,,1,1,,N,N,Y,0,,0,0,1,0,0,,1536,0,2,0,0,1,0,0,3,4,0,2,3,,N,,,,,,,,,,,
2022072610,2246.0,0,0,0,0,0,0,0,0,0,8,0,,67,7,2022,6,39.9964,-75.1135,2245.0,6,0,0,0,0,0,0,0,0,,0,0,0.0,22,3,1,5,,0,39 59:47.175,,1,75 06:48.425,3,0,0,0,67301,1,0,0,N,1,0,0,2,67301,0,,1,1,,N,N,N,0,,1,0,0,3,2,,2200,1,2,0,0,0,0,0,3,4,0,1,3,3.0,N,,,,,,,,,,,
2022068814,6.0,2,0,0,0,0,0,0,0,0,5,0,,67,7,2022,7,39.9903,-75.1553,5.0,6,0,0,0,0,0,0,0,0,,0,0,0.0,23,3,4,0,N,2,39 59:25.200,1.0,0,75 09:18.918,3,0,0,0,67301,0,0,0,N,0,0,0,5,67301,2,,1,1,145.0,N,N,Y,0,,2,0,1,0,0,Y,2355,4,3,0,0,0,0,1,3,4,0,3,4,,N,,,,,,,,,,,
2022075626,2100.0,3,0,0,0,0,0,0,0,0,1,0,,67,7,2022,4,39.9134,-75.1484,2100.0,6,0,0,0,0,0,1,1,0,,0,0,0.0,20,3,3,0,N,1,39 54:48.408,2.0,3,75 08:54.322,3,0,0,0,67301,0,0,0,N,0,0,0,5,68K01,1,,1,1,1140.0,N,N,N,0,,2,0,1,0,0,N,2053,3,4,0,0,0,0,0,3,4,0,4,3,,N,,,,,,,,,,,
2022075752,438.0,1,0,0,0,0,0,0,0,0,2,0,,67,7,2022,7,40.066,-74.9881,437.0,6,0,0,0,0,0,0,0,0,,0,0,0.0,4,3,0,0,N,0,40 03:57.500,,7,74 59:16.980,0,0,0,0,67301,0,0,0,N,0,0,0,1,67301,0,,6,1,,N,N,N,0,,0,0,1,0,0,,400,0,2,0,0,0,0,0,3,4,0,2,3,3.0,N,,,,,,,,,,,
2022075067,330.0,0,0,0,0,0,0,1,0,0,2,1,,67,8,2022,1,39.9967,-75.0747,315.0,6,0,0,0,0,0,1,0,0,,0,0,0.0,3,3,1,0,N,1,39 59:47.631,1.0,0,75 04:29.895,8,0,0,1,67301,0,0,0,N,0,0,0,3,67508,0,,1,1,9999.0,N,N,Y,0,,0,0,0,0,0,N,305,1,3,0,0,0,1,1,3,4,0,3,3,3.0,N,,,,,,,,,,,
2022065489,1843.0,0,0,0,0,0,0,0,0,0,8,0,,67,7,2022,7,39.9924,-75.1423,1843.0,6,0,0,0,0,0,0,0,0,,0,0,0.0,10,1,1,0,N,0,39 59:32.661,,0,75 08:32.245,8,0,0,0,67301,1,0,0,N,1,0,0,2,67301,0,,1,1,,N,N,N,0,,0,0,1,0,0,,1000,1,2,0,0,0,1,0,3,4,0,1,3,3.0,N,,,,,,,,,,,
2022076021,945.0,0,0,0,0,0,0,0,0,0,1,0,,67,8,2022,6,39.9785,-75.2027,939.0,6,0,0,0,0,0,0,0,0,,0,0,0.0,9,1,2,0,N,0,39 58:42.541,,0,75 12:09.872,4,0,0,0,67301,0,0,0,N,0,0,0,4,68K01,1,,1,1,,N,N,N,0,,0,0,2,0,0,,938,2,2,0,0,0,1,0,3,4,0,2,3,3.0,N,,,,,,,,,,,