CRN,ARRIVAL_TM,AUTOMOBILE_COUNT,BELTED_DEATH_COUNT,BELTED_SUSP_SERIOUS_INJ_COUNT,BICYCLE_COUNT,BICYCLE_DEATH_COUNT,BICYCLE_SUSP_SERIOUS_INJ_COUNT,BUS_COUNT,CHLDPAS_DEATH_COUNT,CHLDPAS_SUSP_SERIOUS_INJ_COUNT,COLLISION_TYPE,COMM_VEH_COUNT,CONS_ZONE_SPD_LIM,COUNTY,CRASH_MONTH,CRASH_YEAR,DAY_OF_WEEK,DEC_LAT,DEC_LONG,DISPATCH_TM,DISTRICT,DRIVER_COUNT_16YR,DRIVER_COUNT_17YR,DRIVER_COUNT_18YR,DRIVER_COUNT_19YR,DRIVER_COUNT_20YR,DRIVER_COUNT_50_64YR,DRIVER_COUNT_65_74YR,DRIVER_COUNT_75PLUS,EST_HRS_CLOSED,FATAL_COUNT,HEAVY_TRUCK_COUNT,HORSE_BUGGY_COUNT,HOUR_OF_DAY,ILLUMINATION,INJURY_COUNT,INTERSECT_TYPE,INTERSECTION_RELATED,LANE_CLOSED,LATITUDE,LN_CLOSE_DIR,LOCATION_TYPE,LONGITUDE,MAX_SEVERITY_LEVEL,MCYCLE_DEATH_COUNT,MCYCLE_SUSP_SERIOUS_INJ_COUNT,MOTORCYCLE_COUNT,MUNICIPALITY,NONMOTR_COUNT,NONMOTR_DEATH_COUNT,NONMOTR_SUSP_SERIOUS_INJ_COUNT,NTFY_HIWY_MAINT,PED_COUNT,PED_DEATH_COUNT,PED_SUSP_SERIOUS_INJ_COUNT,PERSON_COUNT,POLICE_AGCY,POSSIBLE_INJ_COUNT,RDWY_SURF_TYPE_CD,RELATION_TO_ROAD,ROAD_CONDITION,ROADWAY_CLEARED,SCH_BUS_IND,SCH_ZONE_IND,SECONDARY_CRASH,SMALL_TRUCK_COUNT,SPEC_JURIS_CD,SUSP_MINOR_INJ_COUNT,SUSP_SERIOUS_INJ_COUNT,SUV_COUNT,TCD_FUNC_CD,TCD_TYPE,TFC_DETOUR_IND,TIME_OF_DAY,TOT_INJ_COUNT,TOTAL_UNITS,UNB_DEATH_COUNT,UNB_SUSP_SERIOUS_INJ_COUNT,UNBELTED_OCC_COUNT,UNK_INJ_DEG_COUNT,UNK_INJ_PER_COUNT,URBAN_AREA,URBAN_RURAL,VAN_COUNT,VEHICLE_COUNT,WEATHER1,WEATHER2,WORK_ZONE_IND,WORK_ZONE_LOC,WORK_ZONE_TYPE,WORKERS_PRES,WZ_CLOSE_DETOUR,WZ_FLAGGER,WZ_LAW_OFFCR_IND,WZ_LN_CLOSURE,WZ_MOVING,WZ_OTHER,WZ_SHLDER_MDN,WZ_WORKERS_INJ_KILLED
2022063787,1750.0,0,0,0,0,0,0,0,0,0,8,0,,67,7,2022,5,39.9736,-75.2093,1749.0,6,0,0,0,0,0,0,0,0,,0,0,0.0,17,1,1,0,N,0,39 58:25.009,,0,75 12:33.523,2,0,0,0,67301,1,0,1,N,1,0,1,2,67301,0,,1,1,,N,N,N,1,,0,1,0,0,0,,1746,1,2,0,0,0,0,0,3,4,0,1,3,3.0,N,,,,,,,,,,,
2022063531,1134.0,1,0,0,0,0,0,0,0,0,4,0,,67,7,2022,2,39.9561,-75.2063,1132.0,6,0,0,0,0,0,0,0,0,,0,0,0.0,11,1,1,1,,0,39 57:22.108,,0,75 12:22.808,3,0,0,0,67301,0,0,0,N,0,0,0,1,67301,0,,1,1,,N,N,Y,0,,1,0,1,3,2,,1120,1,3,0,0,0,0,0,3,4,0,2,3,3.0,N,,,,,,,,,,,
2022068815,1158.0,2,0,0,0,0,0,0,0,0,4,0,,67,7,2022,6,39.9713,-75.1586,1149.0,6,0,0,0,0,0,0,0,0,,0,0,0.0,11,1,1,1,,0,39 58:16.621,,0,75 09:30.894,3,0,0,0,67301,0,0,0,N,0,0,0,2,67301,0,,1,1,,N,N,N,0,,1,0,2,0,0,,1145,1,4,0,0,1,0,0,3,4,0,4,3,3.0,N,,,,,,,,,,,
2022062483,1553.0,1,0,0,0,0,0,0,0,0,1,0,,67,7,2022,1,39.9092,-75.153,1550.0,6,0,0,0,0,0,0,0,0,,0,0,0.0,15,1,3,0,N,0,39 54:32.962,,3,75 09:10.814,3,0,0,0,67301,0,0,0,N,0,0,0,6,67501,0,,1,1,,N,N,N,0,,2,0,1,3,8,,1550,3,2,0,0,0,1,0,3,4,0,2,3,,N,,,,,,,,,,,
2022072791,648.0,0,0,0,0,0,0,0,0,0,7,1,,67,7,2022,5,39.8888,-75.2179,633.0,6,0,0,0,0,0,0,0,0,,0,1,0.0,6,1,1,0,N,0,39 53:19.767,,3,75 13:04.525,3,0,0,0,67301,0,0,0,N,0,0,0,1,68K03,0,,4,8,,N,N,N,0,,1,0,0,0,0,,615,1,1,0,0,0,0,0,3,4,0,1,7,7.0,N,,,,,,,,,,,
2022068581,1018.0,2,0,0,0,0,0,0,0,0,1,0,,67,7,2022,1,40.032,-75.0507,1018.0,6,0,0,0,0,0,0,0,0,,0,0,0.0,4,3,0,0,N,0,40 01:55.070,,0,75 03:02.360,0,0,0,0,67301,0,0,0,N,0,0,0,1,67301,0,,6,1,,N,N,N,0,,0,0,0,0,0,,400,0,2,0,0,0,0,0,3,4,0,2,3,,N,,,,,,,,,,,
2022062179,1400.0,1,0,0,0,0,0,0,0,0,4,0,,67,7,2022,4,39.9782,-75.1541,1355.0,6,0,0,0,0,0,1,0,0,,0,0,0.0,13,1,0,1,,0,39 58:41.402,,0,75 09:14.958,0,0,0,0,67301,0,0,0,N,0,0,0,7,67505,0,,1,1,,N,N,N,0,,0,0,1,3,2,,1330,0,2,0,0,0,0,0,3,4,0,2,3,3.0,N,,,,,,,,,,,
2022075773,1524.0,2,0,0,0,0,0,0,0,0,4,0,,67,8,2022,3,40.0086,-75.0688,1524.0,6,0,0,0,0,0,0,1,0,,0,0,0.0,15,1,2,1,,2,40 00:31.249,7.0,0,75 04:07.877,4,0,0,0,67301,0,0,0,N,0,0,0,4,67301,2,,1,1,1700.0,N,N,N,0,,0,0,0,3,2,Y,1520,2,2,0,0,0,0,0,3,4,0,2,3,,N,,,,,,,,,,,
2022076003,557.0,1,0,0,0,0,0,0,0,0,5,0,,67,8,2022,4,39.9579,-75.1408,550.0,6,0,0,0,0,0,0,0,0,,0,0,0.0,5,1,1,0,N,1,39 57:28.557,1.0,0,75 08:26.701,4,0,0,0,67301,0,0,0,N,0,0,0,2,68K01,1,,1,1,610.0,N,N,N,1,,0,0,0,0,0,N,540,1,2,0,0,0,0,0,3,4,0,2,3,3.0,N,,,,,,,,,,,
2022068572,1750.0,0,0,0,0,0,0,0,0,0,4,0,,67,7,2022,4,40.0432,-75.1672,1737.0,6,0,0,0,0,0,3,0,0,,0,0,0.0,17,1,1,1,,0,40 02:35.358,,0,75 10:01.956,2,0,1,1,67301,0,0,0,N,0,0,0,3,67301,0,,1,1,,N,N,N,0,,0,1,1,3,2,,1730,1,3,0,0,0,0,0,3,4,1,3,3,,N,,,,,,,,,,,
2022074610,204.0,1,0,0,0,0,0,0,0,0,7,0,,67,7,2022,1,39.9461,-75.1893,147.0,6,0,0,0,0,0,0,0,0,,0,0,0.0,1,3,0,0,N,0,39 56:46.039,,0,75 11:21.403,0,0,0,0,67301,0,0,0,N,0,0,0,1,68K01,0,,4,1,,N,N,N,0,,0,0,0,0,0,,141,0,1,0,0,0,0,0,3,4,0,1,3,3.0,N,,,,,,,,,,,
2022061360,2359.0,2,0,0,0,0,0,0,0,0,6,0,,67,7,2022,7,40.0546,-75.0542,2355.0,6,0,0,0,0,0,0,0,0,,0,0,0.0,23,3,1,0,N,1,40 03:16.601,5.0,0,75 03:14.969,3,0,0,0,67301,0,0,0,N,0,0,0,2,67301,0,,1,1,130.0,N,N,N,0,,1,0,1,0,0,Y,2330,1,3,0,0,0,0,0,3,4,0,3,3,3.0,N,,,,,,,,,,,
2022075778,820.0,0,0,0,0,0,0,0,0,0,5,0,,67,8,2022,2,39.9562,-75.1983,815.0,6,0,0,0,0,0,1,0,0,,0,0,0.0,8,1,1,0,N,0,39 57:22.152,,0,75 11:53.721,3,0,0,0,67301,0,0,0,N,0,0,0,2,67301,0,,1,1,,N,N,N,0,,1,0,2,0,0,,800,1,2,0,0,0,0,0,3,4,0,2,3,,N,,,,,,,,,,,
2022075633,100.0,1,0,0,0,0,0,0,0,0,7,0,,67,7,2022,1,39.9483,-75.1864,51.0,6,0,0,0,0,0,0,0,0,,0,0,0.0,0,3,0,0,N,1,39 56:53.982,3.0,0,75 11:11.199,0,0,0,0,67301,0,0,0,N,0,0,0,1,68K01,0,,4,1,111.0,N,N,N,0,,0,0,0,0,0,N,50,0,1,0,0,0,0,0,3,4,0,1,3,,N,,,,,,,,,,,
2022065922,330.0,1,0,0,0,0,0,0,0,0,5,0,,67,7,2022,3,39.9628,-75.1391,321.0,6,0,0,0,0,1,0,0,0,,0,0,0.0,3,3,3,0,N,1,39 57:46.163,1.0,0,75 08:20.601,8,0,0,0,67301,0,0,0,Y,0,0,0,5,68K01,0,,1,1,415.0,N,N,N,0,,0,0,1,0,0,Y,316,3,2,0,0,3,3,0,3,4,0,2,3,3.0,N,,,,,,,,,,,
2022074556,443.0,0,0,0,0,0,0,0,0,0,7,0,,67,8,2022,5,39.8922,-75.2356,421.0,6,0,0,0,0,0,1,0,0,,0,0,0.0,4,3,0,0,N,0,39 53:31.919,,0,75 14:08.315,0,0,0,0,67301,0,0,0,N,0,0,0,1,68K01,0,,4,9,,N,N,N,0,,0,0,1,0,0,,414,0,1,0,0,0,0,0,3,4,0,1,7,7.0,N,,,,,,,,,,,
2022063432,936.0,1,0,0,0,0,0,0,0,0,4,0,,67,7,2022,1,39.9233,-75.1612,935.0,6,0,0,0,0,0,0,0,0,,0,0,0.0,9,1,1,1,,1,39 55:23.877,1.0,0,75 09:40.743,3,0,0,0,67301,0,0,0,N,0,0,0,2,67301,0,,1,1,1000.0,N,N,N,0,,1,0,1,3,2,N,933,1,2,0,0,0,0,0,3,4,0,2,3,3.0,N,,,,,,,,,,,
2022074156,1610.0,1,0,0,0,0,0,0,0,0,2,0,,67,8,2022,7,39.916,-75.236,1605.0,6,0,0,0,0,0,1,0,0,,0,0,0.0,15,1,2,1,,9,39 54:57.725,,0,75 14:09.736,3,0,0,0,67301,0,0,0,N,0,0,0,2,67301,0,,1,1,,N,N,N,0,,2,0,1,3,2,,1527,2,2,0,0,0,0,0,3,4,0,2,3,3.0,N,,,,,,,,,,,
2022073604,852.0,1,0,0,0,0,0,0,0,0,1,0,,67,7,2022,2,40.0368,-75.0559,823.0,6,0,0,0,0,0,0,0,0,,0,0,0.0,3,3,0,0,N,0,40 02:12.600,,0,75 03:21.100,0,0,0,0,67301,0,0,0,N,0,0,0,1,67301,0,,6,1,,N,N,N,1,,0,0,1,0,0,,305,0,3,0,0,0,0,0,3,4,0,3,3,,N,,,,,,,,,,,
2022063228,1315.0,1,0,0,0,0,0,0,0,0,1,0,,67,7,2022,5,40.099,-75.0616,1315.0,6,0,0,0,0,0,0,0,0,,0,0,0.0,13,1,1,0,N,0,40 05:56.530,,0,75 03:41.600,3,0,0,0,67301,0,0,0,N,0,0,0,1,67301,0,,6,1,,N,N,N,0,,1,0,1,0,0,,1310,1,2,0,0,0,0,0,3,4,0,2,3,3.0,N,,,,,,,,,,,
2022065479,2218.0,2,0,0,0,0,0,0,0,0,4,0,,67,7,2022,2,39.9546,-75.2064,2214.0,6,0,0,0,1,0,0,0,0,,0,0,0.0,21,3,1,1,,0,39 57:16.536,,0,75 12:23.138,3,0,0,0,67301,0,0,0,N,0,0,0,5,67301,0,,1,1,,N,N,N,0,,1,0,0,3,2,,2144,1,3,0,0,0,0,1,3,4,1,3,3,3.0,N,,,,,,,,,,,
2022063026,2205.0,2,0,0,0,0,0,0,0,0,6,0,,67,7,2022,5,40.1025,-75.0264,2154.0,6,0,0,0,0,0,0,0,0,,0,0,0.0,21,3,0,0,N,0,40 06:09.040,,0,75 01:35.070,9,0,0,0,67301,0,0,0,N,0,0,0,1,67301,0,,6,1,,N,N,N,0,,0,0,1,0,0,,2146,0,3,0,0,0,0,1,3,4,0,3,3,4.0,N,,,,,,,,,,,
2022068577,1736.0,1,0,0,0,0,0,0,0,0,4,0,,67,7,2022,3,40.0243,-75.0346,1725.0,6,0,0,0,0,0,0,0,0,,0,0,0.0,17,1,2,1,,0,40 01:27.729,,0,75 02:04.154,4,0,0,0,67301,0,0,0,N,0,0,0,3,67301,2,,1,1,,N,N,N,0,,0,0,0,3,3,,1700,2,2,0,0,2,0,0,3,4,1,2,4,,N,,,,,,,,,,,
2022061461,351.0,1,0,0,0,0,0,0,0,0,5,0,,67,7,2022,7,39.9438,-75.1655,350.0,6,0,0,0,0,0,0,0,0,,0,0,0.0,3,3,0,0,N,0,39 56:37.855,,0,75 09:55.842,0,0,0,0,67301,0,0,0,N,0,0,0,1,67301,0,,6,1,,N,N,N,0,,0,0,1,0,0,,340,0,2,0,0,0,0,0,3,4,0,2,3,3.0,N,,,,,,,,,,,
2022062071,248.0,1,0,0,0,0,0,0,0,0,7,0,,67,7,2022,3,40.0133,-75.1216,247.0,6,0,0,0,0,0,0,0,0,,0,0,0.0,2,3,1,0,N,2,40 00:47.800,6.0,0,75 07:17.700,3,0,0,0,67301,0,0,0,N,0,0,0,1,67301,0,,4,1,1200.0,N,N,N,0,,1,0,0,0,0,Y,247,1,1,0,0,1,0,0,3,4,0,1,3,3.0,N,,,,,,,,,,,
2022068578,1736.0,2,0,0,0,0,0,0,0,0,4,0,,67,7,2022,6,40.0265,-75.0422,1734.0,6,0,0,0,0,0,1,0,0,,0,0,0.0,16,1,1,1,,0,40 01:35.410,,0,75 02:31.776,4,0,0,0,67301,0,0,0,N,0,0,0,2,67301,1,,1,1,,N,N,N,0,,0,0,0,3,3,,1630,1,2,0,0,2,0,0,3,4,0,2,3,,N,,,,,,,,,,,
2022075340,1737.0,0,0,0,0,0,0,0,0,0,7,0,,67,7,2022,4,39.9654,-75.1861,1702.0,6,0,0,0,0,0,0,0,0,,0,0,0.0,16,1,1,0,N,0,39 57:55.563,,0,75 11:09.821,8,0,0,0,67301,0,0,0,Y,0,0,0,1,68K01,0,,4,1,,N,N,N,0,,0,0,1,0,0,,1654,1,1,0,0,0,1,0,3,4,0,1,3,,N,,,,,,,,,,,
2022063102,309.0,2,0,0,0,0,0,0,0,0,4,0,,67,7,2022,6,39.9987,-75.1669,304.0,6,0,0,0,0,0,1,0,0,,0,0,0.0,3,3,0,1,,0,39 59:55.337,,0,75 10:00.782,0,0,0,0,67301,0,0,0,N,0,0,0,2,67301,0,,1,1,,N,N,N,0,,0,0,0,3,2,,300,0,2,0,0,0,0,0,3,4,0,2,3,3.0,N,,,,,,,,,,,
2022064300,2156.0,1,0,0,0,0,0,0,0,0,4,0,,67,7,2022,2,39.9389,-75.2298,2151.0,6,0,0,0,0,0,0,0,0,,0,0,0.0,21,3,1,1,,0,39 56:20.000,,0,75 13:47.150,3,0,0,0,67301,0,0,0,N,0,0,0,2,67301,0,,1,1,,N,N,N,0,,1,0,1,3,3,,2151,1,2,0,0,0,0,1,3,4,0,2,3,3.0,N,,,,,,,,,,,
2022044076,1208.0,3,0,0,0,0,0,0,0,0,4,0,,67,5,2022,4,39.9907,-75.1295,1207.0,6,0,0,0,0,0,0,0,1,,0,0,0.0,12,1,3,0,N,2,39 59:26.345,6.0,0,75 07:46.124,2,0,0,0,67301,0,0,0,N,0,0,0,4,67301,0,,1,1,1500.0,N,N,N,0,,2,1,1,3,2,Y,1206,3,4,0,0,0,0,0,3,4,0,4,3,3.0,N,,,,,,,,,,,
2022076014,1410.0,1,0,0,0,0,0,0,0,0,1,0,,67,8,2022,5,39.996,-75.0828,1354.0,6,0,0,0,0,0,1,0,0,,0,0,0.0,13,1,0,0,N,0,39 59:45.625,,0,75 04:57.973,0,0,0,0,67301,0,0,0,N,0,0,0,3,68K01,0,,1,1,,N,N,N,0,,0,0,1,0,0,,1346,0,2,0,0,0,0,0,3,4,0,2,3,3.0,N,,,,,,,,,,,
2022075964,20.0,2,0,0,0,0,0,0,0,0,2,0,,67,8,2022,5,39.9459,-75.2403,20.0,6,0,0,0,0,0,0,0,0,,0,0,0.0,0,3,1,1,,0,39 56:45.089,,7,75 14:25.018,8,0,0,0,67301,0,0,0,N,0,0,0,1,67301,0,,5,1,,N,N,N,0,,0,0,0,0,0,,19,1,2,0,0,1,1,0,3,4,0,2,3,3.0,N,,,,,,,,,,,
2022063485,1808.0,1,0,0,0,0,0,0,0,0,4,0,,67,7,2022,1,39.9847,-75.1565,1806.0,6,0,0,0,0,0,0,1,0,,0,0,0.0,18,1,2,1,,1,39 59:04.910,1.0,0,75 09:23.867,2,0,0,0,67301,0,0,0,N,0,0,0,2,67505,0,,1,1,1900.0,N,N,N,0,,1,1,1,3,2,N,1804,2,2,0,0,0,0,0,3,4,0,2,3,3.0,N,,,,,,,,,,,
2022075797,2225.0,2,0,0,0,0,0,0,0,0,4,0,,67,8,2022,1,39.9645,-75.1342,2205.0,6,0,0,0,0,0,0,0,0,,0,0,0.0,22,3,1,5,,1,39 57:52.138,2.0,0,75 08:03.150,3,0,0,0,67301,0,0,0,N,0,0,0,2,67301,0,,1,1,2240.0,N,N,N,0,,1,0,0,3,2,N,2200,1,2,0,0,0,0,0,3,4,0,2,3,,N,,,,,,,,,,,
2022064764,2300.0,1,0,0,0,0,0,0,0,0,5,0,,67,7,2022,3,39.9149,-75.1606,2251.0,6,0,0,0,0,0,0,1,0,,0,0,0.0,22,3,1,0,N,0,39 54:53.660,,0,75 09:38.140,3,0,0,0,67301,0,0,0,N,0,0,0,1,67301,0,,6,1,,N,N,N,0,,1,0,2,0,0,,2227,1,3,0,0,1,0,0,3,4,0,3,3,3.0,N,,,,,,,,,,,
2022063543,2040.0,1,0,0,0,0,0,0,0,0,7,0,,67,7,2022,7,40.0406,-75.1917,2031.0,6,0,0,0,0,0,0,0,0,,0,0,0.0,20,3,0,0,N,0,40 02:26.248,,0,75 11:30.111,0,0,0,0,67301,0,0,0,N,0,0,0,1,67301,0,,4,1,,N,N,N,0,,0,0,0,0,0,,2023,0,1,0,0,0,0,0,3,4,0,1,3,3.0,N,,,,,,,,,,,
2022066174,434.0,1,0,0,0,0,0,0,0,0,7,0,,67,7,2022,4,40.0361,-75.194,427.0,6,0,0,0,0,0,0,0,0,,0,0,0.0,4,2,1,1,,0,40 02:09.919,,0,75 11:38.322,4,0,0,0,67301,0,0,0,N,0,0,0,1,67301,1,,4,1,,N,N,N,0,,0,0,0,3,2,,400,1,1,0,0,1,0,0,3,4,0,1,3,3.0,N,,,,,,,,,,,
2022063037,735.0,0,0,0,0,0,0,0,0,0,4,0,,67,7,2022,5,40.0373,-75.1731,730.0,6,0,0,0,0,0,1,0,1,,0,0,0.0,7,1,1,0,N,0,40 02:14.400,,7,75 10:23.300,4,0,0,0,67301,0,0,0,N,0,0,0,2,67301,1,,1,9,,N,N,N,0,,0,0,2,0,0,,715,1,2,0,0,0,0,0,3,4,0,2,7,7.0,N,,,,,,,,,,,
2022075858,1624.0,1,0,0,0,0,0,0,0,0,4,0,,67,8,2022,7,40.0095,-75.131,1615.0,6,0,0,1,0,0,0,0,0,,0,0,0.0,15,1,2,0,N,1,40 00:34.360,1.0,0,75 07:51.490,2,0,2,1,67301,0,0,0,N,0,0,0,5,67301,0,,1,1,1717.0,N,N,Y,0,,0,2,1,0,0,N,1534,2,3,0,0,3,0,0,3,4,0,3,3,3.0,N,,,,,,,,,,,
2022075804,1946.0,2,0,0,0,0,0,0,0,0,4,0,,67,8,2022,4,39.9717,-75.1259,1945.0,6,0,0,0,0,0,0,0,0,,0,0,0.0,19,4,0,1,,0,39 58:18.550,,0,75 07:33.339,0,0,0,0,67301,0,0,0,N,0,0,0,2,67301,0,,1,1,,N,N,N,0,,0,0,0,3,2,,1941,0,2,0,0,0,0,0,3,4,0,2,3,3.0,N,,,,,,,,,,,
2022067178,1029.0,1,0,0,0,0,0,0,0,0,1,0,,67,7,2022,4,39.9532,-75.141,1025.0,6,0,0,0,0,0,1,0,0,,0,0,0.0,10,1,1,0,N,1,39 57:11.487,1.0,3,75 08:27.518,8,0,0,1,67301,0,0,0,N,0,0,0,2,68K01,0,,1,1,1125.0,N,N,N,0,,0,0,0,0,0,N,1025,1,2,0,0,0,1,0,3,4,0,2,3,,N,,,,,,,,,,,
2022069390,707.0,3,0,0,0,0,0,0,0,0,1,0,55.0,67,7,2022,4,40.0182,-75.0475,652.0,6,0,0,0,1,0,1,1,0,,0,0,0.0,6,1,1,0,N,2,40 01:05.667,1.0,0,75 02:51.081,8,0,0,0,67301,0,0,0,N,0,0,0,5,68K01,0,,1,1,715.0,N,N,N,0,,0,0,2,0,0,N,648,1,5,0,0,0,1,0,3,4,0,5,3,,Y,4.0,1.0,N,,,N,,,,Y,N
2022061362,2353.0,1,0,0,0,0,0,0,0,0,4,0,,67,7,2022,1,40.049,-75.0947,2346.0,6,0,0,0,0,0,0,1,0,,0,0,0.0,23,3,0,1,,1,40 02:56.557,3.0,0,75 05:40.778,0,0,0,0,67301,0,0,0,N,0,0,0,2,67301,0,,1,1,50.0,N,N,Y,1,,0,0,1,3,3,N,2340,0,3,0,0,0,0,0,3,4,0,3,3,,N,,,,,,,,,,,
2022075819,1654.0,1,0,0,0,0,0,0,0,0,1,0,,67,8,2022,5,40.0415,-75.0578,1644.0,6,0,0,0,0,0,0,0,1,,0,0,0.0,16,1,0,0,N,1,40 02:29.287,2.0,0,75 03:28.203,0,0,0,0,67301,0,0,0,N,0,0,0,4,67301,0,,1,1,1710.0,N,N,N,0,,0,0,2,0,0,N,1642,0,3,0,0,0,0,0,3,4,0,3,3,,N,,,,,,,,,,,
2022065026,1804.0,2,0,0,0,0,0,0,0,0,1,0,,67,7,2022,5,40.026,-75.028,1751.0,6,0,0,0,0,0,0,0,0,,0,0,0.0,17,1,0,0,N,1,40 01:33.420,2.0,0,75 01:40.743,0,0,0,0,67301,0,0,0,N,0,0,0,3,68K01,0,,1,1,1830.0,N,N,N,0,,0,0,1,0,0,N,1749,0,3,0,0,0,0,0,3,4,0,3,3,3.0,N,,,,,,,,,,,
2022075805,727.0,1,0,0,0,0,0,0,0,0,4,0,,67,8,2022,5,39.9736,-75.1519,725.0,6,0,0,0,0,0,1,1,0,,0,0,0.0,6,1,1,1,,0,39 58:24.923,,0,75 09:06.904,8,0,0,0,67301,0,0,0,N,0,0,0,2,67301,0,,1,1,,N,N,N,0,,0,0,1,3,2,,654,1,2,0,0,0,1,0,3,4,0,2,3,,N,,,,,,,,,,,
2022071245,,0,0,0,0,0,0,0,0,0,5,0,,67,5,2022,7,40.0872,-74.9647,,6,0,0,0,0,0,1,0,0,,0,0,0.0,13,1,1,0,N,0,40 05:13.800,,7,74 57:52.800,8,0,0,0,67301,0,0,0,N,0,0,0,2,00000,0,,1,1,,,,N,1,,0,0,0,0,0,,1300,1,2,0,0,0,1,0,3,4,0,2,3,,N,,,,,,,,,,,
2022062135,4.0,2,0,0,0,0,0,0,0,0,5,0,,67,7,2022,2,39.9579,-75.1618,2351.0,6,0,0,1,0,0,0,0,0,,0,0,0.0,23,3,1,0,N,0,39 57:28.336,,0,75 09:42.644,4,0,0,0,67301,0,0,0,N,0,0,0,7,68K01,1,,1,1,,N,N,N,0,,0,0,0,0,0,,2348,1,2,0,0,0,0,0,3,4,0,2,3,3.0,N,,,,,,,,,,,
2022061204,2239.0,0,0,0,0,0,0,0,0,0,8,0,,67,7,2022,7,40.0174,-75.1495,2239.0,6,0,0,0,0,0,0,0,0,,0,0,0.0,22,3,1,0,N,0,40 01:02.535,,0,75 08:58.101,3,0,0,0,67301,1,0,0,N,1,0,0,2,67301,0,,1,9,,N,N,N,0,,1,0,1,0,0,,2228,1,2,0,0,0,0,1,3,4,0,1,7,,N,,,,,,,,,,,
2022076004,924.0,1,0,0,0,0,0,0,0,0,1,0,,67,8,2022,4,39.9441,-75.1919,908.0,6,0,0,0,0,1,0,0,0,,0,0,0.0,9,1,0,0,N,2,39 56:38.813,4.0,0,75 11:30.669,0,0,0,0,67301,0,0,0,N,0,0,0,2,68K01,0,,3,1,931.0,N,N,N,1,,0,0,0,0,0,N,905,0,2,0,0,0,0,0,3,4,0,2,3,,N,,,,,,,,,,,
2022070063,2145.0,0,0,0,2,0,0,0,0,0,4,0,,67,7,2022,6,39.9738,-75.2582,2145.0,6,0,0,0,0,0,1,0,0,,0,0,0.0,19,1,2,1,,0,39 58:25.593,,0,75 15:29.649,4,0,0,0,67301,2,0,0,N,0,0,0,3,67301,2,,1,99,,N,N,N,0,,0,0,0,3,1,,1945,2,3,0,0,0,0,1,3,4,1,1,99,,N,,,,,,,,,,,
2022064475,1714.0,0,0,0,0,0,0,0,0,0,4,0,,67,7,2022,3,40.0331,-75.2225,1707.0,6,0,0,0,0,0,1,0,0,,0,0,0.0,17,1,1,2,,0,40 01:58.994,,0,75 13:20.870,8,0,0,0,67301,0,0,0,N,0,0,0,2,67301,0,,1,1,,N,N,N,0,,0,0,2,0,0,,1700,1,2,0,0,2,1,0,3,4,0,2,3,3.0,N,,,,,,,,,,,
2022061187,140.0,1,0,0,0,0,0,0,0,0,1,0,,67,7,2022,7,40.0079,-75.0729,129.0,6,0,0,0,0,0,0,0,0,,0,0,0.0,0,3,1,0,N,0,40 00:28.383,,0,75 04:22.561,4,0,0,0,67301,0,0,0,N,0,0,0,2,67301,1,,1,1,,N,N,N,0,,0,0,1,0,0,,46,1,2,0,0,0,0,0,3,4,0,2,3,3.0,N,,,,,,,,,,,
2022074743,1908.0,1,0,0,0,0,0,1,0,0,5,1,,67,8,2022,3,40.0521,-75.1418,1858.0,6,0,0,0,0,0,0,0,0,,0,0,0.0,18,4,1,1,,0,40 03:07.476,,0,75 08:30.412,8,0,0,0,67301,0,0,0,N,0,0,0,2,67508,0,,1,1,,N,N,N,0,,0,0,0,3,2,,1850,1,2,0,0,0,1,1,3,4,0,2,3,3.0,N,,,,,,,,,,,
2022075334,733.0,1,0,0,0,0,0,0,0,0,0,0,,67,7,2022,6,39.9847,-75.0951,733.0,6,0,0,0,0,0,0,0,0,,0,0,0.0,7,1,0,0,N,0,39 59:04.848,,0,75 05:42.208,0,0,0,0,67301,0,0,0,N,0,0,0,3,68K01,0,,1,1,,N,N,N,0,,0,0,1,0,0,,726,0,2,0,0,0,0,0,3,4,0,2,3,3.0,N,,,,,,,,,,,
2022061457,2002.0,2,0,0,0,0,0,0,0,0,4,0,,67,7,2022,7,39.9561,-75.183,1938.0,6,0,0,0,0,0,1,0,0,,0,0,0.0,18,1,1,3,,0,39 57:22.089,,0,75 10:58.760,4,0,0,0,67301,0,0,0,N,0,0,0,2,67301,1,,1,1,,N,N,N,0,,0,0,0,3,2,,1810,1,2,0,0,0,0,1,3,4,0,2,3,3.0,N,,,,,,,,,,,
2022071371,28.0,1,0,0,0,0,0,0,0,0,1,0,,67,7,2022,5,39.9619,-75.1828,18.0,6,0,0,0,0,0,0,0,0,,0,0,0.0,0,3,1,0,N,2,39 57:42.745,3.0,3,75 10:58.197,8,0,0,0,67301,0,0,0,N,0,0,0,3,68K03,0,,1,1,30.0,N,N,N,0,,0,0,1,0,0,Y,17,1,2,0,0,1,1,0,3,4,0,2,3,3.0,N,,,,,,,,,,,
2022061414,1805.0,1,0,0,0,0,0,0,0,0,4,0,,67,7,2022,7,39.9755,-75.1909,1755.0,6,0,0,0,1,0,0,0,1,,0,0,0.0,17,1,1,3,,1,39 58:32.026,4.0,0,75 11:26.738,8,0,0,0,67301,0,0,0,N,0,0,0,3,67301,0,,1,1,1830.0,N,N,N,0,,0,0,1,3,3,N,1745,1,2,0,0,0,1,2,3,4,0,2,3,3.0,N,,,,,,,,,,,