CRN,ARRIVAL_TM,AUTOMOBILE_COUNT,BELTED_DEATH_COUNT,BELTED_SUSP_SERIOUS_INJ_COUNT,BICYCLE_COUNT,BICYCLE_DEATH_COUNT,BICYCLE_SUSP_SERIOUS_INJ_COUNT,BUS_COUNT,CHLDPAS_DEATH_COUNT,CHLDPAS_SUSP_SERIOUS_INJ_COUNT,COLLISION_TYPE,COMM_VEH_COUNT,CONS_ZONE_SPD_LIM,COUNTY,CRASH_MONTH,CRASH_YEAR,DAY_OF_WEEK,DEC_LAT,DEC_LONG,DISPATCH_TM,DISTRICT,DRIVER_COUNT_16YR,DRIVER_COUNT_17YR,DRIVER_COUNT_18YR,DRIVER_COUNT_19YR,DRIVER_COUNT_20YR,DRIVER_COUNT_50_64YR,DRIVER_COUNT_65_74YR,DRIVER_COUNT_75PLUS,EST_HRS_CLOSED,FATAL_COUNT,HEAVY_TRUCK_COUNT,HORSE_BUGGY_COUNT,HOUR_OF_DAY,ILLUMINATION,INJURY_COUNT,INTERSECT_TYPE,INTERSECTION_RELATED,LANE_CLOSED,LATITUDE,LN_CLOSE_DIR,LOCATION_TYPE,LONGITUDE,MAX_SEVERITY_LEVEL,MCYCLE_DEATH_COUNT,MCYCLE_SUSP_SERIOUS_INJ_COUNT,MOTORCYCLE_COUNT,MUNICIPALITY,NONMOTR_COUNT,NONMOTR_DEATH_COUNT,NONMOTR_SUSP_SERIOUS_INJ_COUNT,NTFY_HIWY_MAINT,PED_COUNT,PED_DEATH_COUNT,PED_SUSP_SERIOUS_INJ_COUNT,PERSON_COUNT,POLICE_AGCY,POSSIBLE_INJ_COUNT,RDWY_SURF_TYPE_CD,RELATION_TO_ROAD,ROAD_CONDITION,ROADWAY_CLEARED,SCH_BUS_IND,SCH_ZONE_IND,SECONDARY_CRASH,SMALL_TRUCK_COUNT,SPEC_JURIS_CD,SUSP_MINOR_INJ_COUNT,SUSP_SERIOUS_INJ_COUNT,SUV_COUNT,TCD_FUNC_CD,TCD_TYPE,TFC_DETOUR_IND,TIME_OF_DAY,TOT_INJ_COUNT,TOTAL_UNITS,UNB_DEATH_COUNT,UNB_SUSP_SERIOUS_INJ_COUNT,UNBELTED_OCC_COUNT,UNK_INJ_DEG_COUNT,UNK_INJ_PER_COUNT,URBAN_AREA,URBAN_RURAL,VAN_COUNT,VEHICLE_COUNT,WEATHER1,WEATHER2,WORK_ZONE_IND,WORK_ZONE_LOC,WORK_ZONE_TYPE,WORKERS_PRES,WZ_CLOSE_DETOUR,WZ_FLAGGER,WZ_LAW_OFFCR_IND,WZ_LN_CLOSURE,WZ_MOVING,WZ_OTHER,WZ_SHLDER_MDN,WZ_WORKERS_INJ_KILLED
2022069749,725.0,0,0,0,0,0,0,0,0,0,7,0,,67,7,2022,7,39.9988,-75.156,721.0,6,0,0,0,0,0,1,0,0,,0,0,0.0,7,5,1,2,,0,39 59:55.776,,0,75 09:21.641,3,0,0,0,67301,0,0,0,N,0,0,0,1,67301,0,,5,1,,N,N,N,0,,1,0,1,3,3,,700,1,1,0,0,0,0,0,3,4,0,1,3,3.0,N,,,,,,,,,,,
2022082639,1120.0,0,0,0,0,0,0,0,0,0,1,0,,67,7,2022,1,39.9903,-75.2053,1120.0,6,0,0,0,0,0,0,0,0,,0,0,0.0,11,1,1,0,N,0,39 59:25.130,,0,75 12:19.157,3,0,0,0,67301,0,0,0,N,0,0,0,5,68K01,0,,1,1,,N,N,N,0,,1,0,2,0,0,,1120,1,3,0,0,0,0,0,3,4,0,3,3,3.0,N,,,,,,,,,,,
2022070437,610.0,1,0,0,0,0,0,0,0,0,6,0,,67,8,2022,2,40.0442,-75.0692,601.0,6,0,0,0,0,0,0,0,0,,0,0,0.0,5,5,0,0,N,1,40 02:39.040,4.0,0,75 04:09.070,0,0,0,0,67301,0,0,0,N,0,0,0,1,67301,0,,6,9,707.0,N,N,N,0,,0,0,4,0,0,N,552,0,5,0,0,0,0,0,3,4,0,5,7,,N,,,,,,,,,,,
2022072211,1336.0,0,0,0,0,0,0,0,0,0,4,0,,67,8,2022,3,40.0818,-75.0305,1331.0,6,0,0,0,0,0,0,0,1,,0,0,0.0,13,1,1,1,,0,40 04:54.545,,0,75 01:49.687,3,0,0,1,67301,0,0,0,N,0,0,0,2,67301,0,,1,1,,N,N,N,0,,1,0,1,3,2,,1330,1,2,0,0,0,0,0,3,4,0,2,3,3.0,N,,,,,,,,,,,
2022082586,720.0,1,0,0,0,0,0,0,0,0,1,0,,67,8,2022,6,39.8981,-75.1833,711.0,6,0,0,0,0,0,0,0,0,,0,0,0.0,7,1,0,0,N,0,39 53:53.133,,0,75 10:59.950,0,0,0,0,67301,0,0,0,N,0,0,0,2,68K01,0,,1,1,,N,N,N,1,,0,0,0,0,0,,708,0,2,0,0,0,0,0,3,4,0,2,3,3.0,N,,,,,,,,,,,
2022072203,1935.0,1,0,0,0,0,0,0,0,0,8,0,,67,8,2022,5,39.9271,-75.1648,1932.0,6,0,0,0,0,0,1,0,0,,0,0,0.0,19,4,1,2,,0,39 55:37.473,,0,75 09:53.240,4,0,0,0,67301,1,0,0,N,1,0,0,2,67301,1,,1,1,,N,N,N,0,,0,0,0,0,0,,1920,1,2,0,0,0,0,0,3,4,0,1,3,,N,,,,,,,,,,,
2022082190,1720.0,2,0,0,0,0,0,0,0,0,1,0,,67,8,2022,1,39.9454,-75.1905,1700.0,6,0,0,0,0,0,0,1,0,,0,0,0.0,16,1,0,0,N,0,39 56:43.397,,0,75 11:25.798,0,0,0,0,67301,0,0,0,N,0,0,0,9,68K01,0,,1,1,,N,N,N,0,,0,0,1,0,0,,1659,0,3,0,0,0,0,0,3,4,0,3,3,3.0,N,,,,,,,,,,,
2022070551,1638.0,2,0,0,0,0,0,0,0,0,1,0,,67,8,2022,2,39.9175,-75.2128,1638.0,6,0,0,0,0,0,0,0,0,,0,0,0.0,16,1,0,0,N,1,39 55:02.918,3.0,0,75 12:46.047,0,0,0,0,67301,0,0,0,N,0,0,0,1,67301,0,,1,1,1700.0,N,N,N,0,,0,0,0,0,0,N,1603,0,2,0,0,0,0,0,3,4,0,2,4,,N,,,,,,,,,,,
2022075789,1514.0,2,0,0,0,0,0,0,0,0,4,0,,67,8,2022,7,39.9717,-75.1259,1513.0,6,0,0,0,0,0,0,0,0,,0,0,0.0,14,1,1,1,,1,39 58:18.518,6.0,0,75 07:33.433,3,0,0,0,67301,0,0,0,N,0,0,0,4,67301,0,,1,1,130.0,N,N,N,0,,1,0,0,3,2,N,1449,1,2,0,0,0,0,0,3,4,0,2,3,,N,,,,,,,,,,,
2022072242,830.0,1,0,0,0,0,0,0,0,0,1,1,,67,8,2022,2,40.0541,-75.049,819.0,6,0,0,0,0,0,0,0,0,,0,1,0.0,7,1,1,1,,0,40 03:14.734,,0,75 02:56.553,3,0,0,0,67301,0,0,0,N,0,0,0,3,67301,0,,1,99,,N,N,N,0,,1,0,1,3,2,,705,1,3,0,0,0,0,2,3,4,0,3,99,,N,,,,,,,,,,,
2022082026,2355.0,3,0,0,0,0,0,0,0,0,4,0,,67,8,2022,1,39.9605,-75.2416,2355.0,6,0,0,0,0,0,0,0,0,,0,0,0.0,23,3,0,0,N,0,39 57:37.808,,0,75 14:29.585,9,0,0,0,67301,0,0,0,N,0,0,0,1,67301,0,,4,9,,N,N,N,0,,0,0,0,0,0,,2355,0,3,0,0,1,0,1,3,4,0,3,7,7.0,N,,,,,,,,,,,
2022069937,1046.0,1,0,0,0,0,0,0,0,0,1,0,,67,7,2022,7,39.9993,-75.0986,1046.0,6,0,0,0,1,0,0,0,0,,0,0,0.0,10,1,0,0,Y,0,39 59:57.430,,0,75 05:55.124,0,0,0,0,67301,0,0,0,N,0,0,0,3,67301,0,,1,1,,N,N,N,0,,0,0,2,3,2,,1046,0,3,0,0,3,0,0,3,4,0,3,3,3.0,N,,,,,,,,,,,
2022078306,2020.0,1,0,0,0,0,0,1,0,0,5,1,,67,6,2022,5,39.9964,-75.1135,2020.0,6,0,0,0,0,0,0,0,0,,0,0,0.0,20,4,1,5,,0,39 59:47.175,,1,75 06:48.425,4,0,0,0,67301,0,0,0,N,0,0,0,3,67508,1,,1,1,,N,N,N,0,,0,0,0,3,2,,2015,1,2,0,0,1,0,1,3,4,0,2,3,3.0,N,,,,,,,,,,,
2022068587,1826.0,0,0,1,0,0,0,0,0,0,4,0,,67,7,2022,6,40.0299,-75.0878,1825.0,6,0,0,0,0,0,1,0,0,,0,0,0.0,18,1,1,1,,0,40 01:47.633,,0,75 05:16.085,2,0,0,0,67301,0,0,0,N,0,0,0,2,67301,0,,1,1,,N,N,N,1,,0,1,1,3,2,,1825,1,2,0,0,0,0,0,3,4,0,2,3,,N,,,,,,,,,,,
2022069201,2222.0,0,0,0,0,0,0,0,0,0,7,0,,67,7,2022,4,40.0059,-75.1519,2218.0,6,0,0,0,0,0,0,0,0,,0,0,0.0,22,3,1,0,N,0,40 00:21.229,,0,75 09:06.699,8,0,0,0,67301,0,0,0,N,0,0,0,1,67505,0,,5,1,,N,N,N,0,,0,0,0,0,0,,2218,1,1,0,0,0,1,0,3,4,1,1,3,3.0,N,,,,,,,,,,,
2022076696,1205.0,0,0,0,1,0,0,0,0,0,3,0,,67,8,2022,6,39.9926,-75.1206,1200.0,6,0,0,0,0,0,0,0,0,,0,0,0.0,0,3,1,0,N,0,39 59:33.280,,1,75 07:13.980,3,0,0,0,67301,1,0,0,N,0,0,0,2,67301,0,,1,1,,N,N,N,0,,1,0,0,0,0,,30,1,2,0,0,0,0,0,3,4,0,1,3,,N,,,,,,,,,,,
2022070465,4.0,0,0,0,0,0,0,0,0,0,4,0,,67,8,2022,2,40.0462,-75.1661,2358.0,6,0,0,0,0,0,0,1,0,,0,0,0.0,22,3,1,1,,0,40 02:46.469,,0,75 09:57.857,3,0,0,0,67301,0,0,0,N,0,0,0,2,67301,0,,1,1,,N,N,N,0,,1,0,2,3,3,,2235,1,2,0,0,0,0,0,3,4,0,2,3,3.0,N,,,,,,,,,,,
2022072231,2120.0,2,0,0,0,0,0,0,0,0,1,0,,67,8,2022,7,39.9182,-75.2088,2120.0,6,0,0,0,0,0,0,0,0,,0,0,0.0,20,3,2,2,,0,39 55:05.829,,0,75 12:32.558,3,0,0,0,67301,0,0,0,N,0,0,0,5,67301,1,,1,1,,N,N,N,0,,1,0,1,3,2,,2054,2,3,0,0,2,0,0,3,4,0,3,3,3.0,N,,,,,,,,,,,
2022072207,1925.0,0,0,0,1,0,0,0,0,0,4,0,,67,8,2022,2,39.9456,-75.165,1921.0,6,0,0,0,0,0,0,0,0,,0,0,0.0,19,1,1,1,,0,39 56:44.085,,0,75 09:54.490,4,0,0,0,67301,1,0,0,N,0,0,0,2,67301,1,,1,1,,N,N,N,0,,0,0,0,3,2,,1921,1,2,0,0,0,0,0,3,4,0,1,3,3.0,N,,,,,,,,,,,
2022081499,833.0,1,0,0,0,0,0,0,0,0,1,0,,67,8,2022,4,39.9806,-75.2057,823.0,6,0,1,0,0,0,0,0,0,,0,0,0.0,8,1,0,0,N,1,39 58:50.091,4.0,0,75 12:20.651,0,0,0,0,67301,0,0,0,N,0,0,0,3,68K01,0,,1,1,643.0,N,N,N,0,,0,0,1,0,0,N,817,0,2,0,0,0,0,0,3,4,0,2,3,,N,,,,,,,,,,,
2022081105,1349.0,1,0,0,0,0,0,0,0,0,1,0,,67,8,2022,5,39.9582,-75.1641,1335.0,6,0,0,0,0,0,2,2,0,,0,0,0.0,13,1,0,0,N,0,39 57:29.372,,0,75 09:50.751,0,0,0,0,67301,0,0,0,N,0,0,0,4,68K01,0,,1,1,,N,N,N,1,,0,0,2,0,0,,1330,0,4,0,0,0,0,0,3,4,0,4,3,3.0,N,,,,,,,,,,,
2022077074,527.0,1,0,0,0,0,0,0,0,0,8,0,,67,8,2022,4,39.9504,-75.1926,527.0,6,0,0,0,0,0,0,0,0,,0,0,0.0,5,5,1,1,,0,39 57:01.583,,0,75 11:33.306,3,0,0,0,67301,1,0,0,N,1,0,0,2,67504,0,,1,1,,N,N,N,0,,1,0,0,3,2,,527,1,2,0,0,0,0,0,3,4,0,1,3,3.0,N,,,,,,,,,,,
2022069159,1506.0,1,0,0,0,0,0,0,0,0,5,0,,67,7,2022,2,39.9434,-75.1488,1502.0,6,0,0,0,0,0,0,0,1,,0,0,0.0,14,1,1,0,N,2,39 56:36.130,2.0,0,75 08:55.630,3,0,0,0,67301,0,0,0,N,0,0,0,1,67301,0,,6,1,1525.0,N,N,N,0,,1,0,2,0,0,Y,1458,1,3,0,0,0,0,0,3,4,0,3,3,3.0,N,,,,,,,,,,,
2022080246,1831.0,0,0,0,0,0,0,0,0,0,8,0,,67,8,2022,4,39.9679,-75.1652,1825.0,6,0,0,0,0,0,0,0,0,,0,0,0.0,16,1,1,2,,0,39 58:04.432,,0,75 09:54.662,3,0,0,0,67301,1,0,0,N,1,0,0,2,67301,0,,1,1,,N,N,N,0,,1,0,1,0,0,,1600,1,2,0,0,0,0,1,3,4,0,1,3,3.0,N,,,,,,,,,,,
2022079328,1536.0,1,0,0,0,0,0,0,0,0,4,0,,67,8,2022,3,39.9703,-75.1466,1532.0,6,0,0,0,0,0,0,0,0,,0,0,0.0,15,1,3,1,,0,39 58:13.489,,0,75 08:47.550,3,0,0,0,67301,0,0,0,N,0,0,0,5,67301,2,,1,1,,N,N,N,0,,1,0,1,2,2,,1514,3,2,0,0,2,0,0,3,4,0,2,3,3.0,N,,,,,,,,,,,
2022078872,1805.0,0,0,0,0,0,0,0,0,0,4,0,,67,8,2022,1,40.0875,-74.9711,1801.0,6,0,0,0,0,0,1,0,0,,0,0,0.0,17,1,1,1,,0,40 05:15.133,,0,74 58:16.083,3,0,0,0,67301,0,0,0,N,0,0,0,4,67301,0,,1,1,,N,N,N,1,,1,0,1,3,2,,1746,1,2,0,0,0,0,0,3,4,0,2,3,,N,,,,,,,,,,,
2022073813,2106.0,1,0,0,1,0,0,0,0,0,4,0,,67,8,2022,1,39.9548,-75.228,2047.0,6,0,0,0,0,0,0,0,0,,0,0,0.0,20,3,1,1,,0,39 57:17.413,,0,75 13:40.742,3,0,0,0,67301,1,0,0,N,0,0,0,2,67301,0,,1,1,,N,N,N,0,,1,0,0,3,2,,2044,1,2,0,0,0,0,0,3,4,0,1,3,,N,,,,,,,,,,,
2022072244,4.0,1,0,0,0,0,0,0,0,0,5,0,,67,8,2022,4,40.0248,-75.0727,2.0,6,0,0,0,0,0,0,0,0,,0,0,0.0,0,3,0,0,N,0,40 01:29.212,,0,75 04:21.691,0,0,0,0,67301,0,0,0,N,0,0,0,2,67301,0,,6,1,,N,N,N,0,,0,0,1,0,0,,1,0,3,0,0,0,0,0,3,4,1,3,3,3.0,N,,,,,,,,,,,
2022081484,2002.0,1,0,0,0,0,0,0,0,0,7,0,,67,8,2022,4,39.9071,-75.1498,2002.0,6,0,0,0,0,0,0,0,0,,0,0,0.0,20,3,2,0,N,0,39 54:25.453,,0,75 08:59.115,3,0,0,0,67301,0,0,0,N,0,0,0,3,68K01,0,,4,1,,N,N,N,0,,2,0,0,0,0,,2000,2,1,0,0,2,0,0,3,4,0,1,3,,N,,,,,,,,,,,
2022081013,1855.0,2,0,0,0,0,0,0,0,0,4,0,,67,7,2022,5,39.9575,-75.2173,1834.0,6,0,0,0,0,0,0,0,0,,0,0,0.0,16,1,0,1,,0,39 57:27.042,,0,75 13:02.424,0,0,0,0,67301,0,0,0,N,0,0,0,2,67301,0,,1,1,,N,N,N,0,,0,0,0,3,2,,1651,0,2,0,0,0,0,0,3,4,0,2,3,3.0,N,,,,,,,,,,,
2022069738,2135.0,2,0,0,0,0,0,0,0,0,1,0,,67,7,2022,6,39.9211,-75.1943,2132.0,6,0,0,0,0,0,0,0,0,,0,0,0.0,21,3,1,0,Y,1,39 55:15.967,3.0,0,75 11:39.392,3,0,0,0,67301,0,0,0,N,0,0,0,4,67301,0,,1,1,100.0,N,N,N,1,,1,0,0,3,2,N,2130,1,3,0,0,0,0,0,3,4,0,3,3,3.0,N,,,,,,,,,,,
2022069083,1105.0,1,0,0,0,0,0,0,0,0,7,0,,67,7,2022,6,40.024,-75.1596,1100.0,6,0,0,0,0,0,0,1,0,,0,0,0.0,10,1,1,1,,0,40 01:26.350,,0,75 09:34.481,3,0,0,0,67301,0,0,0,N,0,0,0,1,67301,0,,5,1,,N,N,N,0,,1,0,0,3,2,,1055,1,1,0,0,0,0,0,3,4,0,1,3,3.0,N,,,,,,,,,,,
2022079610,1046.0,1,0,0,0,0,0,0,0,0,4,0,,67,7,2022,5,39.9458,-75.1748,1032.0,6,0,0,0,0,0,1,0,0,,0,0,0.0,10,1,1,1,,1,39 56:45.052,1.0,0,75 10:29.418,3,0,0,0,67301,0,0,0,N,0,0,0,2,67301,0,,1,1,1100.0,N,N,N,0,,1,0,1,3,2,N,1032,1,2,0,0,0,0,0,3,4,0,2,3,3.0,N,,,,,,,,,,,
2022068640,1710.0,0,0,0,0,0,0,0,0,0,8,0,,67,7,2022,3,39.9507,-75.1624,1700.0,6,0,0,0,0,0,0,0,0,,0,0,0.0,16,1,1,0,N,0,39 57:02.390,,0,75 09:44.515,3,0,0,0,67301,1,0,0,N,1,0,0,2,67301,0,,1,1,,N,N,N,0,,1,0,1,0,0,,1620,1,2,0,0,1,0,0,3,4,0,1,3,,N,,,,,,,,,,,
2022069692,2255.0,0,0,0,0,0,0,0,0,0,8,0,,67,7,2022,6,40.0342,-75.0476,2251.0,6,0,0,0,0,0,0,0,0,,0,0,0.0,22,2,1,0,N,0,40 02:03.090,,0,75 02:51.410,8,0,0,0,67301,1,0,0,N,1,0,0,2,67301,0,,1,1,,N,N,N,0,,0,0,1,0,0,,2225,1,2,0,0,0,1,1,3,4,0,1,4,,N,,,,,,,,,,,
2022079765,1331.0,1,0,0,0,0,0,0,0,0,1,0,,67,8,2022,1,39.9022,-75.2018,1330.0,6,0,0,0,0,0,0,0,0,,0,0,0.0,6,5,1,0,N,0,39 54:08.021,,3,75 12:06.330,8,0,0,0,67301,0,0,0,N,0,0,0,2,67301,0,,1,1,,N,N,N,1,,0,0,0,0,0,,650,1,2,0,0,1,1,0,3,4,0,2,3,3.0,N,,,,,,,,,,,
2022072249,2139.0,1,0,0,1,0,0,0,0,0,4,0,,67,8,2022,6,39.9633,-75.1885,2135.0,6,0,0,0,1,0,0,0,0,,0,0,0.0,21,3,1,1,,0,39 57:47.719,,0,75 11:18.597,3,0,0,0,67301,1,0,0,N,0,0,0,2,67301,0,,1,1,,N,N,N,0,,1,0,0,3,2,,2130,1,2,0,0,0,0,0,3,4,0,1,3,,N,,,,,,,,,,,
2022072287,1531.0,1,0,0,0,0,0,0,0,0,4,0,,67,8,2022,2,40.013,-75.1194,1531.0,6,0,0,0,0,0,1,0,0,,0,0,0.0,14,1,0,1,,0,40 00:46.715,,0,75 07:09.796,0,0,0,0,67301,0,0,0,N,0,0,0,4,67301,0,,1,1,,N,N,N,0,,0,0,1,3,2,,1407,0,2,0,0,0,0,0,3,4,0,2,3,3.0,N,,,,,,,,,,,
2022081012,846.0,1,0,0,0,0,0,0,0,0,4,0,,67,6,2022,5,39.957,-75.235,843.0,6,0,0,0,0,0,0,0,0,,0,0,0.0,8,1,1,1,,0,39 57:25.074,,0,75 14:06.043,3,0,0,0,67301,0,0,0,N,0,0,0,3,67301,0,,1,1,,N,N,N,0,,1,0,1,3,3,,830,1,2,0,0,0,0,0,3,4,0,2,3,,N,,,,,,,,,,,
2022072477,1936.0,1,0,0,0,0,0,0,0,0,4,0,,67,8,2022,7,40.0209,-75.1486,1936.0,6,0,0,0,1,0,0,0,0,,0,0,0.0,13,1,1,2,,0,40 01:15.173,,0,75 08:54.961,8,0,0,0,67301,0,0,0,N,0,0,0,2,67301,0,,1,1,,N,N,N,0,,0,0,1,0,0,,1300,1,2,0,0,0,1,1,3,4,0,2,3,3.0,N,,,,,,,,,,,
2022082618,1004.0,1,0,0,0,0,0,0,0,0,7,0,,67,9,2022,3,40.0394,-75.0071,956.0,6,0,0,0,0,0,1,0,0,,0,0,0.0,9,1,0,0,N,0,40 02:21.961,,0,75 00:25.559,0,0,0,0,67301,0,0,0,N,0,0,0,1,68K01,0,,4,9,,N,N,N,0,,0,0,0,0,0,,955,0,1,0,0,0,0,0,3,4,0,1,7,4.0,N,,,,,,,,,,,
2022072196,1615.0,0,0,0,0,0,0,0,0,0,8,0,,67,8,2022,4,40.0452,-75.0941,1610.0,6,0,0,0,0,0,0,0,0,,0,0,0.0,16,1,1,0,N,0,40 02:42.800,,0,75 05:38.800,8,0,0,0,67301,1,0,0,N,1,0,0,2,67301,0,,4,1,,N,N,N,0,,0,0,1,0,0,,1600,1,2,0,0,1,1,0,3,4,0,1,3,,N,,,,,,,,,,,
2022080945,1900.0,2,0,0,0,0,0,0,0,0,1,0,,67,9,2022,7,40.0687,-75.1815,1900.0,6,0,0,0,0,0,0,0,0,,0,0,0.0,19,1,2,0,N,0,40 04:07.429,,0,75 10:53.291,3,0,0,0,67301,0,0,0,N,0,0,0,5,67301,0,,1,1,,N,N,N,0,,2,0,0,0,0,,1900,2,2,0,0,0,0,0,3,4,0,2,3,3.0,N,,,,,,,,,,,
2022082271,954.0,3,0,0,0,0,0,0,0,0,1,0,,67,7,2022,7,40.0139,-75.0564,937.0,6,0,0,0,0,0,0,0,0,,0,0,0.0,9,1,0,0,N,0,40 00:49.867,,0,75 03:23.092,0,0,0,0,67301,0,0,0,N,0,0,0,8,68K01,0,,1,1,,N,N,N,0,,0,0,0,0,0,,936,0,3,0,0,0,0,0,3,4,0,3,3,3.0,N,,,,,,,,,,,
2022072308,846.0,3,0,0,0,0,0,0,0,0,1,0,,67,8,2022,7,39.9246,-75.2301,845.0,6,0,0,0,0,0,0,0,0,,0,0,0.0,3,2,0,0,N,0,39 55:28.430,,0,75 13:48.180,9,0,0,0,67301,0,0,0,N,0,0,0,1,67301,0,,6,1,,N,N,N,0,,0,0,0,0,0,,300,0,3,0,0,0,0,1,3,4,0,3,3,3.0,N,,,,,,,,,,,
2022072245,1906.0,1,0,0,0,0,0,0,0,0,4,0,,67,8,2022,4,40.0202,-75.0414,1905.0,6,0,0,0,0,0,0,0,1,,0,0,0.0,19,1,0,3,,0,40 01:12.541,,0,75 02:28.597,0,0,0,0,67301,0,0,0,N,0,0,0,3,67301,0,,1,1,,N,N,N,0,,0,0,1,3,4,,1900,0,2,0,0,0,0,0,3,4,0,2,3,3.0,N,,,,,,,,,,,
2022081503,2353.0,1,0,0,0,0,0,0,0,0,1,0,,67,8,2022,7,39.9452,-75.1907,2321.0,6,0,0,0,0,0,0,0,0,,0,0,0.0,23,3,0,0,N,0,39 56:42.591,,0,75 11:26.394,0,0,0,0,67301,0,0,0,N,0,0,0,3,68K01,0,,1,1,,N,N,N,0,,0,0,1,0,0,,2314,0,2,0,0,0,0,0,3,4,0,2,3,,N,,,,,,,,,,,
2022081862,142.0,0,0,0,0,0,0,0,0,0,7,0,,67,8,2022,3,40.0021,-75.1223,142.0,6,0,0,0,0,0,0,0,0,,0,0,0.0,0,3,0,0,N,0,40 00:07.490,,0,75 07:20.240,0,0,0,0,67301,0,0,0,N,0,0,0,0,67301,0,,5,1,,N,N,N,0,,0,0,1,0,0,,5,0,1,0,0,0,0,0,3,4,0,1,3,,N,,,,,,,,,,,
2022072384,2250.0,3,0,0,0,0,0,0,0,0,5,0,,67,8,2022,7,39.9893,-75.1605,2236.0,6,0,0,0,0,0,0,0,0,,0,0,0.0,22,3,0,0,N,2,39 59:21.410,2.0,0,75 09:37.940,9,0,0,0,67301,0,0,0,N,0,0,0,1,67301,0,,6,1,1200.0,N,N,N,0,,0,0,2,0,0,Y,2236,0,5,0,0,0,0,1,3,4,0,5,3,3.0,N,,,,,,,,,,,
2022072270,1840.0,0,0,0,0,0,0,0,0,0,7,0,,67,8,2022,4,39.9895,-75.1554,1835.0,6,0,0,0,0,0,1,0,0,,0,0,0.0,18,1,1,0,N,1,39 59:22.199,1.0,0,75 09:19.580,3,0,0,0,67301,0,0,0,N,0,0,0,3,67301,0,,3,1,1850.0,N,N,N,0,,1,0,1,0,0,N,1830,1,1,0,0,0,0,0,3,4,0,1,3,3.0,N,,,,,,,,,,,
2022069976,2012.0,2,0,0,0,0,0,0,0,0,3,0,,67,7,2022,4,39.9381,-75.2289,2011.0,6,0,0,0,0,0,2,0,0,,0,0,0.0,19,3,1,1,,0,39 56:17.278,,0,75 13:43.878,8,0,0,0,67301,0,0,0,N,0,0,0,3,67301,0,,1,1,,N,N,N,0,,0,0,0,0,0,,1954,1,2,0,0,0,1,0,3,4,0,2,3,,N,,,,,,,,,,,
2022070251,2104.0,1,0,0,0,0,0,0,0,0,1,0,,67,7,2022,7,40.0014,-75.0816,2032.0,6,0,0,0,0,0,0,0,0,,0,0,0.0,17,3,0,3,,0,40 00:05.051,,0,75 04:53.673,0,0,0,0,67301,0,0,0,N,0,0,0,2,67301,0,,1,1,,N,N,N,0,,0,0,0,3,2,,1730,0,2,0,0,0,0,0,3,4,0,2,3,3.0,N,,,,,,,,,,,
2022072275,1306.0,2,0,0,0,0,0,0,0,0,4,0,,67,7,2022,3,39.9955,-75.1089,1305.0,6,0,0,0,0,0,0,0,0,,0,0,0.0,13,1,0,1,,0,39 59:43.731,,0,75 06:32.155,9,0,0,0,67301,0,0,0,N,0,0,0,2,67301,0,,1,1,,N,N,N,0,,0,0,0,3,2,,1305,0,3,0,0,0,0,1,3,4,0,3,3,4.0,N,,,,,,,,,,,
2022076790,2253.0,1,0,0,0,0,0,0,0,0,4,0,,67,7,2022,4,39.9561,-75.2237,2253.0,6,0,0,0,0,0,0,0,0,,0,0,0.0,18,1,2,1,,0,39 57:21.985,,0,75 13:25.273,3,0,0,0,67301,0,0,0,N,0,0,0,3,67301,0,,1,1,,N,N,N,0,,2,0,1,3,3,,1812,2,2,0,0,0,0,0,3,4,0,2,3,3.0,N,,,,,,,,,,,
2022069919,520.0,2,0,0,0,0,0,0,0,0,1,0,,67,7,2022,7,39.9982,-75.1269,515.0,6,0,0,0,0,1,0,0,0,,0,0,0.0,5,3,1,0,N,0,39 59:53.498,,0,75 07:36.832,3,0,0,0,67301,0,0,0,N,0,0,0,1,67301,0,,6,1,,N,N,N,1,,1,0,0,0,0,,510,1,3,0,0,0,0,0,3,4,0,3,3,3.0,N,,,,,,,,,,,
2022080299,845.0,0,0,0,1,0,0,1,0,0,4,1,,67,9,2022,5,40.0479,-75.1715,821.0,6,0,0,0,0,0,1,0,0,,0,0,0.0,8,1,1,1,,1,40 02:52.385,7.0,0,75 10:17.540,3,0,0,0,67301,1,0,0,N,0,0,0,8,67301,0,,1,1,915.0,Y,N,N,0,,1,0,0,3,3,N,815,1,2,0,0,0,0,0,3,4,0,1,3,3.0,N,,,,,,,,,,,
2022081620,721.0,2,0,0,0,0,0,0,0,0,4,0,,67,9,2022,3,40.0854,-75.0374,721.0,6,0,0,0,0,0,1,0,0,,0,0,0.0,7,1,2,1,,1,40 05:07.651,3.0,0,75 02:14.830,8,0,0,0,67301,0,0,0,N,0,0,0,2,67301,0,,1,9,100.0,N,N,N,0,,0,0,0,3,2,N,718,2,2,0,0,0,2,0,3,4,0,2,7,7.0,N,,,,,,,,,,,
2022078808,1048.0,1,0,0,0,0,0,0,0,0,7,0,,67,8,2022,2,40.0513,-74.9891,1032.0,6,0,0,0,0,0,0,0,0,,0,0,0.0,10,1,0,0,N,0,40 03:04.535,,0,74 59:20.901,0,0,0,0,67301,0,0,0,N,0,0,0,5,68K01,0,,2,1,,N,N,N,0,,0,0,0,0,0,,1030,0,3,0,0,1,0,0,3,4,2,3,3,,N,,,,,,,,,,,