CRN,ARRIVAL_TM,AUTOMOBILE_COUNT,BELTED_DEATH_COUNT,BELTED_SUSP_SERIOUS_INJ_COUNT,BICYCLE_COUNT,BICYCLE_DEATH_COUNT,BICYCLE_SUSP_SERIOUS_INJ_COUNT,BUS_COUNT,CHLDPAS_DEATH_COUNT,CHLDPAS_SUSP_SERIOUS_INJ_COUNT,COLLISION_TYPE,COMM_VEH_COUNT,CONS_ZONE_SPD_LIM,COUNTY,CRASH_MONTH,CRASH_YEAR,DAY_OF_WEEK,DEC_LAT,DEC_LONG,DISPATCH_TM,DISTRICT,DRIVER_COUNT_16YR,DRIVER_COUNT_17YR,DRIVER_COUNT_18YR,DRIVER_COUNT_19YR,DRIVER_COUNT_20YR,DRIVER_COUNT_50_64YR,DRIVER_COUNT_65_74YR,DRIVER_COUNT_75PLUS,EST_HRS_CLOSED,FATAL_COUNT,HEAVY_TRUCK_COUNT,HORSE_BUGGY_COUNT,HOUR_OF_DAY,ILLUMINATION,INJURY_COUNT,INTERSECT_TYPE,INTERSECTION_RELATED,LANE_CLOSED,LATITUDE,LN_CLOSE_DIR,LOCATION_TYPE,LONGITUDE,MAX_SEVERITY_LEVEL,MCYCLE_DEATH_COUNT,MCYCLE_SUSP_SERIOUS_INJ_COUNT,MOTORCYCLE_COUNT,MUNICIPALITY,NONMOTR_COUNT,NONMOTR_DEATH_COUNT,NONMOTR_SUSP_SERIOUS_INJ_COUNT,NTFY_HIWY_MAINT,PED_COUNT,PED_DEATH_COUNT,PED_SUSP_SERIOUS_INJ_COUNT,PERSON_COUNT,POLICE_AGCY,POSSIBLE_INJ_COUNT,RDWY_SURF_TYPE_CD,RELATION_TO_ROAD,ROAD_CONDITION,ROADWAY_CLEARED,SCH_BUS_IND,SCH_ZONE_IND,SECONDARY_CRASH,SMALL_TRUCK_COUNT,SPEC_JURIS_CD,SUSP_MINOR_INJ_COUNT,SUSP_SERIOUS_INJ_COUNT,SUV_COUNT,TCD_FUNC_CD,TCD_TYPE,TFC_DETOUR_IND,TIME_OF_DAY,TOT_INJ_COUNT,TOTAL_UNITS,UNB_DEATH_COUNT,UNB_SUSP_SERIOUS_INJ_COUNT,UNBELTED_OCC_COUNT,UNK_INJ_DEG_COUNT,UNK_INJ_PER_COUNT,URBAN_AREA,URBAN_RURAL,VAN_COUNT,VEHICLE_COUNT,WEATHER1,WEATHER2,WORK_ZONE_IND,WORK_ZONE_LOC,WORK_ZONE_TYPE,WORKERS_PRES,WZ_CLOSE_DETOUR,WZ_FLAGGER,WZ_LAW_OFFCR_IND,WZ_LN_CLOSURE,WZ_MOVING,WZ_OTHER,WZ_SHLDER_MDN,WZ_WORKERS_INJ_KILLED
2022079773,1616.0,1,0,0,0,0,0,0,0,0,1,1,,67,8,2022,2,39.9111,-75.1625,1615.0,6,0,0,0,0,0,0,0,0,,0,1,0.0,16,1,1,0,N,2,39 54:40.067,4.0,3,75 09:44.855,2,0,0,0,67301,0,0,0,N,0,0,0,3,67501,0,,1,1,1711.0,N,N,N,0,,0,1,1,0,0,Y,1615,1,3,0,1,1,0,0,3,4,0,3,3,3.0,N,,,,,,,,,,,
2022072237,1245.0,2,0,0,0,0,0,0,0,0,4,0,,67,8,2022,5,40.0448,-75.1638,1240.0,6,0,0,0,0,0,0,0,0,,0,0,0.0,15,1,3,1,,0,40 02:41.397,,0,75 09:49.614,3,0,0,0,67301,0,0,0,N,0,0,0,5,67301,0,,1,1,,N,N,N,0,,3,0,1,3,3,,1540,3,3,0,0,0,0,0,3,4,0,3,3,3.0,N,,,,,,,,,,,
2022075645,2218.0,0,0,0,0,0,0,0,0,0,1,0,45.0,67,8,2022,4,39.8989,-75.1683,2218.0,6,0,0,0,0,0,0,0,0,,0,0,0.0,22,3,1,0,N,0,39 53:56.173,,3,75 10:06.001,8,0,0,1,67301,0,0,0,N,0,0,0,2,68K01,0,,1,1,,N,N,N,0,,0,0,0,0,0,,2218,1,2,0,0,0,1,0,3,4,1,2,3,3.0,Y,4.0,2.0,Y,N,N,Y,Y,N,N,N,N
2022072230,1750.0,0,0,0,0,0,0,0,0,0,2,0,,67,8,2022,7,39.9351,-75.2352,1745.0,6,0,0,0,0,0,1,0,0,,0,0,0.0,17,1,2,0,N,0,39 56:06.194,,0,75 14:06.736,2,0,0,0,67301,0,0,0,N,0,0,0,3,67301,0,,1,1,,N,N,N,0,,0,1,1,0,0,,1743,2,2,0,0,0,1,0,3,4,1,2,3,3.0,N,,,,,,,,,,,
2022070255,1521.0,3,0,0,0,0,0,0,0,0,4,0,,67,8,2022,2,40.003,-75.1513,1511.0,6,0,0,0,0,0,0,0,0,,0,0,0.0,15,1,2,1,,1,40 00:10.828,2.0,0,75 09:04.647,8,0,0,0,67301,1,0,0,N,0,0,0,3,67505,0,,1,1,1108.0,N,N,Y,0,,0,0,2,3,3,N,1511,2,5,0,0,0,2,0,3,4,0,5,3,3.0,N,,,,,,,,,,,
2022072300,1755.0,1,0,0,0,0,0,0,0,0,4,0,,67,8,2022,7,40.0207,-75.1486,1755.0,6,0,0,0,0,0,0,1,0,,0,0,0.0,17,1,0,2,,0,40 01:14.412,,0,75 08:55.127,0,0,0,0,67301,0,0,0,N,0,0,0,2,67301,0,,1,1,,N,N,N,0,,0,0,1,0,0,,1735,0,2,0,0,0,0,0,3,4,0,2,3,,N,,,,,,,,,,,
2022072491,2156.0,0,0,0,1,0,0,0,0,0,4,0,,67,8,2022,6,39.9972,-75.1193,2144.0,6,0,0,0,0,0,0,0,0,,0,0,0.0,21,3,1,1,,0,39 59:49.981,,0,75 07:09.644,3,0,0,0,67301,1,0,0,N,0,0,0,2,67301,0,,1,1,,N,N,N,0,,1,0,1,3,2,,2125,1,2,0,0,0,0,0,3,4,0,1,3,3.0,N,,,,,,,,,,,
2022082172,213.0,0,0,0,0,0,0,0,0,0,7,0,,67,8,2022,2,40.028,-75.0237,213.0,6,0,0,0,0,0,0,0,0,,0,0,0.0,2,3,0,0,N,2,40 01:40.747,1.0,0,75 01:25.481,0,0,0,0,67301,0,0,0,N,0,0,0,1,68K01,0,,4,9,230.0,N,N,N,0,,0,0,1,0,0,N,205,0,1,0,0,0,0,0,3,4,0,1,7,,N,,,,,,,,,,,
2022072783,1319.0,0,0,0,0,0,0,0,0,0,4,0,,67,8,2022,6,39.9922,-75.2337,1314.0,6,0,0,0,0,0,0,1,0,,0,0,0.0,13,1,0,1,,0,39 59:31.848,,0,75 14:01.341,0,0,0,0,67301,0,0,0,N,0,0,0,3,67301,0,,1,1,,N,N,N,0,,0,0,2,3,2,,1300,0,2,0,0,0,0,0,3,4,0,2,3,,N,,,,,,,,,,,
2022080536,931.0,1,0,0,0,0,0,0,0,0,4,0,,67,7,2022,7,40.0227,-75.1368,931.0,6,0,0,0,0,0,0,0,0,,0,0,0.0,21,3,0,1,,0,40 01:21.624,,0,75 08:12.337,0,0,0,0,67301,0,0,0,N,0,0,0,2,67301,0,,1,99,,N,N,N,0,,0,0,1,3,2,,2130,0,2,0,0,0,0,0,3,4,0,2,99,3.0,N,,,,,,,,,,,
2022072257,1215.0,0,0,0,0,0,0,0,0,0,4,0,,67,8,2022,4,39.9524,-75.2428,1208.0,6,0,0,0,0,0,1,0,0,,0,0,0.0,11,1,1,1,,0,39 57:08.766,,0,75 14:33.903,8,0,0,0,67301,0,0,0,N,0,0,0,3,67301,0,,1,1,,N,N,N,1,,0,0,1,3,2,,1116,1,2,0,0,0,1,2,3,4,0,2,3,3.0,N,,,,,,,,,,,
2022081286,2347.0,2,0,0,0,0,0,0,0,0,5,0,,67,9,2022,7,40.0237,-75.1795,2346.0,6,0,0,0,0,0,0,0,0,,0,0,0.0,23,3,1,0,N,0,40 01:25.467,,0,75 10:46.151,2,0,0,0,67301,0,0,0,N,0,0,0,1,67301,0,,1,1,,N,N,N,0,,0,1,2,0,0,,2343,1,4,0,0,0,0,0,3,4,0,4,3,3.0,N,,,,,,,,,,,
2022072192,1306.0,1,0,0,1,0,0,0,0,0,6,0,,67,8,2022,2,39.9278,-75.1868,1305.0,6,0,0,0,0,0,1,0,0,,0,0,0.0,12,1,1,0,N,0,39 55:40.200,,0,75 11:12.300,3,0,0,0,67301,1,0,0,N,0,0,0,2,67301,0,,1,1,,N,Y,N,0,,1,0,0,0,0,,1255,1,2,0,0,0,0,0,3,4,0,1,3,4.0,N,,,,,,,,,,,
2022072280,928.0,1,0,0,0,0,0,0,0,0,5,0,,67,8,2022,5,40.011,-75.1039,925.0,6,0,0,0,0,0,1,0,0,,0,0,0.0,9,1,2,0,N,0,40 00:39.590,,0,75 06:13.930,4,0,0,0,67301,0,0,0,N,0,0,0,2,67301,1,,1,1,,N,N,N,0,,0,0,1,0,0,,923,2,2,0,0,0,1,0,3,4,0,2,3,3.0,N,,,,,,,,,,,
2022073280,619.0,0,0,0,0,0,0,0,0,0,7,0,,67,7,2022,6,39.9762,-75.1957,614.0,6,0,0,0,0,0,0,0,0,,0,0,0.0,6,1,1,0,N,0,39 58:34.432,,0,75 11:44.643,8,0,0,1,67301,0,0,0,N,0,0,0,1,68K01,0,,3,1,,N,N,N,0,,0,0,0,0,0,,611,1,1,0,0,0,1,0,3,4,0,1,3,3.0,N,,,,,,,,,,,
2022069193,1204.0,0,0,0,0,0,0,0,0,0,4,0,,67,7,2022,3,40.0477,-75.06,1156.0,6,0,0,0,0,0,0,0,0,,0,0,0.0,11,1,1,1,,1,40 02:51.396,4.0,0,75 03:35.506,3,0,0,0,67301,0,0,0,N,0,0,0,4,67301,0,,1,1,1215.0,N,N,N,0,,1,0,2,3,2,N,1154,1,2,0,0,0,0,2,3,4,0,2,3,,N,,,,,,,,,,,
2022069874,1929.0,1,0,0,0,0,0,0,0,0,1,0,,67,7,2022,7,40.0482,-75.1834,1927.0,6,0,0,0,0,0,0,0,0,,0,0,0.0,19,1,4,1,,0,40 02:53.638,,0,75 11:00.210,4,0,0,0,67301,0,0,0,N,0,0,0,4,67301,4,,1,1,,N,N,N,0,,0,0,2,3,2,,1926,4,3,0,0,0,0,0,3,4,0,3,3,4.0,N,,,,,,,,,,,
2022079340,1710.0,1,0,0,1,0,0,0,0,0,4,0,,67,3,2022,6,40.0064,-75.1536,1654.0,6,0,0,0,0,0,0,0,0,,0,0,0.0,16,1,1,1,,0,40 00:22.903,,0,75 09:12.819,4,0,0,0,67301,1,0,0,N,0,0,0,2,67301,1,,1,1,,N,N,N,0,,0,0,0,3,3,,1630,1,2,0,0,0,0,0,3,4,0,1,3,3.0,N,,,,,,,,,,,
2022069977,1712.0,1,0,0,0,0,0,0,0,0,8,0,,67,7,2022,5,39.8943,-75.2374,1706.0,6,0,0,0,0,0,0,0,0,,0,0,0.0,16,1,1,0,N,0,39 53:39.404,,0,75 14:14.740,3,0,0,0,67301,1,0,0,N,1,0,0,2,67301,0,,1,99,,N,N,N,0,,1,0,0,0,0,,1624,1,2,0,0,1,0,0,3,4,0,1,3,3.0,N,,,,,,,,,,,
2022079879,910.0,1,0,0,0,0,0,0,0,0,4,0,,67,8,2022,5,39.9778,-75.1622,900.0,6,0,0,0,0,0,0,0,0,,0,0,0.0,9,1,0,3,,0,39 58:40.101,,0,75 09:43.997,0,0,0,0,67301,0,0,0,N,0,0,0,2,67301,0,,1,1,,N,N,N,0,,0,0,1,0,0,,900,0,2,0,0,0,0,0,3,4,0,2,3,3.0,N,,,,,,,,,,,
2022072288,2335.0,1,0,0,0,0,0,0,0,0,4,1,,67,8,2022,7,40.0,-75.1531,2329.0,6,0,0,0,0,0,0,0,0,,0,1,0.0,23,3,0,1,,0,39 59:59.964,,0,75 09:11.322,9,0,0,0,67301,0,0,0,N,0,0,0,2,67301,0,,1,1,,N,N,N,0,,0,0,0,3,2,,2311,0,2,0,0,0,0,1,3,4,0,2,3,,N,,,,,,,,,,,
2022081458,1630.0,1,0,0,0,0,0,0,0,0,2,0,,67,9,2022,2,40.0173,-75.2114,1626.0,6,0,0,0,0,0,0,0,0,,0,0,0.0,16,1,0,0,N,0,40 01:02.424,,0,75 12:41.092,0,0,0,0,67301,0,0,0,N,0,0,0,2,67301,0,,1,1,,N,N,N,0,,0,0,1,0,0,,1625,0,2,0,0,0,0,0,3,4,0,2,3,3.0,N,,,,,,,,,,,
2022081540,1851.0,1,0,0,0,0,0,0,0,0,7,0,,67,9,2022,2,39.9937,-75.1994,1851.0,6,0,0,0,0,0,0,0,0,,0,0,0.0,18,1,1,0,N,1,39 59:37.187,4.0,0,75 11:57.764,3,0,0,0,67301,0,0,0,N,0,0,0,1,68K01,0,,2,1,1720.0,N,N,N,0,,1,0,0,0,0,N,1833,1,1,0,0,1,0,0,3,4,0,1,3,,N,,,,,,,,,,,
2022075347,2217.0,0,0,0,0,0,0,0,0,0,7,0,,67,8,2022,2,39.9665,-75.135,2214.0,6,0,0,0,0,0,0,0,0,,0,0,0.0,22,3,0,0,N,1,39 57:59.373,1.0,3,75 08:06.111,0,0,0,0,67301,0,0,0,N,0,0,0,2,68K01,0,,4,1,2250.0,N,N,N,1,,0,0,0,0,0,N,2210,0,1,0,0,0,0,0,3,4,0,1,3,3.0,N,,,,,,,,,,,
2022081494,1219.0,1,0,0,0,0,0,0,0,0,7,0,,67,9,2022,2,40.0579,-75.0406,1209.0,6,0,0,0,0,0,0,0,0,,0,0,0.0,11,1,0,0,N,0,40 03:28.487,,0,75 02:26.273,0,0,0,0,67301,0,0,0,N,0,0,0,0,67301,0,,3,1,,N,N,N,0,,0,0,0,0,0,,1151,0,1,0,0,0,0,0,3,4,0,1,3,,N,,,,,,,,,,,
2022072083,126.0,0,0,0,0,0,0,0,0,0,7,0,,67,8,2022,4,39.9096,-75.1543,125.0,6,0,0,0,0,0,0,0,0,,0,0,0.0,1,3,0,0,N,1,39 54:34.500,4.0,5,75 09:15.400,0,0,0,0,67301,0,0,0,N,0,0,0,1,67501,0,,4,1,201.0,N,,N,1,,0,0,0,3,8,N,125,0,1,0,0,0,0,0,3,4,0,1,3,3.0,N,,,,,,,,,,,
2022081247,1753.0,1,0,0,0,0,0,0,0,0,4,1,,67,9,2022,6,39.9489,-75.1897,1745.0,6,0,0,0,0,0,1,0,0,,0,1,0.0,16,1,1,2,,0,39 56:55.978,,0,75 11:22.808,4,0,0,0,67301,0,0,0,N,0,0,0,3,67301,1,,1,1,,N,N,N,0,,0,0,0,3,2,,1640,1,2,0,0,0,0,0,3,4,0,2,3,3.0,N,,,,,,,,,,,
2022075748,1250.0,0,0,0,0,0,0,0,0,0,4,0,,67,8,2022,7,39.9501,-75.164,1250.0,6,0,0,0,0,0,0,0,0,,0,0,0.0,21,3,0,1,,0,39 57:00.353,,0,75 09:50.402,0,0,0,0,67301,0,0,0,N,0,0,0,2,67301,0,,1,1,,N,N,N,0,,0,0,2,3,2,,2110,0,2,0,0,0,0,0,3,4,0,2,3,3.0,N,,,,,,,,,,,
2022081594,908.0,0,0,0,0,0,0,0,0,0,7,1,,67,9,2022,6,39.8863,-75.2181,903.0,6,0,0,0,0,0,1,0,0,,0,1,0.0,8,1,1,0,N,1,39 53:10.500,6.0,0,75 13:05.100,3,0,0,0,67301,0,0,0,N,0,0,0,1,67301,0,,4,1,1300.0,N,N,N,0,,1,0,0,0,0,N,849,1,1,0,0,0,0,0,3,4,0,1,3,3.0,N,,,,,,,,,,,
2022067243,924.0,2,0,0,0,0,0,0,0,0,4,0,,67,7,2022,6,39.9834,-75.1586,920.0,6,0,0,0,0,0,0,0,0,,0,0,0.0,9,1,2,1,,2,39 59:00.364,2.0,0,75 09:30.861,3,0,0,0,67301,0,0,0,N,0,0,0,4,67505,0,,1,1,950.0,N,N,N,0,,2,0,1,3,2,Y,920,2,3,0,0,0,0,0,3,4,0,3,3,3.0,N,,,,,,,,,,,
2022068602,2234.0,2,0,0,0,0,0,0,0,0,4,0,,67,7,2022,7,40.0011,-75.1247,2232.0,6,0,0,0,0,0,0,0,0,,0,0,0.0,22,3,3,1,,0,40 00:03.985,,0,75 07:29.066,3,0,0,0,67301,0,0,0,N,0,0,0,4,67301,2,,1,1,,N,N,Y,0,,1,0,1,3,2,,2232,3,3,0,0,0,0,0,3,4,0,3,3,3.0,N,,,,,,,,,,,
2022068675,,0,0,0,0,0,0,0,0,0,1,0,,67,7,2022,3,39.8987,-75.1797,,6,0,0,0,0,0,1,0,0,,0,0,0.0,17,1,1,0,N,0,39 53:55.480,,0,75 10:46.799,8,0,0,0,67301,0,0,0,N,0,0,0,2,00000,0,,1,1,,,,N,0,,0,0,1,0,0,,1716,1,2,0,0,0,1,0,3,4,1,2,3,,N,,,,,,,,,,,
2022068632,207.0,0,0,0,0,0,0,0,0,0,4,0,,67,7,2022,7,39.9424,-75.1474,205.0,6,0,0,0,0,0,0,0,0,,0,0,0.0,2,3,2,1,,0,39 56:32.795,,0,75 08:50.577,3,0,0,2,67301,0,0,0,N,0,0,0,3,67301,0,,1,1,,N,N,N,0,,2,0,0,3,2,,203,2,2,0,0,0,0,0,3,4,0,2,3,3.0,N,,,,,,,,,,,
2022072219,1058.0,2,0,0,0,0,0,0,0,0,4,0,,67,8,2022,5,40.0744,-75.002,1058.0,6,0,0,0,0,0,0,0,0,,0,0,0.0,10,1,1,2,,0,40 04:27.746,,0,75 00:07.158,4,0,0,0,67301,0,0,0,N,0,0,0,3,67301,1,,1,1,,N,N,N,0,,0,0,0,3,3,,1030,1,2,0,0,0,0,0,3,4,0,2,3,3.0,N,,,,,,,,,,,
2022081070,1635.0,1,0,0,0,0,0,0,0,0,5,1,,67,9,2022,7,40.0349,-75.1051,1630.0,6,0,0,0,0,0,0,0,1,,0,1,0.0,16,1,2,0,N,0,40 02:05.790,,0,75 06:18.410,8,0,0,0,67301,0,0,0,N,0,0,0,2,67301,0,,1,1,,N,N,N,0,,0,0,0,0,0,,1625,2,2,0,0,1,2,0,3,4,0,2,4,4.0,N,,,,,,,,,,,
2022080768,1752.0,0,0,0,0,0,0,0,0,0,4,0,,67,9,2022,6,40.0726,-75.158,1752.0,6,0,0,0,0,0,0,1,0,,0,0,0.0,17,1,1,0,N,0,40 04:21.510,,7,75 09:28.620,4,0,0,0,67301,0,0,0,N,0,0,0,2,67301,1,,1,1,,N,N,N,0,,0,0,2,0,0,,1731,1,2,0,0,0,0,0,3,4,0,2,3,,N,,,,,,,,,,,
2022081495,820.0,1,0,0,0,0,0,0,0,0,1,0,,67,8,2022,3,39.9746,-75.118,820.0,6,0,0,0,0,0,0,0,0,,0,0,0.0,8,1,0,0,N,0,39 58:28.730,,0,75 07:04.856,9,0,0,0,67301,0,0,0,N,0,0,0,2,68K01,0,,1,1,,N,N,N,0,,0,0,0,0,0,,810,0,2,0,0,0,0,1,3,4,0,2,3,3.0,N,,,,,,,,,,,
2022081453,507.0,0,0,0,0,0,0,0,0,0,2,0,,67,9,2022,2,40.0574,-75.0768,505.0,6,0,0,0,0,0,1,0,0,,0,0,0.0,4,3,1,1,,0,40 03:26.479,,0,75 04:36.608,3,0,0,0,67301,0,0,0,N,0,0,0,2,67301,0,,1,1,,N,N,N,0,,1,0,2,3,2,,438,1,2,0,0,0,0,0,3,4,0,2,3,,N,,,,,,,,,,,
2022072261,2102.0,2,0,0,0,0,0,0,0,0,5,0,,67,8,2022,7,39.9712,-75.2258,2101.0,6,0,0,0,0,1,0,0,0,,0,0,0.0,21,3,1,0,N,0,39 58:16.184,,0,75 13:32.797,3,0,0,0,67301,0,0,0,N,0,0,0,2,67301,0,,1,1,,N,N,N,0,,1,0,0,0,0,,2100,1,2,0,0,0,0,0,3,4,0,2,3,3.0,N,,,,,,,,,,,
2022072233,1730.0,1,0,0,0,0,0,0,0,0,4,0,,67,8,2022,4,40.0531,-75.1772,1730.0,6,0,0,0,0,0,0,0,0,,0,0,0.0,13,1,1,2,,0,40 03:11.079,,0,75 10:37.881,3,0,0,0,67301,0,0,0,N,0,0,0,2,67301,0,,1,1,,N,N,N,0,,1,0,1,3,3,,1300,1,2,0,0,0,0,0,3,4,0,2,3,,N,,,,,,,,,,,
2022073575,143.0,0,0,0,0,0,0,0,0,0,7,0,,67,8,2022,3,39.9756,-75.1912,135.0,6,0,0,0,0,0,0,0,0,,0,0,0.0,1,3,0,0,N,2,39 58:32.182,6.0,0,75 11:28.419,9,0,0,0,67301,0,0,0,N,0,0,0,1,67301,0,,4,1,300.0,N,N,N,0,,0,0,1,0,0,Y,127,0,1,0,0,0,0,1,3,4,0,1,3,,N,,,,,,,,,,,
2022072299,2220.0,2,0,0,0,0,0,0,0,0,1,0,,67,8,2022,6,40.0146,-75.1567,2217.0,6,0,0,0,0,0,2,0,0,,0,0,0.0,22,3,1,1,,0,40 00:52.752,,0,75 09:24.063,3,0,0,0,67301,0,0,0,N,0,0,0,3,67301,0,,1,1,,N,N,N,0,,1,0,2,3,2,,2216,1,4,0,0,1,0,0,3,4,0,4,3,3.0,N,,,,,,,,,,,
2022072238,19.0,1,0,0,0,0,0,0,0,0,5,0,,67,8,2022,7,40.0577,-75.1622,19.0,6,0,0,0,0,0,0,0,0,,0,0,0.0,23,3,1,1,,0,40 03:27.545,,0,75 09:43.786,3,0,0,0,67301,0,0,0,N,0,0,0,2,67301,0,,1,1,,N,N,N,0,,1,0,1,3,2,,2355,1,2,0,0,0,0,1,3,4,0,2,3,,N,,,,,,,,,,,
2022080742,1815.0,1,0,0,0,0,0,0,0,0,6,0,,67,9,2022,5,40.0588,-75.0442,1805.0,6,0,0,0,0,0,0,0,0,,0,0,0.0,18,1,0,5,,0,40 03:31.744,,0,75 02:39.016,0,0,0,0,67301,0,0,0,N,0,0,0,2,67301,0,,1,1,,N,N,N,0,,0,0,1,3,1,,1800,0,2,0,0,0,0,0,3,4,0,2,3,3.0,N,,,,,,,,,,,
2022072267,450.0,1,0,0,0,0,0,0,0,0,1,0,,67,8,2022,3,39.9763,-75.1829,444.0,6,0,0,0,0,0,0,0,0,,0,0,0.0,4,3,0,0,N,0,39 58:34.700,,0,75 10:58.600,9,0,0,0,67301,0,0,0,N,0,0,0,1,67301,0,,6,1,,N,N,N,0,,0,0,1,0,0,,416,0,2,0,0,1,0,1,3,4,0,2,3,,N,,,,,,,,,,,
2022073197,339.0,1,0,0,0,0,0,0,0,0,4,0,,67,8,2022,6,40.0417,-75.1221,331.0,6,0,0,0,0,0,0,0,0,,0,0,0.0,1,3,2,1,,0,40 02:29.950,,0,75 07:19.538,3,0,0,0,67301,0,0,0,N,0,0,0,3,67301,0,,1,1,,N,N,N,0,,2,0,1,3,2,,108,2,2,0,0,0,0,1,3,4,0,2,3,3.0,N,,,,,,,,,,,
2022082027,2205.0,1,0,0,0,0,0,0,0,0,8,0,,67,8,2022,3,39.9931,-75.1238,2205.0,6,0,0,0,0,0,0,0,0,,0,0,0.0,8,1,1,0,N,0,39 59:35.330,,0,75 07:25.660,3,0,0,0,67301,1,0,0,N,1,0,0,2,67301,0,,1,1,,N,N,N,0,,1,0,0,0,0,,800,1,2,0,0,0,0,1,3,4,0,1,3,3.0,N,,,,,,,,,,,
2022072198,1339.0,1,0,0,0,0,0,0,0,0,4,0,,67,8,2022,5,40.0286,-75.0952,1334.0,6,0,0,0,0,0,0,0,2,,0,0,0.0,12,1,2,0,N,0,40 01:43.130,,7,75 05:42.820,3,0,0,0,67301,0,0,0,N,0,0,0,3,67301,0,,1,1,,N,N,Y,1,,2,0,1,0,0,,1249,2,3,0,0,0,0,0,3,4,0,3,3,,N,,,,,,,,,,,
2022072301,159.0,3,0,0,0,0,0,0,0,0,5,0,,67,8,2022,1,39.9983,-75.1752,156.0,6,0,0,0,0,0,0,0,0,,0,0,0.0,1,3,0,0,N,2,39 59:53.940,1.0,0,75 10:30.730,0,0,0,0,67301,0,0,0,N,0,0,0,1,67301,0,,1,1,300.0,N,N,N,0,,0,0,2,0,0,Y,150,0,5,0,0,0,0,0,3,4,0,5,3,,N,,,,,,,,,,,
2022080858,1635.0,2,0,0,0,0,0,0,0,0,4,0,,67,9,2022,6,40.0241,-75.2095,1633.0,6,0,0,0,0,0,0,0,0,,0,0,0.0,16,1,0,1,,0,40 01:26.608,,0,75 12:34.369,0,0,0,0,67301,0,0,0,N,0,0,0,1,67301,0,,1,1,,N,N,N,0,,0,0,0,3,3,,1630,0,2,0,0,0,0,0,3,4,0,2,3,,N,,,,,,,,,,,
2022072246,400.0,1,0,0,0,0,0,0,0,0,5,0,,67,8,2022,5,40.0353,-75.0335,354.0,6,0,0,0,0,0,0,0,0,,0,0,0.0,3,3,1,0,N,0,40 02:07.200,,0,75 02:00.600,3,0,0,0,67301,0,0,0,N,0,0,0,1,67301,0,,6,1,,N,N,N,0,,1,0,1,0,0,,335,1,2,0,0,0,0,0,3,4,0,2,3,3.0,N,,,,,,,,,,,
2022067155,240.0,2,0,0,0,0,0,0,0,0,7,0,,67,7,2022,5,40.0682,-75.0297,239.0,6,0,0,0,0,0,0,0,0,,0,0,0.0,2,3,1,2,,0,40 04:05.340,,0,75 01:46.740,8,0,0,0,67301,0,0,0,N,0,0,0,1,67301,0,,5,1,,N,N,Y,0,,0,0,1,3,2,,237,1,3,0,0,0,1,0,3,4,0,3,3,3.0,N,,,,,,,,,,,
2022078520,1208.0,0,0,0,0,0,0,0,0,0,4,0,,67,3,2022,4,39.9992,-75.1344,1205.0,6,0,0,0,0,0,0,0,0,,0,0,0.0,12,1,1,1,,0,39 59:57.041,,0,75 08:03.904,8,0,0,0,67301,0,0,0,N,0,0,0,3,67301,0,,1,1,,N,N,N,1,,0,0,1,3,3,,1200,1,2,0,0,0,1,0,3,4,0,2,3,3.0,N,,,,,,,,,,,
2022078424,2208.0,0,0,0,0,0,0,0,0,0,0,0,,67,8,2022,7,40.0051,-75.1279,2207.0,6,0,0,0,0,0,0,0,0,,0,0,0.0,22,2,1,0,N,0,40 00:18.350,,3,75 07:40.330,2,0,1,1,67301,0,0,0,N,0,0,0,1,67301,0,,1,1,,N,N,N,0,,0,1,0,0,0,,2207,1,1,0,0,0,0,0,3,4,0,1,3,3.0,N,,,,,,,,,,,
2022068621,920.0,0,0,0,0,0,0,0,0,0,8,0,,67,7,2022,7,40.0146,-75.1567,917.0,6,0,0,0,0,0,0,0,0,,0,0,0.0,21,3,1,1,,0,40 00:52.463,,0,75 09:23.952,3,0,0,0,67301,1,0,0,N,1,0,0,2,67301,0,,1,1,,N,N,N,0,,1,0,0,3,2,,2100,1,2,0,0,0,0,0,3,4,0,1,3,3.0,N,,,,,,,,,,,
2022070085,416.0,1,0,0,0,0,0,0,0,0,7,0,,67,7,2022,1,40.052,-75.0507,414.0,6,0,0,0,0,0,0,0,0,,0,0,0.0,4,3,2,0,N,0,40 03:07.258,,0,75 03:02.561,3,0,0,0,67301,0,0,0,N,0,0,0,2,67301,0,,3,1,,N,N,N,0,,2,0,0,0,0,,410,2,1,0,0,0,0,0,3,4,0,1,3,,N,,,,,,,,,,,
2022079326,1649.0,1,0,0,0,0,0,0,0,0,4,0,,67,8,2022,1,40.0278,-75.0354,1647.0,6,0,0,0,0,0,0,0,0,,0,0,0.0,16,1,1,1,,1,40 01:40.242,3.0,0,75 02:07.292,4,0,0,0,67301,0,0,0,N,0,0,0,2,67301,1,,1,1,100.0,N,N,N,0,,0,0,0,3,3,N,1642,1,2,0,0,2,0,0,3,4,0,2,4,,N,,,,,,,,,,,
2022071414,2323.0,2,0,0,0,0,0,0,0,0,1,0,,67,7,2022,7,39.9548,-75.1449,2323.0,6,0,0,0,0,0,1,0,0,,0,0,0.0,23,3,0,0,N,0,39 57:17.400,,3,75 08:41.600,0,0,0,0,67301,0,0,0,N,0,0,0,6,67501,0,,1,1,,N,N,N,0,,0,0,0,0,0,,2323,0,2,0,0,0,0,0,3,4,0,2,3,,N,,,,,,,,,,,