CRN,ARRIVAL_TM,AUTOMOBILE_COUNT,BELTED_DEATH_COUNT,BELTED_SUSP_SERIOUS_INJ_COUNT,BICYCLE_COUNT,BICYCLE_DEATH_COUNT,BICYCLE_SUSP_SERIOUS_INJ_COUNT,BUS_COUNT,CHLDPAS_DEATH_COUNT,CHLDPAS_SUSP_SERIOUS_INJ_COUNT,COLLISION_TYPE,COMM_VEH_COUNT,CONS_ZONE_SPD_LIM,COUNTY,CRASH_MONTH,CRASH_YEAR,DAY_OF_WEEK,DEC_LAT,DEC_LONG,DISPATCH_TM,DISTRICT,DRIVER_COUNT_16YR,DRIVER_COUNT_17YR,DRIVER_COUNT_18YR,DRIVER_COUNT_19YR,DRIVER_COUNT_20YR,DRIVER_COUNT_50_64YR,DRIVER_COUNT_65_74YR,DRIVER_COUNT_75PLUS,EST_HRS_CLOSED,FATAL_COUNT,HEAVY_TRUCK_COUNT,HORSE_BUGGY_COUNT,HOUR_OF_DAY,ILLUMINATION,INJURY_COUNT,INTERSECT_TYPE,INTERSECTION_RELATED,LANE_CLOSED,LATITUDE,LN_CLOSE_DIR,LOCATION_TYPE,LONGITUDE,MAX_SEVERITY_LEVEL,MCYCLE_DEATH_COUNT,MCYCLE_SUSP_SERIOUS_INJ_COUNT,MOTORCYCLE_COUNT,MUNICIPALITY,NONMOTR_COUNT,NONMOTR_DEATH_COUNT,NONMOTR_SUSP_SERIOUS_INJ_COUNT,NTFY_HIWY_MAINT,PED_COUNT,PED_DEATH_COUNT,PED_SUSP_SERIOUS_INJ_COUNT,PERSON_COUNT,POLICE_AGCY,POSSIBLE_INJ_COUNT,RDWY_SURF_TYPE_CD,RELATION_TO_ROAD,ROAD_CONDITION,ROADWAY_CLEARED,SCH_BUS_IND,SCH_ZONE_IND,SECONDARY_CRASH,SMALL_TRUCK_COUNT,SPEC_JURIS_CD,SUSP_MINOR_INJ_COUNT,SUSP_SERIOUS_INJ_COUNT,SUV_COUNT,TCD_FUNC_CD,TCD_TYPE,TFC_DETOUR_IND,TIME_OF_DAY,TOT_INJ_COUNT,TOTAL_UNITS,UNB_DEATH_COUNT,UNB_SUSP_SERIOUS_INJ_COUNT,UNBELTED_OCC_COUNT,UNK_INJ_DEG_COUNT,UNK_INJ_PER_COUNT,URBAN_AREA,URBAN_RURAL,VAN_COUNT,VEHICLE_COUNT,WEATHER1,WEATHER2,WORK_ZONE_IND,WORK_ZONE_LOC,WORK_ZONE_TYPE,WORKERS_PRES,WZ_CLOSE_DETOUR,WZ_FLAGGER,WZ_LAW_OFFCR_IND,WZ_LN_CLOSURE,WZ_MOVING,WZ_OTHER,WZ_SHLDER_MDN,WZ_WORKERS_INJ_KILLED
2022081857,2249.0,2,0,0,0,0,0,0,0,0,5,0,,67,8,2022,3,39.9968,-75.1538,2245.0,6,0,0,1,0,0,0,0,0,,0,0,0.0,22,3,1,1,,0,39 59:48.618,,0,75 09:13.788,3,0,0,0,67301,0,0,0,N,0,0,0,3,67301,0,,1,1,,N,N,N,0,,1,0,0,3,2,,2240,1,2,0,0,0,0,0,3,4,0,2,3,3.0,N,,,,,,,,,,,
2022075743,35.0,0,0,0,0,0,0,0,0,0,5,0,,67,8,2022,6,39.9046,-75.1674,24.0,6,0,0,0,0,0,0,0,0,,0,0,0.0,23,3,1,0,N,0,39 54:16.570,,0,75 10:02.650,3,0,0,1,67301,0,0,0,N,0,0,0,2,67301,0,,1,1,,N,N,N,0,,1,0,0,0,0,,2326,1,2,0,0,0,0,0,3,4,1,2,3,3.0,N,,,,,,,,,,,
2022072243,1938.0,0,0,0,0,0,0,0,0,0,4,0,,67,8,2022,2,40.0089,-75.0719,1938.0,6,0,0,0,0,1,0,0,0,,0,0,0.0,19,1,0,5,,0,40 00:31.996,,0,75 04:18.728,0,0,0,0,67301,0,0,0,N,0,0,0,3,67301,0,,1,1,,N,N,N,0,,0,0,2,3,2,,1938,0,2,0,0,0,0,0,3,4,0,2,3,,N,,,,,,,,,,,
2022078329,1153.0,0,0,0,0,0,0,0,0,0,4,0,,67,8,2022,6,40.0664,-75.1469,1141.0,6,0,0,0,0,0,0,0,1,,0,0,0.0,11,1,0,1,,0,40 03:59.090,,0,75 08:48.868,0,0,0,0,67301,0,0,0,N,0,0,0,3,67301,0,,1,1,,N,N,N,0,,0,0,3,3,3,,1139,0,3,0,0,0,0,0,3,4,0,3,3,3.0,N,,,,,,,,,,,
2022092067,2317.0,1,0,0,0,0,0,0,0,0,4,0,,67,9,2022,1,39.9903,-75.205,2314.0,6,0,0,0,0,0,0,0,0,,0,0,0.0,23,3,2,0,N,1,39 59:25.200,4.0,0,75 12:18.141,3,0,0,0,67301,0,0,0,N,0,0,0,2,68K01,0,,1,9,2330.0,N,N,N,0,,2,0,1,0,0,N,2305,2,2,0,0,0,0,0,3,4,0,2,7,7.0,N,,,,,,,,,,,
2022092000,456.0,0,0,0,0,0,0,0,0,0,7,0,,67,10,2022,3,40.1182,-75.0069,452.0,6,0,0,0,0,0,1,0,0,,0,0,0.0,4,3,1,0,N,0,40 07:05.670,,0,75 00:24.790,3,0,0,0,67301,0,0,0,N,0,0,0,1,67301,0,,5,9,,N,N,N,1,,1,0,0,0,0,,445,1,1,0,0,0,0,0,3,4,0,1,7,7.0,N,,,,,,,,,,,
2022078695,122.0,1,0,0,0,0,0,0,0,0,7,0,35.0,67,8,2022,7,39.9554,-75.148,122.0,6,0,0,0,0,0,0,0,0,,0,0,0.0,1,3,0,0,N,2,39 57:19.558,4.0,2,75 08:52.921,0,0,0,0,67301,0,0,0,N,0,0,0,2,67501,0,,4,1,430.0,N,N,N,0,,0,0,0,0,0,N,122,0,1,0,0,0,0,0,3,4,0,1,3,3.0,Y,5.0,1.0,U,,,N,Y,Y,,,N
2022078364,2235.0,1,0,0,0,0,0,0,0,0,7,0,,67,8,2022,3,40.0136,-75.159,2230.0,6,0,0,0,0,0,0,0,0,,0,0,0.0,22,3,0,0,N,1,40 00:48.784,4.0,0,75 09:32.420,0,0,0,0,67301,0,0,0,N,0,0,0,1,67301,0,,4,1,2315.0,N,N,N,0,,0,0,0,0,0,Y,2223,0,1,0,0,0,0,0,3,4,0,1,3,3.0,N,,,,,,,,,,,
2022086973,1208.0,2,0,0,0,0,0,0,0,0,1,0,,67,8,2022,5,40.0145,-75.1061,1208.0,6,0,0,0,0,0,0,0,0,,0,0,0.0,12,1,1,2,,1,40 00:52.131,3.0,0,75 06:21.970,3,0,0,0,67301,0,0,0,N,0,0,0,2,67301,0,,1,1,1230.0,N,N,N,0,,1,0,0,3,3,N,1208,1,2,0,0,0,0,0,3,4,0,2,3,3.0,N,,,,,,,,,,,
2022079341,1023.0,1,0,0,0,0,0,0,0,0,8,0,,67,8,2022,7,40.017,-75.1883,1020.0,6,0,0,0,0,0,0,0,0,,0,0,0.0,10,1,1,1,,0,40 01:01.180,,0,75 11:17.957,3,0,0,0,67301,1,0,0,N,1,0,0,2,67301,0,,1,1,,N,N,N,0,,1,0,0,3,2,,1019,1,2,0,0,0,0,0,3,4,0,1,3,,N,,,,,,,,,,,
2022081240,1558.0,5,0,0,0,0,0,0,0,0,4,0,,67,8,2022,7,40.0002,-75.1422,1557.0,6,0,0,0,0,1,0,1,0,,0,0,0.0,15,1,3,1,,0,40 00:00.797,,0,75 08:31.824,3,0,0,0,67301,0,0,0,N,0,0,0,4,67301,0,,1,1,,N,N,N,0,,1,0,4,3,2,,1557,3,9,0,0,0,2,1,3,4,0,9,3,3.0,N,,,,,,,,,,,
2022090619,2101.0,0,0,0,0,0,0,0,0,0,8,1,,67,10,2022,7,39.9968,-75.1538,2101.0,6,0,0,0,0,0,0,0,0,,0,1,0.0,20,3,1,1,,0,39 59:48.463,,0,75 09:14.352,3,0,0,0,67301,1,0,0,N,1,0,0,2,67301,0,,1,1,,N,N,N,0,,1,0,0,3,2,,2035,1,2,0,0,1,0,0,3,4,0,1,3,3.0,N,,,,,,,,,,,
2022081492,524.0,1,0,0,0,0,0,0,0,0,5,0,45.0,67,8,2022,3,40.009,-75.0679,509.0,6,0,0,1,0,0,0,0,0,,0,0,0.0,5,3,2,0,N,1,40 00:32.388,1.0,3,75 04:04.407,3,0,0,0,67301,0,0,0,Y,0,0,0,2,68K01,0,,1,1,610.0,N,N,N,0,,1,0,1,0,0,N,508,2,2,0,0,1,1,0,3,4,0,2,3,,Y,2.0,1.0,N,,,N,,,,Y,N
2022090892,1550.0,0,0,0,0,0,0,0,0,0,4,1,,67,9,2022,2,40.0263,-75.0973,1550.0,6,0,0,0,0,0,1,0,0,,0,1,0.0,14,1,4,1,,1,40 01:34.637,3.0,0,75 05:50.189,4,0,0,0,67301,0,0,0,N,0,0,0,5,67301,4,,1,1,130.0,N,N,N,0,,0,0,1,3,2,N,1454,4,2,0,0,0,0,0,3,4,0,2,3,3.0,N,,,,,,,,,,,
2022081991,1345.0,4,0,0,0,0,0,0,0,0,6,1,,67,9,2022,3,40.004,-75.0668,1240.0,6,0,0,0,0,0,1,0,0,,0,1,0.0,12,1,0,0,N,2,40 00:14.277,3.0,0,75 04:00.566,0,0,0,0,67301,0,0,0,N,0,0,0,1,67301,0,,6,9,300.0,N,N,N,2,,0,0,1,0,0,N,1240,0,8,0,0,0,0,0,3,4,0,8,7,7.0,N,,,,,,,,,,,
2022072208,1833.0,1,0,0,1,0,0,0,0,0,1,0,,67,8,2022,3,39.9617,-75.1577,1829.0,6,0,0,0,0,0,1,0,0,,0,0,0.0,18,1,1,5,,0,39 57:42.677,,0,75 09:27.784,4,0,0,0,67301,1,0,0,N,0,0,0,2,67301,1,,1,1,,N,N,N,0,,0,0,0,3,2,,1825,1,2,0,0,0,0,0,3,4,0,1,3,3.0,N,,,,,,,,,,,
2022072255,2103.0,1,0,0,0,0,0,0,0,0,4,0,,67,8,2022,2,39.9548,-75.2179,2103.0,6,0,0,0,0,0,0,0,0,,0,0,0.0,19,1,3,1,,0,39 57:17.373,,0,75 13:04.418,3,0,0,0,67301,0,0,0,N,0,0,0,3,67301,0,,1,1,,N,N,N,0,,3,0,1,3,2,,1954,3,2,0,0,0,0,0,3,4,0,2,3,3.0,N,,,,,,,,,,,
2022079159,2251.0,0,0,0,0,0,0,0,0,0,5,0,35.0,67,8,2022,2,39.9535,-75.1379,2249.0,6,0,0,0,0,0,0,0,0,,0,0,0.0,22,3,0,0,N,2,39 57:12.600,3.0,3,75 08:16.400,0,0,0,0,67301,0,0,0,N,0,0,0,3,67501,0,,1,1,9999.0,N,N,N,0,,0,0,2,3,8,N,2249,0,2,0,0,0,0,0,3,4,0,2,3,,Y,4.0,1.0,N,,,N,Y,,,,N
2022090313,1019.0,0,0,0,1,0,0,0,0,0,4,1,,67,9,2022,4,39.9571,-75.2019,1010.0,6,0,0,0,0,0,1,0,0,,0,1,0.0,10,1,1,1,,0,39 57:25.865,,0,75 12:07.011,8,0,0,0,67301,1,0,0,N,0,0,0,2,67301,0,,1,1,,N,N,N,0,,0,0,0,3,2,,1000,1,2,0,0,0,1,0,3,4,0,1,3,,N,,,,,,,,,,,
2022091247,1805.0,2,0,0,0,0,0,0,0,0,1,0,,67,9,2022,7,39.9568,-75.1497,1805.0,6,0,0,0,0,0,1,0,0,,0,0,0.0,17,1,1,6,,0,39 57:24.355,,2,75 08:58.925,8,0,0,0,67301,0,0,0,N,0,0,0,5,68K01,0,,1,1,,N,N,N,0,,0,0,0,3,4,,1732,1,2,0,0,0,1,0,3,4,0,2,3,,N,,,,,,,,,,,
2022078186,1812.0,2,0,0,0,0,0,0,0,0,4,0,,67,8,2022,3,40.0558,-75.0729,1807.0,6,0,0,0,0,1,0,0,0,,0,0,0.0,17,1,1,0,N,0,40 03:20.700,,7,75 04:22.500,3,0,0,0,67301,0,0,0,N,0,0,0,2,67301,0,,1,1,,N,N,N,0,,1,0,0,0,0,,1726,1,2,0,0,0,0,0,3,4,0,2,3,3.0,N,,,,,,,,,,,
2022080263,552.0,1,0,0,0,0,0,0,0,0,1,0,,67,8,2022,2,40.0119,-75.1821,551.0,6,0,0,0,0,0,0,0,0,,0,0,0.0,5,1,1,0,N,2,40 00:42.995,2.0,0,75 10:55.455,3,0,0,0,67301,0,0,0,N,0,0,0,2,67301,0,,1,1,700.0,N,N,N,0,,1,0,0,0,0,N,549,1,2,0,0,0,0,0,3,4,1,2,4,4.0,N,,,,,,,,,,,
2022080681,340.0,1,0,0,0,0,0,0,0,0,4,0,,67,8,2022,1,39.9556,-75.2023,338.0,6,0,0,0,0,0,1,0,0,,0,0,0.0,3,3,1,1,,2,39 57:20.290,3.0,0,75 12:08.213,3,0,0,0,67301,0,0,0,N,0,0,0,2,67504,0,,1,1,1000.0,N,N,N,0,,1,0,1,3,2,Y,335,1,2,0,0,0,0,0,3,4,0,2,3,3.0,N,,,,,,,,,,,
2022077730,1358.0,1,0,0,0,0,0,0,0,0,1,0,,67,8,2022,4,39.9059,-75.1339,1358.0,6,0,0,0,0,0,1,0,0,,0,0,0.0,13,1,0,0,N,1,39 54:21.200,3.0,3,75 08:02.210,0,0,0,0,67301,0,0,0,N,0,0,0,2,67501,0,,1,1,1425.0,N,N,N,0,,0,0,1,0,0,N,1358,0,2,0,0,0,0,0,3,4,0,2,3,3.0,N,,,,,,,,,,,
2022091987,225.0,2,0,0,0,0,0,0,0,0,1,0,,67,4,2022,5,40.0064,-75.194,200.0,6,0,0,0,1,0,0,0,0,,0,0,0.0,2,3,1,3,,0,40 00:22.992,,0,75 11:38.316,8,0,0,0,67301,0,0,0,N,0,0,0,2,67301,0,,2,1,,N,N,N,0,,0,0,0,0,0,,200,1,2,0,0,0,1,0,3,4,0,2,3,3.0,N,,,,,,,,,,,
2022078523,1128.0,1,0,0,0,0,0,0,0,0,4,0,,67,8,2022,6,40.0019,-75.1401,1128.0,6,0,0,0,0,0,1,0,0,,0,0,0.0,11,1,1,1,,0,40 00:06.983,,0,75 08:24.269,3,0,0,1,67301,0,0,0,N,0,0,0,2,67301,0,,1,1,,N,N,N,0,,1,0,0,3,3,,1120,1,2,0,0,1,0,0,3,4,0,2,3,4.0,N,,,,,,,,,,,
2022095045,1010.0,0,0,0,0,0,0,0,0,0,4,1,,67,10,2022,6,39.9858,-75.1563,1005.0,6,0,0,0,0,0,1,0,0,,0,1,0.0,10,1,1,0,N,1,39 59:08.788,1.0,7,75 09:22.518,8,0,0,0,67301,0,0,0,N,0,0,0,3,67505,0,,1,1,1030.0,N,N,N,0,,0,0,1,0,0,N,1000,1,2,0,0,0,1,0,3,4,0,2,3,3.0,N,,,,,,,,,,,
2022095568,345.0,1,0,0,0,0,0,0,0,0,1,0,,67,10,2022,1,40.0062,-75.1518,339.0,6,0,0,0,0,0,0,0,0,,0,0,0.0,3,3,0,1,N,1,40 00:22.203,1.0,0,75 09:06.487,9,0,0,0,67301,0,0,0,N,0,0,0,3,67505,0,,1,1,515.0,N,N,N,0,,0,0,1,3,2,Y,330,0,2,0,0,0,0,3,3,4,0,2,3,3.0,N,,,,,,,,,,,
2022078555,830.0,0,0,0,0,0,0,0,0,0,5,0,,67,8,2022,7,39.9149,-75.1668,726.0,6,0,0,0,0,0,0,0,0,,0,0,0.0,7,1,0,0,N,2,39 54:53.590,3.0,0,75 10:00.620,0,0,0,0,67301,0,0,0,N,0,0,0,1,67301,0,,6,1,940.0,N,N,N,0,,0,0,2,0,0,N,710,0,2,0,0,0,0,0,3,4,0,2,3,3.0,N,,,,,,,,,,,
2022078415,123.0,1,0,0,0,0,0,0,0,0,8,0,,67,8,2022,7,39.9444,-75.1631,121.0,6,0,0,0,0,0,1,0,0,,0,0,0.0,1,3,1,1,,0,39 56:39.841,,0,75 09:47.288,2,0,0,0,67301,1,0,1,N,1,0,1,2,67301,0,,1,1,,N,N,N,0,,0,1,0,3,1,,120,1,2,0,0,0,0,0,3,4,0,1,3,3.0,N,,,,,,,,,,,
2022082179,1621.0,2,0,0,0,0,0,0,0,0,1,0,,67,8,2022,6,40.0217,-75.0408,1621.0,6,0,0,0,1,0,0,0,0,,0,0,0.0,16,1,1,0,N,1,40 01:17.943,2.0,2,75 02:26.899,8,0,0,0,67301,0,0,0,N,0,0,0,4,68K01,0,,1,1,1623.0,N,N,N,0,,0,0,1,0,0,N,1608,1,3,0,0,0,1,1,3,4,0,3,3,4.0,N,,,,,,,,,,,
2022084450,22.0,1,0,0,0,0,0,0,0,0,7,0,,67,8,2022,2,39.9833,-75.208,19.0,6,0,0,0,0,0,0,0,0,,0,0,0.0,0,3,0,0,N,1,39 58:59.736,4.0,0,75 12:28.860,9,0,0,0,67301,0,0,0,N,0,0,0,1,68K01,0,,3,9,106.0,N,N,N,0,,0,0,0,0,0,N,18,0,1,0,0,0,0,1,3,4,0,1,7,7.0,N,,,,,,,,,,,
2022077603,1500.0,1,0,0,0,0,0,0,0,0,4,0,,67,8,2022,3,40.0486,-75.1617,1500.0,6,0,0,0,0,0,1,0,0,,0,0,0.0,6,1,1,1,,0,40 02:54.808,,0,75 09:41.994,3,0,0,0,67301,0,0,0,N,0,0,0,2,67301,0,,1,1,,N,N,N,0,,1,0,1,3,2,,600,1,2,0,0,0,0,0,3,4,0,2,3,,N,,,,,,,,,,,
2022077714,1500.0,1,0,0,0,0,0,0,0,0,4,0,,67,8,2022,3,40.0359,-75.1266,1456.0,6,0,0,0,0,0,1,0,0,,0,0,0.0,14,1,1,1,,0,40 02:09.352,,0,75 07:35.804,3,0,0,0,67301,0,0,0,N,0,0,0,2,67301,0,,1,1,,N,N,N,0,,1,0,1,3,3,,1453,1,2,0,0,0,0,0,3,4,0,2,3,3.0,N,,,,,,,,,,,
2022091322,1008.0,1,0,0,0,0,0,0,0,0,1,1,,67,10,2022,2,39.9992,-75.1535,942.0,6,0,0,0,0,0,1,1,0,,0,1,0.0,8,1,1,0,N,1,39 59:57.052,2.0,0,75 09:12.437,3,0,0,0,67301,0,0,0,N,0,0,0,4,67301,0,,1,9,1100.0,N,N,N,0,,1,0,1,0,0,N,833,1,3,0,0,0,0,2,3,4,0,3,7,4.0,N,,,,,,,,,,,
2022092152,2134.0,0,0,0,0,0,0,0,0,0,8,0,,67,10,2022,3,39.965,-75.2246,2130.0,6,0,0,0,0,0,0,0,0,,0,0,0.0,21,3,1,1,,0,39 57:53.852,,0,75 13:28.466,2,0,0,0,67301,1,0,1,N,1,0,1,1,67301,0,,9,9,,N,N,N,0,,0,1,0,3,2,,2120,1,2,0,0,0,0,0,3,4,0,1,7,4.0,N,,,,,,,,,,,
2022092044,109.0,1,0,0,0,0,0,0,0,0,7,0,,67,9,2022,4,39.9553,-75.181,102.0,6,0,0,0,0,0,0,0,0,,0,0,0.0,1,3,0,0,N,0,39 57:18.981,,0,75 10:51.450,0,0,0,0,67301,0,0,0,N,0,0,0,1,68K01,0,,4,3,,N,N,N,0,,0,0,0,0,0,,100,0,1,0,0,0,0,0,3,4,0,1,3,,N,,,,,,,,,,,
2022079977,1114.0,1,0,0,0,0,0,0,0,0,4,0,,67,8,2022,7,40.0285,-75.0611,1110.0,6,0,0,0,0,0,0,0,0,,0,0,0.0,11,1,2,1,,0,40 01:42.499,,0,75 03:40.118,4,0,0,0,67301,0,0,0,N,0,0,0,2,67301,2,,1,1,,N,N,Y,0,,0,0,1,3,2,,1109,2,3,0,0,1,0,0,3,4,1,3,3,3.0,N,,,,,,,,,,,
2022080561,757.0,2,0,0,0,0,0,0,0,0,5,0,,67,9,2022,5,40.0248,-75.1369,747.0,6,0,0,0,0,0,0,0,0,,0,0,0.0,14,1,0,0,N,0,40 01:29.180,,0,75 08:12.950,0,0,0,0,67301,0,0,0,N,0,0,0,1,67301,0,,6,1,,N,N,N,0,,0,0,0,0,0,,1400,0,2,0,0,0,0,0,3,4,0,2,3,,N,,,,,,,,,,,
2022097448,2030.0,2,0,0,0,0,0,0,0,0,2,0,,67,10,2022,6,39.9935,-75.2266,2028.0,6,0,0,0,0,0,0,0,0,,0,0,0.0,20,3,1,0,N,0,39 59:36.740,,0,75 13:35.650,8,0,0,0,67301,0,0,0,N,0,0,0,1,67301,0,,6,1,,N,N,N,0,,0,0,0,0,0,,2000,1,2,0,0,0,1,0,3,4,0,2,3,3.0,N,,,,,,,,,,,
2022081539,1557.0,0,0,0,0,0,0,0,0,0,1,0,,67,9,2022,2,39.9457,-75.1899,1538.0,6,0,0,0,0,0,1,1,0,,0,0,0.0,15,1,0,0,N,0,39 56:44.603,,3,75 11:23.558,0,0,0,0,67301,0,0,0,N,0,0,0,2,68K01,0,,1,1,,N,N,N,1,,0,0,1,0,0,,1535,0,2,0,0,0,0,0,3,4,0,2,3,3.0,N,,,,,,,,,,,
2022084300,2022.0,2,0,0,0,0,0,0,0,0,1,0,,67,9,2022,2,40.0584,-75.0785,2022.0,6,0,0,0,1,0,1,0,0,,0,0,0.0,20,3,1,0,Y,1,40 03:30.234,4.0,0,75 04:42.673,8,0,0,0,67301,0,0,0,N,0,0,0,5,67301,0,,1,1,2200.0,N,N,N,0,,0,0,1,3,2,N,2015,1,3,0,0,0,1,0,3,4,0,3,3,3.0,N,,,,,,,,,,,
2022090285,1035.0,0,0,0,0,0,0,0,0,0,1,1,,67,9,2022,6,40.0537,-75.0483,1026.0,6,0,0,0,0,0,0,0,0,,0,1,0.0,8,1,2,0,N,0,40 03:13.250,,0,75 02:53.760,3,0,0,0,67301,0,0,0,N,0,0,0,3,67301,0,,1,1,,N,N,N,0,,2,0,1,0,0,,852,2,2,0,0,0,0,0,3,4,0,2,3,3.0,N,,,,,,,,,,,
2022092511,1225.0,0,0,0,0,0,0,0,0,0,4,1,,67,9,2022,6,40.0239,-75.0354,1210.0,6,0,0,0,0,0,0,0,0,,0,1,0.0,11,1,0,1,,2,40 01:26.136,1.0,2,75 02:07.607,0,0,0,0,67301,0,0,0,N,0,0,0,2,67301,0,,1,1,1415.0,N,N,N,0,,0,0,0,3,2,Y,1130,0,2,0,0,0,0,0,3,4,1,2,3,3.0,N,,,,,,,,,,,
2022077602,2330.0,1,0,0,0,0,0,0,0,0,4,0,,67,8,2022,2,40.0736,-75.194,2330.0,6,0,0,0,0,1,1,0,0,,0,0,0.0,17,1,1,0,N,0,40 04:24.800,,7,75 11:38.560,3,0,0,0,67301,0,0,0,N,0,0,0,2,67301,0,,1,99,,N,N,N,0,,1,0,1,0,0,,1745,1,2,0,0,0,0,1,3,4,0,2,3,3.0,N,,,,,,,,,,,
2022091244,1654.0,2,0,0,0,0,0,0,0,0,1,0,,67,9,2022,6,39.9476,-75.187,1630.0,6,0,0,0,0,0,1,0,0,,0,0,0.0,15,1,3,0,N,0,39 56:51.423,,0,75 11:13.271,3,0,0,0,67301,0,0,0,N,0,0,0,4,68K01,0,,1,1,,N,N,N,0,,2,0,0,3,8,,1544,3,2,0,0,0,1,0,3,4,0,2,3,,N,,,,,,,,,,,
2022077695,1923.0,0,0,0,0,0,0,0,0,0,4,0,,67,8,2022,2,39.965,-75.2246,1912.0,6,0,0,0,0,0,0,0,0,,0,0,0.0,19,1,2,1,,0,39 57:53.852,,0,75 13:28.466,3,0,0,1,67301,0,0,0,N,0,0,0,3,67301,0,,1,1,,N,N,N,1,,2,0,0,3,2,,1907,2,2,0,0,0,0,1,3,4,0,2,4,3.0,N,,,,,,,,,,,
2022078699,2027.0,2,0,0,0,0,0,0,0,0,5,0,,67,8,2022,7,39.9664,-75.1916,2024.0,6,0,0,0,0,0,1,0,0,,0,0,0.0,20,3,0,0,N,0,39 57:59.060,,0,75 11:29.810,0,0,0,0,67301,0,0,0,N,0,0,0,1,67301,0,,6,1,,N,N,N,1,,0,0,1,0,0,,2023,0,5,0,0,0,0,0,3,4,0,4,3,3.0,N,,,,,,,,,,,
2022081591,1855.0,1,0,0,1,0,0,0,0,0,5,0,,67,8,2022,2,39.9467,-75.1648,1847.0,6,0,0,0,0,0,0,0,0,,0,0,0.0,18,1,1,0,N,0,39 56:48.215,,0,75 09:53.141,4,0,0,0,67301,1,0,0,N,0,0,0,2,67301,1,,1,1,,N,N,N,0,,0,0,0,0,0,,1820,1,2,0,0,1,0,0,3,4,0,1,3,,N,,,,,,,,,,,
2022078330,540.0,2,0,0,0,0,0,0,0,0,6,0,,67,8,2022,7,40.0479,-75.173,532.0,6,0,0,0,0,0,0,0,0,,0,0,0.0,5,3,0,0,N,0,40 02:52.270,,0,75 10:22.740,0,0,0,0,67301,0,0,0,N,0,0,0,1,67301,0,,6,1,,N,N,N,0,,0,0,0,0,0,,530,0,2,0,0,0,0,0,3,4,0,2,3,4.0,N,,,,,,,,,,,
2022092492,1219.0,1,0,0,0,0,0,0,0,0,7,0,,67,10,2022,4,40.0435,-75.0031,1219.0,6,0,0,0,0,0,0,0,0,,0,0,0.0,12,1,0,0,N,0,40 02:36.739,,0,75 00:11.006,0,0,0,0,67301,0,0,0,Y,0,0,0,1,68K01,0,,4,9,,N,N,N,0,,0,0,0,0,0,,1215,0,1,0,0,0,0,0,3,4,0,1,7,,N,,,,,,,,,,,
2022090617,412.0,2,0,0,0,0,0,1,0,0,4,1,,67,10,2022,7,40.0152,-75.1552,410.0,6,0,0,0,0,1,0,0,0,,0,0,0.0,4,3,3,2,,0,40 00:55.067,,0,75 09:18.839,3,0,0,0,67301,0,0,0,N,0,0,0,4,67301,0,,1,9,,N,N,N,0,,3,0,0,3,2,,405,3,3,0,0,3,0,0,3,4,0,3,7,7.0,N,,,,,,,,,,,
2022097776,1903.0,2,0,0,0,0,0,0,0,0,4,0,,67,10,2022,1,40.0219,-75.0691,1902.0,6,0,0,0,0,0,0,0,0,,0,0,0.0,19,2,2,1,,2,40 01:18.883,7.0,0,75 04:08.713,8,0,0,0,67301,0,0,0,N,0,0,0,4,67301,0,,1,1,1940.0,N,N,N,0,,0,0,0,3,3,Y,1900,2,2,0,0,0,2,0,3,4,0,2,3,3.0,N,,,,,,,,,,,
2022081829,2233.0,2,0,0,0,0,0,0,0,0,5,0,,67,9,2022,1,40.0266,-75.177,2233.0,6,0,0,0,0,0,0,0,0,,0,0,0.0,22,3,0,0,N,0,40 01:35.630,,0,75 10:37.370,9,0,0,0,67301,0,0,0,N,0,0,0,1,67301,0,,6,1,,N,N,N,1,,0,0,1,0,0,,2226,0,4,0,0,0,0,1,3,4,0,4,3,3.0,N,,,,,,,,,,,
2022081254,1311.0,4,0,0,0,0,0,0,0,0,5,0,,67,9,2022,5,39.9282,-75.1689,1307.0,6,0,0,0,0,0,0,0,0,,0,0,0.0,13,1,1,0,N,0,39 55:41.478,,0,75 10:08.113,4,0,0,0,67301,0,0,0,N,0,0,0,2,67301,1,,4,1,,N,N,N,0,,0,0,0,3,2,,1307,1,4,0,0,0,0,0,3,4,0,4,3,,N,,,,,,,,,,,
2022097393,2012.0,1,0,0,0,0,0,0,0,0,1,0,,67,10,2022,1,39.9995,-75.0802,2002.0,6,0,0,0,0,0,0,0,0,,0,0,0.0,19,3,1,0,N,1,39 59:58.143,2.0,2,75 04:48.766,3,0,0,0,67301,0,0,0,N,0,0,0,3,68K01,0,,1,1,500.0,N,N,N,0,,1,0,1,0,0,N,1956,1,2,0,0,0,0,0,3,4,0,2,3,3.0,N,,,,,,,,,,,
2022077719,1400.0,1,0,0,0,0,0,0,0,0,5,0,,67,8,2022,4,39.9153,-75.1596,1400.0,6,0,0,0,0,0,0,1,0,,0,0,0.0,13,1,0,0,N,1,39 54:55.015,3.0,0,75 09:34.731,0,0,0,0,67301,0,0,0,N,0,0,0,1,67301,0,,6,1,1450.0,N,N,N,0,,0,0,1,0,0,N,1345,0,3,0,0,0,0,0,3,4,1,3,3,,N,,,,,,,,,,,
2022090863,501.0,1,0,0,0,0,0,0,0,0,7,0,,67,10,2022,7,39.9093,-75.1493,501.0,6,0,0,0,0,0,0,0,0,,0,0,0.0,3,3,1,0,N,0,39 54:33.434,,0,75 08:57.518,3,0,0,0,67301,0,0,0,N,0,0,0,1,68K01,0,,4,9,,N,N,N,0,,1,0,0,0,0,,300,1,1,0,0,0,0,0,3,4,0,1,7,,N,,,,,,,,,,,