CRN,ARRIVAL_TM,AUTOMOBILE_COUNT,BELTED_DEATH_COUNT,BELTED_SUSP_SERIOUS_INJ_COUNT,BICYCLE_COUNT,BICYCLE_DEATH_COUNT,BICYCLE_SUSP_SERIOUS_INJ_COUNT,BUS_COUNT,CHLDPAS_DEATH_COUNT,CHLDPAS_SUSP_SERIOUS_INJ_COUNT,COLLISION_TYPE,COMM_VEH_COUNT,CONS_ZONE_SPD_LIM,COUNTY,CRASH_MONTH,CRASH_YEAR,DAY_OF_WEEK,DEC_LAT,DEC_LONG,DISPATCH_TM,DISTRICT,DRIVER_COUNT_16YR,DRIVER_COUNT_17YR,DRIVER_COUNT_18YR,DRIVER_COUNT_19YR,DRIVER_COUNT_20YR,DRIVER_COUNT_50_64YR,DRIVER_COUNT_65_74YR,DRIVER_COUNT_75PLUS,EST_HRS_CLOSED,FATAL_COUNT,HEAVY_TRUCK_COUNT,HORSE_BUGGY_COUNT,HOUR_OF_DAY,ILLUMINATION,INJURY_COUNT,INTERSECT_TYPE,INTERSECTION_RELATED,LANE_CLOSED,LATITUDE,LN_CLOSE_DIR,LOCATION_TYPE,LONGITUDE,MAX_SEVERITY_LEVEL,MCYCLE_DEATH_COUNT,MCYCLE_SUSP_SERIOUS_INJ_COUNT,MOTORCYCLE_COUNT,MUNICIPALITY,NONMOTR_COUNT,NONMOTR_DEATH_COUNT,NONMOTR_SUSP_SERIOUS_INJ_COUNT,NTFY_HIWY_MAINT,PED_COUNT,PED_DEATH_COUNT,PED_SUSP_SERIOUS_INJ_COUNT,PERSON_COUNT,POLICE_AGCY,POSSIBLE_INJ_COUNT,RDWY_SURF_TYPE_CD,RELATION_TO_ROAD,ROAD_CONDITION,ROADWAY_CLEARED,SCH_BUS_IND,SCH_ZONE_IND,SECONDARY_CRASH,SMALL_TRUCK_COUNT,SPEC_JURIS_CD,SUSP_MINOR_INJ_COUNT,SUSP_SERIOUS_INJ_COUNT,SUV_COUNT,TCD_FUNC_CD,TCD_TYPE,TFC_DETOUR_IND,TIME_OF_DAY,TOT_INJ_COUNT,TOTAL_UNITS,UNB_DEATH_COUNT,UNB_SUSP_SERIOUS_INJ_COUNT,UNBELTED_OCC_COUNT,UNK_INJ_DEG_COUNT,UNK_INJ_PER_COUNT,URBAN_AREA,URBAN_RURAL,VAN_COUNT,VEHICLE_COUNT,WEATHER1,WEATHER2,WORK_ZONE_IND,WORK_ZONE_LOC,WORK_ZONE_TYPE,WORKERS_PRES,WZ_CLOSE_DETOUR,WZ_FLAGGER,WZ_LAW_OFFCR_IND,WZ_LN_CLOSURE,WZ_MOVING,WZ_OTHER,WZ_SHLDER_MDN,WZ_WORKERS_INJ_KILLED
2022077970,218.0,0,0,0,0,0,0,0,0,0,7,0,,67,6,2022,4,39.9307,-75.1989,212.0,6,0,0,0,0,0,0,0,0,,0,0,0.0,2,3,0,0,N,1,39 55:50.510,3.0,0,75 11:56.022,0,0,0,0,67301,0,0,0,N,0,0,0,2,68K01,0,,4,1,240.0,N,N,N,1,,0,0,0,0,0,N,210,0,1,0,0,0,0,0,3,4,0,1,3,3.0,N,,,,,,,,,,,
2022078201,1825.0,3,0,0,0,0,0,0,0,0,1,0,,67,8,2022,6,40.063,-75.1704,1821.0,6,0,0,0,0,0,0,0,0,,0,0,0.0,18,1,1,0,N,0,40 03:46.771,,0,75 10:13.358,3,0,0,0,67301,0,0,0,N,0,0,0,3,67301,0,,1,1,,N,N,N,0,,1,0,0,0,0,,1800,1,3,0,0,0,0,0,3,4,0,3,3,3.0,N,,,,,,,,,,,
2022068593,1945.0,1,0,0,0,0,0,0,0,0,4,0,,67,7,2022,4,39.9732,-75.2122,1934.0,6,0,0,0,0,0,1,0,0,,0,0,0.0,19,1,4,1,,1,39 58:23.653,6.0,0,75 12:44.012,4,0,0,0,67301,0,0,0,N,0,0,0,4,67301,2,,1,1,2030.0,N,N,N,0,,0,0,1,3,2,N,1933,4,2,0,0,0,2,0,3,4,0,2,3,3.0,N,,,,,,,,,,,
2022062095,,2,0,0,0,0,0,0,0,0,1,0,,67,6,2022,7,39.8911,-75.2263,,6,0,0,0,0,0,0,0,0,,0,0,0.0,99,1,1,0,N,0,39 53:28.066,,0,75 13:34.707,8,0,0,0,67301,0,0,0,N,0,0,0,2,00000,0,,1,1,,,,N,0,,0,0,0,0,0,,9999,1,2,0,0,1,1,0,3,4,0,2,3,,N,,,,,,,,,,,
2022069984,37.0,0,0,0,0,0,0,0,0,0,4,0,,67,7,2022,3,39.9427,-75.2364,37.0,6,0,0,0,0,0,0,0,0,,0,0,0.0,23,3,1,1,,0,39 56:33.543,,0,75 14:11.115,3,0,0,1,67301,0,0,0,N,0,0,0,2,67301,0,,1,1,,N,N,N,0,,1,0,0,3,2,,2351,1,2,0,0,0,0,0,3,4,0,2,3,3.0,N,,,,,,,,,,,
2022065670,25.0,3,0,0,0,0,0,0,0,0,1,0,,67,7,2022,2,40.0354,-75.086,25.0,6,0,0,0,0,0,0,0,0,,0,0,0.0,0,2,0,0,N,0,40 02:07.600,,0,75 05:09.600,0,0,0,0,67301,0,0,0,N,0,0,0,1,67301,0,,4,1,,N,N,Y,0,,0,0,2,0,0,,25,0,6,0,0,0,0,0,3,4,1,6,3,3.0,N,,,,,,,,,,,
2022079569,924.0,2,0,0,0,0,0,0,0,0,1,0,,67,7,2022,4,39.9544,-75.1416,920.0,6,0,0,0,0,0,0,0,0,,0,0,0.0,8,1,1,0,N,0,39 57:15.949,,0,75 08:29.783,4,0,0,0,67301,0,0,0,N,0,0,0,2,68K01,1,,1,1,,N,N,N,0,,0,0,0,0,0,,847,1,2,0,0,1,0,0,3,4,0,2,3,,N,,,,,,,,,,,
2022064415,,0,0,0,0,0,0,0,0,0,1,0,,67,6,2022,4,,,,6,0,0,0,0,0,1,0,0,,0,0,0.0,18,1,1,0,N,0,,,0,,8,0,0,0,67301,0,0,0,N,0,0,0,3,00000,0,,1,1,,,,N,0,,0,0,2,0,0,,1800,1,3,0,0,0,1,0,3,3,0,3,3,,N,,,,,,,,,,,
2022078804,1448.0,1,0,0,0,0,0,0,0,0,1,0,,67,7,2022,1,39.9798,-75.2047,1439.0,6,0,0,0,0,0,1,1,0,,0,0,0.0,14,1,0,0,N,0,39 58:47.157,,0,75 12:16.961,0,0,0,0,67301,0,0,0,N,0,0,0,9,68K01,0,,1,1,,N,N,N,1,,0,0,2,0,0,,1430,0,4,0,0,0,0,0,3,4,0,4,3,,N,,,,,,,,,,,
2022073818,2341.0,1,0,0,0,0,0,0,0,0,4,0,,67,7,2022,7,39.9584,-75.2375,2341.0,6,0,0,0,0,0,0,0,0,,0,0,0.0,23,3,2,1,,0,39 57:30.385,,0,75 14:14.802,4,0,0,0,67301,0,0,0,N,0,0,0,3,67301,1,,1,9,,N,N,N,0,,0,0,0,3,2,,2330,2,2,0,0,1,1,0,3,4,0,2,7,3.0,N,,,,,,,,,,,
2022077587,325.0,1,0,0,0,0,0,0,0,0,4,0,,67,8,2022,4,40.0446,-75.1194,325.0,6,0,0,0,0,0,0,0,0,,0,0,0.0,2,3,0,0,N,0,40 02:40.550,,0,75 07:09.920,9,0,0,0,67301,0,0,0,N,0,0,0,1,67301,0,,1,1,,N,N,N,0,,0,0,1,0,0,,242,0,2,0,0,0,0,1,3,4,0,2,3,3.0,N,,,,,,,,,,,
2022065643,2350.0,1,0,0,0,0,0,0,0,0,1,0,35.0,67,7,2022,7,39.9539,-75.1396,2348.0,6,0,0,0,0,0,0,0,0,,0,0,0.0,23,3,1,0,N,1,39 57:14.000,4.0,3,75 08:22.400,2,0,1,1,67301,0,0,0,N,0,0,0,3,67501,0,,1,1,425.0,N,N,N,0,,0,1,0,0,0,N,2346,1,2,0,0,0,0,0,3,4,0,2,3,,Y,4.0,1.0,Y,,,N,Y,,,,N
2022065506,1323.0,1,0,0,0,0,0,0,0,0,5,0,,67,7,2022,1,40.0466,-75.1537,1318.0,6,0,0,0,1,0,0,0,0,,0,0,0.0,12,1,0,1,,0,40 02:47.655,,0,75 09:13.319,9,0,0,0,67301,0,0,0,N,0,0,0,2,67301,0,,1,1,,N,N,N,0,,0,0,0,3,2,,1237,0,2,0,0,0,0,1,3,4,1,2,3,,N,,,,,,,,,,,
2022072613,49.0,1,0,0,0,0,0,0,0,0,5,0,,67,7,2022,7,39.9896,-75.1181,44.0,6,0,0,0,0,0,0,0,0,,0,0,0.0,0,3,0,0,N,0,39 59:22.602,,0,75 07:05.114,0,0,0,0,67301,0,0,0,N,0,0,0,1,67301,0,,4,1,,N,N,N,0,,0,0,0,0,0,,44,0,2,0,0,0,0,0,3,4,0,2,3,3.0,N,,,,,,,,,,,
2022077690,1845.0,0,0,0,0,0,0,0,0,0,7,1,,67,8,2022,4,40.0001,-75.1891,1822.0,6,0,0,0,0,0,0,0,0,,0,1,0.0,18,1,0,0,N,1,40 00:00.270,4.0,4,75 11:20.886,0,0,0,0,67301,0,0,0,N,0,0,0,1,67301,0,,5,1,2300.0,N,N,N,0,,0,0,0,3,8,N,1815,0,1,0,0,0,0,0,3,4,0,1,3,,N,,,,,,,,,,,
2022068568,718.0,0,0,0,0,0,0,0,0,0,1,0,,67,7,2022,6,39.8919,-75.2419,713.0,6,0,0,0,0,0,0,1,1,,0,0,0.0,6,1,0,2,,0,39 53:30.990,,0,75 14:30.862,0,0,0,0,67301,0,0,0,N,0,0,0,2,67301,0,,1,1,,N,N,N,1,,0,0,1,3,4,,620,0,2,0,0,0,0,0,3,4,0,2,3,3.0,N,,,,,,,,,,,
2022070231,1345.0,0,0,0,0,0,0,0,0,0,4,0,,67,7,2022,1,39.9487,-75.1929,1337.0,6,0,0,0,0,0,0,0,0,,0,0,0.0,12,1,0,2,,0,39 56:55.246,,7,75 11:34.412,0,0,0,0,67301,0,0,0,N,0,0,0,2,67301,0,,1,1,,N,N,N,0,,0,0,2,3,2,,1250,0,2,0,0,0,0,0,3,4,0,2,3,3.0,N,,,,,,,,,,,
2022078410,458.0,1,0,0,0,0,0,0,0,0,7,0,,67,8,2022,2,39.935,-75.1448,439.0,6,0,0,0,0,0,0,0,0,,0,0,0.0,4,3,0,0,N,2,39 56:06.091,1.0,0,75 08:41.140,0,0,0,0,67301,0,0,0,N,0,0,0,1,68K01,0,,4,9,30.0,N,N,N,0,,0,0,0,0,0,N,438,0,1,0,0,0,0,0,3,4,0,1,7,7.0,N,,,,,,,,,,,
2022065357,1145.0,1,0,0,0,0,0,0,0,0,8,0,,67,7,2022,6,39.9768,-75.1766,1137.0,6,0,0,0,0,0,0,0,0,,0,0,0.0,11,1,1,1,,0,39 58:36.455,,0,75 10:35.789,3,0,0,0,67301,1,0,0,N,1,0,0,2,67301,0,,1,1,,N,N,N,0,,1,0,0,3,2,,1127,1,2,0,0,0,0,0,3,4,0,1,3,3.0,N,,,,,,,,,,,
2022067144,1147.0,1,0,0,0,0,0,0,0,0,4,0,,67,7,2022,5,40.0077,-75.1515,1147.0,6,0,0,0,0,0,0,0,0,,0,0,0.0,11,1,1,1,,1,40 00:27.648,2.0,0,75 09:05.687,3,0,0,0,67301,0,0,0,N,0,0,0,2,67301,0,,1,1,1300.0,N,N,N,0,,1,0,1,3,2,N,1145,1,2,0,0,0,0,0,3,4,0,2,3,3.0,N,,,,,,,,,,,
2022066349,1920.0,0,0,0,0,0,0,0,0,0,0,0,,67,7,2022,5,39.8974,-75.1755,1900.0,6,0,0,0,0,0,0,1,0,,0,0,0.0,18,1,1,1,,0,39 53:50.668,,0,75 10:31.915,3,0,0,1,67301,0,0,0,N,0,0,0,1,67301,0,,1,1,,N,N,N,0,,1,0,0,3,2,,1840,1,1,0,0,0,0,0,3,4,0,1,3,3.0,N,,,,,,,,,,,
2022065391,1820.0,2,0,0,0,0,0,0,0,0,4,0,,67,7,2022,6,40.0122,-75.1505,1811.0,6,0,0,0,0,0,0,0,0,,0,0,0.0,18,1,1,1,,0,40 00:44.064,,0,75 09:01.733,3,0,0,0,67301,0,0,0,N,0,0,0,2,67301,0,,1,1,,N,N,N,0,,1,0,0,0,0,,1800,1,2,0,0,0,0,0,3,4,0,2,3,3.0,N,,,,,,,,,,,
2022077007,2200.0,2,0,0,0,0,0,0,0,0,1,0,,67,7,2022,4,39.9924,-75.2012,2154.0,6,0,0,0,0,0,0,0,0,,0,0,0.0,21,3,0,0,N,2,39 59:32.606,4.0,0,75 12:04.405,0,0,0,0,67301,0,0,0,N,0,0,0,2,68K01,0,,1,1,2205.0,N,N,N,0,,0,0,0,0,0,N,2129,0,2,0,0,0,0,0,3,4,0,2,3,3.0,N,,,,,,,,,,,
2022076741,422.0,1,0,0,0,0,0,0,0,0,7,0,,67,8,2022,1,40.0919,-75.0474,405.0,6,0,0,0,0,0,0,0,0,,0,0,0.0,3,3,0,3,,0,40 05:30.666,,0,75 02:50.731,9,0,0,0,67301,0,0,0,N,0,0,0,1,67301,0,,5,1,,N,N,N,0,,0,0,0,3,2,,359,0,1,0,0,0,0,1,3,4,0,1,3,3.0,N,,,,,,,,,,,
2022072615,1040.0,0,0,0,0,0,0,0,0,0,8,0,,67,7,2022,2,39.9904,-75.1243,1029.0,6,0,0,0,0,0,0,0,0,,0,0,0.0,10,1,1,2,,0,39 59:25.612,,1,75 07:27.521,2,0,0,0,67301,1,0,1,N,1,0,1,2,67301,0,,1,1,,N,N,N,0,,0,1,0,3,3,,1028,1,2,0,0,0,0,0,3,4,0,1,3,,N,,,,,,,,,,,
2022069298,2304.0,1,0,0,0,0,0,0,0,0,5,0,,67,7,2022,6,40.0052,-75.1955,2259.0,6,0,0,0,0,0,0,0,0,,0,0,0.0,22,3,3,0,N,0,40 00:18.849,,0,75 11:43.734,4,0,0,0,67301,0,0,0,N,0,0,0,4,68K01,3,,1,1,,N,N,N,1,,0,0,0,0,0,,2250,3,2,0,0,0,0,0,3,4,0,2,3,3.0,N,,,,,,,,,,,
2022070070,1139.0,1,0,0,0,0,0,0,0,0,5,0,,67,7,2022,6,39.9809,-75.2465,1139.0,6,0,0,0,0,0,1,0,0,,0,0,0.0,12,1,1,5,,0,39 58:51.071,,0,75 14:47.820,3,0,0,0,67301,0,0,0,N,0,0,0,2,67301,0,,1,1,,N,N,N,1,,1,0,0,3,2,,1240,1,2,0,0,0,0,0,3,4,0,2,3,3.0,N,,,,,,,,,,,
2022077408,1245.0,1,0,0,0,0,0,0,0,0,4,0,,67,8,2022,3,40.1008,-75.0078,1233.0,6,0,0,0,0,0,0,1,0,,0,0,0.0,12,1,0,2,,0,40 06:02.907,,0,75 00:27.961,9,0,0,0,67301,0,0,0,N,0,0,0,3,67301,0,,1,1,,N,N,N,0,,0,0,1,3,2,,1220,0,2,0,0,0,0,1,3,4,0,2,3,,N,,,,,,,,,,,
2022068566,342.0,1,0,0,0,0,0,0,0,0,1,0,,67,7,2022,5,40.0594,-75.0175,332.0,6,0,0,0,0,0,0,0,0,,0,0,0.0,3,3,1,0,N,0,40 03:33.721,,0,75 01:02.903,8,0,0,0,67301,0,0,0,N,0,0,0,1,67301,0,,6,1,,N,N,Y,0,,0,0,4,0,0,,310,1,5,0,0,0,1,0,3,4,0,5,3,3.0,N,,,,,,,,,,,
2022066705,1715.0,1,0,0,0,0,0,0,0,0,1,0,,67,7,2022,3,39.892,-75.1761,1710.0,6,0,0,0,0,0,0,0,0,,0,0,0.0,17,1,1,0,N,0,39 53:31.030,,0,75 10:34.070,8,0,0,0,67301,0,0,0,N,0,0,0,2,67301,0,,1,1,,N,N,N,0,,0,0,1,0,0,,1700,1,2,0,0,0,1,0,3,4,0,2,3,,N,,,,,,,,,,,
2022067145,2024.0,1,0,0,0,0,0,0,0,0,4,0,,67,7,2022,4,40.0146,-75.1567,2024.0,6,0,0,0,0,0,1,0,0,,0,0,0.0,13,1,1,1,,0,40 00:52.463,,0,75 09:23.952,3,0,0,0,67301,0,0,0,N,0,0,0,2,67301,0,,1,1,,N,N,N,0,,1,0,1,3,2,,1355,1,2,0,0,0,0,1,3,4,0,2,3,3.0,N,,,,,,,,,,,
2022064438,1145.0,0,0,0,0,0,0,0,0,0,4,0,,67,7,2022,4,40.0047,-75.1521,1140.0,6,0,0,0,0,0,1,0,0,,0,0,0.0,11,1,2,1,,0,40 00:16.847,,0,75 09:07.652,4,0,0,0,67301,0,0,0,N,0,0,0,2,67505,2,,1,1,,N,N,N,0,,0,0,1,3,2,,1138,2,2,0,0,0,0,0,3,4,1,2,3,,N,,,,,,,,,,,
2022064660,331.0,1,0,0,0,0,0,0,0,0,4,0,,67,7,2022,5,40.0595,-75.1785,325.0,6,0,0,0,0,0,0,0,0,,0,0,0.0,3,3,0,3,,0,40 03:34.030,,0,75 10:42.618,0,0,0,0,67301,0,0,0,N,0,0,0,1,67301,0,,1,1,,N,N,N,0,,0,0,0,0,0,,310,0,2,0,0,0,0,0,3,4,1,2,3,3.0,N,,,,,,,,,,,
2022066388,228.0,2,0,0,0,0,0,0,0,0,0,0,,67,7,2022,5,39.9934,-75.1376,225.0,6,0,0,0,0,0,0,0,0,,0,0,0.0,2,3,1,0,N,2,39 59:36.210,4.0,0,75 08:15.520,3,0,0,0,67301,0,0,0,N,0,0,0,1,67301,0,,1,1,420.0,N,N,N,0,,1,0,0,0,0,N,222,1,2,0,0,0,0,0,3,4,0,2,3,3.0,N,,,,,,,,,,,
2022066145,1120.0,1,0,0,0,0,0,0,0,0,4,0,,67,7,2022,5,39.9597,-75.1558,1115.0,6,0,0,0,0,0,0,0,0,,0,0,0.0,11,1,1,1,,0,39 57:34.905,,0,75 09:21.056,8,0,0,0,67301,0,0,0,N,0,0,0,2,67301,0,,1,1,,N,N,N,0,,0,0,2,3,3,,1113,1,3,0,0,0,1,0,3,4,0,3,3,3.0,N,,,,,,,,,,,
2022079638,1049.0,0,0,0,0,0,0,0,0,0,5,1,,67,8,2022,2,40.0706,-75.0146,1049.0,6,0,0,0,0,0,1,0,0,,0,1,0.0,10,1,0,0,N,2,40 04:14.200,5.0,0,75 00:52.390,0,0,0,0,67301,0,0,0,N,0,0,0,1,67301,0,,6,1,100.0,N,N,N,0,,0,0,1,0,0,Y,1043,0,2,0,0,0,0,0,3,4,0,2,3,,N,,,,,,,,,,,
2022080273,1904.0,3,0,0,0,0,0,0,0,0,5,0,,67,8,2022,7,40.0491,-75.0024,1850.0,6,0,0,0,0,0,0,0,0,,1,0,0.0,18,1,7,0,N,2,40 02:56.884,7.0,0,75 00:08.796,1,0,0,0,67301,0,0,0,N,0,0,0,8,67301,0,2.0,1,1,200.0,N,N,N,0,0.0,2,5,0,0,0,Y,1836,7,3,0,0,0,0,0,3,4,0,3,3,3.0,N,,,,,,,,,,,
2022068673,,1,0,0,0,0,0,0,0,0,1,0,,67,7,2022,6,39.9502,-75.1836,,6,0,0,0,0,0,0,0,0,,0,0,0.0,0,2,6,0,N,0,39 57:00.692,,0,75 11:00.907,8,0,0,0,67301,0,0,0,N,0,0,0,7,00000,0,,1,1,,,,N,0,,0,0,1,0,0,,48,6,2,0,0,0,6,0,3,4,0,2,3,,N,,,,,,,,,,,
2022078885,1735.0,0,0,0,0,0,0,0,0,0,4,0,,67,7,2022,7,39.9478,-75.2274,1722.0,6,0,0,0,0,0,0,0,0,,0,0,0.0,17,1,2,5,,0,39 56:52.000,,0,75 13:38.740,3,0,0,0,67301,0,0,0,N,0,0,0,3,67301,0,,1,1,,N,N,N,1,,2,0,1,3,2,,1718,2,2,0,0,1,0,0,3,4,0,2,3,3.0,N,,,,,,,,,,,
2022070458,2035.0,2,0,0,0,0,0,0,0,0,4,0,,67,7,2022,1,40.0313,-75.073,2035.0,6,0,0,0,0,0,0,0,0,,0,0,0.0,20,3,0,2,,0,40 01:52.542,,0,75 04:22.773,0,0,0,0,67301,0,0,0,N,0,0,0,2,67301,0,,1,9,,N,N,N,0,,0,0,2,3,3,,2030,0,4,0,0,2,0,0,3,4,0,4,7,7.0,N,,,,,,,,,,,
2022066909,1928.0,1,0,0,0,0,0,0,0,0,1,0,,67,7,2022,3,40.0612,-75.0168,1918.0,6,0,0,0,0,0,0,0,0,,0,0,0.0,19,1,1,0,N,2,40 03:40.320,6.0,0,75 01:00.650,2,0,0,0,67301,1,0,1,N,1,0,1,2,67301,0,,6,1,2000.0,N,N,N,1,,0,1,0,0,0,N,1913,1,3,0,0,0,0,0,3,4,0,2,3,3.0,N,,,,,,,,,,,
2022075996,1220.0,0,0,0,0,0,0,0,0,0,1,1,,67,8,2022,2,39.8913,-75.2225,1209.0,6,0,0,0,0,0,0,0,0,,0,1,0.0,11,1,0,0,N,1,39 53:28.558,1.0,3,75 13:20.908,0,0,0,0,67301,0,0,0,N,0,0,0,3,68K01,0,,1,1,1245.0,N,N,N,1,,0,0,0,0,0,N,1156,0,3,0,0,0,0,0,3,4,1,3,3,,N,,,,,,,,,,,
2022065450,1522.0,1,0,0,0,0,0,0,0,0,1,0,,67,7,2022,7,40.0352,-75.108,1521.0,6,0,0,0,0,0,0,0,0,,0,0,0.0,15,1,2,0,N,0,40 02:06.890,,0,75 06:28.820,4,0,0,0,67301,1,0,0,N,0,0,0,2,67301,1,,6,1,,N,N,N,0,,0,0,1,0,0,,1521,2,2,0,0,1,1,0,3,4,0,2,3,,N,,,,,,,,,,,
2022070498,507.0,0,0,0,0,0,0,0,0,0,1,1,55.0,67,7,2022,3,39.9346,-75.1451,457.0,6,0,0,0,0,0,1,0,0,,0,1,0.0,4,3,4,0,N,1,39 56:04.684,2.0,3,75 08:42.368,4,0,0,0,67301,0,0,0,N,0,0,0,4,68K01,1,,1,1,0.0,N,N,N,0,,0,0,1,0,0,N,447,4,2,0,0,4,3,0,3,4,0,2,3,3.0,Y,2.0,2.0,Y,,,N,,,Y,,Y
2022076512,1525.0,3,0,0,0,0,0,0,0,0,7,1,,67,8,2022,1,40.0536,-75.0866,1511.0,6,0,0,0,0,0,1,0,0,,0,1,0.0,15,1,1,0,N,1,40 03:12.808,3.0,0,75 05:11.626,3,0,0,0,67301,0,0,0,N,0,0,0,3,67301,0,,4,1,1700.0,N,N,N,0,,1,0,0,0,0,Y,1505,1,4,0,0,0,0,0,3,4,0,4,4,4.0,N,,,,,,,,,,,
2022076167,1005.0,0,0,0,1,0,0,0,0,0,2,0,,67,8,2022,7,39.9269,-75.1691,958.0,6,0,0,0,0,0,0,0,0,,0,0,0.0,9,1,1,1,,0,39 55:36.660,,0,75 10:08.677,3,0,0,0,67301,1,0,0,N,0,0,0,2,67301,0,,1,1,,N,N,N,0,,1,0,1,0,0,,926,1,2,0,0,1,0,0,3,4,0,1,3,3.0,N,,,,,,,,,,,
2022076789,2031.0,1,0,0,0,0,0,0,0,0,4,0,,67,8,2022,1,40.0817,-74.9944,2030.0,6,0,1,0,0,0,0,0,1,,0,0,0.0,20,3,1,2,,0,40 04:53.953,,0,74 59:39.931,3,0,0,0,67301,0,0,0,N,0,0,0,3,67301,0,,1,1,,N,N,N,0,,1,0,1,3,2,,2030,1,2,0,0,0,0,0,3,4,0,2,3,3.0,N,,,,,,,,,,,
2022066605,1935.0,1,0,0,0,0,0,0,0,0,4,0,,67,7,2022,2,40.0619,-75.0835,1928.0,6,0,1,0,0,0,0,0,0,,0,0,0.0,19,3,0,3,,1,40 03:43.278,5.0,0,75 05:00.549,0,0,0,0,67301,0,0,0,N,0,0,0,2,67301,0,,1,9,2000.0,N,N,N,0,,0,0,1,0,0,Y,1920,0,2,0,0,0,0,0,3,4,0,2,7,,N,,,,,,,,,,,
2022076452,1657.0,1,0,0,1,0,0,0,0,0,4,0,,67,7,2022,3,39.9577,-75.2254,1657.0,6,0,0,0,0,0,1,0,0,,0,0,0.0,16,1,1,1,,0,39 57:27.698,,0,75 13:31.277,3,0,0,0,67301,1,0,0,N,0,0,0,2,67301,0,,1,9,,N,N,N,0,,1,0,0,3,3,,1645,1,2,0,0,1,0,0,3,4,0,1,4,7.0,N,,,,,,,,,,,
2022065454,744.0,0,0,0,0,0,0,0,0,0,2,0,,67,7,2022,5,40.0264,-75.0458,730.0,6,0,0,0,0,0,0,0,0,,0,0,0.0,6,5,0,0,N,0,40 01:34.980,,0,75 02:44.800,0,0,0,0,67301,0,0,0,N,0,0,0,1,67301,0,,6,1,,N,N,N,0,,0,0,3,0,0,,619,0,3,0,0,0,0,0,3,4,0,3,3,,N,,,,,,,,,,,
2022079863,2024.0,2,0,0,0,0,0,0,0,0,2,0,,67,8,2022,6,40.0086,-75.0688,2022.0,6,0,0,0,0,0,1,0,0,,0,0,0.0,19,1,0,1,,0,40 00:31.249,,1,75 04:07.877,0,0,0,0,67301,0,0,0,N,0,0,0,2,67301,0,,4,1,,N,N,N,0,,0,0,0,3,2,,1954,0,2,0,0,0,0,0,3,4,0,2,3,3.0,N,,,,,,,,,,,
2022071919,2246.0,1,0,0,0,0,0,0,0,0,3,0,,67,7,2022,6,40.0129,-75.0582,2234.0,6,0,0,0,0,0,0,0,1,,0,0,0.0,22,3,0,0,N,1,40 00:46.446,1.0,0,75 03:29.686,9,0,0,0,67301,0,0,0,N,0,0,0,5,68K01,0,,1,1,1130.0,N,N,N,0,,0,0,1,0,0,N,2233,0,3,0,0,0,0,1,3,4,0,3,3,,N,,,,,,,,,,,
2022069168,311.0,1,0,0,0,0,0,0,0,0,5,0,,67,7,2022,5,40.0575,-75.162,311.0,6,0,0,0,1,0,0,0,0,,0,0,0.0,3,3,0,0,N,0,40 03:27.102,,0,75 09:43.013,0,0,0,0,67301,0,0,0,N,0,0,0,2,67301,0,,1,9,,N,N,N,0,,0,0,1,0,0,,305,0,2,0,0,0,0,0,3,4,0,2,3,3.0,N,,,,,,,,,,,
2022079571,619.0,1,0,0,0,0,0,0,0,0,7,0,,67,7,2022,7,39.9936,-75.0849,547.0,6,0,0,0,0,0,0,0,0,,0,0,0.0,5,1,0,0,N,2,39 59:36.798,1.0,0,75 05:05.527,0,0,0,0,67301,0,0,0,N,0,0,0,1,68K01,0,,4,1,635.0,N,N,N,0,,0,0,0,0,0,N,529,0,1,0,0,0,0,0,3,4,0,1,3,3.0,N,,,,,,,,,,,
2022080737,1642.0,1,0,0,0,0,0,0,0,0,4,0,,67,9,2022,6,39.9343,-75.1675,1632.0,6,0,0,0,0,0,0,0,0,,0,0,0.0,16,1,1,0,N,0,39 56:03.540,,0,75 10:02.876,3,0,0,1,67301,0,0,0,N,0,0,0,2,67301,0,,1,1,,N,N,N,0,,1,0,0,0,0,,1606,1,2,0,0,0,0,0,3,4,0,2,3,3.0,N,,,,,,,,,,,
2022070219,1550.0,0,0,0,0,0,0,0,0,0,4,0,,67,7,2022,4,39.9597,-75.2352,1546.0,6,0,0,0,0,0,1,0,0,,0,0,0.0,15,1,1,1,,0,39 57:35.007,,0,75 14:06.670,4,0,0,0,67301,0,0,0,N,0,0,0,2,67301,1,,1,1,,N,N,N,0,,0,0,3,3,2,,1510,1,3,0,0,0,0,1,3,4,0,3,3,98.0,N,,,,,,,,,,,
2022065056,2330.0,1,0,0,0,0,0,0,0,0,8,0,,67,7,2022,5,40.072,-75.0394,2315.0,6,0,0,0,0,0,0,0,1,,0,0,0.0,22,3,1,0,N,0,40 04:19.060,,0,75 02:21.690,2,0,0,0,67301,1,0,1,N,1,0,1,2,67301,0,,6,1,,N,N,N,0,,0,1,0,0,0,,2240,1,2,0,0,0,0,0,3,4,0,1,3,,N,,,,,,,,,,,
2022066185,1305.0,3,0,0,0,0,0,0,0,0,1,0,,67,7,2022,1,40.0026,-75.1484,1259.0,6,0,0,0,0,0,0,0,0,,0,0,0.0,12,1,1,0,N,0,40 00:09.450,,0,75 08:54.260,2,0,0,0,67301,0,0,0,N,0,0,0,1,67301,0,,6,1,,N,N,N,0,,0,1,2,0,0,,1248,1,5,0,0,0,0,0,3,4,0,5,3,3.0,N,,,,,,,,,,,