CRN,ARRIVAL_TM,AUTOMOBILE_COUNT,BELTED_DEATH_COUNT,BELTED_SUSP_SERIOUS_INJ_COUNT,BICYCLE_COUNT,BICYCLE_DEATH_COUNT,BICYCLE_SUSP_SERIOUS_INJ_COUNT,BUS_COUNT,CHLDPAS_DEATH_COUNT,CHLDPAS_SUSP_SERIOUS_INJ_COUNT,COLLISION_TYPE,COMM_VEH_COUNT,CONS_ZONE_SPD_LIM,COUNTY,CRASH_MONTH,CRASH_YEAR,DAY_OF_WEEK,DEC_LAT,DEC_LONG,DISPATCH_TM,DISTRICT,DRIVER_COUNT_16YR,DRIVER_COUNT_17YR,DRIVER_COUNT_18YR,DRIVER_COUNT_19YR,DRIVER_COUNT_20YR,DRIVER_COUNT_50_64YR,DRIVER_COUNT_65_74YR,DRIVER_COUNT_75PLUS,EST_HRS_CLOSED,FATAL_COUNT,HEAVY_TRUCK_COUNT,HORSE_BUGGY_COUNT,HOUR_OF_DAY,ILLUMINATION,INJURY_COUNT,INTERSECT_TYPE,INTERSECTION_RELATED,LANE_CLOSED,LATITUDE,LN_CLOSE_DIR,LOCATION_TYPE,LONGITUDE,MAX_SEVERITY_LEVEL,MCYCLE_DEATH_COUNT,MCYCLE_SUSP_SERIOUS_INJ_COUNT,MOTORCYCLE_COUNT,MUNICIPALITY,NONMOTR_COUNT,NONMOTR_DEATH_COUNT,NONMOTR_SUSP_SERIOUS_INJ_COUNT,NTFY_HIWY_MAINT,PED_COUNT,PED_DEATH_COUNT,PED_SUSP_SERIOUS_INJ_COUNT,PERSON_COUNT,POLICE_AGCY,POSSIBLE_INJ_COUNT,RDWY_SURF_TYPE_CD,RELATION_TO_ROAD,ROAD_CONDITION,ROADWAY_CLEARED,SCH_BUS_IND,SCH_ZONE_IND,SECONDARY_CRASH,SMALL_TRUCK_COUNT,SPEC_JURIS_CD,SUSP_MINOR_INJ_COUNT,SUSP_SERIOUS_INJ_COUNT,SUV_COUNT,TCD_FUNC_CD,TCD_TYPE,TFC_DETOUR_IND,TIME_OF_DAY,TOT_INJ_COUNT,TOTAL_UNITS,UNB_DEATH_COUNT,UNB_SUSP_SERIOUS_INJ_COUNT,UNBELTED_OCC_COUNT,UNK_INJ_DEG_COUNT,UNK_INJ_PER_COUNT,URBAN_AREA,URBAN_RURAL,VAN_COUNT,VEHICLE_COUNT,WEATHER1,WEATHER2,WORK_ZONE_IND,WORK_ZONE_LOC,WORK_ZONE_TYPE,WORKERS_PRES,WZ_CLOSE_DETOUR,WZ_FLAGGER,WZ_LAW_OFFCR_IND,WZ_LN_CLOSURE,WZ_MOVING,WZ_OTHER,WZ_SHLDER_MDN,WZ_WORKERS_INJ_KILLED
2022088061,1842.0,0,0,0,0,0,0,1,0,0,4,1,,67,9,2022,3,39.957,-75.1572,1836.0,6,0,0,0,0,0,1,0,0,,0,0,0.0,18,1,0,1,,1,39 57:26.633,1.0,0,75 09:25.457,0,0,0,0,67301,0,0,0,N,0,0,0,2,67508,0,,1,1,9999.0,N,N,Y,0,,0,0,1,3,2,N,1836,0,2,0,0,1,0,0,3,4,0,2,3,3.0,N,,,,,,,,,,,
2022076094,231.0,1,0,0,0,0,0,0,0,0,4,0,,67,8,2022,7,40.0047,-75.1521,231.0,6,0,0,0,0,1,0,0,0,,0,0,0.0,2,3,7,1,,2,40 00:16.847,1.0,0,75 09:07.652,8,0,0,0,67301,0,0,0,N,0,0,0,9,67505,0,,1,1,540.0,N,N,N,0,,0,0,2,3,2,Y,231,7,3,0,0,4,7,1,3,4,0,3,3,,N,,,,,,,,,,,
2022087827,530.0,2,0,0,0,0,0,1,0,0,5,1,,67,9,2022,2,40.0126,-75.1045,415.0,6,0,0,0,0,0,0,1,0,,0,0,0.0,4,5,1,0,N,0,40 00:45.310,,0,75 06:16.250,3,0,0,0,67301,0,0,0,N,0,0,0,2,67301,0,,6,1,,Y,Y,N,0,,1,0,1,0,0,,400,1,4,0,0,0,0,0,3,4,0,4,3,3.0,N,,,,,,,,,,,
2022075971,1217.0,0,0,0,0,0,0,0,0,0,4,0,,67,8,2022,6,39.9381,-75.2252,14.0,6,0,0,0,0,0,0,0,0,,0,0,0.0,0,3,1,2,,2,39 56:17.246,6.0,0,75 13:30.604,2,0,1,1,67301,0,0,0,N,0,0,0,2,67301,0,,1,1,230.0,N,N,N,0,,0,1,1,0,0,Y,9,1,2,0,0,0,0,0,3,4,0,2,3,3.0,N,,,,,,,,,,,
2022076269,1628.0,2,0,0,0,0,0,0,0,0,4,0,,67,8,2022,7,39.9576,-75.1457,1628.0,6,0,0,0,0,0,0,0,0,,0,0,0.0,15,1,2,1,,0,39 57:27.432,,0,75 08:44.473,8,0,0,0,67301,0,0,0,N,0,0,0,4,67301,0,,1,1,,N,N,N,0,,0,0,0,3,2,,1508,2,2,0,0,0,2,0,3,4,0,2,3,,N,,,,,,,,,,,
2022076617,1356.0,1,0,0,0,0,0,0,0,0,4,0,,67,8,2022,1,40.0091,-75.1513,1356.0,6,0,0,0,0,0,1,0,0,,0,0,0.0,13,1,1,0,N,1,40 00:32.602,1.0,0,75 09:04.619,3,0,0,1,67301,0,0,0,N,0,0,0,2,67301,0,,1,1,1356.0,N,N,N,0,,1,0,0,0,0,N,1350,1,2,0,0,0,0,0,3,4,0,2,3,,N,,,,,,,,,,,
2022080898,2347.0,0,0,0,0,0,0,0,0,0,8,0,,67,8,2022,2,40.0421,-75.1055,2346.0,6,0,0,0,0,0,0,0,0,,0,0,0.0,23,3,1,0,N,2,40 02:31.591,5.0,0,75 06:19.908,2,0,0,0,67301,1,0,1,N,1,0,1,2,67301,0,,1,1,128.0,N,N,N,0,,0,1,0,0,0,Y,2345,1,2,0,0,0,0,0,3,4,0,1,3,3.0,N,,,,,,,,,,,
2022086493,1545.0,1,0,0,0,0,0,0,0,0,1,1,,67,8,2022,3,39.9567,-75.1436,1541.0,6,0,0,0,0,0,0,0,0,,0,1,0.0,15,1,1,7,,0,39 57:24.067,,8,75 08:36.830,8,0,0,0,67301,0,0,0,N,0,0,0,2,68K01,0,,7,1,,N,N,N,0,,0,0,0,0,0,,1539,1,2,0,0,0,1,0,3,4,0,2,3,3.0,N,,,,,,,,,,,
2022089081,2302.0,0,0,0,0,0,0,0,0,0,1,0,,67,9,2022,2,39.9598,-75.1771,2301.0,6,0,0,0,0,0,0,0,0,,0,0,0.0,22,3,1,0,N,1,39 57:35.205,4.0,0,75 10:37.412,8,0,0,0,67301,0,0,0,N,0,0,0,2,68K01,0,,1,1,2321.0,N,N,N,0,,0,0,2,0,0,N,2250,1,2,0,0,1,1,0,3,4,0,2,3,3.0,N,,,,,,,,,,,
2022076877,2100.0,1,0,0,0,0,0,0,0,0,1,0,,67,8,2022,1,40.0302,-75.0882,2045.0,6,0,0,0,0,0,0,0,0,,0,0,0.0,19,3,0,1,,0,40 01:48.794,,0,75 05:17.552,0,0,0,0,67301,0,0,0,N,0,0,0,2,67301,0,,1,1,,N,N,N,0,,0,0,1,3,2,,1900,0,2,0,0,2,0,0,3,4,0,2,3,3.0,N,,,,,,,,,,,
2022088703,19.0,2,0,0,0,0,0,0,0,0,1,0,,67,9,2022,6,39.9284,-75.1963,9.0,6,0,0,0,0,0,0,0,0,,0,0,0.0,0,3,3,0,N,1,39 55:42.186,4.0,0,75 11:46.679,3,0,0,0,67301,0,0,0,N,0,0,0,4,68K01,0,,1,1,1235.0,N,N,N,0,,3,0,0,0,0,N,8,3,2,0,0,0,0,0,3,4,0,2,3,,N,,,,,,,,,,,
2022087421,1218.0,0,0,0,0,0,0,1,0,0,5,1,,67,9,2022,7,40.0016,-75.1528,1215.0,6,0,0,0,0,0,0,0,0,,0,0,0.0,12,1,1,1,,1,40 00:05.705,2.0,0,75 09:10.074,4,0,0,0,67301,0,0,0,N,0,0,0,2,67508,1,,1,1,9999.0,N,N,Y,0,,0,0,1,3,2,Y,1215,1,2,0,0,0,0,0,3,4,0,2,3,3.0,N,,,,,,,,,,,
2022086965,2327.0,1,0,0,0,0,0,1,0,0,1,1,,67,8,2022,3,39.988,-75.1059,2322.0,6,0,0,0,0,0,0,0,0,,0,0,0.0,23,3,1,1,,0,39 59:16.946,,0,75 06:21.283,4,0,0,0,67301,0,0,0,N,0,0,0,2,67508,1,,1,1,,N,N,Y,0,,0,0,0,3,2,,2322,1,2,0,0,0,0,0,3,4,0,2,3,3.0,N,,,,,,,,,,,
2022077195,1802.0,2,0,0,0,0,0,0,0,0,1,0,,67,8,2022,3,39.9714,-75.1233,1747.0,6,0,0,0,0,0,0,0,0,,0,0,0.0,17,1,0,0,N,0,39 58:17.132,,3,75 07:23.712,0,0,0,0,67301,0,0,0,N,0,0,0,3,68K01,0,,1,1,,N,N,N,0,,0,0,1,0,0,,1744,0,3,0,0,0,0,0,3,4,0,3,3,3.0,N,,,,,,,,,,,
2022076058,1424.0,1,0,0,0,0,0,0,0,0,6,0,,67,8,2022,3,39.9159,-75.2394,1422.0,6,0,0,0,0,0,0,0,0,,0,0,0.0,13,1,0,0,N,1,39 54:57.071,6.0,0,75 14:21.665,0,0,0,0,67301,0,0,0,N,0,0,0,2,67301,0,,1,1,236.0,N,N,N,0,,0,0,0,0,0,Y,1313,0,2,0,0,0,0,0,3,4,0,2,3,,N,,,,,,,,,,,
2022089218,220.0,1,0,0,0,0,0,0,0,0,7,0,,67,9,2022,7,39.9568,-75.1511,219.0,6,0,0,0,0,0,0,0,0,,0,0,0.0,2,3,0,0,N,1,39 57:24.565,3.0,0,75 09:03.817,0,0,0,0,67301,0,0,0,N,0,0,0,3,68K01,0,,4,1,300.0,N,N,N,0,,0,0,0,0,0,N,219,0,1,0,0,0,0,0,3,4,0,1,3,,N,,,,,,,,,,,
2022075689,1816.0,2,0,0,0,0,0,0,0,0,4,0,,67,8,2022,5,39.979,-75.1602,1815.0,6,0,0,0,0,0,0,0,0,,0,0,0.0,18,1,3,1,,0,39 58:44.355,,0,75 09:36.809,3,0,0,0,67301,0,0,0,N,0,0,0,3,67505,0,,1,1,,N,N,N,0,,3,0,0,3,3,,1814,3,2,0,0,0,0,0,3,4,0,2,3,3.0,N,,,,,,,,,,,
2022075751,309.0,0,0,0,0,0,0,0,0,0,6,0,,67,8,2022,4,40.0772,-75.0819,308.0,6,0,0,0,0,0,0,0,0,,0,0,0.0,3,3,0,0,N,0,40 04:37.870,,0,75 04:54.970,9,0,0,0,67301,0,0,0,N,0,0,0,2,67301,0,,6,1,,N,N,Y,1,,0,0,1,0,0,,308,0,2,0,0,0,0,2,3,4,0,2,3,3.0,N,,,,,,,,,,,
2022089240,4.0,0,0,0,0,0,0,0,0,0,5,0,,67,9,2022,3,39.9741,-75.1183,2339.0,6,0,0,0,0,0,0,0,0,,0,0,0.0,23,3,1,0,N,0,39 58:26.695,,0,75 07:06.000,3,0,0,0,67301,0,0,0,N,0,0,0,3,68K01,0,,1,1,,N,N,N,0,,1,0,1,0,0,,2337,1,2,0,0,0,0,1,3,4,0,2,3,,N,,,,,,,,,,,
2022076897,2145.0,0,0,0,0,0,0,0,0,0,4,0,,67,8,2022,6,40.0845,-74.9737,2122.0,6,0,0,0,0,0,1,0,0,,0,0,0.0,20,3,1,1,,0,40 05:04.180,,0,74 58:25.617,8,0,0,1,67301,0,0,0,N,0,0,0,3,67301,0,,1,1,,N,N,N,0,,0,0,1,3,2,,2047,1,2,0,0,0,1,0,3,4,0,2,3,3.0,N,,,,,,,,,,,
2022075116,1005.0,1,0,0,0,0,0,0,0,0,1,0,,67,8,2022,4,39.9847,-75.1565,1000.0,6,0,0,0,0,0,0,0,0,,0,0,0.0,10,1,0,1,,0,39 59:04.910,,0,75 09:23.867,0,0,0,0,67301,0,0,0,N,0,0,0,2,67505,0,,1,1,,N,N,N,0,,0,0,0,3,2,,1000,0,2,0,0,0,0,0,3,4,1,2,3,3.0,N,,,,,,,,,,,
2022075803,922.0,1,0,0,0,0,0,0,0,0,4,0,,67,8,2022,4,39.9694,-75.1391,922.0,6,0,0,0,0,0,1,0,0,,0,0,0.0,9,1,1,2,,0,39 58:09.743,,0,75 08:20.593,8,0,0,0,67301,0,0,0,N,0,0,0,2,67301,0,,1,1,,N,N,N,0,,0,0,1,0,0,,908,1,2,0,0,0,1,0,3,4,0,2,3,,N,,,,,,,,,,,
2022086667,848.0,0,0,0,1,0,0,0,0,0,4,0,,67,9,2022,4,39.9565,-75.1761,843.0,6,0,0,0,0,0,0,0,0,,0,0,0.0,8,1,1,0,N,1,39 57:23.250,1.0,7,75 10:34.130,3,0,0,0,67301,1,0,0,N,0,0,0,2,67301,0,,1,9,905.0,N,N,N,0,,1,0,1,0,0,N,835,1,2,0,0,0,0,0,3,4,0,1,7,,N,,,,,,,,,,,
2022076159,920.0,1,0,0,0,0,0,0,0,0,2,0,,67,8,2022,7,40.0431,-75.1197,910.0,6,0,0,0,0,0,0,0,0,,0,0,0.0,9,1,0,0,N,0,40 02:35.240,,0,75 07:11.080,0,0,0,0,67301,0,0,0,N,0,0,0,1,67301,0,,6,1,,N,N,N,0,,0,0,1,0,0,,900,0,3,0,0,0,0,0,3,4,1,3,3,,N,,,,,,,,,,,
2022078522,1240.0,1,0,0,0,0,0,0,0,0,5,0,,67,8,2022,2,40.0035,-75.1415,1240.0,6,0,0,0,0,0,0,0,0,,0,0,0.0,18,3,0,0,N,0,40 00:12.650,,0,75 08:29.270,0,0,0,0,67301,0,0,0,N,0,0,0,1,67301,0,,6,9,,N,N,N,0,,0,0,0,0,0,,1800,0,2,0,0,0,0,0,3,4,0,2,7,,N,,,,,,,,,,,
2022077863,1746.0,2,0,0,0,0,0,0,0,0,1,0,,67,8,2022,7,39.8985,-75.1818,1740.0,6,0,0,0,0,0,0,0,0,,0,0,0.0,17,1,2,6,,1,39 53:54.602,2.0,2,75 10:54.578,8,0,0,0,67301,0,0,0,N,0,0,0,4,68K01,0,,7,1,50.0,N,N,N,0,,0,0,0,3,4,Y,1733,2,2,0,0,0,2,0,3,4,0,2,3,3.0,N,,,,,,,,,,,
2022077713,845.0,1,0,0,0,0,0,0,0,0,5,0,,67,8,2022,1,40.0381,-75.1315,838.0,6,0,0,0,0,0,1,0,0,,0,0,0.0,6,5,0,0,N,1,40 02:17.300,4.0,0,75 07:53.360,0,0,0,0,67301,0,0,0,N,0,0,0,1,67301,0,,6,1,1023.0,N,N,N,0,,0,0,1,0,0,N,600,0,2,0,0,0,0,0,3,4,0,2,3,,N,,,,,,,,,,,
2022076697,2055.0,1,0,0,0,0,0,0,0,0,5,0,,67,8,2022,4,39.9842,-75.0991,2055.0,6,0,0,0,0,0,0,1,0,,0,0,0.0,18,1,0,1,,0,39 59:03.192,,0,75 05:56.598,9,0,0,0,67301,0,0,0,N,0,0,0,2,67301,0,,1,1,,N,N,N,0,,0,0,1,3,2,,1830,0,2,0,0,0,0,1,3,4,0,2,3,,N,,,,,,,,,,,
2022085494,28.0,2,0,0,0,0,0,0,0,0,4,0,,67,8,2022,7,39.957,-75.2255,22.0,6,0,0,0,0,0,0,0,0,,0,0,0.0,0,3,2,1,,0,39 57:25.065,,0,75 13:31.843,3,0,0,0,67301,0,0,0,N,0,0,0,3,67301,0,,1,1,,N,N,N,0,,2,0,0,3,2,,15,2,2,0,0,0,0,0,3,4,0,2,3,3.0,N,,,,,,,,,,,
2022075772,712.0,0,0,0,0,0,0,0,0,0,4,0,,67,8,2022,3,40.0295,-75.1038,706.0,6,0,0,0,0,0,0,0,0,,0,0,0.0,6,1,0,3,,1,40 01:46.148,1.0,0,75 06:13.773,0,0,0,0,67301,0,0,0,N,0,0,0,2,67301,0,,1,1,815.0,N,N,N,0,,0,0,2,3,2,Y,647,0,2,0,0,0,0,0,3,4,0,2,3,3.0,N,,,,,,,,,,,
2022085522,2045.0,1,0,0,0,0,0,0,0,0,7,0,,67,8,2022,3,40.0429,-75.0031,2032.0,6,0,0,0,0,0,1,0,0,,0,0,0.0,20,3,0,0,N,0,40 02:34.528,,0,75 00:11.296,0,0,0,0,67301,0,0,0,N,0,0,0,1,68K01,0,,4,8,,N,N,N,0,,0,0,0,0,0,,2030,0,1,0,0,0,0,0,3,4,0,1,7,7.0,N,,,,,,,,,,,
2022074312,2243.0,1,0,0,0,0,0,0,0,0,4,0,,67,8,2022,1,39.9773,-75.1581,2240.0,6,0,0,0,0,2,0,0,0,,0,0,0.0,22,3,0,1,,0,39 58:38.118,,0,75 09:29.146,0,0,0,0,67301,0,0,0,N,0,0,0,2,67505,0,,1,1,,N,N,N,0,,0,0,0,3,2,,2238,0,2,0,0,0,0,0,3,4,1,2,3,3.0,N,,,,,,,,,,,
2022081874,931.0,1,0,0,0,0,0,0,0,0,1,0,,67,8,2022,2,40.0707,-75.2008,930.0,6,0,0,0,0,0,0,0,0,,0,0,0.0,7,1,1,1,,0,40 04:14.589,,0,75 12:02.813,8,0,0,0,67301,0,0,0,N,0,0,0,2,67301,0,,1,99,,N,N,N,1,,0,0,0,3,2,,720,1,2,0,0,0,1,0,3,4,0,2,99,,N,,,,,,,,,,,
2022075777,1702.0,2,0,0,0,0,0,0,0,0,5,0,,67,8,2022,1,39.9601,-75.2381,1700.0,6,0,0,0,0,0,0,0,0,,0,0,0.0,16,1,1,0,N,0,39 57:36.271,,0,75 14:17.096,8,0,0,0,67301,0,0,0,N,0,0,0,1,67301,0,,6,1,,N,N,N,0,,0,0,2,0,0,,1655,1,5,0,0,0,1,0,3,4,1,5,3,4.0,N,,,,,,,,,,,
2022081270,1910.0,1,0,0,0,0,0,0,0,0,1,0,,67,8,2022,5,39.9599,-75.2242,1910.0,6,0,0,1,0,0,0,0,0,,0,0,0.0,19,1,2,0,N,0,39 57:35.520,,0,75 13:27.078,3,0,0,0,67301,0,0,0,N,0,0,0,4,67301,0,,1,1,,N,N,N,0,,2,0,2,0,0,,1905,2,3,0,0,0,0,1,3,4,0,3,3,3.0,N,,,,,,,,,,,
2022077081,28.0,1,0,0,0,0,0,0,0,0,7,0,,67,8,2022,5,40.0641,-75.0539,28.0,6,0,0,0,0,0,0,0,0,,0,0,0.0,0,3,0,0,N,0,40 03:50.707,,0,75 03:13.934,0,0,0,0,67301,0,0,0,N,0,0,0,1,67301,0,,4,1,,N,N,N,0,,0,0,0,0,0,,28,0,1,0,0,0,0,0,3,4,0,1,3,,N,,,,,,,,,,,
2022086782,1725.0,0,0,0,0,0,0,0,0,0,4,0,,67,8,2022,1,39.9568,-75.1556,1725.0,6,0,0,0,0,0,0,0,0,,0,0,0.0,23,3,1,1,,0,39 57:24.468,,0,75 09:20.068,3,0,0,0,67301,0,0,0,N,0,0,0,2,67301,0,,1,1,,N,N,N,1,,1,0,2,3,2,,2315,1,3,0,0,2,0,0,3,4,0,3,3,3.0,N,,,,,,,,,,,
2022088196,337.0,2,0,0,0,0,0,0,0,0,4,0,,67,9,2022,7,40.0414,-75.1472,334.0,6,0,0,0,0,0,0,0,0,,0,0,0.0,3,3,1,0,N,0,40 02:29.120,,0,75 08:50.010,3,0,0,0,67301,0,0,0,N,0,0,0,1,67301,0,,1,1,,N,N,N,0,,1,0,1,0,0,,329,1,3,0,0,0,0,0,3,4,0,3,3,3.0,N,,,,,,,,,,,
2022089073,318.0,1,0,0,0,0,0,0,0,0,7,0,,67,8,2022,2,40.0278,-75.0246,315.0,6,0,0,0,0,0,0,0,0,,0,0,0.0,2,3,0,0,N,0,40 01:40.043,,0,75 01:28.605,0,0,0,0,67301,0,0,0,N,0,0,0,1,68K01,0,,4,9,,N,N,N,0,,0,0,0,0,0,,234,0,1,0,0,0,0,0,3,4,0,1,7,,N,,,,,,,,,,,
2022086996,253.0,0,0,0,0,0,0,0,0,0,0,0,,67,9,2022,7,40.0522,-75.0507,251.0,6,0,0,0,0,0,0,0,0,,1,0,0.0,2,3,0,0,N,1,40 03:07.746,1.0,0,75 03:02.362,1,1,0,1,67301,0,0,0,N,0,0,0,1,67301,0,2.0,1,1,536.0,N,N,N,0,0.0,0,0,0,0,0,Y,245,0,1,0,0,0,0,0,3,4,0,1,3,3.0,N,,,,,,,,,,,
2022075766,59.0,0,0,0,0,0,0,0,0,0,8,0,,67,8,2022,3,40.0599,-75.1501,59.0,6,0,0,0,0,0,0,0,0,,0,0,0.0,21,3,1,1,,0,40 03:35.463,,0,75 09:00.467,3,0,0,0,67301,1,0,0,N,1,0,0,2,67301,0,,1,1,,N,N,N,0,,1,0,0,3,2,,2100,1,2,0,0,0,0,1,3,4,0,1,3,3.0,N,,,,,,,,,,,
2022077657,2141.0,0,0,0,0,0,0,0,0,0,7,0,,67,8,2022,2,39.9737,-75.2581,2139.0,6,0,0,0,0,0,0,0,0,,0,0,0.0,21,4,0,0,N,0,39 58:25.387,,0,75 15:29.069,0,0,0,0,67301,0,0,0,N,0,0,0,1,67301,0,,4,1,,N,N,N,1,,0,0,0,0,0,,2135,0,2,0,0,0,0,0,3,4,0,1,3,,N,,,,,,,,,,,
2022081863,257.0,0,0,0,0,0,0,0,0,0,8,0,,67,9,2022,7,40.0101,-75.1214,255.0,6,0,0,0,0,0,0,0,0,,1,0,0.0,2,3,0,1,,1,40 00:36.538,2.0,0,75 07:17.597,1,0,0,0,67301,1,1,0,N,1,1,0,2,67301,0,2.0,1,1,500.0,N,N,N,0,0.0,0,0,1,3,2,Y,255,0,2,0,0,0,0,0,3,4,0,1,3,,N,,,,,,,,,,,
2022076522,418.0,1,0,0,0,0,0,0,0,0,4,0,,67,8,2022,1,39.9428,-75.2392,418.0,6,0,0,0,0,0,0,0,0,,0,0,0.0,4,3,2,3,,0,39 56:34.091,,0,75 14:21.087,3,0,0,0,67301,0,0,0,N,0,0,0,2,67301,1,,1,1,,N,N,N,0,,1,0,1,0,0,,417,2,2,0,0,1,0,0,3,4,0,2,3,,N,,,,,,,,,,,
2022089256,1157.0,0,0,0,0,0,0,0,0,0,5,1,,67,9,2022,2,39.9493,-75.1995,1137.0,6,0,0,0,1,0,1,0,0,,0,1,0.0,11,1,0,2,,1,39 56:57.404,1.0,0,75 11:58.259,0,0,0,0,67301,0,0,0,N,0,0,0,2,67301,0,,1,1,1342.0,N,N,N,0,,0,0,1,3,2,N,1137,0,2,0,0,0,0,0,3,4,0,2,3,3.0,N,,,,,,,,,,,
2022077668,220.0,1,0,0,0,0,0,0,0,0,1,0,,67,8,2022,5,39.9857,-75.216,220.0,6,0,0,0,0,0,1,0,0,,0,0,0.0,19,6,1,0,N,0,39 59:08.660,,0,75 12:57.470,8,0,0,0,67301,0,0,0,N,0,0,0,2,67301,0,,1,1,,N,N,N,0,,0,0,0,0,0,,1900,1,2,0,0,0,1,1,3,4,1,2,3,,N,,,,,,,,,,,
2022088699,1721.0,3,0,0,0,0,0,0,0,0,1,0,,67,8,2022,1,39.9507,-75.1411,1713.0,6,0,0,1,1,0,0,0,0,,0,0,0.0,17,1,0,0,N,0,39 57:02.571,,0,75 08:27.945,9,0,0,0,67301,0,0,0,N,0,0,0,3,68K01,0,,1,1,,N,N,N,0,,0,0,0,0,0,,1712,0,3,0,0,0,0,1,3,4,0,3,3,3.0,N,,,,,,,,,,,
2022089234,4.0,1,0,0,0,0,0,0,0,0,7,0,,67,9,2022,2,40.0535,-74.9866,2347.0,6,0,0,0,0,0,0,0,0,,0,0,0.0,23,3,0,0,N,0,40 03:12.455,,0,74 59:11.629,0,0,0,0,67301,0,0,0,Y,0,0,0,1,68K01,0,,4,1,,N,N,N,0,,0,0,0,0,0,,2341,0,1,0,0,0,0,0,3,4,0,1,3,,N,,,,,,,,,,,
2022076149,922.0,1,0,0,0,0,0,0,0,0,4,0,,67,8,2022,5,40.0575,-75.1482,922.0,6,0,0,0,0,0,0,0,0,,0,0,0.0,9,1,1,1,,0,40 03:26.852,,0,75 08:53.408,8,0,0,0,67301,0,0,0,N,0,0,0,2,67301,0,,1,1,,N,N,N,0,,0,0,1,3,3,,902,1,2,0,0,0,1,0,3,4,0,2,3,3.0,N,,,,,,,,,,,
2022088961,1900.0,1,0,0,0,0,0,0,0,0,1,0,,67,9,2022,2,39.9139,-75.1488,1818.0,6,0,0,0,0,0,0,1,1,,0,0,0.0,16,1,2,0,N,0,39 54:49.895,,0,75 08:55.711,3,0,0,0,67301,0,0,0,N,0,0,0,3,67301,0,,1,1,,N,N,Y,0,,2,0,1,0,0,,1653,2,2,0,0,0,0,0,3,4,0,2,3,3.0,N,,,,,,,,,,,
2022089884,30.0,1,0,0,0,0,0,0,0,0,7,0,,67,8,2022,7,39.9916,-75.1847,23.0,6,0,0,0,0,0,0,0,0,,0,0,0.0,21,3,0,1,,0,39 59:29.698,,0,75 11:04.939,0,0,0,0,67301,0,0,0,N,0,0,0,1,67301,0,,4,1,,N,N,N,0,,0,0,0,3,2,,2129,0,1,0,0,0,0,0,3,4,0,1,3,3.0,N,,,,,,,,,,,
2022085594,1002.0,1,0,0,0,0,0,0,0,0,7,0,,67,9,2022,4,39.9617,-75.2388,954.0,6,0,0,0,0,0,0,0,0,,0,0,0.0,9,1,1,1,,1,39 57:42.283,4.0,0,75 14:19.644,3,0,0,0,67301,0,0,0,N,0,0,0,1,67301,0,,3,1,1015.0,N,N,N,0,,1,0,0,3,2,N,951,1,1,0,0,0,0,0,3,4,0,1,3,,N,,,,,,,,,,,
2022076623,108.0,1,0,1,0,0,0,0,0,0,1,0,,67,8,2022,1,40.0491,-75.1932,107.0,6,0,0,0,0,1,0,0,0,,0,0,0.0,1,3,2,1,,0,40 02:56.688,,0,75 11:35.443,2,0,0,0,67301,0,0,0,N,0,0,0,2,67301,0,,1,1,,N,N,N,0,,1,1,1,3,2,,100,2,2,0,0,0,0,0,3,4,0,2,3,3.0,N,,,,,,,,,,,
2022088591,145.0,1,0,0,0,0,0,0,0,0,4,0,,67,9,2022,2,39.9214,-75.1601,139.0,6,0,0,0,0,1,0,0,0,,0,0,0.0,1,3,0,0,N,0,39 55:16.860,,0,75 09:36.410,0,0,0,0,67301,0,0,0,N,0,0,0,1,67301,0,,6,1,,N,N,N,0,,0,0,1,0,0,,135,0,3,0,0,0,0,0,3,4,1,3,3,,N,,,,,,,,,,,
2022078423,1740.0,0,0,0,0,0,0,0,0,0,8,0,,67,8,2022,6,39.9983,-75.1277,1736.0,6,0,0,0,0,0,0,0,1,,0,0,0.0,17,1,1,0,N,0,39 59:53.879,,0,75 07:39.717,3,0,0,0,67301,1,0,0,N,1,0,0,2,67301,0,,1,1,,N,N,N,0,,1,0,1,0,0,,1730,1,2,0,0,0,0,0,3,4,0,1,3,,N,,,,,,,,,,,
2022075967,230.0,1,0,0,0,0,0,0,0,0,4,0,,67,8,2022,5,39.928,-75.2193,224.0,6,1,0,0,0,0,0,0,0,,0,0,0.0,1,3,0,1,,1,39 55:40.869,5.0,0,75 13:09.477,9,0,0,0,67301,0,0,0,N,0,0,0,1,67301,0,,1,1,407.0,N,N,N,1,,0,0,1,3,2,Y,120,0,3,0,0,0,0,1,3,4,0,3,3,3.0,N,,,,,,,,,,,
2022076698,2230.0,2,0,0,0,0,0,0,0,0,5,0,,67,8,2022,5,39.9855,-75.1208,2230.0,6,0,0,0,0,1,0,0,0,,0,0,0.0,10,1,1,0,N,0,39 59:07.580,,0,75 07:14.744,4,0,0,0,67301,0,0,0,N,0,0,0,2,67301,1,,1,1,,N,N,N,0,,0,0,0,0,0,,1000,1,2,0,0,0,0,1,3,4,0,2,3,3.0,N,,,,,,,,,,,
2022077569,1341.0,1,0,0,0,0,0,0,0,0,4,0,,67,8,2022,5,39.9622,-75.2427,1341.0,6,0,0,0,0,0,0,0,0,,0,0,0.0,13,1,0,1,,0,39 57:43.759,,1,75 14:33.733,0,0,0,0,67301,0,0,0,N,0,0,0,2,67301,0,,1,1,,N,N,N,0,,0,0,1,3,2,,1340,0,2,0,0,0,0,0,3,4,0,2,3,,N,,,,,,,,,,,