CRN,ARRIVAL_TM,AUTOMOBILE_COUNT,BELTED_DEATH_COUNT,BELTED_SUSP_SERIOUS_INJ_COUNT,BICYCLE_COUNT,BICYCLE_DEATH_COUNT,BICYCLE_SUSP_SERIOUS_INJ_COUNT,BUS_COUNT,CHLDPAS_DEATH_COUNT,CHLDPAS_SUSP_SERIOUS_INJ_COUNT,COLLISION_TYPE,COMM_VEH_COUNT,CONS_ZONE_SPD_LIM,COUNTY,CRASH_MONTH,CRASH_YEAR,DAY_OF_WEEK,DEC_LAT,DEC_LONG,DISPATCH_TM,DISTRICT,DRIVER_COUNT_16YR,DRIVER_COUNT_17YR,DRIVER_COUNT_18YR,DRIVER_COUNT_19YR,DRIVER_COUNT_20YR,DRIVER_COUNT_50_64YR,DRIVER_COUNT_65_74YR,DRIVER_COUNT_75PLUS,EST_HRS_CLOSED,FATAL_COUNT,HEAVY_TRUCK_COUNT,HORSE_BUGGY_COUNT,HOUR_OF_DAY,ILLUMINATION,INJURY_COUNT,INTERSECT_TYPE,INTERSECTION_RELATED,LANE_CLOSED,LATITUDE,LN_CLOSE_DIR,LOCATION_TYPE,LONGITUDE,MAX_SEVERITY_LEVEL,MCYCLE_DEATH_COUNT,MCYCLE_SUSP_SERIOUS_INJ_COUNT,MOTORCYCLE_COUNT,MUNICIPALITY,NONMOTR_COUNT,NONMOTR_DEATH_COUNT,NONMOTR_SUSP_SERIOUS_INJ_COUNT,NTFY_HIWY_MAINT,PED_COUNT,PED_DEATH_COUNT,PED_SUSP_SERIOUS_INJ_COUNT,PERSON_COUNT,POLICE_AGCY,POSSIBLE_INJ_COUNT,RDWY_SURF_TYPE_CD,RELATION_TO_ROAD,ROAD_CONDITION,ROADWAY_CLEARED,SCH_BUS_IND,SCH_ZONE_IND,SECONDARY_CRASH,SMALL_TRUCK_COUNT,SPEC_JURIS_CD,SUSP_MINOR_INJ_COUNT,SUSP_SERIOUS_INJ_COUNT,SUV_COUNT,TCD_FUNC_CD,TCD_TYPE,TFC_DETOUR_IND,TIME_OF_DAY,TOT_INJ_COUNT,TOTAL_UNITS,UNB_DEATH_COUNT,UNB_SUSP_SERIOUS_INJ_COUNT,UNBELTED_OCC_COUNT,UNK_INJ_DEG_COUNT,UNK_INJ_PER_COUNT,URBAN_AREA,URBAN_RURAL,VAN_COUNT,VEHICLE_COUNT,WEATHER1,WEATHER2,WORK_ZONE_IND,WORK_ZONE_LOC,WORK_ZONE_TYPE,WORKERS_PRES,WZ_CLOSE_DETOUR,WZ_FLAGGER,WZ_LAW_OFFCR_IND,WZ_LN_CLOSURE,WZ_MOVING,WZ_OTHER,WZ_SHLDER_MDN,WZ_WORKERS_INJ_KILLED
2022089219,110.0,1,0,0,0,0,0,0,0,0,7,0,,67,9,2022,1,39.8804,-75.247,108.0,6,0,0,0,0,0,0,0,0,,0,0,0.0,1,3,1,0,N,0,39 52:49.371,,0,75 14:49.314,8,0,0,0,67301,0,0,0,N,0,0,0,1,68K01,0,,4,1,,N,N,N,0,,0,0,0,0,0,,100,1,1,0,0,1,1,0,3,4,0,1,3,3.0,N,,,,,,,,,,,
2022089518,1220.0,0,0,0,0,0,0,0,0,0,8,0,,67,8,2022,3,39.9367,-75.1669,1215.0,6,0,0,0,0,0,0,0,0,,0,0,0.0,20,3,1,1,,0,39 56:12.323,,0,75 10:01.469,3,0,0,0,67301,1,0,0,N,1,0,0,2,67301,0,,1,1,,N,N,N,0,,1,0,0,3,2,,2030,1,2,0,0,0,0,0,3,4,0,1,3,3.0,N,,,,,,,,,,,
2022084440,942.0,0,0,0,0,0,0,0,0,0,1,0,,67,8,2022,4,40.0185,-75.047,919.0,6,0,0,0,1,0,0,0,0,,0,0,0.0,9,1,0,0,N,0,40 01:06.616,,0,75 02:49.153,0,0,0,0,67301,0,0,0,N,0,0,0,1,68K01,0,,2,1,,N,N,N,1,,0,0,1,0,0,,914,0,2,0,0,0,0,0,3,4,0,2,3,3.0,N,,,,,,,,,,,
2022076169,1153.0,2,0,0,0,0,0,0,0,0,4,0,,67,8,2022,6,40.0376,-75.0502,1152.0,6,0,0,0,0,0,0,1,0,,0,0,0.0,11,1,1,1,,0,40 02:15.298,,0,75 03:00.673,3,0,0,0,67301,0,0,0,N,0,0,0,2,67301,0,,1,1,,N,N,N,0,,1,0,0,3,3,,1145,1,2,0,0,0,0,0,3,4,0,2,3,,N,,,,,,,,,,,
2022087015,1006.0,0,0,0,0,0,0,0,0,0,8,0,,67,9,2022,3,40.0423,-75.057,953.0,6,0,0,0,0,0,0,0,0,,1,0,0.0,9,1,0,0,N,0,40 02:32.170,,0,75 03:25.093,1,0,0,0,67301,1,1,0,N,1,1,0,2,67301,0,2.0,1,1,,N,N,N,0,0.0,0,0,1,3,2,,952,0,2,0,0,0,0,0,3,4,0,1,3,3.0,N,,,,,,,,,,,
2022075811,1708.0,1,0,0,0,0,0,0,0,0,8,0,,67,8,2022,3,40.0302,-75.1185,1705.0,6,0,0,0,0,0,0,0,0,,0,0,0.0,15,1,1,1,,0,40 01:48.734,,0,75 07:06.449,3,0,0,0,67301,1,0,0,N,1,0,0,2,67301,0,,1,1,,N,N,N,0,,1,0,0,3,2,,1559,1,2,0,0,1,0,0,3,4,0,1,3,3.0,N,,,,,,,,,,,
2022090093,1559.0,1,0,0,0,0,0,0,0,0,4,0,,67,9,2022,6,39.9706,-75.1509,1554.0,6,0,0,0,0,0,0,0,0,,0,0,0.0,15,1,1,1,,0,39 58:14.107,,0,75 09:03.108,4,0,0,0,67301,0,0,0,N,0,0,0,3,67301,1,,1,1,,N,N,N,0,,0,0,1,3,3,,1550,1,2,0,0,0,0,0,3,4,0,2,3,3.0,N,,,,,,,,,,,
2022077726,2017.0,1,0,0,0,0,0,0,0,0,8,0,,67,8,2022,1,40.0702,-75.0313,2016.0,6,0,0,0,0,0,0,0,0,,0,0,0.0,20,3,1,2,,0,40 04:12.683,,0,75 01:52.611,2,0,0,0,67301,1,0,1,N,1,0,1,2,67301,0,,1,1,,N,N,N,0,,0,1,0,3,2,,2015,1,2,0,0,0,0,0,3,4,0,1,3,3.0,N,,,,,,,,,,,
2022085507,539.0,3,0,0,0,0,0,0,0,0,5,0,,67,8,2022,7,39.9496,-75.225,539.0,6,0,0,0,0,0,0,0,0,,0,0,0.0,5,3,0,0,N,0,39 56:58.650,,0,75 13:30.100,0,0,0,0,67301,0,0,0,N,0,0,0,1,67301,0,,6,1,,N,N,N,0,,0,0,1,0,0,,538,0,4,0,0,1,0,0,3,4,0,4,3,3.0,N,,,,,,,,,,,
2022077568,1712.0,0,0,0,0,0,0,0,0,0,5,0,,67,8,2022,1,39.9925,-75.2266,1701.0,6,0,0,0,0,0,0,0,0,,0,0,0.0,15,1,2,0,N,2,39 59:32.860,3.0,0,75 13:35.640,4,0,0,0,67301,0,0,0,N,0,0,0,3,67301,2,,1,1,1848.0,N,N,N,0,,0,0,2,0,0,N,1545,2,2,0,0,0,0,0,3,4,0,2,3,3.0,N,,,,,,,,,,,
2022076739,55.0,2,0,0,0,0,0,0,0,0,5,0,,67,8,2022,7,39.9411,-75.1524,50.0,6,0,0,0,0,0,1,0,0,,0,0,0.0,0,3,0,0,N,0,39 56:28.050,,0,75 09:08.500,0,0,0,0,67301,0,0,0,N,0,0,0,1,67301,0,,6,1,,N,N,Y,0,,0,0,1,0,0,,40,0,3,0,0,0,0,0,3,4,0,3,3,3.0,N,,,,,,,,,,,
2022085391,910.0,0,0,0,0,0,0,0,0,0,7,0,,67,9,2022,7,39.9812,-75.1977,830.0,6,0,0,0,0,0,0,0,0,,0,0,0.0,6,2,0,0,N,0,39 58:52.370,,0,75 11:51.680,9,0,0,0,67301,0,0,0,N,0,0,0,1,67301,0,,3,1,,N,N,N,1,,0,0,0,0,0,,650,0,1,0,0,1,0,1,3,4,0,1,3,3.0,N,,,,,,,,,,,
2022076175,1939.0,2,0,0,0,0,0,0,0,0,4,0,,67,8,2022,3,39.9595,-75.2332,1934.0,6,0,0,0,0,0,0,0,0,,0,0,0.0,19,4,3,1,,0,39 57:34.098,,0,75 13:59.434,4,0,0,0,67301,0,0,0,N,0,0,0,5,67301,3,,1,1,,N,N,N,0,,0,0,0,3,2,,1933,3,2,0,0,0,0,0,3,4,0,2,3,3.0,N,,,,,,,,,,,
2022076168,1025.0,1,0,0,0,0,0,0,0,0,4,0,,67,8,2022,7,39.9386,-75.1421,200.0,6,0,0,0,0,0,0,0,0,,0,0,0.0,2,3,1,1,,0,39 56:19.144,,2,75 08:32.414,3,0,0,0,67301,0,0,0,N,0,0,0,2,67301,0,,1,99,,N,N,N,0,,1,0,1,3,2,,200,1,2,0,0,0,0,1,3,4,0,2,99,3.0,N,,,,,,,,,,,
2022088129,1959.0,0,1,0,0,0,0,0,0,0,1,0,,67,8,2022,7,39.9274,-75.1465,1959.0,6,0,0,0,0,0,0,0,0,,1,0,0.0,19,1,0,0,N,1,39 55:38.655,1.0,3,75 08:47.344,1,0,0,0,67301,0,0,0,N,0,0,0,1,68K01,0,1.0,2,1,2300.0,N,N,N,0,0.0,0,0,0,0,0,Y,1952,0,2,0,0,0,0,0,3,4,2,2,3,,N,,,,,,,,,,,
2022087931,1842.0,1,0,0,0,0,0,0,0,0,1,0,,67,7,2022,3,40.0051,-75.1943,1836.0,6,0,0,0,0,0,0,0,0,,0,0,0.0,18,1,2,0,N,1,40 00:18.232,4.0,2,75 11:39.334,8,0,0,0,67301,0,0,0,N,0,0,0,3,68K01,0,,1,1,1910.0,N,N,N,0,,0,0,0,0,0,N,1835,2,2,0,0,2,2,1,3,4,1,2,3,3.0,N,,,,,,,,,,,
2022090021,455.0,2,0,0,0,0,0,0,0,0,4,0,,67,9,2022,5,40.0298,-75.1046,451.0,6,0,0,0,0,0,0,0,0,,0,0,0.0,4,3,1,2,,2,40 01:47.196,4.0,0,75 06:16.616,3,0,0,0,67301,0,0,0,N,0,0,0,2,67301,0,,1,1,520.0,N,N,N,0,,1,0,0,3,2,Y,448,1,2,0,0,0,0,1,3,4,0,2,3,3.0,N,,,,,,,,,,,
2022089411,846.0,2,0,0,0,0,0,0,0,0,5,0,,67,9,2022,4,39.9559,-75.2044,845.0,6,0,0,0,0,0,0,0,0,,0,0,0.0,8,1,0,0,N,1,39 57:21.231,3.0,0,75 12:15.770,0,0,0,0,67301,0,0,0,N,0,0,0,2,67504,0,,1,1,1016.0,N,N,Y,0,,0,0,0,0,0,N,842,0,2,0,0,0,0,0,3,4,0,2,3,,N,,,,,,,,,,,
2022077585,2132.0,0,0,0,0,0,0,0,0,0,1,0,,67,8,2022,1,39.9553,-75.1478,2132.0,6,0,1,0,0,0,0,0,0,,0,0,0.0,21,3,0,0,N,1,39 57:19.112,4.0,2,75 08:52.171,0,0,0,0,67301,0,0,0,N,0,0,0,4,67501,0,,1,1,2136.0,N,N,N,0,,0,0,2,0,0,N,2132,0,3,0,0,0,0,0,3,4,0,2,3,3.0,N,,,,,,,,,,,
2022075965,115.0,2,0,0,0,0,0,0,0,0,4,0,,67,8,2022,5,39.917,-75.2347,114.0,6,0,0,0,0,0,0,0,0,,0,0,0.0,0,3,0,1,,0,39 55:01.218,,0,75 14:04.783,9,0,0,0,67301,0,0,0,N,0,0,0,2,67301,0,,1,1,,N,N,N,0,,0,0,0,3,2,,53,0,2,0,0,0,0,2,3,4,0,2,3,3.0,N,,,,,,,,,,,
2022075969,1652.0,1,0,0,0,0,0,0,0,0,7,0,,67,8,2022,5,39.8897,-75.2338,1651.0,6,0,0,0,0,0,0,0,0,,0,0,0.0,16,1,1,1,,1,39 53:22.940,1.0,0,75 14:01.052,3,0,0,0,67301,0,0,0,N,0,0,0,1,67301,0,,3,1,100.0,N,N,N,0,,1,0,0,3,2,N,1642,1,1,0,0,1,0,0,3,4,0,1,3,3.0,N,,,,,,,,,,,
2022075806,940.0,1,0,0,0,0,0,0,0,0,0,0,,67,8,2022,5,39.9708,-75.1286,939.0,6,0,0,0,0,0,0,0,0,,0,0,0.0,9,1,1,0,N,0,39 58:14.718,,0,75 07:43.106,3,0,0,0,67301,0,0,0,N,0,0,0,1,67301,0,,1,1,,N,N,N,0,,1,0,0,0,0,,935,1,2,0,0,1,0,0,3,4,1,2,3,3.0,N,,,,,,,,,,,
2022076371,1912.0,0,0,0,0,0,0,0,0,0,4,0,,67,8,2022,7,40.0074,-75.0781,1908.0,6,0,0,0,0,0,0,1,0,,0,0,0.0,19,3,2,2,,0,40 00:26.667,,0,75 04:41.203,3,0,0,0,67301,0,0,0,N,0,0,0,4,67301,0,,1,1,,N,N,N,0,,2,0,1,3,2,,1905,2,2,0,0,0,0,0,3,4,1,2,3,3.0,N,,,,,,,,,,,
2022079174,245.0,0,0,0,1,0,0,0,0,0,1,0,,67,8,2022,1,39.9753,-75.1928,240.0,6,0,0,0,0,0,0,0,0,,0,0,0.0,1,3,1,0,N,0,39 58:31.171,,3,75 11:34.255,8,0,0,0,67301,1,0,0,N,0,0,0,2,67301,0,,1,1,,N,N,N,0,,0,0,0,0,0,,118,1,2,0,0,0,1,0,3,4,0,1,3,,N,,,,,,,,,,,
2022086339,2312.0,2,0,0,0,0,0,0,0,0,1,0,,67,9,2022,7,39.8857,-75.2435,2254.0,6,0,0,0,0,0,1,0,0,,0,0,0.0,21,3,2,0,N,0,39 53:08.678,,0,75 14:36.478,4,0,0,0,67301,0,0,0,N,0,0,0,3,68K01,2,,1,1,,N,N,N,0,,0,0,1,0,0,,2158,2,3,0,0,0,0,0,3,4,0,3,3,,N,,,,,,,,,,,
2022085675,2135.0,1,0,0,0,0,0,0,0,0,4,0,,67,8,2022,3,39.9548,-75.2362,2131.0,6,0,0,0,0,0,0,0,0,,0,0,0.0,21,3,3,1,,0,39 57:17.128,,0,75 14:10.395,4,0,0,0,67301,0,0,0,N,0,0,0,3,67301,3,,1,9,,N,N,N,0,,0,0,3,3,2,,2130,3,4,0,0,0,0,0,3,4,0,4,7,4.0,N,,,,,,,,,,,
2022089836,859.0,1,0,0,0,0,0,0,0,0,4,1,,67,9,2022,5,40.0093,-75.1393,859.0,6,0,0,0,0,0,0,0,0,,0,1,0.0,8,1,2,1,,0,40 00:33.559,,0,75 08:21.573,8,0,0,0,67301,0,0,0,N,0,0,0,3,67301,0,,1,1,,N,N,N,0,,0,0,0,3,3,,857,2,3,0,0,0,2,1,3,4,0,3,3,,N,,,,,,,,,,,
2022089255,1040.0,0,0,0,0,0,0,0,0,0,4,1,,67,9,2022,6,39.938,-75.1977,1030.0,6,0,0,0,1,0,0,0,0,,0,1,0.0,10,1,0,1,,0,39 56:16.868,,0,75 11:51.705,9,0,0,0,67301,0,0,0,N,0,0,0,2,67301,0,,1,1,,N,N,N,0,,0,0,1,3,3,,1000,0,2,0,0,0,0,1,3,4,0,2,3,3.0,N,,,,,,,,,,,
2022076558,1845.0,2,0,0,0,0,0,0,0,0,4,0,,67,8,2022,6,39.9834,-75.1586,1842.0,6,0,0,0,0,1,0,0,0,,0,0,0.0,18,1,0,1,,0,39 59:00.364,,0,75 09:30.861,0,0,0,0,67301,0,0,0,N,0,0,0,2,67505,0,,1,1,,N,N,N,0,,0,0,0,3,2,,1840,0,2,0,0,0,0,0,3,4,0,2,3,3.0,N,,,,,,,,,,,
2022079030,824.0,2,0,0,0,0,0,0,0,0,1,0,45.0,67,8,2022,4,40.0113,-75.0616,800.0,6,0,0,0,0,0,0,0,0,,0,0,0.0,7,1,2,0,N,0,40 00:40.504,,0,75 03:41.728,3,0,0,0,67301,0,0,0,N,0,0,0,5,68K01,0,,1,1,,N,N,N,0,,2,0,1,0,0,,752,2,4,0,0,0,0,1,3,4,0,4,3,,Y,4.0,1.0,Y,N,N,N,N,N,N,Y,N
2022076274,1632.0,1,0,0,0,0,0,0,0,0,4,0,,67,8,2022,6,39.9161,-75.1653,1630.0,6,0,0,0,0,0,0,0,0,,0,0,0.0,16,1,1,0,N,0,39 54:57.943,,0,75 09:55.039,3,0,0,0,67301,0,0,0,N,0,0,0,4,67301,0,,1,1,,N,N,N,1,,1,0,0,0,0,,1620,1,2,0,0,0,0,1,3,4,0,2,3,,N,,,,,,,,,,,
2022090175,955.0,0,0,0,1,0,0,0,0,0,4,0,,67,9,2022,5,39.9567,-75.1423,952.0,6,0,0,0,0,0,0,0,0,,0,0,0.0,7,1,1,2,,0,39 57:24.144,,0,75 08:32.205,8,0,0,0,67301,1,0,0,N,0,0,0,1,67301,0,,1,99,,N,N,N,1,,0,0,0,9,2,,745,1,2,0,0,0,1,0,3,4,0,1,3,,N,,,,,,,,,,,
2022089311,942.0,2,0,0,0,0,0,0,0,0,5,0,,67,9,2022,4,40.07,-75.0312,937.0,6,0,0,0,0,0,0,0,0,,0,0,0.0,9,1,1,0,N,2,40 04:12.107,3.0,0,75 01:52.160,3,0,0,0,67301,0,0,0,N,0,0,0,2,67301,0,,6,1,100.0,N,N,N,0,,1,0,1,0,0,N,920,1,4,0,0,0,0,0,3,4,1,4,3,3.0,N,,,,,,,,,,,
2022076059,1817.0,2,0,0,0,0,0,0,0,0,5,0,,67,8,2022,4,39.9248,-75.2383,1817.0,6,0,0,0,0,0,0,0,0,,0,0,0.0,18,1,1,0,N,0,39 55:29.360,,0,75 14:17.900,3,0,0,0,67301,0,0,0,N,0,0,0,2,67301,0,,6,1,,N,N,N,0,,1,0,1,0,0,,1815,1,3,0,0,0,0,0,3,4,0,3,3,3.0,N,,,,,,,,,,,
2022089302,1505.0,0,0,0,0,0,0,0,0,0,1,0,,67,9,2022,3,40.0942,-75.0308,1457.0,6,0,0,0,0,0,1,1,0,,0,0,0.0,14,1,1,2,,2,40 05:39.215,1.0,0,75 01:50.969,3,0,0,0,67301,0,0,0,N,0,0,0,2,67301,0,,1,1,1530.0,N,N,N,1,,1,0,1,3,2,N,1455,1,2,0,0,0,0,0,3,4,0,2,3,,N,,,,,,,,,,,
2022076881,1846.0,1,0,0,0,0,0,0,0,0,4,0,,67,8,2022,2,40.0142,-75.1415,1815.0,6,0,0,0,0,0,0,0,0,,0,0,0.0,18,1,0,2,,0,40 00:51.170,,0,75 08:29.259,0,0,0,0,67301,0,0,0,N,0,0,0,2,67301,0,,1,1,,N,N,N,2,,0,0,0,3,3,,1810,0,3,0,0,0,0,0,3,4,0,3,3,3.0,N,,,,,,,,,,,
2022088158,2310.0,1,0,0,0,0,0,0,0,0,2,0,,67,9,2022,6,39.916,-75.1653,2310.0,6,0,0,0,0,0,0,0,0,,0,0,0.0,22,3,1,0,N,0,39 54:57.613,,0,75 09:55.124,3,0,0,0,67301,0,0,0,N,0,0,0,1,67301,0,,1,1,,N,N,N,0,,1,0,1,0,0,,2223,1,2,0,0,1,0,0,3,4,0,2,3,,N,,,,,,,,,,,
2022075866,1620.0,1,0,0,0,0,0,0,0,0,5,0,,67,8,2022,5,39.9674,-75.1786,1607.0,6,0,0,0,0,0,0,1,0,,0,0,0.0,16,1,0,1,,0,39 58:02.671,,0,75 10:43.078,0,0,0,0,67301,0,0,0,N,0,0,0,3,67301,0,,1,1,,N,N,Y,0,,0,0,2,3,2,,1600,0,3,0,0,0,0,0,3,4,0,3,3,3.0,N,,,,,,,,,,,
2022078713,1821.0,0,0,0,0,0,0,0,0,0,0,0,,67,8,2022,1,40.0101,-75.1214,1820.0,6,0,0,0,0,0,0,0,0,,0,0,0.0,18,1,1,1,,0,40 00:36.538,,0,75 07:17.597,8,0,0,1,67301,0,0,0,N,0,0,0,1,67301,0,,1,1,,N,N,N,0,,0,0,0,3,2,,1820,1,1,0,0,0,1,0,3,4,0,1,4,,N,,,,,,,,,,,
2022088793,323.0,0,0,0,0,0,0,0,0,0,8,0,,67,9,2022,1,40.1317,-75.0122,318.0,6,0,0,0,0,0,0,0,0,,0,0,0.0,3,3,1,1,,0,40 07:53.962,,7,75 00:43.919,3,0,0,0,67301,1,0,0,N,1,0,0,1,67301,0,,5,1,,N,N,N,0,,1,0,0,0,0,,310,1,2,0,0,0,0,0,3,4,0,1,3,,N,,,,,,,,,,,
2022075848,1252.0,2,0,0,0,0,0,0,0,0,1,0,,67,8,2022,4,40.0544,-75.1771,1250.0,6,0,0,0,0,0,1,0,0,,0,0,0.0,12,1,1,0,N,0,40 03:15.793,,0,75 10:37.711,8,0,0,0,67301,0,0,0,N,0,0,0,2,67301,0,,1,1,,N,N,Y,0,,0,0,1,0,0,,1206,1,4,0,0,0,1,0,3,4,0,4,3,3.0,N,,,,,,,,,,,
2022074345,2332.0,1,0,0,0,0,0,0,0,0,4,0,,67,8,2022,1,40.0404,-75.0655,2327.0,6,0,0,0,0,0,0,0,0,,0,0,0.0,22,3,0,5,,0,40 02:25.526,,0,75 03:55.923,0,0,0,0,67301,0,0,0,N,0,0,0,2,67301,0,,1,1,,N,N,N,0,,0,0,1,3,2,,2247,0,2,0,0,0,0,0,3,4,0,2,3,,N,,,,,,,,,,,
2022086645,1151.0,1,0,0,1,0,0,0,0,0,8,0,,67,9,2022,2,39.941,-75.1743,1150.0,6,0,0,0,0,0,0,0,0,,0,0,0.0,8,1,1,1,,0,39 56:27.718,,0,75 10:27.372,8,0,0,0,67301,1,0,0,N,0,0,0,2,67301,0,,1,1,,N,N,N,0,,0,0,0,3,2,,845,1,2,0,0,0,1,0,3,4,0,1,3,,N,,,,,,,,,,,
2022075859,2056.0,2,0,0,0,0,0,0,0,0,1,0,,67,8,2022,5,40.017,-75.1472,2056.0,6,0,0,0,0,0,0,0,0,,0,0,0.0,20,3,1,0,N,0,40 01:01.240,,0,75 08:49.830,8,0,0,0,67301,0,0,0,N,0,0,0,2,67301,0,,1,1,,N,N,N,0,,0,0,0,0,0,,2050,1,2,0,0,0,1,0,3,4,0,2,3,3.0,N,,,,,,,,,,,
2022075767,1807.0,2,0,0,0,0,0,0,0,0,4,0,,67,8,2022,4,40.0358,-75.1747,1804.0,6,0,0,0,0,0,0,0,0,,0,0,0.0,17,1,1,1,,0,40 02:08.965,,0,75 10:29.001,3,0,0,0,67301,0,0,0,N,0,0,0,2,67301,0,,1,1,,N,N,N,0,,1,0,0,3,2,,1758,1,2,0,0,0,0,0,3,4,0,2,3,3.0,N,,,,,,,,,,,
2022087687,59.0,1,0,0,0,0,0,0,0,0,7,0,,67,8,2022,4,39.9933,-75.0845,56.0,6,0,0,0,0,0,0,0,0,,0,0,0.0,0,3,0,3,,0,39 59:39.700,,2,75 05:00.200,0,0,0,0,67301,0,0,0,Y,0,0,0,1,68K01,0,,4,1,,N,N,N,0,,0,0,0,0,0,,42,0,1,0,0,0,0,0,3,4,0,1,3,3.0,N,,,,,,,,,,,
2022075816,1945.0,1,0,0,0,0,0,0,0,0,5,0,,67,8,2022,4,40.0154,-75.1764,1940.0,6,0,0,0,0,0,0,0,0,,0,0,0.0,19,1,1,0,N,0,40 00:55.300,,6,75 10:35.200,3,0,0,0,67301,0,0,0,N,0,0,0,2,67301,0,,1,1,,N,N,N,0,,1,0,1,3,4,,1920,1,2,0,0,2,0,0,3,4,0,2,3,3.0,N,,,,,,,,,,,
2022077688,1232.0,2,0,0,0,0,0,0,0,0,4,0,,67,8,2022,1,40.0265,-75.0422,1228.0,6,0,0,0,0,0,0,0,0,,0,0,0.0,12,1,1,1,,1,40 01:35.410,3.0,0,75 02:31.776,3,0,0,0,67301,0,0,0,N,0,0,0,3,67301,0,,1,1,1250.0,N,N,N,0,,1,0,0,3,3,N,1226,1,2,0,0,0,0,0,3,4,0,2,3,,N,,,,,,,,,,,
2022075768,1033.0,1,0,0,0,0,0,0,0,0,8,0,,67,8,2022,5,40.0358,-75.1747,1033.0,6,0,0,0,0,0,0,0,0,,0,0,0.0,10,1,1,1,,2,40 02:08.965,6.0,0,75 10:29.001,8,0,0,0,67301,1,0,0,N,1,0,0,3,67301,0,,1,1,1205.0,N,N,N,0,,0,0,0,3,2,Y,1028,1,2,0,0,2,1,0,3,4,0,1,3,3.0,N,,,,,,,,,,,
2022089655,2140.0,2,0,0,0,0,0,0,0,0,8,0,,67,9,2022,6,40.0432,-75.0523,2134.0,6,0,0,0,0,0,0,0,0,,1,0,0.0,21,3,0,1,,0,40 02:35.849,,0,75 03:08.046,1,0,0,0,67301,1,1,0,N,1,1,0,2,67301,0,2.0,1,1,,N,N,Y,0,0.0,0,0,0,3,2,,2127,0,3,0,0,0,0,1,3,4,0,2,3,3.0,N,,,,,,,,,,,
2022088052,30.0,0,0,0,0,0,0,0,0,0,4,1,,67,9,2022,3,40.0609,-75.1373,11.0,6,0,0,0,0,0,0,0,0,,0,1,0.0,0,3,0,2,,0,40 03:39.301,,7,75 08:14.205,0,0,0,0,67301,0,0,0,N,0,0,0,2,67508,0,,1,1,,N,N,N,0,,0,0,1,0,0,,5,0,2,0,0,0,0,0,3,4,0,2,99,,N,,,,,,,,,,,
2022085495,311.0,2,0,0,0,0,0,0,0,0,4,0,,67,9,2022,7,39.9548,-75.2084,311.0,6,0,0,0,0,0,0,0,0,,0,0,0.0,3,3,1,0,N,0,39 57:17.429,,0,75 12:30.123,3,0,0,0,67301,0,0,0,N,0,0,0,4,67301,0,,1,1,,N,N,N,0,,1,0,0,3,2,,311,1,2,0,0,0,0,0,3,4,0,2,3,,N,,,,,,,,,,,
2022086911,643.0,1,0,0,0,0,0,0,0,0,1,0,,67,9,2022,4,40.0232,-75.0356,643.0,6,0,0,0,0,0,1,0,0,,0,0,0.0,6,1,0,0,N,0,40 01:23.448,,0,75 02:08.016,0,0,0,0,67301,0,0,0,N,0,0,0,2,68K01,0,,1,1,,N,N,N,1,,0,0,0,0,0,,622,0,2,0,0,0,0,0,3,4,0,2,3,,N,,,,,,,,,,,
2022075812,1210.0,1,0,0,0,0,0,0,0,0,4,0,,67,8,2022,4,40.0304,-75.1163,1210.0,6,0,0,0,0,0,0,0,0,,0,0,0.0,13,1,0,1,,0,40 01:49.594,,0,75 06:58.676,9,0,0,0,67301,0,0,0,N,0,0,0,3,67301,0,,1,1,,N,N,N,0,,0,0,1,3,3,,1345,0,2,0,0,0,0,1,3,4,0,2,3,3.0,N,,,,,,,,,,,
2022075950,1538.0,2,0,0,0,0,0,0,0,0,4,0,,67,8,2022,6,40.0689,-75.1818,1538.0,6,0,1,0,0,0,0,0,0,,0,0,0.0,15,1,0,1,,0,40 04:08.058,,0,75 10:54.300,0,0,0,0,67301,0,0,0,N,0,0,0,3,67301,0,,1,1,,N,N,N,0,,0,0,1,3,2,,1538,0,3,0,0,1,0,0,3,4,0,3,3,3.0,N,,,,,,,,,,,
2022088169,1738.0,1,0,0,0,0,0,0,0,0,8,0,,67,8,2022,3,39.9597,-75.2474,1737.0,6,0,0,0,0,0,0,0,0,,0,0,0.0,17,1,1,2,,0,39 57:34.816,,0,75 14:50.653,3,0,0,0,67301,1,0,0,N,1,0,0,2,67301,0,,1,1,,N,N,N,0,,1,0,0,3,2,,1736,1,2,0,0,1,0,0,3,4,0,1,3,3.0,N,,,,,,,,,,,
2022076174,955.0,2,0,0,0,0,0,0,0,0,4,0,,67,8,2022,7,40.03,-75.2113,955.0,6,0,0,0,0,0,1,0,0,,0,0,0.0,9,1,0,1,,0,40 01:47.922,,0,75 12:40.658,9,0,0,0,67301,0,0,0,N,0,0,0,4,67301,0,,1,1,,N,N,N,0,,0,0,0,3,2,,946,0,2,0,0,0,0,2,3,4,0,2,3,,N,,,,,,,,,,,
2022078442,6.0,1,0,0,0,0,0,0,0,0,4,0,,67,8,2022,5,39.987,-75.1874,3.0,6,0,0,0,0,0,1,1,0,,0,0,0.0,23,3,1,0,N,0,39 59:13.204,,0,75 11:14.719,4,0,0,0,67301,0,0,0,N,0,0,0,2,67301,1,,1,1,,N,N,N,1,,0,0,0,0,0,,2357,1,2,0,0,0,0,1,3,4,0,2,3,,N,,,,,,,,,,,