CRN,ARRIVAL_TM,AUTOMOBILE_COUNT,BELTED_DEATH_COUNT,BELTED_SUSP_SERIOUS_INJ_COUNT,BICYCLE_COUNT,BICYCLE_DEATH_COUNT,BICYCLE_SUSP_SERIOUS_INJ_COUNT,BUS_COUNT,CHLDPAS_DEATH_COUNT,CHLDPAS_SUSP_SERIOUS_INJ_COUNT,COLLISION_TYPE,COMM_VEH_COUNT,CONS_ZONE_SPD_LIM,COUNTY,CRASH_MONTH,CRASH_YEAR,DAY_OF_WEEK,DEC_LAT,DEC_LONG,DISPATCH_TM,DISTRICT,DRIVER_COUNT_16YR,DRIVER_COUNT_17YR,DRIVER_COUNT_18YR,DRIVER_COUNT_19YR,DRIVER_COUNT_20YR,DRIVER_COUNT_50_64YR,DRIVER_COUNT_65_74YR,DRIVER_COUNT_75PLUS,EST_HRS_CLOSED,FATAL_COUNT,HEAVY_TRUCK_COUNT,HORSE_BUGGY_COUNT,HOUR_OF_DAY,ILLUMINATION,INJURY_COUNT,INTERSECT_TYPE,INTERSECTION_RELATED,LANE_CLOSED,LATITUDE,LN_CLOSE_DIR,LOCATION_TYPE,LONGITUDE,MAX_SEVERITY_LEVEL,MCYCLE_DEATH_COUNT,MCYCLE_SUSP_SERIOUS_INJ_COUNT,MOTORCYCLE_COUNT,MUNICIPALITY,NONMOTR_COUNT,NONMOTR_DEATH_COUNT,NONMOTR_SUSP_SERIOUS_INJ_COUNT,NTFY_HIWY_MAINT,PED_COUNT,PED_DEATH_COUNT,PED_SUSP_SERIOUS_INJ_COUNT,PERSON_COUNT,POLICE_AGCY,POSSIBLE_INJ_COUNT,RDWY_SURF_TYPE_CD,RELATION_TO_ROAD,ROAD_CONDITION,ROADWAY_CLEARED,SCH_BUS_IND,SCH_ZONE_IND,SECONDARY_CRASH,SMALL_TRUCK_COUNT,SPEC_JURIS_CD,SUSP_MINOR_INJ_COUNT,SUSP_SERIOUS_INJ_COUNT,SUV_COUNT,TCD_FUNC_CD,TCD_TYPE,TFC_DETOUR_IND,TIME_OF_DAY,TOT_INJ_COUNT,TOTAL_UNITS,UNB_DEATH_COUNT,UNB_SUSP_SERIOUS_INJ_COUNT,UNBELTED_OCC_COUNT,UNK_INJ_DEG_COUNT,UNK_INJ_PER_COUNT,URBAN_AREA,URBAN_RURAL,VAN_COUNT,VEHICLE_COUNT,WEATHER1,WEATHER2,WORK_ZONE_IND,WORK_ZONE_LOC,WORK_ZONE_TYPE,WORKERS_PRES,WZ_CLOSE_DETOUR,WZ_FLAGGER,WZ_LAW_OFFCR_IND,WZ_LN_CLOSURE,WZ_MOVING,WZ_OTHER,WZ_SHLDER_MDN,WZ_WORKERS_INJ_KILLED
2022075749,2137.0,0,0,0,0,0,0,0,0,0,4,0,,67,8,2022,3,39.9576,-75.1457,2135.0,6,0,0,0,0,0,0,0,0,,0,0,0.0,21,3,1,1,,0,39 57:27.432,,0,75 08:44.473,2,0,1,1,67301,0,0,0,N,0,0,0,2,67301,0,,1,1,,N,N,N,0,,0,1,1,3,2,,2133,1,2,0,0,0,0,0,3,4,0,2,3,3.0,N,,,,,,,,,,,
2022077567,1131.0,1,0,0,0,0,0,0,0,0,4,0,,67,8,2022,1,39.9682,-75.2405,1130.0,6,0,0,0,0,0,0,0,1,,0,0,0.0,10,1,0,1,,0,39 58:05.624,,0,75 14:25.774,0,0,0,0,67301,0,0,0,N,0,0,0,2,67301,0,,1,1,,N,N,N,1,,0,0,0,3,3,,1005,0,2,0,0,0,0,0,3,4,0,2,3,,N,,,,,,,,,,,
2022089067,2107.0,1,0,0,0,0,0,0,0,0,1,0,,67,8,2022,7,39.9684,-75.1296,2045.0,6,0,0,0,1,0,1,0,0,,0,0,0.0,20,3,3,0,N,0,39 58:06.140,,0,75 07:46.518,3,0,0,0,67301,0,0,0,N,0,0,0,6,68K01,0,,1,1,,N,N,N,1,,3,0,1,0,0,,2040,3,3,0,0,1,0,2,3,4,0,3,3,,N,,,,,,,,,,,
2022075870,830.0,1,0,0,0,0,0,0,0,0,8,0,,67,8,2022,6,39.9872,-75.1088,822.0,6,0,0,0,0,0,0,0,0,,0,0,0.0,7,1,1,1,,0,39 59:14.052,,0,75 06:31.614,2,0,0,0,67301,1,0,1,N,1,0,1,2,67301,0,,1,1,,N,N,N,0,,0,1,0,3,2,,745,1,2,0,0,0,0,0,3,4,0,1,3,,N,,,,,,,,,,,
2022076626,2115.0,1,0,0,0,0,0,0,0,0,4,0,,67,8,2022,7,40.0107,-75.1627,2111.0,6,0,0,0,0,0,2,0,0,,0,0,0.0,21,3,1,1,,0,40 00:38.603,,0,75 09:45.439,8,0,0,0,67301,0,0,0,N,0,0,0,2,67301,0,,1,1,,N,N,N,0,,0,0,1,3,3,,2109,1,2,0,0,0,1,0,3,4,0,2,3,,N,,,,,,,,,,,
2022087330,1750.0,0,0,0,0,0,0,1,0,0,4,1,,67,9,2022,3,39.9766,-75.1132,1732.0,6,0,0,0,0,0,0,0,0,,0,0,0.0,17,1,1,2,,1,39 58:35.702,1.0,0,75 06:47.416,4,0,0,0,67301,0,0,0,N,0,0,0,2,67508,1,,1,1,9999.0,N,N,N,0,,0,0,1,3,2,N,1732,1,2,0,0,0,0,0,3,4,0,2,3,3.0,N,,,,,,,,,,,
2022085589,935.0,1,0,0,0,0,0,0,0,0,5,1,,67,9,2022,1,40.0272,-75.1609,933.0,6,0,0,0,0,0,0,0,1,,0,1,0.0,9,1,1,0,N,1,40 01:37.889,1.0,0,75 09:39.409,4,0,0,0,67301,0,0,0,N,0,0,0,1,67301,1,,6,1,1044.0,N,N,N,0,,0,0,0,0,0,N,927,1,2,0,0,0,0,0,3,4,0,2,3,3.0,N,,,,,,,,,,,
2022089080,255.0,2,0,0,0,0,0,0,0,0,1,0,,67,9,2022,1,39.9406,-75.1431,255.0,6,0,0,1,0,0,0,0,0,,0,0,0.0,2,3,0,0,N,1,39 56:26.082,1.0,0,75 08:35.254,0,0,0,0,67301,0,0,0,N,0,0,0,6,68K01,0,,1,1,330.0,N,N,N,0,,0,0,0,0,0,N,255,0,2,0,0,1,0,0,3,4,0,2,3,,N,,,,,,,,,,,
2022076622,1610.0,2,0,0,0,0,0,0,0,0,4,0,,67,8,2022,7,40.069,-75.1648,1606.0,6,0,0,0,0,0,1,1,0,,0,0,0.0,15,1,2,2,,2,40 04:08.554,2.0,0,75 09:53.150,3,0,0,0,67301,0,0,0,N,0,0,0,3,67301,0,,1,1,1643.0,N,N,N,1,,2,0,0,0,0,Y,1539,2,3,0,0,0,0,0,3,4,0,3,3,3.0,N,,,,,,,,,,,
2022087402,856.0,1,0,0,0,0,0,0,0,0,5,1,,67,9,2022,3,40.0362,-75.0647,845.0,6,0,1,0,0,0,0,0,0,,0,1,0.0,8,1,1,0,N,0,40 02:10.411,,0,75 03:52.869,4,0,0,0,67301,0,0,0,N,0,0,0,2,67301,1,,1,1,,N,N,N,0,,0,0,0,0,0,,805,1,2,0,0,2,0,0,3,4,0,2,3,3.0,N,,,,,,,,,,,
2022075847,823.0,0,0,0,0,0,0,0,0,0,5,1,,67,8,2022,5,40.0437,-75.0161,823.0,6,0,0,0,0,0,1,0,0,,0,1,0.0,8,1,1,0,N,0,40 02:37.440,,0,75 00:57.830,8,0,0,0,67301,3,0,0,N,0,0,0,4,67301,0,,1,1,,N,N,N,0,,0,0,0,0,0,,813,1,2,0,0,0,1,0,3,4,1,2,3,3.0,N,,,,,,,,,,,
2022060058,1808.0,2,0,0,0,0,0,0,0,0,4,0,,67,6,2022,1,39.9323,-75.1925,1801.0,6,0,0,0,0,0,0,0,0,,0,0,0.0,18,1,2,1,,0,39 55:56.427,,0,75 11:33.179,4,0,0,0,67301,0,0,0,N,0,0,0,2,67301,2,,1,1,,N,N,N,0,,0,0,0,3,3,,1800,2,2,0,0,0,0,0,3,4,0,2,3,3.0,N,,,,,,,,,,,
2022048826,,1,0,0,0,0,0,0,0,0,4,0,,67,4,2022,7,39.9898,-75.2332,,6,0,0,0,0,0,0,0,0,,0,0,0.0,15,1,1,2,,0,39 59:23.308,,0,75 13:59.649,8,0,0,0,67301,0,0,0,N,0,0,0,2,00000,0,,1,1,,,,N,0,,0,0,0,3,3,,1500,1,2,0,0,0,1,0,3,4,0,2,3,,N,,,,,,,,,,,
2022070918,1009.0,1,0,0,0,0,0,0,0,0,1,1,,67,4,2022,7,40.0185,-75.1671,925.0,6,0,0,0,0,0,0,0,0,,0,1,0.0,9,1,1,6,,0,40 01:06.752,,8,75 10:01.543,4,0,0,0,67301,0,0,0,N,0,0,0,2,67301,1,,7,1,,N,N,N,0,,0,0,0,0,0,,915,1,2,0,0,0,0,0,3,4,0,2,3,3.0,N,,,,,,,,,,,
2022058926,1810.0,3,0,0,0,0,0,0,0,0,1,0,,67,6,2022,4,39.9541,-75.141,1810.0,6,0,0,0,0,0,0,0,0,,0,0,0.0,18,1,1,0,N,0,39 57:14.900,,3,75 08:27.500,3,0,0,0,67301,0,0,0,N,0,0,0,5,67501,0,,1,1,,N,N,N,0,,1,0,0,3,8,,1810,1,3,0,0,0,0,0,3,4,0,3,3,,N,,,,,,,,,,,
2022044078,,1,0,0,0,0,0,0,0,0,5,0,,67,5,2022,5,40.0337,-75.0718,,6,0,0,0,0,0,0,0,0,,0,0,0.0,20,1,1,0,N,0,40 02:01.157,,0,75 04:18.499,8,0,0,1,67301,0,0,0,N,0,0,0,2,00000,0,,1,1,,,,N,0,,0,0,0,0,0,,2020,1,2,0,0,0,1,0,3,4,0,2,3,,N,,,,,,,,,,,
2022069585,2000.0,0,0,0,0,0,0,0,0,0,4,0,,67,4,2022,5,39.9675,-75.232,1957.0,6,0,0,0,0,0,0,0,0,,0,0,0.0,19,1,2,5,,2,39 58:02.983,7.0,0,75 13:55.048,3,0,0,0,67301,0,0,0,N,0,0,0,3,67301,0,,1,99,2100.0,N,N,N,0,,2,0,2,3,2,N,1957,2,2,0,0,1,0,0,3,4,0,2,3,3.0,N,,,,,,,,,,,
2022060106,1743.0,1,0,0,1,0,0,0,0,0,4,0,,67,6,2022,3,40.0231,-75.1491,1741.0,6,0,0,0,1,0,0,0,0,,0,0,0.0,17,1,2,2,,0,40 01:23.124,,0,75 08:56.864,3,0,0,0,67301,2,0,0,N,0,0,0,3,67301,0,,1,99,,N,N,N,0,,2,0,0,0,0,,1735,2,2,0,0,1,0,0,3,4,0,1,3,,N,,,,,,,,,,,
2022071354,2134.0,2,0,0,0,0,0,0,0,0,1,0,,67,5,2022,6,39.9372,-75.1441,2121.0,6,0,0,1,0,0,0,0,0,,0,0,0.0,21,3,4,0,N,1,39 56:13.901,1.0,0,75 08:38.633,4,0,0,0,67301,0,0,0,N,0,0,0,4,68K01,4,,2,1,2315.0,N,N,N,0,,0,0,0,0,0,N,2118,4,2,0,0,0,0,0,3,4,0,2,3,,N,,,,,,,,,,,
2022071023,1832.0,2,0,0,0,0,0,0,0,0,1,0,,67,7,2022,7,39.9376,-75.1985,1821.0,6,0,0,0,0,0,1,0,0,,0,0,0.0,18,1,0,0,N,0,39 56:15.359,,0,75 11:54.763,0,0,0,0,67301,0,0,0,N,0,0,0,2,68K01,0,,1,1,,N,N,N,0,,0,0,0,0,0,,1818,0,2,0,0,0,0,0,3,4,0,2,3,3.0,N,,,,,,,,,,,
2022070062,2215.0,2,0,0,0,0,0,0,0,0,6,0,,67,4,2022,6,39.9632,-75.2467,2210.0,6,0,0,0,0,0,1,0,0,,0,0,0.0,20,4,2,0,N,0,39 57:47.575,,0,75 14:48.122,3,0,0,0,67301,0,0,0,N,0,0,0,2,67301,0,,1,1,,N,N,N,0,,2,0,0,0,0,,2050,2,2,0,0,2,0,0,3,4,0,2,99,,N,,,,,,,,,,,
2022056803,1910.0,3,0,0,0,0,0,0,0,0,6,0,,67,6,2022,4,40.0324,-75.1412,1906.0,6,0,0,0,0,0,0,0,0,,0,0,0.0,18,1,0,0,N,0,40 01:56.640,,0,75 08:28.410,9,0,0,0,67301,0,0,0,N,0,0,0,1,67301,0,,6,1,,N,N,Y,0,,0,0,0,0,0,,1855,0,3,0,0,0,0,1,3,4,0,3,3,,N,,,,,,,,,,,
2022048027,,0,0,0,0,0,0,0,0,0,5,0,,67,4,2022,1,39.9518,-75.1652,,6,0,0,0,0,0,0,0,0,,0,0,0.0,5,1,1,0,N,0,39 57:06.469,,0,75 09:54.723,8,0,0,0,67301,0,0,0,N,0,0,0,2,00000,0,,1,1,,,,N,0,,0,0,1,0,0,,550,1,2,0,0,0,1,0,3,4,0,2,3,,N,,,,,,,,,,,
2022050480,,2,0,0,0,0,0,0,0,0,1,0,,67,4,2022,3,40.0431,-75.1616,,6,0,0,0,0,0,0,0,0,,0,0,0.0,15,1,1,0,Y,0,40 02:35.000,,0,75 09:41.800,8,0,0,0,67301,0,0,0,N,0,0,0,4,00000,0,,1,1,,,,N,0,,0,0,0,3,2,,1500,1,4,0,0,0,1,0,3,4,0,4,3,,N,,,,,,,,,,,
2022056364,1225.0,2,0,0,0,0,0,0,0,0,4,0,,67,6,2022,4,40.0062,-75.1708,1220.0,6,0,0,0,0,0,0,0,0,,0,0,0.0,11,1,0,1,,0,40 00:22.251,,0,75 10:14.969,0,0,0,0,67301,0,0,0,N,0,0,0,4,67301,0,,1,1,,N,N,N,0,,0,0,0,3,2,,1140,0,2,0,0,0,0,0,3,4,0,2,3,3.0,N,,,,,,,,,,,
2022069823,1647.0,1,0,0,0,0,0,0,0,0,4,0,,67,7,2022,7,40.0132,-75.0704,1643.0,6,0,0,0,0,0,2,0,0,,0,0,0.0,16,1,1,0,N,0,40 00:47.490,,0,75 04:13.283,4,0,0,0,67301,0,0,0,N,0,0,0,3,67301,1,,1,1,,N,N,Y,0,,0,0,1,3,2,,1638,1,3,0,0,0,0,0,3,4,1,3,3,,N,,,,,,,,,,,
2022070286,2235.0,1,0,0,0,0,0,0,0,0,5,1,,67,4,2022,6,40.0484,-75.0798,2235.0,6,0,0,0,0,0,1,1,0,,1,1,0.0,22,3,0,1,N,0,40 02:54.146,,0,75 04:47.305,1,0,0,0,67301,0,0,0,N,0,0,0,4,67301,0,1.0,1,1,,N,N,N,0,0.0,0,0,1,2,2,,2200,0,3,1,0,1,0,3,3,4,0,3,3,3.0,N,,,,,,,,,,,
2022060040,1515.0,0,0,0,0,0,0,0,0,0,5,0,,67,6,2022,1,40.0332,-75.0494,1515.0,6,0,0,0,0,0,0,0,0,,0,0,0.0,19,1,1,0,N,0,40 01:59.370,,0,75 02:57.820,3,0,0,1,67301,0,0,0,N,0,0,0,1,67301,0,,6,1,,N,N,N,0,,1,0,1,0,0,,1930,1,2,0,0,0,0,0,3,4,0,2,3,,N,,,,,,,,,,,
2022060012,1042.0,0,0,0,1,0,0,0,0,0,4,0,,67,6,2022,4,39.9585,-75.1487,1030.0,6,0,0,0,0,0,0,0,0,,0,0,0.0,10,1,1,1,,0,39 57:30.611,,0,75 08:55.408,4,0,0,0,67301,1,0,0,N,0,0,0,2,67301,1,,1,1,,N,N,N,0,,0,0,0,3,3,,1025,1,2,0,0,1,0,0,3,4,1,1,4,4.0,N,,,,,,,,,,,
2022060119,1005.0,1,0,0,0,0,0,0,0,0,1,0,,67,6,2022,4,40.0097,-75.1551,1005.0,6,0,0,0,0,1,0,0,0,,0,0,0.0,9,1,1,0,N,0,40 00:35.080,,0,75 09:18.210,3,0,0,0,67301,0,0,0,N,0,0,0,4,67301,0,,1,1,,N,N,N,0,,1,0,2,0,0,,950,1,3,0,0,0,0,2,3,4,0,3,4,4.0,N,,,,,,,,,,,
2022055958,1648.0,2,0,0,0,0,0,0,0,0,1,0,,67,6,2022,2,39.8988,-75.1695,1616.0,6,0,0,1,0,0,0,0,0,,0,0,0.0,16,1,1,0,N,0,39 53:55.697,,3,75 10:10.143,8,0,0,0,67301,0,0,0,N,0,0,0,3,68K01,0,,1,1,,N,N,N,0,,0,0,0,0,0,,1615,1,2,0,0,0,1,0,3,4,0,2,3,,N,,,,,,,,,,,
2022046402,,1,0,0,0,0,0,0,0,0,1,0,,67,5,2022,6,40.1052,-75.0328,,6,0,0,0,0,0,0,0,0,,0,0,0.0,14,1,1,1,,0,40 06:18.580,,0,75 01:58.246,8,0,0,0,67301,0,0,0,N,0,0,0,2,00000,0,,1,1,,,,N,0,,0,0,1,3,2,,1430,1,2,0,0,0,1,0,3,4,0,2,3,,N,,,,,,,,,,,
2022056378,1340.0,1,0,0,0,0,0,0,0,0,8,0,,67,6,2022,5,39.9189,-75.1568,1340.0,6,0,0,0,0,0,0,0,0,,0,0,0.0,13,1,1,0,N,0,39 55:07.970,,0,75 09:24.610,3,0,0,0,67301,1,0,0,N,1,0,0,2,67301,0,,1,1,,N,N,N,0,,1,0,0,0,0,,1325,1,2,0,0,0,0,0,3,4,0,1,3,,N,,,,,,,,,,,
2022056260,1532.0,1,0,0,0,0,0,0,0,0,4,0,,67,6,2022,5,40.0271,-75.0426,1522.0,6,0,0,0,0,0,0,0,0,,0,0,0.0,15,1,1,1,,0,40 01:37.477,,0,75 02:33.359,3,0,0,0,67301,0,0,0,N,0,0,0,2,67301,0,,1,1,,N,N,N,1,,1,0,0,3,3,,1500,1,2,0,0,0,0,1,3,4,0,2,3,,N,,,,,,,,,,,
2022057542,1524.0,2,0,0,0,0,0,0,0,0,4,0,,67,6,2022,2,40.0743,-75.0348,1522.0,6,0,0,0,0,0,0,0,0,,0,0,0.0,15,1,3,1,,1,40 04:27.539,5.0,0,75 02:05.367,3,0,0,0,67301,0,0,0,N,0,0,0,3,67301,0,,1,1,1550.0,N,N,N,0,,3,0,0,3,2,N,1520,3,2,0,0,0,0,0,3,4,0,2,3,3.0,N,,,,,,,,,,,
2022070448,2300.0,2,0,0,0,0,0,0,0,0,4,0,,67,6,2022,6,40.0337,-75.0636,2256.0,6,0,0,0,0,0,0,0,0,,0,0,0.0,22,3,1,5,,0,40 02:01.162,,0,75 03:49.102,3,0,0,0,67301,0,0,0,N,0,0,0,3,67301,0,,1,1,,N,N,N,0,,1,0,0,3,2,,2240,1,2,0,0,0,0,0,3,4,0,2,3,3.0,N,,,,,,,,,,,
2022060161,402.0,0,0,0,0,0,0,0,0,0,2,0,,67,6,2022,2,39.9255,-75.1556,401.0,6,0,0,0,0,0,0,0,0,,0,0,0.0,4,3,0,0,N,0,39 55:31.700,,0,75 09:20.000,0,0,0,0,67301,0,0,0,N,0,0,0,1,67301,0,,6,1,,N,N,Y,1,,0,0,1,0,0,,400,0,3,0,0,0,0,0,3,4,1,3,3,3.0,N,,,,,,,,,,,
2022070244,2140.0,1,0,0,0,0,0,0,0,0,4,0,,67,6,2022,6,39.9547,-75.2403,2138.0,6,0,0,0,0,0,0,0,0,,0,0,0.0,21,1,1,1,,0,39 57:17.013,,0,75 14:24.917,3,0,0,0,67301,0,0,0,N,0,0,0,2,67301,0,,1,1,,N,N,N,0,,1,0,0,3,3,,2134,1,2,0,0,0,0,0,3,4,0,2,3,,N,,,,,,,,,,,
2022060108,1740.0,1,0,0,0,0,0,0,0,0,8,0,,67,6,2022,4,39.9851,-75.179,1732.0,6,0,0,0,0,0,0,0,0,,0,0,0.0,16,4,1,0,N,0,39 59:06.370,,0,75 10:44.500,3,0,0,0,67301,1,0,0,N,1,0,0,2,67301,0,,1,99,,N,N,N,0,,1,0,0,0,0,,1600,1,2,0,0,1,0,0,3,4,0,1,3,3.0,N,,,,,,,,,,,
2022069936,1744.0,0,0,0,0,0,0,0,0,0,2,0,,67,6,2022,2,39.9976,-75.1114,1744.0,6,0,0,0,0,0,0,0,0,,0,0,0.0,17,1,1,0,N,0,39 59:51.340,,1,75 06:41.100,2,0,1,1,67301,0,0,0,N,0,0,0,2,67301,0,,1,1,,N,N,N,0,,0,1,1,0,0,,1744,1,2,0,0,0,0,0,3,4,0,2,3,3.0,N,,,,,,,,,,,
2022070064,940.0,0,0,0,0,0,0,0,0,0,4,1,,67,7,2022,3,39.9809,-75.2465,938.0,6,0,0,0,0,0,0,0,0,,0,1,0.0,9,1,2,5,,0,39 58:51.249,,0,75 14:47.555,2,0,0,0,67301,0,0,0,N,0,0,0,7,67301,1,,1,1,,N,N,N,0,,0,1,1,3,2,,938,2,3,0,1,2,0,0,3,4,0,3,3,,N,,,,,,,,,,,
2022076158,1846.0,2,0,0,0,0,0,0,0,0,4,0,,67,8,2022,3,39.9917,-75.1373,1836.0,6,0,0,0,0,0,0,0,0,,0,0,0.0,18,1,3,1,,1,39 59:29.991,4.0,0,75 08:14.364,3,0,0,0,67301,0,0,0,N,0,0,0,4,67301,0,,1,1,1930.0,N,N,Y,0,,3,0,1,0,0,N,1825,3,3,0,0,0,0,0,3,4,0,3,3,3.0,N,,,,,,,,,,,
2022085583,1635.0,2,0,0,0,0,0,0,0,0,1,0,,67,9,2022,5,40.1148,-74.9887,1615.0,6,0,0,0,0,0,0,0,0,,0,0,0.0,14,1,1,0,N,0,40 06:53.420,,0,74 59:19.190,3,0,0,0,67301,0,0,0,N,0,0,0,3,67301,0,,1,1,,N,N,N,0,,1,0,1,0,0,,1451,1,3,0,0,0,0,0,3,4,0,3,3,,N,,,,,,,,,,,
2022075764,1503.0,0,0,0,0,0,0,0,0,0,4,1,,67,8,2022,2,40.061,-75.1901,1457.0,6,0,0,0,0,0,0,1,0,,0,0,0.0,14,1,1,2,,0,40 03:39.695,,0,75 11:24.461,3,0,0,0,67301,0,0,0,N,0,0,0,2,67301,0,,1,1,,N,N,N,1,,1,0,1,3,2,,1454,1,2,0,0,0,0,0,3,4,0,2,3,3.0,N,,,,,,,,,,,
2022087872,1228.0,1,0,0,0,0,0,0,0,0,8,0,,67,9,2022,6,39.9256,-75.1693,1219.0,6,0,0,0,0,0,0,0,0,,0,0,0.0,12,1,1,3,,2,39 55:32.012,3.0,0,75 10:09.901,3,0,0,0,67301,1,0,0,N,1,0,0,1,67301,0,,1,1,1305.0,N,N,N,0,,1,0,0,3,2,Y,1215,1,2,0,0,0,0,0,3,4,0,1,3,3.0,N,,,,,,,,,,,
2022086345,2229.0,1,0,0,0,0,0,0,0,0,7,0,,67,9,2022,1,40.0362,-75.0154,2213.0,6,0,0,0,0,0,0,0,0,,0,0,0.0,22,3,0,0,N,0,40 02:10.470,,0,75 00:55.500,0,0,0,0,67301,0,0,0,N,0,0,0,1,68K01,0,,4,9,,N,N,N,0,,0,0,0,0,0,,2201,0,1,0,0,0,0,0,3,4,0,1,7,,N,,,,,,,,,,,
2022075815,2108.0,1,0,0,0,0,0,0,0,0,4,0,,67,8,2022,2,40.0131,-75.202,2105.0,6,0,0,0,0,0,0,0,0,,0,0,0.0,20,3,0,2,,0,40 00:47.031,,7,75 12:07.323,0,0,0,0,67301,0,0,0,N,0,0,0,2,67301,0,,1,1,,N,N,N,0,,0,0,1,3,2,,2029,0,2,0,0,0,0,0,3,4,0,2,3,,N,,,,,,,,,,,
2022056819,1954.0,1,0,0,1,0,0,0,0,0,4,0,,67,6,2022,7,39.9265,-75.1861,1954.0,6,0,0,0,0,0,1,0,0,,0,0,0.0,19,4,1,1,,1,39 55:35.364,3.0,0,75 11:09.994,3,0,0,0,67301,1,0,0,N,0,0,0,2,67301,0,,1,1,2020.0,N,N,N,0,,1,0,0,3,2,Y,1954,1,2,0,0,0,0,0,3,4,0,1,3,3.0,N,,,,,,,,,,,
2022058780,220.0,1,0,0,0,0,0,0,0,0,8,0,,67,6,2022,7,40.0071,-75.0941,212.0,6,0,0,0,0,0,1,0,0,,0,0,0.0,2,3,1,1,,1,40 00:25.667,7.0,1,75 05:38.650,8,0,0,0,67301,1,0,0,N,1,0,0,2,67508,0,,1,1,9999.0,N,N,Y,0,,0,0,0,3,2,Y,212,1,2,0,0,0,1,0,3,4,0,1,3,3.0,N,,,,,,,,,,,
2022046395,,1,0,0,0,0,0,0,0,0,4,0,,67,5,2022,1,39.9034,-75.2432,,6,0,0,0,0,0,0,0,0,,0,0,0.0,19,1,1,1,,0,39 54:12.355,,0,75 14:35.390,3,0,0,0,67301,0,0,0,N,0,0,0,2,00000,0,,1,1,,,,N,0,,1,0,0,3,2,,1915,1,2,0,0,0,0,0,3,4,0,2,3,,N,,,,,,,,,,,
2022063086,740.0,1,0,0,0,0,0,0,0,0,4,0,,67,6,2022,3,39.972,-75.2274,735.0,6,0,0,0,0,0,0,0,0,,0,0,0.0,7,1,1,1,,0,39 58:19.340,,0,75 13:38.535,3,0,0,0,67301,0,0,0,N,0,0,0,4,67301,0,,1,1,,N,N,N,0,,1,0,1,3,3,,725,1,3,0,0,0,0,0,3,4,1,3,3,,N,,,,,,,,,,,
2022056751,1933.0,2,0,0,0,0,0,0,0,0,4,0,,67,6,2022,6,40.0444,-75.1435,1933.0,6,0,0,0,0,0,0,0,0,,0,0,0.0,15,1,2,1,,0,40 02:39.936,,0,75 08:36.817,8,0,0,0,67301,0,0,0,N,0,0,0,2,67301,0,,1,1,,N,N,N,0,,0,0,0,3,2,,1536,2,2,0,0,0,2,0,3,4,0,2,3,3.0,N,,,,,,,,,,,
2022060044,2133.0,2,0,0,0,0,0,0,0,0,1,0,,67,6,2022,2,40.0113,-75.0771,2130.0,6,0,0,0,0,0,0,1,0,,0,0,0.0,21,3,2,1,,2,40 00:40.802,5.0,0,75 04:37.448,3,0,0,0,67301,0,0,0,N,0,0,0,3,67301,0,,1,1,2201.0,N,N,N,0,,2,0,1,3,2,N,2130,2,3,0,0,0,0,0,3,4,0,3,3,,N,,,,,,,,,,,
2022069693,19.0,1,0,0,0,0,0,0,0,0,8,0,,67,7,2022,7,40.0364,-75.0636,16.0,6,0,0,0,0,0,1,0,0,,0,0,0.0,0,3,1,0,N,0,40 02:10.967,,0,75 03:48.800,3,0,0,0,67301,1,0,0,N,1,0,0,2,67301,0,,1,1,,N,N,N,0,,1,0,0,0,0,,15,1,2,0,0,0,0,0,3,4,0,1,4,,N,,,,,,,,,,,
2022069891,1239.0,3,0,0,0,0,0,0,0,0,1,0,,67,6,2022,2,39.9664,-75.187,1231.0,6,0,0,0,0,1,1,0,0,,0,0,0.0,12,1,1,0,N,0,39 57:58.946,,0,75 11:13.238,8,0,0,0,67301,0,0,0,N,0,0,0,4,68K01,0,,1,1,,N,N,N,0,,0,0,0,0,0,,1221,1,3,0,0,0,1,0,3,4,0,3,3,,N,,,,,,,,,,,
2022070072,1540.0,0,0,0,0,0,0,0,0,0,4,0,,67,7,2022,6,40.0034,-75.2032,1536.0,6,0,0,0,0,0,0,0,0,,0,0,0.0,15,1,1,1,,0,40 00:12.301,,0,75 12:11.644,3,0,0,0,67301,0,0,0,N,0,0,0,1,67301,0,,1,1,,N,N,N,1,,1,0,1,0,0,,1503,1,2,0,0,0,0,0,3,4,0,2,3,3.0,N,,,,,,,,,,,
2022078521,1101.0,0,0,0,0,0,0,0,0,0,5,0,,67,8,2022,4,39.9985,-75.1535,1100.0,6,0,0,0,0,0,1,0,0,,0,0,0.0,21,3,1,2,,0,39 59:54.553,,0,75 09:12.487,2,0,1,1,67301,0,0,0,N,0,0,0,2,67301,0,,1,1,,N,N,N,0,,0,1,1,3,2,,2130,1,2,0,0,0,0,0,3,4,0,2,3,,N,,,,,,,,,,,
2022069840,310.0,2,0,0,0,0,0,0,0,0,1,0,,67,7,2022,7,40.0384,-75.172,310.0,6,0,0,0,0,0,1,0,0,,0,0,0.0,2,3,0,0,N,0,40 02:18.370,,0,75 10:19.340,0,0,0,0,67301,0,0,0,N,0,0,0,2,67301,0,,1,1,,N,N,N,0,,0,0,0,0,0,,254,0,2,0,0,0,0,0,3,4,0,2,3,3.0,N,,,,,,,,,,,
2022060032,1854.0,0,0,0,0,0,0,0,0,0,1,0,,67,6,2022,3,39.9198,-75.2307,1854.0,6,0,0,0,0,0,0,0,0,,0,0,0.0,18,1,1,0,N,0,39 55:11.220,,0,75 13:50.520,2,0,1,1,67301,0,0,0,N,0,0,0,1,67301,0,,6,1,,N,N,N,0,,0,1,1,0,0,,1853,1,2,0,0,0,0,0,3,4,0,2,3,3.0,N,,,,,,,,,,,