CRN,ARRIVAL_TM,AUTOMOBILE_COUNT,BELTED_DEATH_COUNT,BELTED_SUSP_SERIOUS_INJ_COUNT,BICYCLE_COUNT,BICYCLE_DEATH_COUNT,BICYCLE_SUSP_SERIOUS_INJ_COUNT,BUS_COUNT,CHLDPAS_DEATH_COUNT,CHLDPAS_SUSP_SERIOUS_INJ_COUNT,COLLISION_TYPE,COMM_VEH_COUNT,CONS_ZONE_SPD_LIM,COUNTY,CRASH_MONTH,CRASH_YEAR,DAY_OF_WEEK,DEC_LAT,DEC_LONG,DISPATCH_TM,DISTRICT,DRIVER_COUNT_16YR,DRIVER_COUNT_17YR,DRIVER_COUNT_18YR,DRIVER_COUNT_19YR,DRIVER_COUNT_20YR,DRIVER_COUNT_50_64YR,DRIVER_COUNT_65_74YR,DRIVER_COUNT_75PLUS,EST_HRS_CLOSED,FATAL_COUNT,HEAVY_TRUCK_COUNT,HORSE_BUGGY_COUNT,HOUR_OF_DAY,ILLUMINATION,INJURY_COUNT,INTERSECT_TYPE,INTERSECTION_RELATED,LANE_CLOSED,LATITUDE,LN_CLOSE_DIR,LOCATION_TYPE,LONGITUDE,MAX_SEVERITY_LEVEL,MCYCLE_DEATH_COUNT,MCYCLE_SUSP_SERIOUS_INJ_COUNT,MOTORCYCLE_COUNT,MUNICIPALITY,NONMOTR_COUNT,NONMOTR_DEATH_COUNT,NONMOTR_SUSP_SERIOUS_INJ_COUNT,NTFY_HIWY_MAINT,PED_COUNT,PED_DEATH_COUNT,PED_SUSP_SERIOUS_INJ_COUNT,PERSON_COUNT,POLICE_AGCY,POSSIBLE_INJ_COUNT,RDWY_SURF_TYPE_CD,RELATION_TO_ROAD,ROAD_CONDITION,ROADWAY_CLEARED,SCH_BUS_IND,SCH_ZONE_IND,SECONDARY_CRASH,SMALL_TRUCK_COUNT,SPEC_JURIS_CD,SUSP_MINOR_INJ_COUNT,SUSP_SERIOUS_INJ_COUNT,SUV_COUNT,TCD_FUNC_CD,TCD_TYPE,TFC_DETOUR_IND,TIME_OF_DAY,TOT_INJ_COUNT,TOTAL_UNITS,UNB_DEATH_COUNT,UNB_SUSP_SERIOUS_INJ_COUNT,UNBELTED_OCC_COUNT,UNK_INJ_DEG_COUNT,UNK_INJ_PER_COUNT,URBAN_AREA,URBAN_RURAL,VAN_COUNT,VEHICLE_COUNT,WEATHER1,WEATHER2,WORK_ZONE_IND,WORK_ZONE_LOC,WORK_ZONE_TYPE,WORKERS_PRES,WZ_CLOSE_DETOUR,WZ_FLAGGER,WZ_LAW_OFFCR_IND,WZ_LN_CLOSURE,WZ_MOVING,WZ_OTHER,WZ_SHLDER_MDN,WZ_WORKERS_INJ_KILLED
2022062120,1630.0,1,0,0,0,0,0,0,0,0,1,0,,67,6,2022,5,39.9581,-75.164,1611.0,6,0,0,0,0,0,0,0,0,,0,0,0.0,16,1,2,0,N,2,39 57:28.992,3.0,0,75 09:50.536,8,0,0,0,67301,0,0,0,N,0,0,0,4,68K01,0,,1,1,1640.0,N,N,N,0,,0,0,1,0,0,N,1602,2,2,0,0,0,2,0,3,4,0,2,3,3.0,N,,,,,,,,,,,
2022057299,100.0,0,0,0,1,0,0,0,0,0,4,0,,67,6,2022,2,39.9157,-75.1629,42.0,6,0,0,0,0,0,0,0,0,,0,0,0.0,22,3,1,1,,0,39 54:56.507,,0,75 09:46.444,8,0,0,0,67301,1,0,0,N,0,0,0,2,67301,0,,1,1,,N,N,N,1,,0,0,0,3,2,,2200,1,2,0,0,0,1,0,3,4,0,1,3,3.0,N,,,,,,,,,,,
2022055477,,1,0,0,0,0,0,0,0,0,1,0,,67,5,2022,3,40.0984,-75.0471,,6,0,0,0,0,0,0,0,0,,0,0,0.0,8,1,1,2,,0,40 05:54.066,,0,75 02:49.469,8,0,0,0,67301,0,0,0,N,0,0,0,2,00000,0,,1,1,,,,N,0,,0,0,1,3,2,,845,1,2,0,0,0,1,0,3,4,0,2,3,,N,,,,,,,,,,,
2022057148,2349.0,1,0,0,0,0,0,0,0,0,4,0,,67,6,2022,1,40.0072,-75.1234,2346.0,6,0,0,0,0,0,1,0,0,,0,0,0.0,20,3,1,1,,0,40 00:25.981,,0,75 07:24.378,3,0,0,0,67301,0,0,0,N,0,0,0,4,67301,0,,1,1,,N,N,N,0,,1,0,1,3,2,,2058,1,2,0,0,0,0,3,3,4,0,2,3,3.0,N,,,,,,,,,,,
2022075799,1700.0,0,0,0,0,0,0,0,0,0,1,0,,67,8,2022,2,39.9888,-75.1274,1655.0,6,0,0,0,0,0,1,1,0,,0,0,0.0,16,1,2,5,,0,39 59:19.655,,1,75 07:38.503,3,0,0,0,67301,0,0,0,N,0,0,0,3,67301,0,,1,1,,N,N,N,0,,2,0,1,3,2,,1645,2,2,0,0,0,0,0,3,4,1,2,3,,N,,,,,,,,,,,
2022069651,2006.0,1,0,0,0,0,0,0,0,0,1,0,,67,7,2022,4,40.0181,-75.1702,2006.0,6,0,0,0,0,0,0,0,0,,0,0,0.0,17,1,0,0,N,0,40 01:05.124,,0,75 10:12.741,9,0,0,0,67301,0,0,0,N,0,0,0,2,68K01,0,,1,1,,N,N,N,0,,0,0,1,0,0,,1730,0,2,0,0,0,0,1,3,4,0,2,3,,N,,,,,,,,,,,
2022057349,1000.0,0,0,0,0,0,0,0,0,0,2,0,,67,6,2022,1,40.0714,-75.1587,950.0,6,0,0,0,0,0,0,0,0,,0,0,0.0,9,1,0,0,N,1,40 04:17.020,4.0,0,75 09:31.390,0,0,0,0,67301,0,0,0,N,0,0,0,1,67301,0,,6,1,1013.0,N,N,N,0,,0,0,2,0,0,Y,904,0,2,0,0,0,0,0,3,4,0,2,3,3.0,N,,,,,,,,,,,
2022060092,1533.0,1,0,0,0,0,0,0,0,0,4,0,,67,6,2022,2,39.9992,-75.1344,1532.0,6,0,0,0,0,0,1,0,1,,0,0,0.0,15,1,1,1,,0,39 59:57.041,,0,75 08:03.904,3,0,0,0,67301,0,0,0,N,0,0,0,3,67301,0,,1,1,,N,N,N,0,,1,0,1,0,0,,1510,1,2,0,0,0,0,0,3,4,0,2,3,,N,,,,,,,,,,,
2022060030,515.0,3,0,0,0,0,0,0,0,0,5,0,,67,6,2022,1,39.9133,-75.2421,502.0,6,0,0,0,0,0,0,0,0,,0,0,0.0,5,1,0,0,N,0,39 54:47.800,,0,75 14:31.440,0,0,0,0,67301,0,0,0,N,0,0,0,1,67301,0,,6,1,,N,N,N,0,,0,0,1,0,0,,502,0,5,0,0,0,0,0,3,4,1,5,3,3.0,N,,,,,,,,,,,
2022055662,2018.0,2,0,0,0,0,0,0,0,0,4,0,,67,6,2022,2,40.0006,-75.1329,2015.0,6,0,0,0,0,0,0,0,0,,0,0,0.0,18,1,1,1,,0,40 00:02.271,,0,75 07:58.407,3,0,0,0,67301,0,0,0,N,0,0,0,3,67301,0,,1,1,,N,N,N,0,,1,0,0,3,2,,1854,1,2,0,0,2,0,0,3,4,0,2,3,3.0,N,,,,,,,,,,,
2022056710,2045.0,1,0,0,0,0,0,0,0,0,8,0,,67,6,2022,4,39.956,-75.1557,2040.0,6,0,0,0,0,0,0,0,0,,0,0,0.0,17,1,1,1,,0,39 57:21.639,,0,75 09:20.689,3,0,0,0,67301,1,0,0,N,1,0,0,2,67301,0,,1,1,,N,N,N,0,,1,0,0,3,2,,1740,1,2,0,0,1,0,0,3,4,0,1,3,3.0,N,,,,,,,,,,,
2022056377,910.0,1,0,0,0,0,0,0,0,0,1,0,,67,6,2022,5,39.9385,-75.1421,902.0,6,0,0,0,0,0,1,0,0,,0,0,0.0,8,1,1,1,,0,39 56:18.523,,2,75 08:32.410,4,0,0,0,67301,0,0,0,N,0,0,0,6,67301,1,,1,9,,N,N,N,0,,0,0,1,3,2,,849,1,3,0,0,0,0,0,3,4,1,3,4,7.0,N,,,,,,,,,,,
2022056214,2042.0,1,0,0,0,0,0,0,0,0,4,0,,67,6,2022,4,39.9919,-75.1864,2037.0,6,0,0,0,0,0,0,0,0,,0,0,0.0,20,8,1,1,,0,39 59:30.410,,0,75 11:10.966,3,0,0,0,67301,0,0,0,N,0,0,0,2,67301,0,,1,1,,N,N,N,0,,1,0,1,3,2,,2034,1,2,0,0,0,0,0,3,4,0,2,3,3.0,N,,,,,,,,,,,
2022056972,1803.0,1,0,0,0,0,0,0,0,0,4,0,,67,6,2022,1,40.0085,-75.0915,1749.0,6,0,0,0,0,0,1,0,0,,0,0,0.0,17,1,2,1,,1,40 00:30.707,2.0,1,75 05:29.493,3,0,0,0,67301,0,0,0,N,0,0,0,3,67301,0,,1,1,1831.0,N,N,N,0,,2,0,1,3,2,N,1741,2,3,0,0,1,0,0,3,4,1,3,3,,N,,,,,,,,,,,
2022060080,1430.0,2,0,0,0,0,0,0,0,0,5,0,,67,6,2022,1,40.0148,-75.139,1430.0,6,0,0,0,0,1,0,0,0,,0,0,0.0,8,1,0,0,N,0,40 00:53.160,,0,75 08:20.320,0,0,0,0,67301,0,0,0,N,0,0,0,1,67301,0,,6,1,,N,N,N,0,,0,0,0,0,0,,837,0,2,0,0,0,0,0,3,4,0,2,3,3.0,N,,,,,,,,,,,
2022069448,2052.0,0,0,0,0,0,0,0,0,0,5,1,,67,7,2022,3,40.0136,-75.1043,2047.0,6,0,0,0,0,0,0,0,0,,0,1,0.0,8,1,1,0,N,0,40 00:48.800,,0,75 06:15.480,3,0,0,0,67301,1,0,0,N,0,0,0,3,67301,0,,6,1,,N,N,N,0,,1,0,1,0,0,,820,1,2,0,0,0,0,0,3,4,0,2,3,98.0,N,,,,,,,,,,,
2022060117,217.0,1,0,0,0,0,0,0,0,0,4,0,,67,6,2022,6,40.004,-75.1589,205.0,6,0,0,0,0,0,0,0,0,,0,0,0.0,0,3,1,2,,0,40 00:14.349,,0,75 09:32.097,3,0,0,0,67301,0,0,0,N,0,0,0,1,67301,0,,1,1,,N,N,N,0,,1,0,1,3,3,,30,1,2,0,0,1,0,0,3,4,0,2,3,3.0,N,,,,,,,,,,,
2022075758,1926.0,0,0,0,0,0,0,0,0,0,8,0,,67,8,2022,2,39.9296,-75.2212,1925.0,6,0,0,0,0,0,1,0,0,,0,0,0.0,19,1,1,0,N,0,39 55:46.490,,0,75 13:16.410,8,0,0,0,67301,1,0,0,N,1,0,0,2,67301,0,,1,1,,N,N,N,0,,0,0,1,0,0,,1924,1,2,0,0,0,1,0,3,4,0,1,3,3.0,N,,,,,,,,,,,
2022086950,728.0,0,0,1,0,0,0,1,0,0,4,1,,67,9,2022,3,39.9546,-75.226,649.0,6,0,0,0,0,0,2,0,0,,0,0,0.0,6,3,5,1,,1,39 57:16.492,7.0,0,75 13:33.613,2,0,0,0,67301,0,0,0,N,0,0,0,6,67301,0,,1,1,1000.0,Y,N,N,0,,4,1,1,3,2,N,604,5,2,0,0,0,0,0,3,4,0,2,3,3.0,N,,,,,,,,,,,
2022056382,1115.0,0,0,0,0,0,0,0,0,0,1,0,,67,6,2022,6,39.906,-75.1347,1112.0,6,0,0,0,0,0,0,0,0,,0,0,0.0,11,1,1,0,N,0,39 54:21.600,,3,75 08:04.800,4,0,0,0,67301,0,0,0,N,0,0,0,2,67501,1,,1,1,,N,N,N,1,,0,0,1,3,8,,1101,1,2,0,0,0,0,0,3,4,0,2,3,3.0,N,,,,,,,,,,,
2022055679,2330.0,0,0,0,0,0,0,0,0,0,5,0,,67,6,2022,2,40.0498,-75.1181,2326.0,6,0,0,0,0,0,1,0,0,,0,0,0.0,23,3,0,0,N,0,40 02:59.450,,0,75 07:05.150,0,0,0,0,67301,0,0,0,N,0,0,0,1,67301,0,,6,1,,N,N,N,0,,0,0,1,0,0,,2324,0,2,0,0,0,0,0,3,4,1,2,3,,N,,,,,,,,,,,
2022060065,1800.0,1,0,0,0,0,0,0,0,0,2,0,,67,6,2022,4,39.966,-75.2349,1800.0,6,0,0,0,0,0,1,0,0,,0,0,0.0,18,1,1,0,N,0,39 57:57.500,,0,75 14:05.800,3,0,0,0,67301,1,0,0,N,1,0,0,6,67301,0,,1,1,,N,N,N,0,,1,0,1,0,0,,1800,1,3,0,0,5,0,1,3,4,0,2,3,3.0,N,,,,,,,,,,,
2022055457,,1,0,0,0,0,0,0,0,0,5,0,,67,5,2022,6,40.0428,-75.0631,,6,0,0,0,0,0,0,0,0,,0,0,0.0,19,1,1,1,,0,40 02:34.113,,0,75 03:47.339,8,0,0,0,67301,0,0,0,N,0,0,0,2,00000,0,,1,1,,,,N,0,,0,0,1,3,2,,1955,1,2,0,0,1,1,0,3,4,0,2,3,,N,,,,,,,,,,,
2022059641,38.0,0,0,0,0,0,0,0,0,0,1,0,,67,6,2022,2,39.9633,-75.2467,38.0,6,0,0,0,0,0,1,0,0,,0,0,0.0,0,3,1,0,N,0,39 57:47.983,,0,75 14:48.033,8,0,0,0,67301,0,0,0,N,0,0,0,1,67508,0,,6,1,,N,N,N,0,,0,0,2,0,0,,38,1,2,0,0,0,1,0,3,4,0,2,3,3.0,N,,,,,,,,,,,
2022056038,2041.0,2,0,0,0,0,0,0,0,0,4,0,,67,6,2022,3,39.9717,-75.1259,2040.0,6,0,0,0,0,0,0,0,0,,0,0,0.0,20,4,0,1,,0,39 58:18.518,,0,75 07:33.433,0,0,0,0,67301,0,0,0,N,0,0,0,2,67301,0,,1,1,,N,N,N,0,,0,0,0,3,2,,2040,0,2,0,0,0,0,0,3,4,0,2,3,,N,,,,,,,,,,,
2022056833,655.0,0,0,0,0,0,0,0,0,0,4,0,,67,6,2022,3,39.9996,-75.1905,643.0,6,0,0,0,0,0,0,0,0,,0,0,0.0,6,1,2,2,,0,39 59:58.649,,0,75 11:26.101,8,0,0,0,67301,0,0,0,N,0,0,0,2,67301,0,,1,1,,N,N,N,1,,0,0,1,3,2,,639,2,2,0,0,0,2,0,3,4,0,2,3,4.0,N,,,,,,,,,,,
2022058034,1913.0,1,0,0,0,0,0,0,0,0,1,0,,67,6,2022,1,,,1910.0,6,0,0,0,0,0,1,0,0,,0,0,0.0,19,1,0,0,N,2,,4.0,3,,0,0,0,0,67301,0,0,0,N,0,0,0,2,67501,0,,1,1,1950.0,N,N,N,0,,0,0,1,0,0,Y,1910,0,2,0,0,0,0,0,3,3,0,2,3,3.0,N,,,,,,,,,,,
2022070586,1000.0,1,0,0,0,0,0,0,0,0,4,0,,67,7,2022,7,39.9684,-75.1513,952.0,6,0,0,0,0,0,0,0,0,,0,0,0.0,9,1,1,0,N,0,39 58:06.250,,0,75 09:04.840,3,0,0,0,67301,0,0,0,N,0,0,0,2,67301,0,,1,1,,N,N,N,0,,1,0,1,3,4,,940,1,2,0,0,0,0,1,3,4,0,2,3,3.0,N,,,,,,,,,,,
2022059232,630.0,0,0,0,0,0,0,0,0,0,1,0,,67,6,2022,7,39.883,-75.2448,621.0,6,0,0,0,0,0,1,0,0,,0,0,0.0,6,1,1,0,N,0,39 52:58.811,,0,75 14:41.244,3,0,0,0,67301,0,0,0,N,0,0,0,2,68K01,0,,1,1,,N,N,N,0,,1,0,2,0,0,,610,1,2,0,0,0,0,0,3,4,0,2,3,,N,,,,,,,,,,,
2022086857,2355.0,2,0,0,0,0,0,0,0,0,4,0,,67,9,2022,1,39.9496,-75.1539,2355.0,6,0,0,0,0,0,0,0,0,,0,0,0.0,23,3,0,1,,0,39 56:58.614,,0,75 09:14.075,0,0,0,0,67301,0,0,0,N,0,0,0,2,67301,0,,1,1,,N,N,N,0,,0,0,0,0,0,,2330,0,2,0,0,2,0,0,3,4,0,2,3,3.0,N,,,,,,,,,,,
2022085769,1953.0,2,0,0,0,0,0,0,0,0,4,0,,67,9,2022,7,40.0731,-75.1892,1952.0,6,0,0,0,0,0,1,1,0,,0,0,0.0,19,3,2,5,,1,40 04:23.324,4.0,0,75 11:21.237,3,0,0,0,67301,0,0,0,N,0,0,0,2,67301,1,,1,1,2046.0,N,N,N,0,,1,0,0,3,2,Y,1952,2,2,0,0,0,0,0,3,4,0,2,3,3.0,N,,,,,,,,,,,
2022086865,2015.0,0,0,0,0,0,0,1,0,0,8,1,,67,9,2022,6,39.9513,-75.155,2015.0,6,0,0,0,0,0,0,0,0,,0,0,0.0,20,3,1,0,N,0,39 57:04.801,,0,75 09:17.901,8,0,0,0,67301,1,0,0,N,1,0,0,2,67301,0,,1,1,,N,N,N,0,,0,0,0,0,0,,2000,1,2,0,0,0,1,0,3,4,0,1,3,,N,,,,,,,,,,,
2022087352,810.0,2,0,0,0,0,0,0,0,0,4,0,,67,9,2022,5,40.0444,-75.0305,751.0,6,0,0,1,0,0,0,0,0,,0,0,0.0,7,1,1,1,,0,40 02:39.763,,0,75 01:49.950,8,0,0,0,67301,0,0,0,N,0,0,0,2,67301,0,,1,1,,N,N,N,0,,0,0,0,0,0,,745,1,2,0,0,1,1,0,3,4,0,2,3,,N,,,,,,,,,,,
2022075810,2010.0,0,0,0,0,0,0,0,0,0,4,0,,67,8,2022,2,40.0514,-75.1243,2008.0,6,0,0,0,0,0,1,0,0,,0,0,0.0,17,1,1,1,,0,40 03:04.953,,0,75 07:27.570,3,0,0,0,67301,0,0,0,N,0,0,0,2,67301,0,,1,1,,N,N,N,0,,1,0,2,3,3,,1754,1,2,0,0,0,0,1,3,4,0,2,3,3.0,N,,,,,,,,,,,
2022056895,843.0,2,0,0,0,0,0,0,0,0,4,0,,67,6,2022,6,39.9383,-75.1749,829.0,6,0,0,0,0,0,0,0,0,,0,0,0.0,8,1,0,2,,2,39 56:17.937,2.0,0,75 10:29.478,9,0,0,0,67301,0,0,0,N,0,0,0,2,67301,0,,1,1,940.0,N,N,N,0,,0,0,1,3,3,Y,825,0,3,0,0,0,0,2,3,4,0,3,3,,N,,,,,,,,,,,
2022056226,1131.0,1,0,0,0,0,0,0,0,0,1,0,,67,6,2022,5,39.9787,-75.1578,1130.0,6,0,0,0,0,0,0,0,1,,0,0,0.0,11,1,1,1,,0,39 58:43.293,,0,75 09:28.577,4,0,0,0,67301,0,0,0,N,0,0,0,3,67505,1,,1,1,,N,N,Y,0,,0,0,2,3,2,,1130,1,3,0,0,0,0,0,3,4,0,3,3,3.0,N,,,,,,,,,,,
2022056224,1857.0,1,0,0,0,0,0,0,0,0,5,0,,67,6,2022,4,39.9983,-75.1537,1848.0,6,0,0,1,0,0,0,0,0,,0,0,0.0,18,1,1,0,N,0,39 59:53.971,,0,75 09:13.171,3,0,0,1,67301,0,0,0,N,0,0,0,4,67301,0,,1,1,,N,N,N,0,,1,0,1,0,0,,1840,1,3,0,0,0,0,0,3,4,0,3,3,3.0,N,,,,,,,,,,,
2022066833,2121.0,2,0,0,0,0,0,0,0,0,1,0,,67,6,2022,2,40.0508,-75.0062,2121.0,6,0,0,0,0,0,1,0,0,,0,0,0.0,21,3,2,0,N,1,40 03:02.926,3.0,0,75 00:22.480,8,0,0,0,67301,0,0,0,N,0,0,0,3,68K01,0,,1,1,2200.0,N,N,N,0,,0,0,0,0,0,N,2121,2,2,0,0,0,2,0,3,4,0,2,3,3.0,N,,,,,,,,,,,
2022070584,1730.0,1,0,0,0,0,0,0,0,0,4,0,,67,7,2022,1,40.0201,-75.1131,1730.0,6,0,0,0,0,0,1,0,0,,0,0,0.0,17,1,1,2,,0,40 01:12.501,,0,75 06:47.172,3,0,0,0,67301,0,0,0,N,0,0,0,2,67301,0,,1,1,,N,N,N,1,,1,0,0,3,3,,1709,1,2,0,0,0,0,0,3,4,0,2,3,3.0,N,,,,,,,,,,,
2022057013,1810.0,2,0,0,0,0,0,0,0,0,1,0,,67,6,2022,1,40.0529,-75.1417,1805.0,6,0,0,0,0,0,1,0,0,,0,0,0.0,18,1,4,0,Y,2,40 03:10.411,5.0,0,75 08:30.189,3,0,0,0,67301,0,0,0,N,0,0,0,5,67301,0,,1,1,130.0,N,N,N,0,,4,0,2,3,2,Y,1800,4,4,0,0,0,0,0,3,4,0,4,3,,N,,,,,,,,,,,
2022060107,103.0,1,0,0,0,0,0,0,0,0,99,0,,67,6,2022,4,40.0554,-75.1263,100.0,6,0,0,0,1,0,0,0,0,,0,0,0.0,20,4,1,2,,0,40 03:19.504,,0,75 07:34.819,3,0,0,0,67301,0,0,0,N,0,0,0,2,67301,0,,1,99,,N,N,N,0,,1,0,0,3,2,,2000,1,2,0,0,0,0,0,3,4,0,2,99,,N,,,,,,,,,,,
2022056011,1010.0,1,0,0,0,0,0,0,0,0,4,0,,67,6,2022,4,39.9485,-75.2232,1005.0,6,0,0,0,0,0,2,0,0,,0,0,0.0,10,1,4,1,,0,39 56:54.545,,0,75 13:23.674,3,0,0,0,67301,0,0,0,N,0,0,0,4,67301,1,,1,1,,N,N,N,0,,3,0,1,3,3,,1000,4,2,0,0,0,0,0,3,4,0,2,3,,N,,,,,,,,,,,
2022057755,1100.0,1,0,0,0,0,0,0,0,0,4,0,,67,6,2022,2,40.0346,-75.0449,1053.0,6,0,0,0,0,0,0,1,0,,0,0,0.0,10,1,1,1,,0,40 02:04.528,,0,75 02:41.665,3,0,0,0,67301,0,0,0,N,0,0,0,2,67301,0,,1,1,,N,N,N,0,,1,0,1,3,2,,1051,1,2,0,0,0,0,0,3,4,0,2,3,3.0,N,,,,,,,,,,,
2022070499,1756.0,0,0,0,0,0,0,0,0,0,4,0,,67,7,2022,5,40.0455,-75.0017,1733.0,6,0,0,0,0,0,2,0,0,,0,0,0.0,17,1,6,0,N,1,40 02:43.911,2.0,0,75 00:06.267,4,0,0,0,67301,0,0,0,Y,0,0,0,7,68K01,6,,1,1,1959.0,N,N,N,0,,0,0,3,0,0,N,1731,6,3,0,0,0,0,0,3,4,0,3,3,,N,,,,,,,,,,,
2022061015,18.0,1,0,0,0,0,0,0,0,0,1,0,,67,6,2022,3,39.9911,-75.2041,14.0,6,0,0,0,0,0,1,0,0,,0,0,0.0,0,3,3,0,N,2,39 59:27.948,3.0,0,75 12:14.763,8,0,0,0,67301,0,0,0,N,0,0,0,3,68K01,0,,1,1,50.0,N,N,N,0,,0,0,1,0,0,N,13,3,2,0,0,0,3,0,3,4,0,2,3,3.0,N,,,,,,,,,,,
2022058394,401.0,0,0,0,0,0,0,0,0,0,7,0,35.0,67,6,2022,7,39.9554,-75.148,401.0,6,0,0,0,0,0,1,0,0,,0,0,0.0,4,3,0,0,N,1,39 57:19.394,4.0,2,75 08:52.678,0,0,0,0,67301,0,0,0,N,0,0,0,1,67501,0,,4,1,455.0,N,N,N,1,,0,0,0,0,0,N,401,0,1,0,0,0,0,0,3,4,0,1,3,,Y,8.0,1.0,Y,,,N,Y,,,,N
2022070168,1145.0,2,0,0,0,0,0,0,0,0,4,0,,67,7,2022,7,39.9546,-75.1495,1143.0,6,0,0,0,0,0,0,0,0,,0,0,0.0,11,1,0,1,,1,39 57:16.613,3.0,0,75 08:58.311,0,0,0,0,67301,0,0,0,N,0,0,0,4,67301,0,,1,1,1202.0,N,N,N,0,,0,0,0,3,2,N,1125,0,2,0,0,0,0,0,3,4,0,2,3,3.0,N,,,,,,,,,,,
2022075769,746.0,2,0,0,0,0,0,0,0,0,1,0,,67,8,2022,2,40.0354,-75.0498,726.0,6,0,0,0,0,0,0,0,0,,0,0,0.0,7,1,2,1,,0,40 02:07.385,,0,75 02:59.150,4,0,0,0,67301,0,0,0,N,0,0,0,4,67301,2,,1,1,,N,N,N,0,,0,0,0,3,2,,713,2,2,0,0,4,0,0,3,4,0,2,3,,N,,,,,,,,,,,
2022086452,150.0,1,0,0,0,0,0,0,0,0,8,0,,67,9,2022,3,40.0336,-75.1458,150.0,6,0,0,0,0,0,0,0,0,,0,0,0.0,1,3,1,0,N,0,40 02:01.098,,0,75 08:44.904,3,0,0,0,67301,1,0,0,N,1,0,0,2,67301,0,,1,1,,N,N,N,0,,1,0,0,3,2,,148,1,2,0,0,0,0,0,3,4,0,1,3,3.0,N,,,,,,,,,,,
2022056362,1117.0,1,0,0,0,0,0,0,0,0,4,0,,67,6,2022,4,40.0152,-75.1498,1113.0,6,0,0,0,0,0,0,0,1,,0,0,0.0,10,1,2,1,,0,40 00:55.044,,0,75 08:59.736,3,0,0,0,67301,0,0,0,N,0,0,0,2,67301,0,,1,1,,N,N,N,0,,2,0,1,3,2,,1015,2,2,0,0,0,0,0,3,4,0,2,3,3.0,N,,,,,,,,,,,
2022060359,340.0,2,0,0,0,0,0,0,0,0,1,0,,67,6,2022,3,,,335.0,6,0,0,0,0,0,0,0,0,,0,0,0.0,3,3,1,0,N,0,,,3,,8,0,0,0,67301,0,0,0,N,0,0,0,1,67301,0,,1,1,,N,N,N,0,,0,0,0,0,0,,315,1,2,0,0,0,1,0,3,3,0,2,3,3.0,N,,,,,,,,,,,
2022060011,301.0,1,0,0,0,0,0,0,0,0,4,0,,67,6,2022,1,39.9572,-75.1587,301.0,6,0,0,0,0,0,0,0,0,,0,0,0.0,3,3,1,1,,0,39 57:25.888,,3,75 09:31.377,3,0,0,0,67301,0,0,0,N,0,0,0,2,67301,0,,1,1,,N,N,N,0,,1,0,0,3,2,,300,1,2,0,0,0,0,0,3,4,0,2,3,3.0,N,,,,,,,,,,,
2022056969,2333.0,0,0,0,0,0,0,0,0,0,4,0,,67,6,2022,7,40.0824,-74.9818,2328.0,6,0,0,0,0,0,0,0,1,,0,0,0.0,22,3,0,1,,0,40 04:56.485,,0,74 58:54.541,0,0,0,0,67301,0,0,0,N,0,0,0,3,67301,0,,1,1,,N,N,N,0,,0,0,2,3,3,,2210,0,2,0,0,0,0,0,3,4,0,2,3,3.0,N,,,,,,,,,,,
2022056360,1748.0,2,0,0,0,0,0,0,0,0,4,0,,67,6,2022,2,40.017,-75.1504,1748.0,6,0,0,0,0,0,1,0,0,,0,0,0.0,17,1,1,2,,0,40 01:01.345,,0,75 09:01.513,3,0,0,0,67301,0,0,0,N,0,0,0,2,67301,0,,1,99,,N,N,N,0,,1,0,0,3,3,,1748,1,2,0,0,1,0,1,3,4,0,2,3,3.0,N,,,,,,,,,,,
2022068807,1710.0,1,0,0,0,0,0,0,0,0,7,0,,67,6,2022,7,39.9836,-75.1843,1702.0,6,0,0,0,0,0,0,0,0,,0,0,0.0,17,1,1,3,,0,39 59:01.119,,0,75 11:03.502,3,0,0,0,67301,0,0,0,N,0,0,0,1,67301,0,,4,1,,N,N,N,0,,1,0,0,0,0,,1701,1,1,0,0,0,0,0,3,4,0,1,3,3.0,N,,,,,,,,,,,
2022069850,1805.0,1,0,0,0,0,0,1,0,0,5,1,,67,7,2022,5,39.9791,-75.2138,1754.0,6,0,0,0,0,0,0,0,0,,0,0,0.0,17,1,1,0,N,2,39 58:44.915,3.0,0,75 12:49.593,3,0,0,0,67301,0,0,0,N,0,0,0,4,67301,0,,1,1,1930.0,N,N,N,0,,1,0,1,0,0,Y,1754,1,3,0,0,1,0,0,3,4,0,3,3,3.0,N,,,,,,,,,,,
2022048839,,1,0,0,0,0,0,0,0,0,1,0,,67,5,2022,5,39.96,-75.1794,,6,0,0,0,0,0,0,0,0,,0,0,0.0,7,1,2,0,N,0,39 57:35.826,,3,75 10:45.824,8,0,0,0,67301,0,0,0,N,0,0,0,3,00000,0,,1,1,,,,N,0,,0,0,0,0,0,,745,2,2,0,0,0,2,0,3,4,0,2,3,,N,,,,,,,,,,,
2022075757,1738.0,1,0,0,0,0,0,0,0,0,4,0,,67,8,2022,2,39.9108,-75.2225,1736.0,6,0,0,0,0,0,1,0,0,,0,0,0.0,17,1,3,0,N,2,39 54:38.764,6.0,6,75 13:21.031,2,0,1,1,67301,0,0,0,N,0,0,0,3,67301,1,,1,1,2010.0,N,N,N,0,,1,1,0,3,3,N,1736,3,2,0,0,0,0,0,3,4,0,2,3,3.0,N,,,,,,,,,,,
2022086701,25.0,1,0,0,0,0,0,0,0,0,2,0,,67,9,2022,3,40.0248,-75.1331,25.0,6,0,0,0,0,0,0,0,0,,0,0,0.0,0,3,0,0,N,0,40 01:29.100,,0,75 07:59.030,9,0,0,1,67301,0,0,0,N,0,0,0,1,67301,0,,1,99,,N,N,N,0,,0,0,0,3,2,,15,0,2,0,0,0,0,1,3,4,0,2,3,3.0,N,,,,,,,,,,,