CRN,ARRIVAL_TM,AUTOMOBILE_COUNT,BELTED_DEATH_COUNT,BELTED_SUSP_SERIOUS_INJ_COUNT,BICYCLE_COUNT,BICYCLE_DEATH_COUNT,BICYCLE_SUSP_SERIOUS_INJ_COUNT,BUS_COUNT,CHLDPAS_DEATH_COUNT,CHLDPAS_SUSP_SERIOUS_INJ_COUNT,COLLISION_TYPE,COMM_VEH_COUNT,CONS_ZONE_SPD_LIM,COUNTY,CRASH_MONTH,CRASH_YEAR,DAY_OF_WEEK,DEC_LAT,DEC_LONG,DISPATCH_TM,DISTRICT,DRIVER_COUNT_16YR,DRIVER_COUNT_17YR,DRIVER_COUNT_18YR,DRIVER_COUNT_19YR,DRIVER_COUNT_20YR,DRIVER_COUNT_50_64YR,DRIVER_COUNT_65_74YR,DRIVER_COUNT_75PLUS,EST_HRS_CLOSED,FATAL_COUNT,HEAVY_TRUCK_COUNT,HORSE_BUGGY_COUNT,HOUR_OF_DAY,ILLUMINATION,INJURY_COUNT,INTERSECT_TYPE,INTERSECTION_RELATED,LANE_CLOSED,LATITUDE,LN_CLOSE_DIR,LOCATION_TYPE,LONGITUDE,MAX_SEVERITY_LEVEL,MCYCLE_DEATH_COUNT,MCYCLE_SUSP_SERIOUS_INJ_COUNT,MOTORCYCLE_COUNT,MUNICIPALITY,NONMOTR_COUNT,NONMOTR_DEATH_COUNT,NONMOTR_SUSP_SERIOUS_INJ_COUNT,NTFY_HIWY_MAINT,PED_COUNT,PED_DEATH_COUNT,PED_SUSP_SERIOUS_INJ_COUNT,PERSON_COUNT,POLICE_AGCY,POSSIBLE_INJ_COUNT,RDWY_SURF_TYPE_CD,RELATION_TO_ROAD,ROAD_CONDITION,ROADWAY_CLEARED,SCH_BUS_IND,SCH_ZONE_IND,SECONDARY_CRASH,SMALL_TRUCK_COUNT,SPEC_JURIS_CD,SUSP_MINOR_INJ_COUNT,SUSP_SERIOUS_INJ_COUNT,SUV_COUNT,TCD_FUNC_CD,TCD_TYPE,TFC_DETOUR_IND,TIME_OF_DAY,TOT_INJ_COUNT,TOTAL_UNITS,UNB_DEATH_COUNT,UNB_SUSP_SERIOUS_INJ_COUNT,UNBELTED_OCC_COUNT,UNK_INJ_DEG_COUNT,UNK_INJ_PER_COUNT,URBAN_AREA,URBAN_RURAL,VAN_COUNT,VEHICLE_COUNT,WEATHER1,WEATHER2,WORK_ZONE_IND,WORK_ZONE_LOC,WORK_ZONE_TYPE,WORKERS_PRES,WZ_CLOSE_DETOUR,WZ_FLAGGER,WZ_LAW_OFFCR_IND,WZ_LN_CLOSURE,WZ_MOVING,WZ_OTHER,WZ_SHLDER_MDN,WZ_WORKERS_INJ_KILLED
2022075796,400.0,1,0,0,0,0,0,0,0,0,4,0,,67,8,2022,7,39.9704,-75.15,349.0,6,0,0,0,0,0,0,0,0,,0,0,0.0,2,3,3,1,,0,39 58:14.003,,0,75 08:59.563,3,0,0,0,67301,0,0,0,N,0,0,0,3,67301,2,,1,1,,N,N,N,0,,1,0,1,3,2,,220,3,2,0,0,0,0,0,3,4,0,2,3,3.0,N,,,,,,,,,,,
2022075780,1819.0,1,0,0,0,0,0,0,0,0,8,0,,67,8,2022,2,39.9747,-75.1737,1811.0,6,0,0,0,0,0,0,0,0,,0,0,0.0,18,1,1,0,N,0,39 58:29.000,,0,75 10:25.200,4,0,0,0,67301,1,0,0,N,1,0,0,3,67301,1,,1,1,,N,N,N,0,,0,0,0,0,0,,1810,1,2,0,0,0,0,0,3,4,0,1,3,3.0,N,,,,,,,,,,,
2022085294,2350.0,2,0,0,0,0,0,0,0,0,4,0,,67,9,2022,7,40.0455,-75.0883,2332.0,6,0,0,1,0,0,0,0,0,,0,0,0.0,23,3,1,1,,0,40 02:43.859,,0,75 05:17.937,8,0,0,0,67301,0,0,0,N,0,0,0,2,67301,0,,1,1,,N,N,N,0,,0,0,0,9,2,,2300,1,2,0,0,0,1,0,3,4,0,2,3,3.0,N,,,,,,,,,,,
2022083637,2138.0,1,0,0,0,0,0,0,0,0,8,0,,67,9,2022,6,39.9911,-75.1331,2136.0,6,0,0,0,0,0,0,0,0,,0,0,0.0,21,3,2,0,N,0,39 59:28.011,,0,75 07:59.013,3,0,0,0,67301,1,0,0,N,1,0,0,2,67301,0,,1,1,,N,N,N,0,,2,0,0,0,0,,2125,2,2,0,0,0,0,0,3,4,0,1,3,,N,,,,,,,,,,,
2022075970,739.0,2,0,0,0,0,0,0,0,0,1,0,,67,8,2022,2,40.0204,-75.0429,733.0,6,0,0,0,0,0,0,1,0,,0,0,0.0,7,1,1,0,N,1,40 01:13.582,1.0,0,75 02:34.547,8,0,0,0,67301,0,0,0,N,0,0,0,4,68K01,0,,1,1,745.0,N,N,N,0,,0,0,1,0,0,N,733,1,4,0,0,0,1,0,3,4,1,4,3,3.0,N,,,,,,,,,,,
2022074058,1720.0,3,0,0,0,0,0,0,0,0,1,0,,67,8,2022,4,39.9783,-75.1772,1703.0,6,0,0,0,0,0,0,0,0,,0,0,0.0,17,1,1,0,N,0,39 58:41.800,,0,75 10:38.050,3,0,0,0,67301,0,0,0,N,0,0,0,1,67301,0,,6,1,,N,N,N,0,,1,0,0,0,0,,1701,1,3,0,0,0,0,0,3,4,0,3,3,,N,,,,,,,,,,,
2022083608,2323.0,0,0,0,0,0,0,0,0,0,7,0,,67,9,2022,5,40.032,-75.1731,2323.0,6,0,0,0,0,0,0,0,0,,1,0,0.0,23,3,0,0,N,2,40 01:55.100,5.0,0,75 10:23.300,1,0,0,0,67301,1,1,0,N,1,1,0,3,67301,0,2.0,4,1,245.0,N,N,N,0,0.0,0,0,1,0,0,Y,2300,0,2,0,0,0,0,0,3,4,0,1,3,,N,,,,,,,,,,,
2022083974,1603.0,1,0,0,0,0,0,0,0,0,4,1,,67,9,2022,6,40.0366,-75.0645,1557.0,6,0,0,0,0,0,1,0,1,,0,1,0.0,15,1,0,1,,2,40 02:11.789,3.0,0,75 03:52.061,0,0,0,0,67301,0,0,0,N,0,0,0,2,67301,0,,1,1,20.0,N,N,N,0,,0,0,0,3,2,N,1540,0,2,0,0,0,0,0,3,4,0,2,3,,N,,,,,,,,,,,
2022075781,2140.0,0,0,0,0,0,0,0,0,0,7,0,,67,8,2022,6,39.9982,-75.0976,2140.0,6,0,0,0,0,0,0,0,0,,0,0,0.0,21,3,0,0,N,0,39 59:53.364,,0,75 05:51.529,0,0,0,0,67301,0,0,0,N,0,0,0,1,67301,0,,4,1,,N,N,N,0,,0,0,1,0,0,,2140,0,1,0,0,1,0,0,3,4,0,1,3,3.0,N,,,,,,,,,,,
2022083544,2250.0,0,0,0,0,0,0,0,0,0,8,0,,67,9,2022,7,40.0588,-75.0506,2246.0,6,0,0,0,0,0,0,0,0,,0,0,0.0,22,3,1,1,,0,40 03:31.504,,0,75 03:02.099,2,0,0,0,67301,1,0,1,N,1,0,1,2,67301,0,,1,1,,N,N,N,0,,0,1,1,0,0,,2229,1,2,0,0,0,0,0,3,4,0,1,3,,N,,,,,,,,,,,
2022079877,1847.0,2,0,0,0,0,0,0,0,0,4,0,,67,8,2022,2,39.9902,-75.1737,1842.0,6,0,0,0,0,0,0,0,0,,0,0,0.0,18,1,0,1,,0,39 59:24.604,,0,75 10:25.157,0,0,0,0,67301,0,0,0,N,0,0,0,2,67301,0,,1,1,,N,N,N,0,,0,0,0,3,2,,1830,0,2,0,0,0,0,0,3,4,0,2,3,3.0,N,,,,,,,,,,,
2022072851,857.0,2,0,0,0,0,0,0,0,0,1,0,,67,8,2022,3,40.0604,-75.0094,844.0,6,0,0,0,0,0,0,1,0,,0,0,0.0,8,1,1,0,N,0,40 03:37.260,,0,75 00:33.910,8,0,0,0,67301,1,0,0,N,0,0,0,2,67301,0,,6,1,,N,N,N,0,,0,0,0,0,0,,840,1,2,0,0,0,1,0,3,4,0,2,3,3.0,N,,,,,,,,,,,
2022073715,1201.0,0,0,0,0,0,0,0,0,0,3,0,,67,8,2022,3,40.0266,-75.174,1140.0,6,0,0,0,0,0,0,0,0,,0,0,0.0,8,1,1,1,,0,40 01:35.720,,0,75 10:26.443,3,0,0,0,67301,0,0,0,N,0,0,0,3,67301,0,,1,1,,N,N,N,0,,1,0,1,3,3,,840,1,2,0,0,0,0,0,3,4,1,2,3,,N,,,,,,,,,,,
2022083651,524.0,0,0,0,0,0,0,0,0,0,8,0,,67,8,2022,2,40.0177,-75.15,524.0,6,0,0,0,0,0,0,0,0,,1,0,0.0,5,2,0,0,N,0,40 01:03.696,,0,75 09:00.152,1,0,0,0,67301,1,1,0,N,1,1,0,2,67301,0,2.0,1,1,,N,N,N,0,0.0,0,0,0,0,0,,522,0,2,0,0,0,0,0,3,4,0,1,3,3.0,N,,,,,,,,,,,
2022080619,935.0,1,0,0,0,0,0,0,0,0,1,0,,67,8,2022,1,40.0356,-75.069,933.0,6,0,0,0,0,0,0,0,0,,0,0,0.0,9,1,1,0,Y,0,40 02:08.009,,0,75 04:08.460,4,0,0,0,67301,0,0,0,N,0,0,0,2,67301,1,,1,1,,N,N,N,0,,0,0,1,3,2,,930,1,2,0,0,0,0,0,3,4,0,2,3,,N,,,,,,,,,,,
2022083623,1156.0,2,0,0,0,0,0,0,0,0,4,1,,67,9,2022,5,39.9732,-75.2122,1110.0,6,0,0,0,0,0,1,0,0,,0,1,0.0,10,1,0,1,,1,39 58:23.653,7.0,0,75 12:44.012,9,0,0,0,67301,0,0,0,N,0,0,0,4,67301,0,,1,1,1330.0,N,N,N,0,,0,0,0,3,2,N,1056,0,3,0,0,0,0,1,3,4,0,3,3,3.0,N,,,,,,,,,,,
2022075779,1720.0,1,0,0,0,0,0,0,0,0,1,0,,67,8,2022,5,39.9962,-75.1875,1705.0,6,0,0,0,0,0,0,0,0,,0,0,0.0,17,1,1,0,N,1,39 59:46.499,1.0,0,75 11:15.177,3,0,0,0,67301,1,0,0,N,0,0,0,2,67301,0,,6,99,1900.0,N,N,N,0,,1,0,1,0,0,Y,1700,1,2,0,0,1,0,0,3,4,0,2,3,3.0,N,,,,,,,,,,,
2022075807,738.0,0,0,0,0,0,0,0,0,0,7,0,,67,8,2022,1,40.0307,-75.112,735.0,6,0,0,0,0,0,0,0,0,,0,0,0.0,7,1,0,1,,0,40 01:50.653,,0,75 06:43.207,9,0,0,0,67301,0,0,0,N,0,0,0,1,67301,0,,4,1,,N,N,N,0,,0,0,0,3,2,,730,0,1,0,0,0,0,1,3,4,1,1,3,3.0,N,,,,,,,,,,,
2022084454,413.0,1,0,0,0,0,0,0,0,0,7,0,,67,8,2022,2,39.981,-75.2065,413.0,6,0,0,0,0,0,1,0,0,,0,0,0.0,4,3,0,0,N,2,39 58:51.529,3.0,0,75 12:23.577,0,0,0,0,67301,0,0,0,N,0,0,0,1,68K01,0,,5,9,500.0,N,N,N,0,,0,0,0,0,0,N,413,0,1,0,0,0,0,0,3,4,0,1,7,3.0,N,,,,,,,,,,,
2022085022,1837.0,0,0,0,0,0,0,0,0,0,4,0,,67,9,2022,6,40.0086,-75.0688,1832.0,6,0,0,0,0,0,1,0,0,,1,0,0.0,18,1,1,1,,2,40 00:31.249,7.0,0,75 04:07.877,1,1,0,1,67301,0,0,0,N,0,0,0,7,67301,0,2.0,1,1,2220.0,N,N,N,0,0.0,0,1,0,3,2,Y,1832,1,2,0,0,0,0,0,3,4,1,2,3,3.0,N,,,,,,,,,,,
2022073371,1142.0,2,0,0,0,0,0,0,0,0,4,0,,67,8,2022,5,39.9225,-75.1459,1142.0,6,0,0,0,0,0,0,0,0,,0,0,0.0,10,1,1,1,,0,39 55:21.068,,0,75 08:45.172,3,0,0,0,67301,0,0,0,N,0,0,0,2,67301,0,,1,1,,N,N,N,0,,1,0,0,3,3,,1015,1,2,0,0,2,0,0,3,4,0,2,3,,N,,,,,,,,,,,
2022085296,2123.0,1,0,0,0,0,0,0,0,0,4,0,,67,9,2022,6,40.0074,-75.0864,2123.0,6,0,0,0,0,0,0,0,0,,0,0,0.0,21,3,0,3,,0,40 00:26.559,,0,75 05:11.209,0,0,0,0,67301,0,0,0,N,0,0,0,2,67301,0,,1,1,,N,N,N,0,,0,0,1,3,3,,2110,0,2,0,0,0,0,0,3,4,0,2,3,3.0,N,,,,,,,,,,,
2022086648,3.0,0,0,0,0,0,0,0,0,0,4,0,,67,9,2022,3,39.9998,-75.1533,0.0,6,0,0,0,0,0,1,0,0,,1,0,0.0,22,3,1,0,N,0,39 59:59.370,,7,75 09:11.918,1,1,0,1,67301,0,0,0,N,0,0,0,2,67301,0,2.0,1,1,,N,N,N,0,0.0,1,0,0,0,0,,2225,1,2,0,0,0,0,0,3,4,1,2,3,,N,,,,,,,,,,,
2022073200,225.0,1,0,0,0,0,0,0,0,0,7,0,,67,8,2022,3,40.0395,-75.1542,223.0,6,0,0,0,0,0,0,0,0,,0,0,0.0,2,3,0,0,N,0,40 02:22.047,,0,75 09:14.965,0,0,0,0,67301,0,0,0,N,0,0,0,1,67301,0,,5,1,,N,N,N,0,,0,0,0,0,0,,223,0,1,0,0,0,0,0,3,4,0,1,3,,N,,,,,,,,,,,
2022076137,710.0,1,0,0,0,0,0,0,0,0,4,0,,67,8,2022,5,39.9751,-75.2334,708.0,6,0,0,0,0,0,1,0,0,,0,0,0.0,7,1,2,1,,0,39 58:30.251,,0,75 14:00.168,3,0,0,0,67301,0,0,0,N,0,0,0,2,67301,0,,1,1,,N,N,N,0,,2,0,1,3,3,,700,2,2,0,0,0,0,0,3,4,0,2,3,3.0,N,,,,,,,,,,,
2022084690,154.0,0,0,0,0,0,0,0,0,0,1,0,15.0,67,9,2022,5,40.0177,-75.1722,145.0,6,0,0,0,0,0,1,0,0,,0,1,0.0,1,3,1,5,,1,40 01:03.591,1.0,0,75 10:20.099,3,0,0,0,67301,0,0,0,N,0,0,0,2,67301,0,,1,1,600.0,N,N,N,0,,1,0,1,0,0,Y,130,1,2,0,0,0,0,0,3,4,0,2,3,3.0,Y,4.0,1.0,N,N,N,Y,Y,N,N,N,N
2022075869,1807.0,2,0,0,0,0,0,0,0,0,5,0,,67,8,2022,7,39.9966,-75.1132,1803.0,6,0,0,0,0,0,0,0,0,,0,0,0.0,18,1,1,0,N,0,39 59:47.850,,1,75 06:47.660,3,0,0,0,67301,0,0,0,N,0,0,0,1,67301,0,,6,1,,N,N,N,0,,1,0,0,0,0,,1800,1,2,0,0,0,0,0,3,4,0,2,3,3.0,N,,,,,,,,,,,
2022060055,2304.0,2,0,0,0,0,0,0,0,0,8,0,,67,6,2022,4,39.9679,-75.2112,2259.0,6,0,0,0,0,0,0,0,0,,1,0,0.0,22,3,2,1,,0,39 58:04.346,,0,75 12:40.460,1,0,0,0,67301,2,1,0,N,2,1,0,3,67301,0,2.0,1,1,,N,N,N,0,0.0,2,0,1,3,2,,2255,2,6,0,0,0,0,0,3,4,1,4,3,,N,,,,,,,,,,,
2022077565,900.0,1,0,0,0,0,0,0,0,0,4,0,,67,8,2022,5,39.9618,-75.2265,857.0,6,0,0,0,0,0,0,0,0,,0,0,0.0,8,1,0,1,,0,39 57:42.505,,0,75 13:35.518,0,0,0,0,67301,0,0,0,N,0,0,0,2,67301,0,,1,1,,N,N,N,0,,0,0,2,3,3,,815,0,3,0,0,0,0,0,3,4,0,3,4,3.0,N,,,,,,,,,,,
2022074311,2206.0,3,0,0,0,0,0,0,0,0,4,0,,67,8,2022,7,39.9629,-75.1913,2201.0,6,0,0,0,0,0,0,0,0,,0,0,0.0,21,3,0,1,,0,39 57:46.535,,0,75 11:28.992,0,0,0,0,67301,0,0,0,N,0,0,0,2,67507,0,,1,1,,N,N,Y,0,,0,0,1,3,2,,2155,0,4,0,0,0,0,0,3,4,0,4,3,3.0,N,,,,,,,,,,,
2022077566,903.0,1,0,0,0,0,0,0,0,0,6,0,,67,8,2022,7,39.9821,-75.2245,855.0,6,0,0,0,0,0,0,0,0,,0,0,0.0,8,1,0,0,N,0,39 58:55.500,,0,75 13:28.300,0,0,0,0,67301,0,0,0,N,0,0,0,2,67301,0,,1,1,,N,N,N,0,,0,0,1,0,0,,816,0,2,0,0,0,0,0,3,4,0,2,3,3.0,N,,,,,,,,,,,
2022073184,1611.0,1,0,0,0,0,0,0,0,0,4,0,,67,8,2022,4,40.0405,-75.1786,1605.0,6,0,0,0,0,0,0,0,0,,0,0,0.0,15,1,1,1,,0,40 02:25.628,,0,75 10:43.047,3,0,0,0,67301,0,0,0,N,0,0,0,4,67301,0,,1,1,,N,N,N,0,,1,0,0,3,2,,1544,1,2,0,0,0,0,0,3,4,1,2,3,98.0,N,,,,,,,,,,,
2022083996,2000.0,1,0,0,0,0,0,0,0,0,3,0,,67,9,2022,2,40.0406,-75.0899,1946.0,6,0,0,0,0,0,0,0,0,,0,0,0.0,19,3,3,0,N,0,40 02:26.190,,0,75 05:23.610,4,0,0,0,67301,0,0,0,N,0,0,0,6,67301,3,,1,9,,N,N,N,0,,0,0,1,0,0,,1945,3,2,0,0,0,0,0,3,4,0,2,4,,N,,,,,,,,,,,
2022074211,845.0,2,0,0,0,0,0,0,0,0,4,0,,67,8,2022,7,40.0318,-75.1425,845.0,6,0,0,0,0,1,0,0,0,,0,0,0.0,16,1,2,1,,0,40 01:54.314,,0,75 08:32.873,3,0,0,0,67301,0,0,0,N,0,0,0,3,67301,0,,1,1,,N,N,N,0,,2,0,0,3,3,,1655,2,2,0,0,0,0,1,3,4,0,2,3,3.0,N,,,,,,,,,,,
2022083625,747.0,1,0,0,0,0,0,0,0,0,4,1,,67,8,2022,7,39.9519,-75.2388,747.0,6,0,0,0,0,0,0,0,0,,0,1,0.0,7,1,1,1,,1,39 57:06.994,4.0,0,75 14:19.680,3,0,0,0,67301,0,0,0,N,0,0,0,2,67301,0,,1,1,900.0,N,N,N,0,,1,0,1,3,2,Y,746,1,3,0,0,0,0,0,3,4,0,3,3,,N,,,,,,,,,,,
2022076295,2320.0,1,0,0,0,0,0,0,0,0,5,0,,67,8,2022,6,39.9565,-75.2315,2320.0,6,0,0,0,0,0,0,0,0,,0,0,0.0,23,8,0,0,N,0,39 57:23.500,,0,75 13:53.500,0,0,0,0,67301,0,0,0,N,0,0,0,1,67301,0,,6,1,,N,N,N,1,,0,0,0,0,0,,2318,0,4,0,0,0,0,0,3,4,2,4,3,3.0,N,,,,,,,,,,,
2022083638,1300.0,1,0,0,0,0,0,0,0,0,5,1,,67,9,2022,4,40.0144,-75.1305,1245.0,6,0,0,0,0,0,1,0,0,,0,1,0.0,12,1,1,0,Y,1,40 00:51.980,4.0,0,75 07:49.930,3,0,0,0,67301,0,0,0,N,0,0,0,2,67301,0,,1,1,1421.0,N,N,N,0,,1,0,0,3,2,N,1215,1,2,0,0,1,0,0,3,4,0,2,4,4.0,N,,,,,,,,,,,
2022073677,1403.0,1,0,0,0,0,0,0,0,0,4,0,,67,8,2022,4,39.9195,-75.2117,1357.0,6,0,0,0,0,0,0,0,0,,0,0,0.0,13,1,2,0,N,0,39 55:10.320,,0,75 12:41.990,3,0,0,0,67301,0,0,0,N,0,0,0,3,67301,0,,1,1,,N,N,N,0,,2,0,1,0,0,,1356,2,2,0,0,0,0,0,3,4,0,2,3,3.0,N,,,,,,,,,,,
2022074158,352.0,1,0,0,0,0,0,0,0,0,4,0,,67,8,2022,1,39.9383,-75.2163,243.0,6,0,0,0,0,0,1,0,0,,0,0,0.0,2,3,2,1,,0,39 56:17.890,,0,75 12:58.503,8,0,0,0,67301,0,0,0,N,0,0,0,4,67301,0,,1,1,,N,N,N,0,,0,0,1,3,2,,234,2,2,0,0,0,2,2,3,4,0,2,3,3.0,N,,,,,,,,,,,
2022083517,147.0,0,0,0,0,0,0,1,0,0,8,1,,67,9,2022,1,40.0161,-75.0842,145.0,6,0,0,0,0,0,0,0,0,,0,0,0.0,1,3,1,2,,0,40 00:57.978,,1,75 05:03.249,3,0,0,0,67301,1,0,0,N,1,0,0,2,67508,0,,1,1,,N,N,N,0,,1,0,0,0,0,,135,1,2,0,0,0,0,0,3,4,0,1,3,3.0,N,,,,,,,,,,,
2022083823,1816.0,2,0,0,0,0,0,0,0,0,5,0,,67,9,2022,1,40.0069,-75.1574,1812.0,6,0,0,0,0,0,1,0,0,,0,0,0.0,17,1,1,0,N,2,40 00:24.730,3.0,0,75 09:26.530,4,0,0,0,67301,0,0,0,N,0,0,0,1,67301,1,,1,9,1915.0,N,N,N,1,,0,0,0,0,0,Y,1750,1,3,0,0,0,0,0,3,4,0,3,4,7.0,N,,,,,,,,,,,
2022073906,30.0,2,0,0,0,0,0,0,0,0,4,0,,67,8,2022,5,39.9699,-75.1431,20.0,6,0,0,0,0,0,0,0,0,,0,0,0.0,0,3,0,1,,0,39 58:11.965,,0,75 08:35.133,0,0,0,0,67301,0,0,0,N,0,0,0,2,67301,0,,1,1,,N,N,N,0,,0,0,0,3,2,,0,0,2,0,0,0,0,0,3,4,0,2,3,3.0,N,,,,,,,,,,,
2022083462,31.0,1,0,0,0,0,0,0,0,0,7,0,,67,9,2022,1,39.9433,-75.1428,20.0,6,0,0,0,0,0,0,0,0,,0,0,0.0,23,3,0,0,N,0,39 56:35.734,,0,75 08:34.007,0,0,0,0,67301,0,0,0,N,0,0,0,1,68K01,0,,4,9,,N,N,N,0,,0,0,0,0,0,,2355,0,1,0,0,0,0,0,3,4,0,1,7,7.0,N,,,,,,,,,,,
2022084451,45.0,0,0,0,0,0,0,0,0,0,1,0,,67,8,2022,2,39.96,-75.1788,44.0,6,0,0,0,0,0,0,0,0,,0,0,0.0,0,3,0,0,N,0,39 57:35.978,,0,75 10:43.599,0,0,0,0,67301,0,0,0,N,0,0,0,2,68K01,0,,1,9,,N,N,N,1,,0,0,0,0,0,,39,0,2,0,0,0,0,0,3,4,1,2,7,,N,,,,,,,,,,,
2022076944,2257.0,0,0,0,0,0,0,0,0,0,7,0,,67,8,2022,3,39.886,-75.2133,2244.0,6,0,0,0,0,0,0,0,0,,0,0,0.0,22,3,1,0,N,1,39 53:09.497,1.0,3,75 12:47.433,8,0,0,0,67301,0,0,0,N,0,0,0,1,68K01,0,,2,9,2330.0,N,N,N,0,,0,0,1,0,0,Y,2237,1,1,0,0,1,1,0,3,4,0,1,7,7.0,N,,,,,,,,,,,
2022075784,1955.0,2,0,0,0,0,0,0,0,0,4,0,,67,8,2022,5,39.9939,-75.1418,1950.0,6,0,0,0,0,0,1,0,0,,0,0,0.0,19,4,2,1,,0,39 59:38.184,,0,75 08:30.587,2,0,0,0,67301,0,0,0,N,0,0,0,2,67301,0,,1,1,,N,N,N,0,,1,1,0,3,2,,1945,2,2,0,0,0,0,0,3,4,0,2,3,3.0,N,,,,,,,,,,,
2022073505,1611.0,1,0,0,0,0,0,0,0,0,4,0,,67,8,2022,5,40.113,-75.023,1611.0,6,0,0,0,0,0,1,0,1,,0,0,0.0,16,1,2,1,,2,40 06:46.657,1.0,0,75 01:22.840,8,0,0,0,67301,0,0,0,N,0,0,0,2,67301,0,,1,1,1750.0,N,Y,N,0,,0,0,1,3,2,Y,1610,2,2,0,0,0,2,0,3,4,0,2,3,,N,,,,,,,,,,,
2022084225,2314.0,2,0,0,0,0,0,0,0,0,5,0,,67,9,2022,7,39.9959,-75.0828,2301.0,6,0,0,0,0,0,0,0,0,,0,0,0.0,22,3,1,0,N,1,39 59:45.307,1.0,0,75 04:58.208,3,0,0,0,67301,0,0,0,N,0,0,0,4,68K01,0,,1,1,30.0,N,N,N,0,,1,0,2,0,0,N,2224,1,4,0,0,1,0,0,3,4,0,4,3,3.0,N,,,,,,,,,,,
2022075814,1445.0,1,0,0,0,0,0,0,0,0,4,0,,67,8,2022,5,40.0226,-75.1574,1445.0,6,0,0,0,0,0,0,0,0,,0,0,0.0,18,1,1,2,,0,40 01:21.432,,0,75 09:26.593,3,0,0,1,67301,0,0,0,N,0,0,0,2,67301,0,,1,1,,N,N,N,0,,1,0,0,3,3,,1830,1,2,0,0,0,0,0,3,4,0,2,3,3.0,N,,,,,,,,,,,
2022072841,1420.0,0,0,0,0,0,0,0,0,0,4,0,,67,8,2022,1,40.0995,-74.9864,1420.0,6,0,0,0,0,0,1,0,0,,0,0,0.0,14,1,0,1,,0,40 05:58.296,,2,74 59:10.926,0,0,0,0,67301,0,0,0,N,0,0,0,2,67301,0,,1,1,,N,N,N,0,,0,0,2,3,2,,1415,0,2,0,0,0,0,0,3,4,0,2,3,3.0,N,,,,,,,,,,,
2022073395,1630.0,1,0,0,0,0,0,0,0,0,4,0,,67,8,2022,2,39.9927,-75.1203,1630.0,6,0,0,0,0,0,0,0,0,,0,0,0.0,15,1,2,5,,0,39 59:33.691,,1,75 07:13.223,3,0,0,0,67301,0,0,0,N,0,0,0,3,67301,0,,1,1,,N,N,N,0,,2,0,1,3,2,,1520,2,2,0,0,0,0,0,3,4,0,2,3,,N,,,,,,,,,,,
2022076283,830.0,2,0,0,0,0,0,0,0,0,4,0,,67,8,2022,2,39.9965,-75.2288,830.0,6,0,0,0,0,0,0,0,0,,0,0,0.0,10,1,1,1,,0,39 59:47.349,,0,75 13:43.633,4,0,0,0,67301,0,0,0,N,0,0,0,2,67301,1,,1,99,,N,N,N,0,,0,0,0,3,3,,1020,1,2,0,0,0,0,0,3,4,0,2,99,,N,,,,,,,,,,,
2022073744,2238.0,1,0,0,0,0,0,0,0,0,5,0,,67,8,2022,2,39.9427,-75.1578,2238.0,6,0,0,0,0,0,1,0,0,,0,0,0.0,22,3,0,0,N,0,39 56:33.700,,0,75 09:28.200,0,0,0,0,67301,0,0,0,N,0,0,0,1,67301,0,,6,1,,N,N,N,0,,0,0,1,0,0,,2235,0,2,0,0,1,0,0,3,4,0,2,3,3.0,N,,,,,,,,,,,
2022083609,1033.0,1,0,0,0,0,0,0,0,0,8,0,30.0,67,9,2022,5,40.0771,-75.2081,1031.0,6,0,0,0,0,0,0,0,0,,0,0,0.0,10,1,3,2,,1,40 04:37.641,1.0,0,75 12:29.231,2,0,0,0,67301,2,0,1,N,2,0,1,3,67301,0,,5,1,1130.0,N,N,N,0,,2,1,0,3,2,Y,1030,3,3,0,0,1,0,0,3,4,0,1,3,3.0,Y,4.0,2.0,Y,N,N,N,N,N,N,Y,Y
2022083619,140.0,1,0,0,0,0,0,0,0,0,1,0,,67,9,2022,6,40.0236,-75.0564,138.0,6,0,0,0,0,0,0,0,0,,0,0,0.0,1,3,0,1,,0,40 01:25.099,,0,75 03:23.258,9,0,0,0,67301,0,0,0,N,0,0,0,1,67301,0,,4,1,,N,N,N,0,,0,0,1,3,2,,136,0,2,0,0,0,0,1,3,4,0,2,3,,N,,,,,,,,,,,
2022083597,825.0,1,0,0,0,0,0,0,0,0,4,0,,67,9,2022,6,40.1235,-75.0154,805.0,6,0,0,1,0,0,0,1,0,,0,0,0.0,7,1,1,1,,0,40 07:24.748,,0,75 00:55.269,4,0,0,0,67301,0,0,0,N,0,0,0,2,67301,1,,1,1,,N,N,N,0,,0,0,1,3,2,,754,1,2,0,0,0,0,0,3,4,0,2,3,,N,,,,,,,,,,,
2022084558,2345.0,1,0,0,0,0,0,0,0,0,4,0,,67,9,2022,6,40.0549,-75.0539,2340.0,6,0,0,0,0,0,0,0,0,,0,0,0.0,23,3,0,1,,2,40 03:17.783,2.0,0,75 03:14.193,9,0,0,1,67301,0,0,0,N,0,0,0,2,67301,0,,1,1,20.0,N,N,N,0,,0,0,0,3,2,N,2335,0,2,0,0,0,0,1,3,4,0,2,3,,N,,,,,,,,,,,
2022083599,127.0,1,0,0,0,0,0,0,0,0,7,0,,67,9,2022,1,40.0986,-75.0473,125.0,6,0,0,0,0,0,0,0,0,,0,0,0.0,1,3,0,0,N,0,40 05:54.892,,7,75 02:50.155,0,0,0,0,67301,0,0,0,N,0,0,0,1,67301,0,,5,1,,N,N,N,0,,0,0,0,0,0,,120,0,1,0,0,0,0,0,3,4,0,1,3,3.0,N,,,,,,,,,,,