CRN,ARRIVAL_TM,AUTOMOBILE_COUNT,BELTED_DEATH_COUNT,BELTED_SUSP_SERIOUS_INJ_COUNT,BICYCLE_COUNT,BICYCLE_DEATH_COUNT,BICYCLE_SUSP_SERIOUS_INJ_COUNT,BUS_COUNT,CHLDPAS_DEATH_COUNT,CHLDPAS_SUSP_SERIOUS_INJ_COUNT,COLLISION_TYPE,COMM_VEH_COUNT,CONS_ZONE_SPD_LIM,COUNTY,CRASH_MONTH,CRASH_YEAR,DAY_OF_WEEK,DEC_LAT,DEC_LONG,DISPATCH_TM,DISTRICT,DRIVER_COUNT_16YR,DRIVER_COUNT_17YR,DRIVER_COUNT_18YR,DRIVER_COUNT_19YR,DRIVER_COUNT_20YR,DRIVER_COUNT_50_64YR,DRIVER_COUNT_65_74YR,DRIVER_COUNT_75PLUS,EST_HRS_CLOSED,FATAL_COUNT,HEAVY_TRUCK_COUNT,HORSE_BUGGY_COUNT,HOUR_OF_DAY,ILLUMINATION,INJURY_COUNT,INTERSECT_TYPE,INTERSECTION_RELATED,LANE_CLOSED,LATITUDE,LN_CLOSE_DIR,LOCATION_TYPE,LONGITUDE,MAX_SEVERITY_LEVEL,MCYCLE_DEATH_COUNT,MCYCLE_SUSP_SERIOUS_INJ_COUNT,MOTORCYCLE_COUNT,MUNICIPALITY,NONMOTR_COUNT,NONMOTR_DEATH_COUNT,NONMOTR_SUSP_SERIOUS_INJ_COUNT,NTFY_HIWY_MAINT,PED_COUNT,PED_DEATH_COUNT,PED_SUSP_SERIOUS_INJ_COUNT,PERSON_COUNT,POLICE_AGCY,POSSIBLE_INJ_COUNT,RDWY_SURF_TYPE_CD,RELATION_TO_ROAD,ROAD_CONDITION,ROADWAY_CLEARED,SCH_BUS_IND,SCH_ZONE_IND,SECONDARY_CRASH,SMALL_TRUCK_COUNT,SPEC_JURIS_CD,SUSP_MINOR_INJ_COUNT,SUSP_SERIOUS_INJ_COUNT,SUV_COUNT,TCD_FUNC_CD,TCD_TYPE,TFC_DETOUR_IND,TIME_OF_DAY,TOT_INJ_COUNT,TOTAL_UNITS,UNB_DEATH_COUNT,UNB_SUSP_SERIOUS_INJ_COUNT,UNBELTED_OCC_COUNT,UNK_INJ_DEG_COUNT,UNK_INJ_PER_COUNT,URBAN_AREA,URBAN_RURAL,VAN_COUNT,VEHICLE_COUNT,WEATHER1,WEATHER2,WORK_ZONE_IND,WORK_ZONE_LOC,WORK_ZONE_TYPE,WORKERS_PRES,WZ_CLOSE_DETOUR,WZ_FLAGGER,WZ_LAW_OFFCR_IND,WZ_LN_CLOSURE,WZ_MOVING,WZ_OTHER,WZ_SHLDER_MDN,WZ_WORKERS_INJ_KILLED
2022027127,,1,0,0,0,0,0,0,0,0,4,0,,67,3,2022,5,39.9917,-75.1856,,6,0,1,0,0,0,1,0,0,,0,0,0.0,17,1,1,5,,0,39 59:30.115,,0,75 11:08.190,8,0,0,0,67301,0,0,0,N,0,0,0,2,00000,0,,1,1,,,,N,0,,0,0,0,3,2,,1700,1,2,0,0,0,1,0,3,4,1,2,3,,N,,,,,,,,,,,
2022049173,1834.0,1,0,0,0,0,0,0,0,0,1,0,,67,5,2022,4,39.9345,-75.2218,1833.0,6,0,0,0,0,0,0,0,0,,0,0,0.0,18,4,1,0,N,0,39 56:04.270,,0,75 13:18.470,8,0,0,0,67301,0,0,0,N,0,0,0,1,67301,0,,6,1,,N,N,N,0,,0,0,1,0,0,,1830,1,2,0,0,0,1,0,3,4,0,2,3,,N,,,,,,,,,,,
2022049250,942.0,2,0,0,0,0,0,0,0,0,1,0,,67,5,2022,5,40.0674,-75.1791,939.0,6,0,0,0,1,0,1,0,0,,0,0,0.0,9,1,1,0,N,0,40 04:02.541,,0,75 10:44.767,3,0,0,0,67301,0,0,0,N,0,0,0,2,67301,0,,1,1,,N,N,N,0,,1,0,1,0,0,,931,1,3,0,0,0,0,0,3,4,0,3,3,3.0,N,,,,,,,,,,,
2022064017,1139.0,0,0,0,0,0,0,0,0,0,5,1,,67,7,2022,2,39.9106,,1139.0,6,0,0,0,0,0,0,0,0,,0,1,0.0,11,1,0,7,,0,39 54:38.100,,8,75 9:29.100,0,0,0,0,67301,0,0,0,N,0,0,0,4,67501,0,,7,1,,N,N,N,1,,0,0,0,0,0,,1139,0,2,0,0,0,0,0,3,3,0,2,3,3.0,N,,,,,,,,,,,
2022064450,1017.0,2,0,0,0,0,0,0,0,0,5,0,,67,7,2022,4,40.0605,-75.1914,1006.0,6,1,0,0,0,0,0,0,0,,0,0,0.0,10,1,0,0,N,1,40 03:37.977,1.0,0,75 11:28.866,0,0,0,0,67301,0,0,0,N,0,0,0,2,67301,0,,1,1,1056.0,N,N,N,0,,0,0,0,0,0,N,1003,0,2,0,0,0,0,0,3,4,0,2,3,3.0,N,,,,,,,,,,,
2022049221,845.0,1,0,0,0,0,0,0,0,0,7,0,,67,5,2022,5,39.9111,-75.2305,837.0,6,0,0,0,0,0,0,0,0,,0,0,0.0,5,5,1,1,,1,39 54:40.132,2.0,0,75 13:49.836,3,0,0,0,67301,0,0,0,N,0,0,0,1,67301,0,,3,1,100.0,N,N,N,0,,1,0,0,3,3,N,555,1,1,0,0,0,0,0,3,4,0,1,3,3.0,N,,,,,,,,,,,
2022043784,,1,0,0,0,0,0,0,0,0,4,0,,67,4,2022,5,39.9573,-75.2479,,6,0,0,0,0,0,0,0,0,,0,0,0.0,13,1,1,1,,0,39 57:26.251,,0,75 14:52.347,8,0,0,0,67301,0,0,0,N,0,0,0,2,00000,0,,1,1,,,,N,0,,0,0,1,3,2,,1304,1,2,0,0,1,1,0,3,4,0,2,3,,N,,,,,,,,,,,
2022052402,240.0,3,0,0,0,0,0,0,0,0,6,0,,67,6,2022,2,40.0194,-75.0648,230.0,6,0,0,0,0,0,0,0,0,,0,0,0.0,0,3,0,0,N,0,40 01:09.660,,0,75 03:53.130,0,0,0,0,67301,0,0,0,N,0,0,0,1,67301,0,,6,1,,N,N,N,0,,0,0,2,0,0,,58,0,5,0,0,0,0,0,3,4,0,5,3,3.0,N,,,,,,,,,,,
2022055057,2324.0,2,0,0,0,0,0,0,0,0,5,0,,67,6,2022,1,39.984,-75.2082,2309.0,6,0,0,0,1,0,1,0,0,,0,0,0.0,23,3,1,0,N,2,39 59:02.556,4.0,0,75 12:29.406,3,0,0,0,67301,0,0,0,N,0,0,0,4,68K01,0,,1,1,2342.0,N,N,N,0,,1,0,0,0,0,N,2308,1,2,0,0,0,0,0,3,4,0,2,3,3.0,N,,,,,,,,,,,
2022067778,233.0,3,0,0,0,0,0,0,0,0,1,0,45.0,67,6,2022,7,40.0553,-74.9843,230.0,6,0,0,0,0,0,0,0,0,,0,0,0.0,2,2,0,0,N,0,40 03:19.254,,0,74 59:03.578,0,0,0,0,67301,0,0,0,N,0,0,0,5,68K01,0,,1,1,,N,N,N,0,,0,0,0,0,0,,229,0,3,0,0,0,0,0,3,4,0,3,98,,Y,5.0,1.0,Y,N,N,Y,Y,N,N,Y,N
2022055566,2330.0,1,0,0,0,0,0,0,0,0,4,0,,67,6,2022,1,39.9576,-75.1457,2330.0,6,0,0,0,0,0,0,0,0,,0,0,0.0,20,1,1,1,,0,39 57:27.432,,0,75 08:44.473,3,0,0,0,67301,0,0,0,N,0,0,0,3,67301,0,,1,1,,N,N,N,0,,1,0,1,3,2,,2000,1,2,0,0,0,0,1,3,4,0,2,3,3.0,N,,,,,,,,,,,
2022061777,543.0,1,0,0,0,0,0,0,0,0,5,0,,67,6,2022,3,39.9772,-75.1998,535.0,6,0,0,0,0,0,0,0,0,,0,0,0.0,5,5,0,0,N,0,39 58:37.786,,0,75 11:59.138,0,0,0,0,67301,0,0,0,N,0,0,0,2,68K01,0,,1,1,,N,N,Y,1,,0,0,0,0,0,,532,0,2,0,0,0,0,0,3,4,0,2,3,3.0,N,,,,,,,,,,,
2022069184,723.0,2,0,0,0,0,0,0,0,0,2,0,,67,7,2022,1,39.9909,-75.1016,719.0,6,0,0,0,0,0,1,0,0,,1,0,0.0,6,1,0,1,,2,39 59:27.389,7.0,0,75 06:05.675,1,0,0,0,67301,0,0,0,N,0,0,0,2,67301,0,2.0,1,1,1030.0,N,N,N,0,0.0,0,0,0,3,2,N,643,0,2,1,0,1,0,1,3,4,0,2,3,,N,,,,,,,,,,,
2022055562,1230.0,1,0,0,0,0,0,0,0,0,1,0,,67,6,2022,5,39.9531,-75.1431,1221.0,6,0,0,0,0,0,0,0,0,,0,0,0.0,12,8,0,0,N,0,39 57:11.050,,0,75 08:35.030,0,0,0,0,67301,0,0,0,N,0,0,0,1,67301,0,,6,9,,N,N,N,2,,0,0,1,0,0,,1211,0,4,0,0,0,0,0,3,4,0,4,7,,N,,,,,,,,,,,
2022063056,123.0,1,0,0,0,0,0,1,0,0,1,1,,67,3,2022,5,39.9617,-75.2381,123.0,6,0,0,0,0,0,0,0,0,,0,0,0.0,1,3,1,0,N,2,39 57:41.977,4.0,0,75 14:17.155,8,0,0,0,67301,0,0,0,N,0,0,0,1,67301,0,,6,1,140.0,N,N,N,0,,0,0,0,0,0,Y,123,1,2,0,0,0,1,0,3,4,0,2,3,,N,,,,,,,,,,,
2022049760,1815.0,1,0,0,0,0,0,0,0,0,8,0,,67,5,2022,5,39.9374,-75.1522,1807.0,6,0,0,0,0,0,0,0,0,,0,0,0.0,16,1,1,0,N,0,39 56:14.770,,0,75 09:07.800,3,0,0,0,67301,1,0,0,N,1,0,0,2,67301,0,,1,1,,N,N,N,0,,1,0,0,0,0,,1610,1,2,0,0,0,0,0,3,4,0,1,3,3.0,N,,,,,,,,,,,
2022063122,36.0,1,0,0,0,0,0,0,0,0,5,1,,67,5,2022,7,39.9324,-75.2002,27.0,6,0,0,0,0,0,1,0,0,,0,1,0.0,0,3,0,0,N,2,39 55:56.607,3.0,0,75 12:00.544,0,0,0,0,67301,0,0,0,N,0,0,0,2,68K01,0,,1,9,100.0,N,N,N,0,,0,0,0,0,0,Y,26,0,2,0,0,0,0,0,3,4,0,2,7,,N,,,,,,,,,,,
2022068296,1220.0,1,0,0,0,0,0,1,0,0,1,1,,67,7,2022,5,40.0043,-75.1493,1215.0,6,0,0,0,0,0,0,1,0,,0,0,0.0,12,1,1,1,,1,40 00:15.454,2.0,0,75 08:57.472,8,0,0,0,67301,0,0,0,N,0,0,0,2,67508,0,,1,1,9999.0,N,N,Y,0,,0,0,0,3,2,N,1215,1,2,0,0,0,1,0,3,4,0,2,3,3.0,N,,,,,,,,,,,
2022063076,416.0,2,0,0,0,0,0,0,0,0,2,0,,67,6,2022,6,39.9783,-75.2736,412.0,6,1,0,0,0,0,0,0,0,,0,0,0.0,4,3,1,2,,0,39 58:41.836,,0,75 16:24.927,3,0,0,0,67301,0,0,0,N,0,0,0,3,67301,0,,1,1,,N,N,N,0,,1,0,0,3,2,,401,1,2,0,0,0,0,0,3,4,0,2,3,3.0,N,,,,,,,,,,,
2022056028,1838.0,1,0,0,0,0,0,0,0,0,1,0,,67,6,2022,6,39.9399,-75.1997,1836.0,6,0,0,0,0,0,0,1,1,,0,0,0.0,18,1,2,2,,0,39 56:23.981,,0,75 11:58.862,3,0,0,0,67301,0,0,0,N,0,0,0,6,67301,0,,1,1,,N,N,N,0,,2,0,1,3,2,,1830,2,3,0,0,2,0,0,3,4,1,3,3,3.0,N,,,,,,,,,,,
2022068551,2215.0,2,0,0,0,0,0,0,0,0,4,0,,67,7,2022,5,40.0595,-75.052,2215.0,6,0,0,0,0,0,0,0,0,,0,0,0.0,19,4,1,1,,9,40 03:34.246,,0,75 03:07.165,3,0,0,0,67301,0,0,0,N,0,0,0,3,67301,0,,1,99,,N,N,N,0,,1,0,0,9,2,,1900,1,2,0,0,0,0,1,3,4,0,2,3,,N,,,,,,,,,,,
2022055625,59.0,0,0,0,0,0,0,0,0,0,4,0,,67,6,2022,7,39.9596,-75.197,47.0,6,0,0,0,0,0,1,0,0,,0,0,0.0,0,3,2,1,,1,39 57:34.403,1.0,0,75 11:49.811,8,0,0,0,67301,0,0,0,N,0,0,0,5,67301,0,,1,1,400.0,N,N,N,0,,0,0,3,3,2,Y,33,2,3,0,0,0,2,0,3,4,0,3,3,3.0,N,,,,,,,,,,,
2022068589,516.0,1,0,1,0,0,0,0,0,0,4,0,,67,7,2022,6,39.9293,-75.1686,515.0,6,0,0,0,0,0,0,1,0,,0,0,0.0,5,5,1,11,,0,39 55:45.434,,0,75 10:06.804,2,0,0,0,67301,0,0,0,N,0,0,0,1,67301,0,,1,1,,N,N,N,0,,0,1,0,0,0,,505,1,2,0,0,0,0,0,3,4,0,2,3,3.0,N,,,,,,,,,,,
2022068592,2150.0,0,0,0,0,0,0,0,0,0,7,0,,67,7,2022,4,39.9399,-75.2114,2140.0,6,0,0,0,0,0,0,0,0,,0,0,0.0,21,3,1,2,,0,39 56:23.517,,0,75 12:41.102,3,0,0,0,67301,0,0,0,N,0,0,0,1,67301,0,,4,1,,N,N,N,0,,1,0,1,0,0,,2135,1,1,0,0,0,0,0,3,4,0,1,3,,N,,,,,,,,,,,
2022068803,2120.0,1,0,0,0,0,0,0,0,0,7,0,,67,5,2022,7,39.9888,-75.159,2115.0,6,0,0,0,0,0,0,0,0,,0,0,0.0,21,3,1,0,N,0,39 59:19.600,,0,75 09:32.400,3,0,0,0,67301,0,0,0,N,0,0,0,1,67301,0,,5,1,,N,N,N,0,,1,0,0,0,0,,2114,1,1,0,0,1,0,0,3,4,0,1,3,,N,,,,,,,,,,,
2022068595,103.0,0,0,0,1,1,0,0,0,0,1,0,,67,7,2022,6,39.9701,-75.2255,102.0,6,0,0,0,0,0,0,0,0,,1,0,0.0,0,3,0,0,N,0,39 58:12.358,,0,75 13:31.855,1,0,0,0,67301,1,1,0,N,0,0,0,2,67301,0,2.0,1,1,,N,N,N,0,0.0,0,0,0,0,0,,50,0,2,0,0,0,0,1,3,4,0,1,3,3.0,N,,,,,,,,,,,
2022055596,1639.0,1,0,0,0,0,0,0,0,0,4,0,,67,6,2022,4,40.0599,-75.1501,1638.0,6,0,0,0,0,0,0,0,0,,0,0,0.0,16,1,3,1,,2,40 03:35.463,6.0,0,75 09:00.467,3,0,0,0,67301,0,0,0,N,0,0,0,5,67301,0,,1,1,1733.0,N,N,N,0,,3,0,1,3,2,Y,1637,3,2,0,0,2,0,0,3,4,0,2,3,3.0,N,,,,,,,,,,,
2022055872,1732.0,1,0,0,0,0,0,0,0,0,8,0,,67,6,2022,5,40.0341,-75.1765,1718.0,6,0,0,0,0,0,0,0,0,,0,0,0.0,15,1,1,1,,0,40 02:02.785,,0,75 10:35.468,3,0,0,0,67301,1,0,0,N,1,0,0,2,67301,0,,1,1,,N,N,N,0,,1,0,0,3,2,,1531,1,2,0,0,0,0,0,3,4,0,1,3,3.0,N,,,,,,,,,,,
2022052762,1740.0,1,0,0,0,0,0,0,0,0,4,0,,67,6,2022,2,40.077,-75.0845,1732.0,6,0,0,0,0,0,1,0,0,,0,0,0.0,17,1,1,0,N,0,40 04:37.170,,7,75 05:04.213,3,0,0,0,67301,0,0,0,N,0,0,0,2,67301,0,,1,1,,N,N,N,0,,1,0,1,0,0,,1710,1,2,0,0,0,0,0,3,4,0,2,3,,N,,,,,,,,,,,
2022055570,735.0,0,0,0,0,0,0,0,0,0,4,0,,67,6,2022,5,40.1343,-75.0091,723.0,6,0,0,0,0,0,0,0,0,,0,0,0.0,7,1,1,1,,0,40 08:03.571,,0,75 00:32.634,3,0,0,0,67301,0,0,0,N,0,0,0,2,67301,0,,1,9,,N,N,N,0,,1,0,1,3,2,,718,1,2,0,0,0,0,0,3,4,1,2,3,4.0,N,,,,,,,,,,,
2022063063,301.0,1,0,0,0,0,0,0,0,0,5,0,,67,5,2022,4,39.9737,-75.2316,253.0,6,0,0,0,0,0,0,0,0,,0,0,0.0,2,3,0,0,N,0,39 58:25.260,,0,75 13:53.620,9,0,0,0,67301,0,0,0,N,0,0,0,1,67301,0,,6,1,,N,N,N,0,,0,0,2,0,0,,245,0,3,0,0,0,0,1,3,4,0,3,3,3.0,N,,,,,,,,,,,
2022063066,2105.0,3,0,0,0,0,0,0,0,0,5,0,,67,5,2022,6,39.9775,-75.2369,2103.0,6,0,0,0,0,0,1,0,0,,0,0,0.0,21,3,1,0,N,0,39 58:38.840,,0,75 14:12.950,3,0,0,0,67301,0,0,0,N,0,0,0,3,67301,0,,6,1,,N,N,N,0,,1,0,1,0,0,,2100,1,4,0,0,0,0,0,3,4,0,4,3,3.0,N,,,,,,,,,,,
2022063064,130.0,0,0,0,0,0,0,0,0,0,6,0,,67,5,2022,7,39.9868,-75.2509,130.0,6,0,0,0,0,0,0,0,0,,0,0,0.0,1,3,1,0,N,0,39 59:12.472,,0,75 15:03.235,3,0,0,0,67301,0,0,0,N,0,0,0,1,67301,0,,6,9,,N,N,N,0,,1,0,2,0,0,,130,1,2,0,0,1,0,0,3,4,0,2,7,7.0,N,,,,,,,,,,,
2022049061,730.0,1,0,0,0,0,0,0,0,0,4,0,,67,5,2022,3,39.9548,-75.2321,728.0,6,0,0,0,0,0,0,0,0,,0,0,0.0,7,5,2,1,,0,39 57:17.208,,0,75 13:55.430,3,0,0,0,67301,0,0,0,N,0,0,0,3,67301,0,,1,1,,N,N,N,0,,2,0,1,3,3,,708,2,2,0,0,0,0,0,3,4,0,2,4,4.0,N,,,,,,,,,,,
2022062287,2305.0,1,0,0,0,0,0,0,0,0,4,0,,67,5,2022,7,39.9536,-75.1986,2303.0,6,0,0,0,1,0,1,0,0,,0,0,0.0,23,3,2,1,,0,39 57:13.089,,0,75 11:55.030,3,0,0,0,67301,0,0,0,N,0,0,0,3,67504,0,,1,1,,N,N,N,0,,2,0,0,3,2,,2300,2,2,0,0,0,0,0,3,4,1,2,3,3.0,N,,,,,,,,,,,
2022064363,1001.0,0,0,0,0,0,0,0,0,0,8,2,15.0,67,6,2022,5,40.0059,-75.075,955.0,6,0,0,0,0,0,0,0,0,,0,2,0.0,9,1,1,0,N,0,40 00:21.265,,0,75 04:29.962,8,0,0,0,67301,1,0,0,N,1,0,0,2,68K01,0,,1,1,,N,N,N,0,,0,0,0,0,0,,943,1,3,0,0,0,1,0,3,4,0,2,3,,Y,4.0,1.0,Y,,,N,,,,Y,N
2022063054,320.0,2,0,0,0,0,0,0,0,0,1,0,,67,3,2022,6,39.9872,-75.2443,312.0,6,0,0,0,0,0,0,0,0,,0,0,0.0,2,3,0,0,N,1,39 59:13.900,3.0,0,75 14:39.500,0,0,0,0,67301,0,0,0,N,0,0,0,1,67301,0,,6,1,400.0,N,N,N,0,,0,0,1,0,0,Y,230,0,3,0,0,0,0,0,3,4,0,3,3,,N,,,,,,,,,,,
2022055543,830.0,1,0,0,0,0,0,0,0,0,4,0,,67,6,2022,5,40.0656,-75.0622,830.0,6,0,0,0,0,0,0,0,0,,0,0,0.0,8,1,1,1,,0,40 03:56.148,,0,75 03:43.883,3,0,0,0,67301,0,0,0,N,0,0,0,2,67301,0,,1,1,,N,N,N,0,,1,0,1,3,3,,830,1,2,0,0,2,0,0,3,4,0,2,3,3.0,N,,,,,,,,,,,
2022057264,52.0,1,0,0,0,0,0,0,0,0,8,0,,67,6,2022,1,39.9245,-75.2282,42.0,6,0,0,0,0,0,0,0,0,,0,0,0.0,19,1,1,2,,0,39 55:28.156,,0,75 13:41.647,3,0,0,0,67301,1,0,0,N,1,0,0,2,67301,0,,1,1,,N,N,N,0,,1,0,0,0,0,,1930,1,2,0,0,0,0,1,3,4,0,1,3,3.0,N,,,,,,,,,,,
2022060102,1827.0,2,0,0,0,0,0,0,0,0,1,0,,67,6,2022,3,39.9764,-75.1197,1827.0,6,0,0,0,0,0,1,0,0,,0,0,0.0,18,1,1,1,,0,39 58:34.901,,0,75 07:11.326,4,0,0,0,67301,0,0,0,N,0,0,0,2,67301,1,,1,1,,N,N,N,0,,0,0,0,3,2,,1805,1,2,0,0,0,0,0,3,4,0,2,3,,N,,,,,,,,,,,
2022060053,2040.0,2,0,0,0,0,0,0,0,0,4,0,,67,6,2022,1,39.9609,-75.1954,2023.0,6,0,0,0,0,1,0,0,0,,0,0,0.0,20,4,1,1,,0,39 57:39.358,,0,75 11:43.612,4,0,0,0,67301,0,0,0,N,0,0,0,3,67301,1,,1,1,,N,N,N,0,,0,0,0,3,3,,2016,1,2,0,0,0,0,1,3,4,0,2,3,3.0,N,,,,,,,,,,,
2022053411,1429.0,0,0,0,0,0,0,0,0,0,5,0,,67,6,2022,4,39.9591,-75.1909,1426.0,6,0,0,0,1,0,0,0,0,,0,0,0.0,14,1,0,0,N,0,39 57:32.600,,0,75 11:27.100,0,0,0,0,67301,0,0,0,N,0,0,0,2,67507,0,,1,1,,N,N,N,1,,0,0,1,0,0,,1420,0,2,0,0,0,0,0,3,4,0,2,3,2.0,N,,,,,,,,,,,
2022063073,630.0,1,0,0,0,0,0,0,0,0,4,0,,67,6,2022,3,39.9719,-75.2449,627.0,6,0,0,0,0,0,0,0,0,,0,0,0.0,6,5,2,1,,0,39 58:18.687,,0,75 14:41.580,4,0,0,0,67301,0,0,0,N,0,0,0,2,67301,2,,1,1,,N,N,N,0,,0,0,1,3,2,,620,2,2,0,0,0,0,0,3,4,0,2,3,3.0,N,,,,,,,,,,,
2022041553,,0,0,0,0,0,0,0,0,0,4,0,,67,4,2022,7,39.8836,-75.2515,,6,0,0,0,0,0,0,0,0,,0,0,0.0,13,1,1,2,,0,39 53:01.302,,2,75 15:05.694,8,0,0,0,67301,0,0,0,N,0,0,0,2,00000,0,,1,1,,,,N,0,,0,0,1,3,3,,1345,1,2,0,0,0,1,0,3,4,0,2,3,,N,,,,,,,,,,,
2022069406,2220.0,1,0,0,0,0,0,0,0,0,7,0,,67,7,2022,7,39.9805,-75.2058,2218.0,6,0,0,0,0,0,0,0,0,,0,0,0.0,22,3,0,0,N,1,39 58:49.807,3.0,0,75 12:21.043,0,0,0,0,67301,0,0,0,N,0,0,0,1,68K01,0,,5,1,10.0,N,N,N,0,,0,0,0,0,0,Y,2210,0,1,0,0,1,0,0,3,4,0,1,3,,N,,,,,,,,,,,
2022043919,,0,0,0,0,0,0,0,0,0,4,0,,67,4,2022,6,39.9195,-75.2116,,6,0,0,0,0,0,1,0,0,,0,0,0.0,15,1,1,0,N,0,39 55:10.300,,7,75 12:41.800,8,0,0,0,67301,0,0,0,N,0,0,0,2,00000,0,,1,1,,,,N,2,,0,0,0,0,0,,1527,1,2,0,0,0,1,0,3,4,0,2,3,,N,,,,,,,,,,,
2022068808,44.0,1,0,0,0,0,0,0,0,0,4,1,,67,6,2022,2,39.9893,-75.1555,44.0,6,0,0,0,0,0,0,0,0,,0,1,0.0,0,3,0,1,,0,39 59:21.634,,0,75 09:19.704,0,0,0,0,67301,0,0,0,N,0,0,0,2,67301,0,,1,1,,N,N,N,0,,0,0,0,3,2,,30,0,2,0,0,0,0,0,3,4,0,2,3,,N,,,,,,,,,,,
2022068956,1851.0,1,0,0,0,0,0,0,0,0,1,0,,67,7,2022,5,39.9509,-75.1416,1818.0,6,0,0,1,0,1,0,0,0,,0,0,0.0,18,1,0,0,N,1,39 57:03.157,2.0,0,75 08:29.684,0,0,0,0,67301,0,0,0,N,0,0,0,3,68K01,0,,1,1,1820.0,N,N,N,0,,0,0,2,0,0,N,1803,0,3,0,0,0,0,0,3,4,0,3,3,3.0,N,,,,,,,,,,,
2022068561,1238.0,1,0,0,0,0,0,0,0,0,1,0,,67,7,2022,1,40.0691,-75.2405,1232.0,6,0,0,0,0,0,0,0,0,,0,0,0.0,12,1,0,0,N,0,40 04:08.891,,0,75 14:25.835,0,0,0,0,67301,0,0,0,N,0,0,0,3,67301,0,,1,1,,N,N,N,0,,0,0,1,0,0,,1230,0,2,0,0,3,0,0,3,4,0,2,3,3.0,N,,,,,,,,,,,
2022055564,930.0,1,0,0,0,0,0,0,0,0,8,0,,67,6,2022,6,39.9449,-75.1598,900.0,6,0,0,0,0,0,0,0,0,,0,0,0.0,5,1,1,1,,0,39 56:41.647,,0,75 09:35.256,4,0,0,0,67301,1,0,0,N,1,0,0,2,67301,1,,1,99,,N,N,N,0,,0,0,0,3,2,,500,1,2,0,0,0,0,0,3,4,0,1,3,3.0,N,,,,,,,,,,,
2022069387,2338.0,3,0,0,0,0,0,0,0,0,1,0,,67,5,2022,3,40.0182,-75.0482,2326.0,6,0,0,0,0,0,0,0,0,,0,0,0.0,23,3,1,0,N,0,40 01:05.501,,0,75 02:53.356,3,0,0,0,67301,0,0,0,N,0,0,0,4,68K01,0,,1,1,,N,N,N,0,,1,0,0,0,0,,2319,1,3,0,0,0,0,0,3,4,0,3,3,3.0,N,,,,,,,,,,,
2022054685,1731.0,0,0,0,0,0,0,0,0,0,7,0,,67,6,2022,4,39.9099,-75.1542,1729.0,6,0,0,0,0,0,0,0,0,,0,0,0.0,17,1,1,0,N,0,39 54:35.700,,5,75 09:15.100,8,0,0,0,67301,0,0,0,N,0,0,0,1,67501,0,,4,1,,N,N,N,0,,0,0,1,3,8,,1727,1,1,0,0,0,1,0,3,4,0,1,3,3.0,N,,,,,,,,,,,
2022055591,2220.0,2,0,0,0,0,0,0,0,0,4,0,,67,6,2022,6,39.9419,-75.2255,2151.0,6,0,0,0,0,1,1,0,0,,0,0,0.0,21,3,1,1,,0,39 56:30.714,,0,75 13:31.922,3,0,0,0,67301,0,0,0,N,0,0,0,2,67301,0,,1,1,,N,N,N,0,,1,0,0,3,2,,2151,1,2,0,0,2,0,0,3,4,0,2,3,3.0,N,,,,,,,,,,,
2022066299,227.0,1,0,0,0,0,0,0,0,0,7,0,,67,6,2022,4,40.0447,-75.0019,209.0,6,0,0,0,0,0,0,0,0,,0,0,0.0,2,3,0,0,N,0,40 02:40.828,,2,75 00:06.810,0,0,0,0,67301,0,0,0,Y,0,0,0,1,68K01,0,,4,1,,N,N,N,0,,0,0,0,0,0,,207,0,1,0,0,0,0,0,3,4,0,1,3,,N,,,,,,,,,,,
2022049673,750.0,3,0,0,0,0,0,0,0,0,5,0,,67,5,2022,5,39.95,-75.223,744.0,6,0,0,0,0,0,0,0,0,,0,0,0.0,6,1,0,0,N,0,39 56:59.970,,0,75 13:22.960,0,0,0,0,67301,0,0,0,N,0,0,0,1,67301,0,,6,1,,N,N,N,0,,0,0,0,0,0,,644,0,3,0,0,0,0,0,3,4,0,3,3,3.0,N,,,,,,,,,,,
2022049361,349.0,0,0,0,0,0,0,0,0,0,4,0,,67,5,2022,5,39.9858,-75.181,347.0,6,0,0,1,0,0,0,0,1,,0,0,0.0,3,8,4,1,,0,39 59:08.960,,0,75 10:51.665,2,0,0,0,67301,0,0,0,N,0,0,0,4,67301,0,,1,1,,Y,Y,N,0,,2,2,1,3,2,,337,4,2,0,2,3,0,0,3,4,1,2,4,4.0,N,,,,,,,,,,,
2022070142,2321.0,0,0,0,0,0,0,0,0,0,5,0,,67,7,2022,4,39.9885,-75.2071,2310.0,6,0,0,0,0,0,1,0,0,,0,0,0.0,23,3,1,0,N,1,39 59:18.630,3.0,0,75 12:25.501,3,0,0,0,67301,0,0,0,N,0,0,0,2,68K01,0,,1,1,1145.0,N,N,N,0,,1,0,1,0,0,N,2306,1,2,0,0,0,0,1,3,4,0,2,3,,N,,,,,,,,,,,
2022070339,2115.0,1,0,0,0,0,0,0,0,0,1,0,,67,4,2022,3,40.0447,-75.0025,2100.0,6,0,0,0,1,0,0,0,0,,0,0,0.0,20,3,2,0,N,2,40 02:40.976,2.0,0,75 00:08.960,3,0,0,0,67301,0,0,0,N,0,0,0,2,68K01,0,,1,9,2230.0,N,N,N,0,,2,0,1,0,0,N,2059,2,2,0,0,0,0,0,3,4,0,2,7,,N,,,,,,,,,,,