CRN,ARRIVAL_TM,AUTOMOBILE_COUNT,BELTED_DEATH_COUNT,BELTED_SUSP_SERIOUS_INJ_COUNT,BICYCLE_COUNT,BICYCLE_DEATH_COUNT,BICYCLE_SUSP_SERIOUS_INJ_COUNT,BUS_COUNT,CHLDPAS_DEATH_COUNT,CHLDPAS_SUSP_SERIOUS_INJ_COUNT,COLLISION_TYPE,COMM_VEH_COUNT,CONS_ZONE_SPD_LIM,COUNTY,CRASH_MONTH,CRASH_YEAR,DAY_OF_WEEK,DEC_LAT,DEC_LONG,DISPATCH_TM,DISTRICT,DRIVER_COUNT_16YR,DRIVER_COUNT_17YR,DRIVER_COUNT_18YR,DRIVER_COUNT_19YR,DRIVER_COUNT_20YR,DRIVER_COUNT_50_64YR,DRIVER_COUNT_65_74YR,DRIVER_COUNT_75PLUS,EST_HRS_CLOSED,FATAL_COUNT,HEAVY_TRUCK_COUNT,HORSE_BUGGY_COUNT,HOUR_OF_DAY,ILLUMINATION,INJURY_COUNT,INTERSECT_TYPE,INTERSECTION_RELATED,LANE_CLOSED,LATITUDE,LN_CLOSE_DIR,LOCATION_TYPE,LONGITUDE,MAX_SEVERITY_LEVEL,MCYCLE_DEATH_COUNT,MCYCLE_SUSP_SERIOUS_INJ_COUNT,MOTORCYCLE_COUNT,MUNICIPALITY,NONMOTR_COUNT,NONMOTR_DEATH_COUNT,NONMOTR_SUSP_SERIOUS_INJ_COUNT,NTFY_HIWY_MAINT,PED_COUNT,PED_DEATH_COUNT,PED_SUSP_SERIOUS_INJ_COUNT,PERSON_COUNT,POLICE_AGCY,POSSIBLE_INJ_COUNT,RDWY_SURF_TYPE_CD,RELATION_TO_ROAD,ROAD_CONDITION,ROADWAY_CLEARED,SCH_BUS_IND,SCH_ZONE_IND,SECONDARY_CRASH,SMALL_TRUCK_COUNT,SPEC_JURIS_CD,SUSP_MINOR_INJ_COUNT,SUSP_SERIOUS_INJ_COUNT,SUV_COUNT,TCD_FUNC_CD,TCD_TYPE,TFC_DETOUR_IND,TIME_OF_DAY,TOT_INJ_COUNT,TOTAL_UNITS,UNB_DEATH_COUNT,UNB_SUSP_SERIOUS_INJ_COUNT,UNBELTED_OCC_COUNT,UNK_INJ_DEG_COUNT,UNK_INJ_PER_COUNT,URBAN_AREA,URBAN_RURAL,VAN_COUNT,VEHICLE_COUNT,WEATHER1,WEATHER2,WORK_ZONE_IND,WORK_ZONE_LOC,WORK_ZONE_TYPE,WORKERS_PRES,WZ_CLOSE_DETOUR,WZ_FLAGGER,WZ_LAW_OFFCR_IND,WZ_LN_CLOSURE,WZ_MOVING,WZ_OTHER,WZ_SHLDER_MDN,WZ_WORKERS_INJ_KILLED
2022056901,2220.0,1,0,0,0,0,0,0,0,0,5,0,,67,6,2022,5,40.1009,-75.0419,2213.0,6,0,0,0,0,0,0,0,0,,0,0,0.0,22,3,1,0,N,0,40 06:03.119,,0,75 02:30.663,8,0,0,0,67301,0,0,0,N,0,0,0,1,67301,0,,6,1,,N,N,N,0,,0,0,1,0,0,,2213,1,2,0,0,0,1,0,3,4,0,2,3,3.0,N,,,,,,,,,,,
2022068606,1535.0,1,0,0,0,0,0,0,0,0,7,0,,67,7,2022,6,39.9752,-75.1422,1526.0,6,0,0,0,0,0,0,0,0,,0,0,0.0,15,1,3,1,,0,39 58:30.799,,0,75 08:31.866,3,0,0,0,67301,1,0,0,N,1,0,0,3,67301,2,,5,1,,N,N,N,0,,1,0,0,3,3,,1526,3,2,0,0,2,0,0,3,4,0,1,3,3.0,N,,,,,,,,,,,
2022068804,1543.0,1,0,0,0,0,0,0,0,0,4,0,,67,5,2022,3,39.9755,-75.1668,1532.0,6,0,0,0,0,0,0,0,1,,0,0,0.0,12,1,0,1,,0,39 58:31.871,,0,75 10:00.351,9,0,0,0,67301,0,0,0,N,0,0,0,2,67301,0,,1,1,,N,N,N,0,,0,0,0,3,2,,1230,0,2,0,0,2,0,1,3,4,1,2,3,3.0,N,,,,,,,,,,,
2022055637,1410.0,2,0,0,0,0,0,0,0,0,4,0,,67,6,2022,5,39.9502,-75.2432,1410.0,6,0,0,0,0,0,0,1,0,,0,0,0.0,14,1,0,1,,0,39 57:00.619,,0,75 14:35.638,0,0,0,0,67301,0,0,0,N,0,0,0,2,67301,0,,1,1,,N,N,N,1,,0,0,1,3,3,,1409,0,4,0,0,0,0,0,3,4,0,4,3,3.0,N,,,,,,,,,,,
2022055614,1800.0,1,0,0,0,0,0,0,0,0,8,0,,67,6,2022,5,39.9952,-75.0776,1752.0,6,0,0,0,0,0,0,0,0,,0,0,0.0,17,1,1,0,N,1,39 59:42.158,1.0,0,75 04:40.480,3,0,0,0,67301,1,0,0,N,1,0,0,2,67301,0,,1,1,1811.0,N,N,N,0,,1,0,0,0,0,N,1749,1,2,0,0,0,0,0,3,4,0,1,3,3.0,N,,,,,,,,,,,
2022061804,843.0,1,0,0,0,0,0,0,0,0,7,0,,67,6,2022,1,40.0378,-75.0114,836.0,6,0,0,0,0,0,0,0,0,,0,0,0.0,8,1,2,0,N,0,40 02:15.984,,0,75 00:40.864,3,0,0,0,67301,0,0,0,N,0,0,0,2,68K01,0,,3,8,,N,N,N,0,,2,0,0,0,0,,834,2,1,0,0,1,0,0,3,4,0,1,7,,N,,,,,,,,,,,
2022053025,117.0,1,0,0,0,0,0,0,0,0,4,0,,67,6,2022,3,39.8932,-75.236,113.0,6,0,0,1,0,0,0,0,0,,0,0,0.0,1,3,1,2,,1,39 53:34.958,2.0,2,75 14:08.223,3,0,0,0,67301,0,0,0,N,0,0,0,3,67301,0,,1,1,330.0,N,N,N,0,,1,0,1,3,3,N,103,1,2,0,0,0,0,0,3,4,0,2,3,3.0,N,,,,,,,,,,,
2022055645,1036.0,2,0,0,0,0,0,0,0,0,4,0,,67,6,2022,6,39.9812,-75.1887,1036.0,6,0,0,0,0,0,1,0,0,,0,0,0.0,10,1,1,1,,0,39 58:52.396,,0,75 11:19.300,3,0,0,0,67301,0,0,0,N,0,0,0,3,67301,0,,1,1,,N,N,N,0,,1,0,0,3,2,,1035,1,2,0,0,0,0,0,3,4,0,2,3,3.0,N,,,,,,,,,,,
2022068055,1121.0,1,0,0,0,0,0,0,0,0,7,0,,67,5,2022,2,39.9952,-75.1978,1118.0,6,0,0,0,0,0,0,0,0,,0,0,0.0,10,1,0,0,N,1,39 59:42.570,4.0,0,75 11:52.027,0,0,0,0,67301,0,0,0,N,0,0,0,1,68K01,0,,4,1,1208.0,N,N,N,0,,0,0,0,0,0,N,1056,0,1,0,0,0,0,0,3,4,0,1,3,3.0,N,,,,,,,,,,,
2022067885,2300.0,0,0,0,0,0,0,0,0,0,1,0,,67,7,2022,5,39.9662,-75.1868,2254.0,6,0,0,0,0,1,0,0,0,,0,0,0.0,22,3,0,0,N,0,39 57:58.275,,0,75 11:12.411,9,0,0,0,67301,0,0,0,N,0,0,0,4,68K01,0,,1,1,,N,N,N,0,,0,0,1,0,0,,2253,0,2,0,0,0,0,1,3,4,0,2,3,,N,,,,,,,,,,,
2022064338,726.0,0,0,0,0,0,0,0,0,0,7,0,,67,6,2022,5,39.9948,-75.0837,726.0,6,0,0,0,0,0,0,0,0,,0,0,0.0,5,5,0,0,N,0,39 59:41.268,,0,75 05:01.201,0,0,0,0,67301,0,0,0,N,0,0,0,1,68K01,0,,2,9,,N,N,N,0,,0,0,0,0,0,,556,0,1,0,0,0,0,0,3,4,1,1,7,7.0,N,,,,,,,,,,,
2022063448,500.0,3,0,0,0,0,0,0,0,0,4,0,,67,7,2022,6,40.072,-75.0394,457.0,6,0,0,0,0,0,0,0,0,,0,0,0.0,4,3,1,0,N,0,40 04:19.030,,0,75 02:21.660,8,0,0,0,67301,0,0,0,N,0,0,0,1,67301,0,,6,1,,N,N,N,0,,0,0,0,3,3,,456,1,3,0,0,0,1,0,3,4,0,3,3,,N,,,,,,,,,,,
2022063994,318.0,1,0,0,0,0,0,0,0,0,7,0,,67,7,2022,7,39.9834,-75.2081,317.0,6,0,0,0,0,0,0,0,0,,0,0,0.0,3,3,1,0,N,1,39 59:00.301,4.0,0,75 12:29.027,3,0,0,0,67301,0,0,0,N,0,0,0,1,68K01,0,,4,9,400.0,N,N,N,0,,1,0,0,0,0,N,314,1,1,0,0,0,0,0,3,4,0,1,7,7.0,N,,,,,,,,,,,
2022055648,1726.0,1,0,0,0,0,0,0,0,0,4,0,,67,6,2022,1,40.0015,-75.1043,1726.0,6,0,0,0,0,0,0,0,0,,0,0,0.0,17,1,1,5,,0,40 00:05.531,,1,75 06:15.328,3,0,0,1,67301,0,0,0,N,0,0,0,2,67301,0,,1,1,,N,N,N,0,,1,0,0,3,2,,1726,1,2,0,0,1,0,0,3,4,0,2,3,3.0,N,,,,,,,,,,,
2022055593,1257.0,1,0,0,0,0,0,0,0,0,4,0,,67,6,2022,2,39.9178,-75.2242,1253.0,6,0,0,0,0,0,0,1,0,,0,0,0.0,15,1,1,2,,0,39 55:04.249,,0,75 13:27.141,3,0,0,0,67301,0,0,0,N,0,0,0,2,67301,0,,1,8,,N,N,N,0,,1,0,1,3,3,,1530,1,2,0,0,0,0,0,3,4,0,2,7,4.0,N,,,,,,,,,,,
2022055666,1719.0,2,0,0,0,0,0,0,0,0,4,0,,67,6,2022,5,39.9897,-75.1347,1719.0,6,0,0,1,0,0,0,0,0,,0,0,0.0,8,1,0,1,,0,39 59:23.085,,0,75 08:04.804,9,0,0,0,67301,0,0,0,N,0,0,0,2,67301,0,,1,1,,N,N,N,0,,0,0,0,3,3,,830,0,2,0,0,1,0,1,3,4,0,2,3,3.0,N,,,,,,,,,,,
2022066832,201.0,1,0,0,0,0,0,0,0,0,7,0,,67,6,2022,1,39.9627,-75.1835,154.0,6,0,0,0,0,0,0,0,0,,0,0,0.0,1,3,0,0,N,2,39 57:45.869,3.0,0,75 11:00.633,0,0,0,0,67301,0,0,0,N,0,0,0,1,68K01,0,,3,1,220.0,N,N,N,0,,0,0,0,0,0,N,146,0,1,0,0,0,0,0,3,4,0,1,3,3.0,N,,,,,,,,,,,
2022056936,2151.0,2,0,0,0,0,0,0,0,0,4,0,,67,6,2022,7,39.9487,-75.2375,2149.0,6,0,0,0,0,0,0,0,0,,0,0,0.0,21,3,2,1,,0,39 56:55.280,,0,75 14:14.982,3,0,0,0,67301,0,0,0,N,0,0,0,3,67301,0,,1,1,,N,N,N,0,,2,0,0,3,2,,2149,2,3,0,0,0,0,0,3,4,1,3,3,3.0,N,,,,,,,,,,,
2022069340,1924.0,1,0,0,0,0,0,0,0,0,1,0,,67,7,2022,3,40.037,-75.2197,1918.0,6,0,0,0,0,0,0,0,0,,0,0,0.0,19,1,0,0,N,0,40 02:13.287,,0,75 13:11.047,0,0,0,0,67301,1,0,0,N,0,0,0,2,67301,0,,6,1,,N,N,N,0,,0,0,1,0,0,,1910,0,2,0,0,0,0,0,3,4,0,2,3,3.0,N,,,,,,,,,,,
2022055629,2223.0,1,0,0,0,0,0,0,0,0,5,0,,67,6,2022,1,39.9354,-75.1739,2223.0,6,0,0,0,0,0,0,0,0,,0,0,0.0,21,3,2,0,N,0,39 56:07.400,,0,75 10:26.000,2,0,2,1,67301,0,0,0,N,0,0,0,2,67301,0,,6,1,,N,N,N,0,,0,2,1,0,0,,2120,2,3,0,0,0,0,0,3,4,0,3,3,3.0,N,,,,,,,,,,,
2022055615,27.0,0,0,0,0,0,0,0,0,0,4,0,,67,6,2022,6,40.0403,-75.0584,3.0,6,0,0,0,0,0,0,0,0,,0,0,0.0,0,3,1,1,,1,40 02:24.930,1.0,0,75 03:30.344,3,0,0,0,67301,0,0,0,N,0,0,0,2,67301,0,,1,1,145.0,N,N,N,0,,1,0,1,3,2,N,2,1,2,0,0,0,0,0,3,4,1,2,3,3.0,N,,,,,,,,,,,
2022068819,1805.0,2,0,0,0,0,0,0,0,0,5,0,,67,7,2022,6,39.9879,-75.169,1758.0,6,0,0,0,0,0,1,0,0,,0,0,0.0,16,1,0,0,N,0,39 59:16.510,,0,75 10:08.280,0,0,0,0,67301,0,0,0,N,0,0,0,1,67301,0,,1,1,,N,N,N,0,,0,0,0,0,0,,1643,0,2,0,0,0,0,0,3,4,0,2,3,,N,,,,,,,,,,,
2022068227,927.0,1,0,0,0,0,0,0,0,0,1,0,,67,7,2022,1,40.0094,-75.0665,910.0,6,0,0,0,0,0,1,0,0,,0,0,0.0,9,1,1,0,N,0,40 00:33.891,,0,75 03:59.226,8,0,0,0,67301,0,0,0,N,0,0,0,2,68K01,0,,1,1,,N,N,N,0,,0,0,1,0,0,,903,1,2,0,0,1,1,1,3,4,0,2,3,3.0,N,,,,,,,,,,,
2022069157,2145.0,0,0,0,0,0,0,0,0,0,4,0,,67,7,2022,7,39.9546,-75.1495,2138.0,6,0,0,0,0,0,1,0,0,,0,0,0.0,21,3,1,2,,0,39 57:16.613,,0,75 08:58.311,4,0,0,0,67301,0,0,0,N,0,0,0,3,67301,1,,1,1,,N,N,N,1,,0,0,1,3,2,,2138,1,2,0,0,0,0,1,3,4,0,2,3,,N,,,,,,,,,,,
2022063081,1358.0,2,0,0,0,0,0,0,0,0,4,0,,67,6,2022,6,39.979,-75.2137,1358.0,6,0,0,0,1,0,0,0,0,,0,0,0.0,20,3,3,0,N,0,39 58:44.305,,0,75 12:49.424,8,0,0,0,67301,0,0,0,N,0,0,0,3,67301,0,,1,1,,N,N,N,0,,0,0,0,0,0,,2030,3,2,0,0,0,3,0,3,4,0,2,4,,N,,,,,,,,,,,
2022031045,,1,0,0,0,0,0,0,0,0,1,0,,67,3,2022,1,,,,6,0,0,0,0,0,0,0,0,,0,0,0.0,17,1,1,0,N,0,,,0,,8,0,0,0,67301,0,0,0,N,0,0,0,3,00000,0,,1,1,,,,N,0,,0,0,0,0,0,,1730,1,3,0,0,0,1,0,3,3,0,3,3,,N,,,,,,,,,,,
2022063077,325.0,2,0,0,0,0,0,0,0,0,1,0,,67,6,2022,1,39.9797,-75.2409,323.0,6,0,0,0,0,0,0,0,0,,0,0,0.0,3,3,0,0,N,0,39 58:46.810,,0,75 14:27.350,0,0,0,0,67301,0,0,0,N,0,0,0,1,67301,0,,6,1,,N,N,N,0,,0,0,0,3,3,,315,0,2,0,0,0,0,0,3,4,0,2,3,3.0,N,,,,,,,,,,,
2022063142,1652.0,1,0,0,0,0,0,0,0,0,5,1,,67,6,2022,6,39.9317,-75.1455,1631.0,6,0,0,0,0,0,1,0,1,,0,1,0.0,16,1,1,0,N,1,39 55:54.061,1.0,0,75 08:43.915,8,0,0,0,67301,0,0,0,N,0,0,0,3,68K01,0,,1,1,1720.0,N,N,N,0,,0,0,1,0,0,Y,1630,1,3,0,0,0,1,0,3,4,0,3,3,,N,,,,,,,,,,,
2022063154,1450.0,1,0,0,0,0,0,0,0,0,1,0,,67,6,2022,5,39.9969,-75.1967,1447.0,6,0,0,0,0,0,0,0,0,,0,0,0.0,14,1,1,0,N,1,39 59:48.743,3.0,0,75 11:48.060,8,0,0,0,67301,0,0,0,N,0,0,0,3,68K01,0,,1,1,100.0,N,N,N,1,,0,0,0,0,0,Y,1433,1,2,0,0,0,1,0,3,4,0,2,3,,N,,,,,,,,,,,
2022055670,2305.0,1,0,0,0,0,0,0,0,0,8,0,,67,6,2022,1,39.9814,-75.1276,2300.0,6,0,0,0,0,0,0,0,0,,0,0,0.0,22,3,1,13,,0,39 58:53.240,,0,75 07:39.380,3,0,0,0,67301,1,0,0,N,1,0,0,2,67301,0,,1,1,,N,N,N,0,,1,0,0,3,4,,2215,1,2,0,0,0,0,0,3,4,0,1,3,3.0,N,,,,,,,,,,,
2022037166,,0,0,0,0,0,0,0,0,0,1,0,,67,4,2022,2,39.9113,-75.2427,,6,0,0,0,0,0,0,0,0,,0,0,0.0,0,3,1,5,,0,39 54:40.810,,0,75 14:33.592,8,0,0,0,67301,0,0,0,N,0,0,0,2,00000,0,,1,1,,,,N,0,,0,0,2,3,2,,20,1,2,0,0,0,1,0,3,4,0,2,3,,N,,,,,,,,,,,
2022055609,722.0,2,0,0,0,0,0,0,0,0,4,0,,67,6,2022,4,40.0278,-75.0601,707.0,6,0,0,0,0,0,1,0,0,,0,0,0.0,6,1,1,1,,1,40 01:40.042,5.0,0,75 03:36.277,3,0,0,0,67301,0,0,0,N,0,0,0,2,67301,0,,1,1,720.0,N,N,N,0,,1,0,0,2,2,N,642,1,2,0,0,0,0,0,3,4,0,2,4,4.0,N,,,,,,,,,,,
2022054105,1650.0,2,0,0,0,0,0,0,0,0,4,0,,67,6,2022,6,39.9607,-75.1926,1646.0,6,0,0,0,0,0,1,0,0,,0,0,0.0,16,1,3,1,,0,39 57:38.354,,0,75 11:33.417,8,0,0,0,67301,0,0,0,N,0,0,0,3,67507,0,,1,1,,N,N,N,0,,0,0,0,3,3,,1644,3,2,0,0,0,3,0,3,4,0,2,3,,N,,,,,,,,,,,
2022055619,2100.0,1,0,0,0,0,0,0,0,0,1,0,,67,6,2022,6,40.0161,-75.0823,2100.0,6,0,0,0,0,0,0,0,0,,0,0,0.0,18,3,0,0,N,0,40 00:58.090,,0,75 04:56.290,0,0,0,0,67301,0,0,0,N,0,0,0,1,67301,0,,6,1,,N,N,N,0,,0,0,1,0,0,,1828,0,2,0,0,0,0,0,3,4,0,2,3,,N,,,,,,,,,,,
2022055544,135.0,2,0,0,0,0,0,0,0,0,4,0,,67,6,2022,6,40.0416,-75.0643,132.0,6,0,0,0,1,0,0,0,0,,0,0,0.0,1,3,2,1,,0,40 02:30.078,,0,75 03:51.754,8,0,0,0,67301,0,0,0,N,0,0,0,2,67301,0,,1,1,,N,N,N,0,,0,0,0,3,2,,130,2,2,0,0,0,2,0,3,4,0,2,3,,N,,,,,,,,,,,
2022043785,,2,0,0,0,0,0,0,0,0,4,0,,67,4,2022,5,,,,6,0,0,0,0,0,0,0,0,,0,0,0.0,99,1,1,0,N,0,,,7,,8,0,0,0,67301,0,0,0,N,0,0,0,2,00000,0,,1,1,,,,N,0,,0,0,0,3,2,,9999,1,2,0,0,1,1,0,3,3,0,2,3,,N,,,,,,,,,,,
2022055599,2107.0,2,0,0,0,0,0,0,0,0,1,0,,67,6,2022,6,40.0398,-75.1707,2107.0,6,0,0,0,0,0,1,0,0,,0,0,0.0,21,3,8,0,N,0,40 02:23.100,,0,75 10:14.500,2,0,0,0,67301,0,0,0,N,0,0,0,8,67301,0,,1,1,,N,N,N,0,,7,1,1,0,0,,2106,8,3,0,1,3,0,0,3,4,0,3,3,,N,,,,,,,,,,,
2022055668,2130.0,1,0,0,0,0,0,0,0,0,8,0,,67,6,2022,1,39.9915,-75.1374,2125.0,6,0,0,0,0,0,0,0,0,,0,0,0.0,21,3,1,0,N,0,39 59:29.260,,0,75 08:14.640,3,0,0,0,67301,1,0,0,N,1,0,0,2,67301,0,,1,1,,N,N,N,0,,1,0,0,0,0,,2100,1,2,0,0,0,0,0,3,4,0,1,3,3.0,N,,,,,,,,,,,
2022055687,2025.0,1,0,0,0,0,0,0,0,0,7,0,,67,6,2022,6,40.0093,-75.1513,2025.0,6,0,0,0,0,0,0,0,0,,0,0,0.0,20,4,0,0,N,0,40 00:33.376,,0,75 09:04.859,0,0,0,0,67301,0,0,0,N,0,0,0,0,67301,0,,4,1,,N,N,N,0,,0,0,0,0,0,,2020,0,1,0,0,0,0,0,3,4,0,1,3,3.0,N,,,,,,,,,,,
2022053765,1510.0,1,0,0,0,0,0,0,0,0,4,0,,67,6,2022,5,39.9631,-75.1899,1505.0,6,0,0,0,0,0,0,0,0,,0,0,0.0,14,1,0,1,,0,39 57:47.150,,0,75 11:23.780,0,0,0,0,67301,0,0,0,N,0,0,0,2,67507,0,,1,1,,N,N,N,0,,0,0,1,3,2,,1405,0,2,0,0,0,0,0,3,4,0,2,3,,N,,,,,,,,,,,
2022053021,1246.0,1,0,0,0,0,0,0,0,0,4,0,,67,5,2022,4,39.9354,-75.2204,1245.0,6,0,0,0,0,0,2,0,0,,0,0,0.0,12,1,0,1,,0,39 56:07.522,,0,75 13:13.270,0,0,0,0,67301,0,0,0,N,0,0,0,2,67301,0,,1,1,,N,N,N,0,,0,0,1,3,2,,1242,0,2,0,0,0,0,0,3,4,0,2,3,3.0,N,,,,,,,,,,,
2022063136,1117.0,1,0,0,0,0,0,1,0,0,1,1,,67,6,2022,6,39.9601,-75.1814,1106.0,6,0,0,0,0,0,1,0,0,,0,0,0.0,11,1,1,0,N,2,39 57:36.217,2.0,0,75 10:53.139,3,0,0,0,67301,0,0,0,N,0,0,0,2,68K01,0,,1,1,1230.0,Y,N,N,0,,1,0,0,0,0,N,1104,1,2,0,0,0,0,0,3,4,0,2,3,,N,,,,,,,,,,,
2022059101,1721.0,0,0,0,0,0,0,0,0,0,1,0,,67,5,2022,5,39.9121,-75.1488,1720.0,6,0,0,0,0,0,0,1,0,,0,0,0.0,17,1,0,0,N,0,39 54:43.633,,3,75 08:55.516,0,0,0,0,67301,0,0,0,N,0,0,0,6,68K01,0,,1,1,,N,N,N,1,,0,0,1,0,0,,1718,0,3,0,0,1,0,0,3,4,1,3,3,,N,,,,,,,,,,,
2022063147,1005.0,1,0,0,0,0,0,0,0,0,7,0,,67,6,2022,1,39.9825,-75.1001,953.0,6,0,0,0,1,0,0,0,0,,0,0,0.0,9,1,1,0,N,1,39 58:57.083,4.0,0,75 06:00.492,8,0,0,0,67301,0,0,0,N,0,0,0,1,68K01,0,,2,1,45.0,N,N,N,0,,0,0,0,0,0,Y,951,1,1,0,0,0,1,0,3,4,0,1,3,,N,,,,,,,,,,,
2022064953,2112.0,2,0,0,0,0,0,0,0,0,4,0,,67,7,2022,2,39.904,-75.2401,2112.0,6,0,0,0,0,0,0,0,0,,0,0,0.0,13,1,1,1,,0,39 54:14.563,,0,75 14:24.409,3,0,0,0,67301,0,0,0,N,0,0,0,1,67301,0,,1,1,,N,N,N,0,,1,0,0,3,2,,1340,1,2,0,0,0,0,0,3,4,0,2,3,,N,,,,,,,,,,,
2022053366,,1,0,0,0,0,0,0,0,0,4,0,,67,2,2022,3,40.0298,-75.1043,,6,0,0,0,0,0,0,0,0,,0,0,0.0,1,3,1,1,,0,40 01:47.456,,0,75 06:15.471,8,0,0,0,67301,0,0,0,N,0,0,0,3,00000,0,,1,1,,,,N,0,,0,0,0,3,2,,145,1,2,0,0,1,1,0,3,4,0,2,3,,N,,,,,,,,,,,
2022055649,908.0,1,0,0,0,0,0,0,0,0,5,0,,67,6,2022,1,39.9909,-75.1263,908.0,6,0,0,0,1,0,0,0,0,,0,0,0.0,20,6,0,0,N,0,39 59:27.400,,0,75 07:34.800,0,0,0,0,67301,0,0,0,N,0,0,0,1,67301,0,,6,99,,N,N,N,0,,0,0,0,0,0,,2030,0,2,0,0,0,0,0,3,4,1,2,99,,N,,,,,,,,,,,
2022067225,1920.0,0,0,0,0,0,0,1,0,0,1,1,,67,7,2022,4,40.0057,-75.1011,1908.0,6,0,0,0,0,0,1,0,0,,0,0,0.0,19,1,3,1,,1,40 00:20.425,3.0,0,75 06:03.822,4,0,0,0,67301,0,0,0,N,0,0,0,3,67508,3,,1,1,9999.0,N,N,Y,0,,0,0,0,3,2,N,1908,3,2,0,0,0,0,0,3,4,1,2,3,3.0,N,,,,,,,,,,,
2022055579,1540.0,0,0,0,0,0,0,0,0,0,1,0,,67,6,2022,5,40.0924,-74.9914,1538.0,6,0,0,0,0,0,0,0,0,,0,0,0.0,15,1,1,0,Y,0,40 05:32.810,,0,74 59:28.920,8,0,0,0,67301,0,0,0,N,0,0,0,3,67301,0,,1,1,,N,N,N,0,,0,0,2,3,2,,1535,1,2,0,0,0,1,0,3,4,0,2,3,3.0,N,,,,,,,,,,,
2022068623,1730.0,0,0,0,0,0,0,0,0,0,7,1,,67,7,2022,2,40.0,-75.1893,1720.0,6,0,0,0,0,0,1,0,0,,0,1,0.0,16,1,0,0,N,2,40 00:00.060,6.0,1,75 11:21.384,0,0,0,0,67301,0,0,0,N,0,0,0,1,67301,0,,1,1,20.0,N,N,N,0,,0,0,0,0,0,Y,1650,0,1,0,0,0,0,0,3,4,0,1,3,3.0,N,,,,,,,,,,,
2022055581,1817.0,2,0,0,0,0,0,0,0,0,1,0,,67,6,2022,7,40.0436,-75.0198,1816.0,6,0,0,0,0,0,0,0,0,,0,0,0.0,18,1,1,0,N,0,40 02:36.863,,0,75 01:11.258,3,0,0,0,67301,0,0,0,N,0,0,0,3,67301,0,,1,1,,N,N,Y,0,,1,0,0,0,0,,1814,1,2,0,0,0,0,1,3,4,0,2,3,3.0,N,,,,,,,,,,,
2022068775,154.0,2,0,0,0,0,0,0,0,0,5,0,,67,4,2022,7,39.9719,-75.1594,150.0,6,0,0,1,0,0,0,0,0,,0,0,0.0,1,3,3,0,Y,1,39 58:18.839,2.0,0,75 09:33.930,8,0,0,0,67301,0,0,0,N,0,0,0,4,67301,0,,1,1,220.0,N,N,N,0,,0,0,0,3,2,N,102,3,2,0,0,0,3,0,3,4,0,2,3,3.0,N,,,,,,,,,,,
2022058532,1420.0,0,0,0,0,0,0,0,0,0,8,0,,67,6,2022,5,39.9364,-75.219,1400.0,6,0,0,0,0,0,0,0,0,,0,0,0.0,14,1,1,1,,0,39 56:10.978,,0,75 13:08.360,4,0,0,0,67301,1,0,0,N,1,0,0,2,67508,1,,1,1,,N,N,N,0,,0,0,0,3,2,,1400,1,2,0,0,0,0,0,3,4,0,1,3,3.0,N,,,,,,,,,,,
2022068618,235.0,0,0,0,0,0,0,0,0,0,5,1,,67,7,2022,7,40.0087,-75.1729,232.0,6,0,0,0,0,0,1,0,0,,0,1,0.0,2,3,1,0,N,2,40 00:31.350,5.0,0,75 10:22.590,2,0,1,1,67301,0,0,0,N,0,0,0,2,67301,0,,1,1,500.0,N,N,N,0,,0,1,0,0,0,Y,229,1,2,0,0,0,0,0,3,4,0,2,3,3.0,N,,,,,,,,,,,
2022031050,,0,0,0,0,0,0,0,0,0,1,0,,67,3,2022,3,,,,6,0,0,0,0,0,1,0,0,,0,0,0.0,17,1,1,0,N,0,,,0,,8,0,0,0,67301,0,0,0,N,0,0,0,3,00000,0,,1,1,,,,N,1,,0,0,2,0,0,,1715,1,3,0,0,0,1,0,3,3,0,3,3,,N,,,,,,,,,,,
2022063053,3.0,0,0,0,0,0,0,0,0,0,7,0,,67,3,2022,6,39.9938,-75.2267,1.0,6,0,0,0,0,0,0,0,0,,0,0,0.0,23,3,0,0,N,0,39 59:37.810,,0,75 13:36.070,0,0,0,0,67301,0,0,0,N,0,0,0,1,67301,0,,4,1,,N,N,N,0,,0,0,1,0,0,,2300,0,1,0,0,0,0,0,3,4,0,1,3,3.0,N,,,,,,,,,,,
2022049676,1743.0,0,0,0,0,0,0,0,0,0,8,0,,67,5,2022,3,39.9985,-75.1293,1733.0,6,0,0,0,0,0,0,0,0,,0,0,0.0,17,2,1,1,,0,39 59:54.633,,0,75 07:45.412,3,0,0,0,67301,1,0,0,N,1,0,0,2,67301,0,,1,1,,N,N,N,1,,1,0,0,3,2,,1705,1,2,0,0,0,0,0,3,4,0,1,3,3.0,N,,,,,,,,,,,
2022063023,1236.0,0,0,0,0,0,0,0,0,0,4,0,,67,7,2022,4,39.9308,-75.1613,1234.0,6,0,0,0,0,0,1,0,0,,0,0,0.0,11,1,1,1,,0,39 55:50.818,,0,75 09:40.550,3,0,0,0,67301,0,0,0,N,0,0,0,4,67301,0,,1,1,,N,N,N,0,,1,0,1,3,3,,1145,1,2,0,0,0,0,0,3,4,1,2,3,3.0,N,,,,,,,,,,,
2022063141,1857.0,0,0,0,0,0,0,0,0,0,5,1,,67,6,2022,4,40.0125,-75.0594,1837.0,6,0,0,0,0,0,0,0,0,,0,1,0.0,18,1,2,0,N,1,40 00:44.954,2.0,0,75 03:33.699,3,0,0,0,67301,0,0,0,N,0,0,0,3,68K01,0,,1,1,1850.0,N,N,N,0,,2,0,1,0,0,N,1833,2,2,0,0,0,0,0,3,4,0,2,3,3.0,N,,,,,,,,,,,