CRN,ARRIVAL_TM,AUTOMOBILE_COUNT,BELTED_DEATH_COUNT,BELTED_SUSP_SERIOUS_INJ_COUNT,BICYCLE_COUNT,BICYCLE_DEATH_COUNT,BICYCLE_SUSP_SERIOUS_INJ_COUNT,BUS_COUNT,CHLDPAS_DEATH_COUNT,CHLDPAS_SUSP_SERIOUS_INJ_COUNT,COLLISION_TYPE,COMM_VEH_COUNT,CONS_ZONE_SPD_LIM,COUNTY,CRASH_MONTH,CRASH_YEAR,DAY_OF_WEEK,DEC_LAT,DEC_LONG,DISPATCH_TM,DISTRICT,DRIVER_COUNT_16YR,DRIVER_COUNT_17YR,DRIVER_COUNT_18YR,DRIVER_COUNT_19YR,DRIVER_COUNT_20YR,DRIVER_COUNT_50_64YR,DRIVER_COUNT_65_74YR,DRIVER_COUNT_75PLUS,EST_HRS_CLOSED,FATAL_COUNT,HEAVY_TRUCK_COUNT,HORSE_BUGGY_COUNT,HOUR_OF_DAY,ILLUMINATION,INJURY_COUNT,INTERSECT_TYPE,INTERSECTION_RELATED,LANE_CLOSED,LATITUDE,LN_CLOSE_DIR,LOCATION_TYPE,LONGITUDE,MAX_SEVERITY_LEVEL,MCYCLE_DEATH_COUNT,MCYCLE_SUSP_SERIOUS_INJ_COUNT,MOTORCYCLE_COUNT,MUNICIPALITY,NONMOTR_COUNT,NONMOTR_DEATH_COUNT,NONMOTR_SUSP_SERIOUS_INJ_COUNT,NTFY_HIWY_MAINT,PED_COUNT,PED_DEATH_COUNT,PED_SUSP_SERIOUS_INJ_COUNT,PERSON_COUNT,POLICE_AGCY,POSSIBLE_INJ_COUNT,RDWY_SURF_TYPE_CD,RELATION_TO_ROAD,ROAD_CONDITION,ROADWAY_CLEARED,SCH_BUS_IND,SCH_ZONE_IND,SECONDARY_CRASH,SMALL_TRUCK_COUNT,SPEC_JURIS_CD,SUSP_MINOR_INJ_COUNT,SUSP_SERIOUS_INJ_COUNT,SUV_COUNT,TCD_FUNC_CD,TCD_TYPE,TFC_DETOUR_IND,TIME_OF_DAY,TOT_INJ_COUNT,TOTAL_UNITS,UNB_DEATH_COUNT,UNB_SUSP_SERIOUS_INJ_COUNT,UNBELTED_OCC_COUNT,UNK_INJ_DEG_COUNT,UNK_INJ_PER_COUNT,URBAN_AREA,URBAN_RURAL,VAN_COUNT,VEHICLE_COUNT,WEATHER1,WEATHER2,WORK_ZONE_IND,WORK_ZONE_LOC,WORK_ZONE_TYPE,WORKERS_PRES,WZ_CLOSE_DETOUR,WZ_FLAGGER,WZ_LAW_OFFCR_IND,WZ_LN_CLOSURE,WZ_MOVING,WZ_OTHER,WZ_SHLDER_MDN,WZ_WORKERS_INJ_KILLED
2022043929,,0,0,0,0,0,0,0,0,0,1,0,,67,5,2022,2,39.8946,-75.2296,,6,0,0,0,0,0,0,0,0,,0,0,0.0,7,1,0,3,,0,39 53:40.398,,0,75 13:46.445,0,0,0,0,67301,0,0,0,N,0,0,0,2,00000,0,,1,1,,,,N,1,,0,0,1,3,2,,740,0,2,0,0,0,0,0,3,4,0,2,3,,N,,,,,,,,,,,
2022063074,1903.0,1,0,0,0,0,0,0,0,0,8,0,,67,6,2022,3,39.9706,-75.2334,1856.0,6,0,0,0,0,0,0,0,0,,0,0,0.0,18,4,1,1,,0,39 58:14.145,,0,75 14:00.124,3,0,0,0,67301,1,0,0,N,1,0,0,5,67301,0,,1,1,,N,N,N,0,,1,0,0,0,0,,1831,1,2,0,0,0,0,0,3,4,0,1,4,4.0,N,,,,,,,,,,,
2022055605,1151.0,2,0,0,0,0,0,0,0,0,4,0,,67,6,2022,2,40.0608,-75.1818,1141.0,6,0,0,0,0,0,0,0,0,,0,0,0.0,11,1,1,1,,0,40 03:38.725,,0,75 10:54.390,3,0,0,0,67301,0,0,0,N,0,0,0,2,67301,0,,1,1,,N,N,N,0,,1,0,0,3,3,,1141,1,2,0,0,0,0,0,3,4,0,2,3,,N,,,,,,,,,,,
2022052525,132.0,1,0,0,0,0,0,0,0,0,7,0,,67,6,2022,2,39.9558,-75.1915,130.0,6,0,0,0,0,0,0,0,0,,0,0,0.0,1,3,1,1,,0,39 57:21.092,,0,75 11:29.243,3,0,0,0,67301,0,0,0,N,0,0,0,1,67507,0,,5,1,,N,N,N,0,,1,0,0,3,2,,129,1,1,0,0,0,0,0,3,4,0,1,3,,N,,,,,,,,,,,
2022068779,15.0,3,0,0,0,0,0,0,0,0,4,0,,67,6,2022,2,39.9728,-75.1696,9.0,6,0,0,0,0,0,0,0,0,,0,0,0.0,22,3,0,0,N,0,39 58:21.984,,0,75 10:10.602,9,0,0,0,67301,0,0,0,N,0,0,0,1,67301,0,,6,1,,N,N,N,0,,0,0,0,0,0,,2238,0,3,0,0,0,0,1,3,4,0,3,3,3.0,N,,,,,,,,,,,
2022068615,930.0,0,0,0,0,0,0,0,0,0,4,1,,67,7,2022,6,40.0006,-75.1868,930.0,6,0,0,0,0,0,1,1,0,,0,1,0.0,9,1,1,3,,2,40 00:02.170,5.0,0,75 11:12.425,2,0,0,0,67301,0,0,0,N,0,0,0,2,67301,0,,1,1,1211.0,N,N,N,0,,0,1,1,3,2,Y,930,1,2,0,0,1,0,0,3,4,0,2,3,3.0,N,,,,,,,,,,,
2022062117,4.0,1,0,0,0,0,0,0,0,0,5,0,,67,6,2022,2,40.0387,-75.0094,2352.0,6,0,0,0,0,0,0,0,0,,0,0,0.0,23,3,1,0,N,0,40 02:19.395,,0,75 00:33.884,3,0,0,0,67301,0,0,0,N,0,0,0,2,68K01,0,,1,1,,N,N,N,0,,1,0,0,0,0,,2341,1,2,0,0,0,0,0,3,4,0,2,3,3.0,N,,,,,,,,,,,
2022054466,1502.0,0,0,0,0,0,0,0,0,0,7,0,,67,6,2022,7,39.9724,-75.1213,1502.0,6,0,0,0,0,0,0,0,0,,0,0,0.0,14,1,1,0,N,0,39 58:20.742,,8,75 07:16.758,3,0,0,0,67301,0,0,0,N,0,0,0,1,68K01,0,,2,9,,N,N,N,0,,1,0,1,0,0,,1401,1,1,0,0,0,0,0,3,4,0,1,7,7.0,N,,,,,,,,,,,
2022068800,141.0,3,0,0,0,0,0,0,0,0,8,0,,67,3,2022,7,39.991,-75.1686,140.0,6,0,0,0,0,0,1,0,0,,0,0,0.0,1,3,3,0,N,0,39 59:27.500,,0,75 10:06.800,2,0,0,0,67301,3,0,1,N,1,0,1,4,67301,2,,6,1,,N,N,N,0,,0,1,1,0,0,,139,3,5,0,0,0,0,0,3,4,0,4,3,,N,,,,,,,,,,,
2022063078,1921.0,1,0,0,0,0,0,0,0,0,1,0,,67,6,2022,7,39.9748,-75.2454,1919.0,6,0,0,0,0,0,0,0,1,,0,0,0.0,19,1,1,0,N,2,39 58:29.349,5.0,0,75 14:43.408,3,0,0,0,67301,0,0,0,N,0,0,0,5,67301,0,,1,1,2000.0,N,N,N,0,,1,0,1,0,0,Y,1908,1,2,0,0,4,0,0,3,4,0,2,3,,N,,,,,,,,,,,
2022068591,2135.0,0,0,0,1,0,0,0,0,0,8,0,,67,7,2022,3,39.959,-75.2173,2128.0,6,0,0,0,0,0,0,0,0,,0,0,0.0,21,3,1,0,N,0,39 57:32.457,,0,75 13:02.431,3,0,0,0,67301,1,0,0,N,0,0,0,1,67301,0,,1,1,,N,N,N,0,,1,0,0,0,0,,2107,1,2,0,0,0,0,0,3,4,0,1,3,3.0,N,,,,,,,,,,,
2022035450,,1,0,0,0,0,0,0,0,0,1,0,,67,3,2022,4,40.0165,-75.0669,,6,0,0,0,0,0,1,0,0,,0,0,0.0,21,1,2,0,Y,0,40 00:59.285,,0,75 04:00.979,8,0,0,0,67301,0,0,0,N,0,0,0,3,00000,0,,1,1,,,,N,0,,0,0,1,3,2,,2100,2,2,0,0,1,2,0,3,4,0,2,3,,N,,,,,,,,,,,
2022064003,2.0,1,0,0,0,0,0,0,0,0,7,0,,67,7,2022,7,39.8986,-75.1814,2354.0,6,0,0,0,0,0,0,0,0,,0,0,0.0,23,3,1,0,N,1,39 53:54.846,2.0,0,75 10:53.150,3,0,0,0,67301,0,0,0,N,0,0,0,1,68K01,0,,4,1,1230.0,N,N,N,0,,1,0,0,0,0,N,2347,1,1,0,0,0,0,0,3,4,0,1,3,3.0,N,,,,,,,,,,,
2022049051,1625.0,1,0,0,0,0,0,0,0,0,4,0,,67,5,2022,3,40.0601,-75.0548,1619.0,6,0,0,0,0,1,0,1,0,,0,0,0.0,16,1,1,1,,0,40 03:36.331,,0,75 03:17.211,4,0,0,0,67301,0,0,0,N,0,0,0,2,67301,1,,1,1,,N,N,Y,0,,0,0,1,3,3,,1609,1,2,0,0,0,0,0,3,4,0,2,3,,N,,,,,,,,,,,
2022061796,717.0,0,0,0,0,0,0,0,0,0,7,0,,67,6,2022,7,40.0331,-75.0207,700.0,6,0,0,0,0,0,0,0,0,,0,0,0.0,6,1,0,0,N,0,40 01:59.075,,3,75 01:14.690,0,0,0,0,67301,0,0,0,N,0,0,0,1,68K01,0,,2,1,,N,N,N,0,,0,0,1,0,0,,655,0,1,0,0,0,0,0,3,4,0,1,3,3.0,N,,,,,,,,,,,
2022061802,755.0,0,0,0,0,0,0,0,0,0,7,0,,67,6,2022,1,39.9683,-75.1297,755.0,6,0,0,0,0,0,1,0,0,,0,0,0.0,7,1,0,0,N,0,39 58:05.988,,0,75 07:47.037,0,0,0,0,67301,0,0,0,N,0,0,0,3,68K01,0,,4,8,,N,N,N,0,,0,0,0,0,0,,749,0,1,0,0,0,0,0,3,4,1,1,7,,N,,,,,,,,,,,
2022055553,530.0,1,0,0,0,0,0,0,0,0,1,0,,67,6,2022,6,39.9303,-75.1444,515.0,6,0,0,0,0,0,0,1,0,,0,0,0.0,15,1,2,0,Y,0,39 55:48.944,,0,75 08:39.720,3,0,0,0,67301,0,0,0,N,0,0,0,4,67301,0,,1,1,,N,N,N,0,,2,0,1,3,2,,1500,2,3,0,0,0,0,0,3,4,0,3,3,3.0,N,,,,,,,,,,,
2022056552,1828.0,3,0,0,0,0,0,0,0,0,4,0,,67,6,2022,6,39.9326,-75.1847,1813.0,6,0,0,0,0,0,0,0,0,,0,0,0.0,18,1,1,1,,2,39 55:57.323,2.0,0,75 11:04.959,8,0,0,0,67301,0,0,0,N,0,0,0,2,67301,0,,1,1,1828.0,N,N,Y,0,,0,0,0,3,3,Y,1810,1,3,0,0,0,1,1,3,4,0,3,3,3.0,N,,,,,,,,,,,
2022037164,,1,0,0,0,0,0,0,0,0,4,0,,67,4,2022,6,39.9138,-75.2362,,6,0,0,0,0,0,0,0,0,,0,0,0.0,17,1,1,1,,0,39 54:49.676,,0,75 14:10.316,8,0,0,0,67301,0,0,0,N,0,0,0,2,00000,0,,1,1,,,,N,0,,0,0,1,3,3,,1730,1,2,0,0,0,1,0,3,4,0,2,3,,N,,,,,,,,,,,
2022069398,2314.0,1,0,0,0,0,0,0,0,0,7,0,,67,7,2022,3,39.9835,-75.0976,2306.0,6,0,0,0,1,0,0,0,0,,0,0,0.0,23,3,0,0,N,2,39 59:00.484,1.0,0,75 05:51.463,0,0,0,0,67301,0,0,0,Y,0,0,0,1,68K01,0,,4,1,2330.0,N,N,N,0,,0,0,0,0,0,Y,2304,0,1,0,0,0,0,0,3,4,0,1,3,3.0,N,,,,,,,,,,,
2022053026,1910.0,1,0,0,0,0,0,0,0,0,4,0,,67,6,2022,2,40.0286,-75.0339,1904.0,6,0,0,0,0,0,1,0,0,,0,0,0.0,19,1,0,1,,0,40 01:42.885,,0,75 02:02.202,9,0,0,0,67301,0,0,0,N,0,0,0,3,67301,0,,1,1,,N,N,N,0,,0,0,2,3,2,,1904,0,3,0,0,0,0,1,3,4,0,3,3,3.0,N,,,,,,,,,,,
2022066831,344.0,1,0,0,0,0,0,0,0,0,1,0,,67,6,2022,7,39.9109,-75.149,325.0,6,0,0,0,0,0,0,0,0,,0,0,0.0,3,3,0,0,N,0,39 54:39.252,,0,75 08:56.503,9,0,0,0,67301,0,0,0,N,0,0,0,2,68K01,0,,2,1,,N,N,N,0,,0,0,0,0,0,,323,0,2,0,0,0,0,2,3,4,0,2,3,,N,,,,,,,,,,,
2022055597,51.0,0,0,0,0,0,0,0,0,0,0,0,,67,6,2022,5,40.0505,-75.1643,48.0,6,0,0,0,0,0,0,0,0,,0,0,0.0,0,3,0,0,N,0,40 03:01.780,,0,75 09:51.580,0,0,0,0,67301,0,0,0,N,0,0,0,1,67301,0,,1,9,,N,N,N,0,,0,0,1,0,0,,47,0,1,0,0,0,0,0,3,4,0,1,7,7.0,N,,,,,,,,,,,
2022069401,355.0,0,0,0,0,0,0,0,0,0,7,0,,67,7,2022,5,39.9586,-75.1687,349.0,6,0,0,0,0,0,0,0,0,,0,0,0.0,3,3,1,0,N,1,39 57:30.969,3.0,0,75 10:07.153,8,0,0,0,67301,0,0,0,N,0,0,0,1,68K01,0,,4,1,100.0,N,N,N,0,,0,0,1,0,0,Y,349,1,1,0,0,0,1,0,3,4,0,1,3,3.0,N,,,,,,,,,,,
2022069594,1446.0,1,0,0,0,0,0,0,0,0,5,0,,67,7,2022,7,39.9896,-75.0873,1427.0,6,0,0,0,0,0,0,0,0,,0,0,0.0,14,1,0,0,N,1,39 59:22.463,1.0,0,75 05:14.179,0,0,0,0,67301,0,0,0,N,0,0,0,3,68K01,0,,1,1,1500.0,N,N,N,0,,0,0,0,0,0,N,1425,0,2,0,0,1,0,0,3,4,1,2,3,3.0,N,,,,,,,,,,,
2022053373,,2,0,0,0,0,0,0,0,0,4,0,,67,4,2022,1,39.9166,-75.2311,,6,0,0,0,0,0,0,0,0,,0,0,0.0,14,1,1,1,,0,39 54:59.751,,0,75 13:52.108,8,0,0,0,67301,0,0,0,N,0,0,0,2,00000,0,,1,1,,,,N,0,,0,0,0,3,3,,1410,1,2,0,0,0,1,0,3,4,0,2,3,,N,,,,,,,,,,,
2022068608,500.0,4,0,0,0,0,0,0,0,0,2,0,,67,7,2022,6,40.039,-75.1501,458.0,6,0,0,0,0,0,0,0,0,,0,0,0.0,4,3,1,3,,0,40 02:20.300,,0,75 09:00.181,4,0,0,0,67301,0,0,0,N,0,0,0,1,67301,1,,1,1,,N,N,N,0,,0,0,0,3,2,,453,1,4,0,0,0,0,0,3,4,0,4,3,3.0,N,,,,,,,,,,,
2022065886,1131.0,1,0,0,0,0,0,0,0,0,1,0,,67,6,2022,2,40.0072,-75.1921,1124.0,6,0,0,0,0,0,0,0,0,,0,0,0.0,11,1,1,0,Y,0,40 00:25.961,,0,75 11:31.634,8,0,0,0,67301,0,0,0,N,0,0,0,2,68K01,0,,1,1,,N,N,N,0,,0,0,1,3,2,,1118,1,2,0,0,0,1,0,3,4,0,2,3,,N,,,,,,,,,,,
2022055558,1355.0,1,0,0,0,0,0,0,0,0,4,0,,67,6,2022,4,40.0707,-75.2412,1350.0,6,0,1,0,0,0,0,0,0,,0,0,0.0,13,1,0,1,,1,40 04:14.265,5.0,0,75 14:28.593,0,0,0,0,67301,0,0,0,N,0,0,0,4,67301,0,,1,1,1420.0,N,N,N,0,,0,0,1,3,2,Y,1345,0,2,0,0,0,0,0,3,4,0,2,3,3.0,N,,,,,,,,,,,
2022069372,100.0,0,0,0,0,0,0,0,0,0,1,1,,67,7,2022,5,40.0538,-74.9844,100.0,6,0,0,0,0,0,1,0,0,,0,1,0.0,23,3,0,0,N,0,40 03:13.680,,0,74 59:03.670,0,0,0,0,67301,0,0,0,N,0,0,0,1,67301,0,,6,1,,N,N,N,0,,0,0,1,0,0,,2330,0,2,0,0,0,0,0,3,4,0,2,3,3.0,N,,,,,,,,,,,
2022057946,16.0,1,0,0,0,0,0,0,0,0,7,0,,67,6,2022,4,39.9458,-75.1425,10.0,6,0,0,0,1,0,0,0,0,,0,0,0.0,0,3,0,0,N,0,39 56:44.976,,0,75 08:33.161,0,0,0,0,67301,0,0,0,N,0,0,0,1,68K01,0,,3,9,,N,N,N,0,,0,0,0,0,0,,7,0,1,0,0,0,0,0,3,4,0,1,3,3.0,N,,,,,,,,,,,
2022068776,1230.0,1,0,0,0,0,0,0,0,0,8,0,,67,5,2022,1,39.9734,-75.1672,1226.0,6,0,0,0,0,0,0,0,0,,0,0,0.0,23,3,1,5,,0,39 58:24.247,,0,75 10:01.985,2,0,0,0,67301,1,0,1,N,1,0,1,3,67301,0,,1,1,,N,N,N,0,,0,1,0,3,2,,2337,1,2,0,0,0,0,0,3,4,0,1,3,,N,,,,,,,,,,,
2022055586,1407.0,1,0,0,0,0,0,0,0,0,4,0,,67,6,2022,4,39.9348,-75.2299,1404.0,6,0,0,0,0,0,1,0,0,,0,0,0.0,14,1,1,2,,0,39 56:05.351,,0,75 13:47.776,3,0,0,0,67301,0,0,0,N,0,0,0,3,67301,0,,1,1,,N,N,N,0,,1,0,1,3,3,,1400,1,2,0,0,0,0,0,3,4,0,2,3,3.0,N,,,,,,,,,,,
2022059115,2314.0,0,0,0,0,0,0,0,0,0,7,0,,67,6,2022,4,40.0303,-75.0221,2307.0,6,0,1,0,0,0,0,0,0,,0,0,0.0,23,3,1,0,N,1,40 01:48.960,2.0,3,75 01:19.476,8,0,0,0,67301,0,0,0,N,0,0,0,1,68K01,0,,3,9,2340.0,N,N,N,0,,0,0,1,0,0,N,2306,1,1,0,0,0,1,0,3,4,0,1,7,,N,,,,,,,,,,,
2022068802,935.0,0,0,0,0,0,0,0,0,0,1,0,,67,4,2022,2,39.9927,-75.1862,935.0,6,0,0,0,0,0,1,1,0,,0,0,0.0,6,1,2,1,,9,39 59:33.918,,0,75 11:10.185,3,0,0,0,67301,0,0,0,N,0,0,0,3,67301,0,,1,1,,N,N,N,0,,2,0,2,3,2,,637,2,2,0,0,1,0,0,3,4,0,2,3,,N,,,,,,,,,,,
2022068569,1419.0,0,0,0,0,0,0,0,0,0,4,1,,67,7,2022,6,39.9256,-75.2343,1344.0,6,0,0,0,0,0,0,0,0,,0,1,0.0,13,1,0,1,,2,39 55:32.089,7.0,0,75 14:03.592,0,0,0,0,67301,0,0,0,N,0,0,0,2,67301,0,,1,1,1505.0,N,N,N,0,,0,0,2,3,2,Y,1328,0,3,0,0,0,0,0,3,4,0,3,3,3.0,N,,,,,,,,,,,
2022068059,1201.0,2,0,0,0,0,0,0,0,0,5,0,,67,6,2022,1,39.8881,-75.2172,1155.0,6,0,0,0,0,0,0,0,1,,0,0,0.0,11,1,0,0,N,0,39 53:17.060,,0,75 13:01.993,0,0,0,0,67301,0,0,0,N,0,0,0,2,68K01,0,,1,1,,N,N,N,0,,0,0,0,0,0,,1153,0,2,0,0,0,0,0,3,4,0,2,3,3.0,N,,,,,,,,,,,
2022063938,224.0,1,0,0,0,0,0,0,0,0,1,0,,67,6,2022,1,39.9539,-75.1815,219.0,6,0,0,0,0,0,0,0,0,,0,0,0.0,2,3,0,0,N,0,39 57:14.058,,0,75 10:53.371,0,0,0,0,67301,0,0,0,N,0,0,0,2,68K01,0,,1,1,,N,N,N,0,,0,0,1,0,0,,219,0,2,0,0,0,0,0,3,4,0,2,3,,N,,,,,,,,,,,
2022055898,1115.0,2,0,0,0,0,0,0,0,0,1,0,,67,6,2022,1,40.0455,-75.1649,1114.0,6,0,0,0,0,1,1,0,0,,0,0,0.0,11,1,1,1,,0,40 02:43.798,,0,75 09:53.516,3,0,0,0,67301,0,0,0,N,0,0,0,2,67301,0,,1,9,,N,N,N,0,,1,0,0,3,2,,1110,1,2,0,0,0,0,0,3,4,0,2,4,,N,,,,,,,,,,,
2022055555,1501.0,0,0,0,0,0,0,0,0,0,4,0,,67,6,2022,6,39.899,-75.1749,1500.0,6,0,0,0,0,0,2,0,0,,0,0,0.0,14,1,0,1,,0,39 53:56.549,,2,75 10:29.495,9,0,0,0,67301,0,0,0,N,0,0,0,2,67301,0,,1,1,,N,N,N,0,,0,0,2,3,2,,1400,0,2,0,0,0,0,1,3,4,0,2,3,,N,,,,,,,,,,,
2022067350,615.0,1,0,0,0,0,0,0,0,0,5,0,,67,6,2022,5,39.9066,-75.1498,605.0,6,0,0,0,0,0,1,0,0,,0,0,0.0,5,5,2,0,N,0,39 54:23.733,,0,75 08:59.456,3,0,0,0,67301,0,0,0,N,0,0,0,2,68K01,0,,1,8,,N,N,N,0,,2,0,1,0,0,,544,2,2,0,0,1,0,0,3,4,0,2,3,,N,,,,,,,,,,,
2022046391,,1,0,0,0,0,0,0,0,0,4,0,,67,4,2022,6,40.0508,-75.0775,,6,0,0,0,0,0,0,0,0,,0,0,0.0,0,3,1,1,,0,40 03:02.987,,0,75 04:38.971,8,0,0,0,67301,0,0,0,N,0,0,0,2,00000,0,,1,1,,,,N,0,,0,0,0,3,2,,45,1,2,0,0,0,1,0,3,4,0,2,3,,N,,,,,,,,,,,
2022055685,47.0,2,0,0,0,0,0,0,0,0,1,0,,67,6,2022,5,39.9983,-75.1751,43.0,6,0,0,0,0,0,0,0,0,,0,0,0.0,0,3,1,0,Y,1,39 59:54.000,1.0,0,75 10:30.500,8,0,0,0,67301,0,0,0,N,0,0,0,1,67301,0,,6,9,101.0,N,N,N,0,,0,0,1,0,0,N,0,1,3,0,0,1,1,0,3,4,0,3,7,,N,,,,,,,,,,,
2022053027,1840.0,0,0,0,0,0,0,0,0,0,4,0,,67,6,2022,2,40.0297,-75.054,1837.0,6,0,0,0,0,0,1,0,0,,0,0,0.0,18,1,0,1,,1,40 01:46.988,1.0,0,75 03:14.410,0,0,0,0,67301,0,0,0,N,0,0,0,4,67301,0,,1,1,2033.0,N,N,N,0,,0,0,2,3,3,Y,1837,0,2,0,0,0,0,0,3,4,0,2,3,3.0,N,,,,,,,,,,,
2022055551,2230.0,0,0,0,0,0,0,0,0,0,8,0,,67,6,2022,2,39.9145,-75.154,2220.0,6,0,0,0,0,0,0,0,0,,0,0,0.0,12,1,1,0,N,0,39 54:52.340,,7,75 09:14.264,4,0,0,0,67301,1,0,0,N,1,0,0,2,67301,1,,1,1,,N,N,N,0,,0,0,1,0,0,,1230,1,2,0,0,0,0,0,3,4,0,1,3,,N,,,,,,,,,,,
2022043773,,0,0,0,0,0,0,0,0,0,1,0,,67,4,2022,2,39.9749,-75.1965,,6,0,0,0,0,0,1,0,0,,0,0,0.0,0,3,2,0,Y,0,39 58:29.717,,0,75 11:47.395,8,0,0,0,67301,0,0,0,N,0,0,0,3,00000,0,,1,1,,,,N,0,,0,0,2,3,2,,28,2,2,0,0,0,2,0,3,4,0,2,3,,N,,,,,,,,,,,
2022054609,41.0,1,0,0,0,0,0,0,0,0,1,0,,67,6,2022,5,40.0494,-74.9951,18.0,6,0,0,0,0,0,0,0,0,,0,0,0.0,0,2,2,0,N,0,40 02:57.787,,0,74 59:42.437,3,0,0,0,67301,0,0,0,N,0,0,0,3,68K01,0,,1,9,,N,N,N,0,,2,0,1,0,0,,15,2,2,0,0,0,0,0,3,4,0,2,7,,N,,,,,,,,,,,
2022054644,2056.0,0,0,0,0,0,0,0,0,0,7,0,,67,6,2022,6,39.9124,-75.174,2052.0,6,0,0,0,0,0,0,0,0,,0,0,0.0,20,4,1,7,,2,39 54:44.800,2.0,8,75 10:26.300,8,0,0,0,67301,0,0,0,N,0,0,0,4,67501,0,,4,1,2113.0,N,N,N,0,,0,0,0,0,0,Y,2045,1,1,0,0,0,1,0,3,4,1,1,3,3.0,N,,,,,,,,,,,
2022055580,2309.0,2,0,0,0,0,0,0,0,0,4,0,,67,6,2022,5,40.1029,-74.9779,2305.0,6,0,0,1,0,0,0,0,0,,0,0,0.0,22,3,1,2,,0,40 06:10.436,,0,74 58:40.328,3,0,0,0,67301,0,0,0,N,0,0,0,2,67301,0,,1,1,,N,N,N,0,,1,0,1,3,3,,2250,1,3,0,0,0,0,0,3,4,0,3,3,3.0,N,,,,,,,,,,,
2022064680,611.0,0,0,0,0,0,0,0,0,0,1,0,,67,6,2022,5,39.8788,-75.2494,558.0,6,0,0,0,0,0,0,0,0,,0,0,0.0,5,2,0,0,N,0,39 52:43.551,,0,75 14:57.842,0,0,0,0,67301,0,0,0,N,0,0,0,3,68K01,0,,1,8,,N,N,N,0,,0,0,3,0,0,,539,0,3,0,0,0,0,0,3,4,0,3,7,,N,,,,,,,,,,,
2022053091,2017.0,1,0,0,0,0,0,0,0,0,7,0,,67,6,2022,2,40.1075,-75.0544,2007.0,6,0,0,0,0,0,0,0,0,,0,0,0.0,20,4,1,0,N,0,40 06:26.900,,0,75 03:15.800,3,0,0,0,67301,0,0,0,N,0,0,0,1,67301,0,,4,1,,N,N,N,0,,1,0,0,0,0,,2006,1,1,0,0,0,0,0,3,4,0,1,3,,N,,,,,,,,,,,
2022067442,1424.0,2,0,0,0,0,0,0,0,0,1,0,,67,6,2022,1,40.0436,-75.0027,1356.0,6,0,0,0,0,0,0,0,0,,0,0,0.0,13,1,0,0,N,0,40 02:36.974,,0,75 00:09.842,0,0,0,0,67301,0,0,0,N,0,0,0,2,68K01,0,,1,1,,N,N,N,0,,0,0,0,0,0,,1356,0,2,0,0,0,0,0,3,4,0,2,3,3.0,N,,,,,,,,,,,
2022068763,1240.0,2,0,0,0,0,0,0,0,0,4,0,,67,7,2022,5,39.9199,-75.2228,1240.0,6,0,0,0,0,0,1,0,0,,0,0,0.0,12,1,0,2,,0,39 55:11.745,,0,75 13:21.926,0,0,0,0,67301,0,0,0,N,0,0,0,3,67301,0,,1,1,,N,N,N,0,,0,0,1,3,3,,1230,0,3,0,0,0,0,0,3,4,0,3,3,3.0,N,,,,,,,,,,,
2022068258,1833.0,1,0,0,0,0,0,0,0,0,1,1,,67,7,2022,1,39.9669,-75.1347,1828.0,6,0,0,0,0,0,0,0,0,,0,1,0.0,18,1,5,0,N,1,39 58:00.690,2.0,0,75 08:04.838,8,0,0,0,67301,0,0,0,N,0,0,0,9,68K01,0,,1,1,1900.0,N,N,N,0,,0,0,1,0,0,N,1827,5,3,0,0,0,5,1,3,4,0,3,3,3.0,N,,,,,,,,,,,
2022039427,,2,0,0,0,0,0,0,0,0,4,0,,67,4,2022,3,39.9189,-75.2101,,6,0,0,0,1,0,0,0,0,,0,0,0.0,16,1,2,0,N,0,39 55:08.000,,7,75 12:36.500,8,0,0,0,67301,0,0,0,N,0,0,0,3,00000,0,,1,1,,,,N,0,,0,0,0,0,0,,1645,2,4,0,0,0,2,0,3,4,0,4,3,,N,,,,,,,,,,,
2022055683,1214.0,0,0,0,0,0,0,0,0,0,4,0,,67,6,2022,3,40.0047,-75.1769,1212.0,6,0,0,0,0,0,1,0,0,,0,0,0.0,12,1,2,1,,0,40 00:16.889,,0,75 10:36.864,3,0,0,0,67301,0,0,0,N,0,0,0,3,67301,0,,1,1,,N,N,N,1,,2,0,1,3,2,,1212,2,2,0,0,0,0,0,3,4,0,2,3,,N,,,,,,,,,,,
2022068557,730.0,0,0,0,0,0,0,0,0,0,4,1,,67,7,2022,7,39.914,-75.1601,730.0,6,0,0,0,0,0,0,0,0,,0,1,0.0,22,3,1,1,,0,39 54:50.461,,0,75 09:36.446,3,0,0,0,67301,0,0,0,N,0,0,0,2,67301,0,,1,99,,N,N,N,0,,1,0,1,0,0,,2222,1,3,0,0,2,0,1,3,4,1,3,3,,N,,,,,,,,,,,
2022068609,1415.0,1,0,0,0,0,0,0,0,0,4,1,,67,7,2022,6,40.0472,-75.1281,1415.0,6,0,0,0,0,0,0,0,0,,0,1,0.0,13,1,3,1,,0,40 02:49.876,,0,75 07:41.336,3,0,0,0,67301,3,0,0,N,0,0,0,4,67301,0,,1,1,,N,N,N,0,,1,0,0,3,2,,1330,3,2,0,0,1,2,1,3,4,0,2,3,,N,,,,,,,,,,,