CRN,ARRIVAL_TM,AUTOMOBILE_COUNT,BELTED_DEATH_COUNT,BELTED_SUSP_SERIOUS_INJ_COUNT,BICYCLE_COUNT,BICYCLE_DEATH_COUNT,BICYCLE_SUSP_SERIOUS_INJ_COUNT,BUS_COUNT,CHLDPAS_DEATH_COUNT,CHLDPAS_SUSP_SERIOUS_INJ_COUNT,COLLISION_TYPE,COMM_VEH_COUNT,CONS_ZONE_SPD_LIM,COUNTY,CRASH_MONTH,CRASH_YEAR,DAY_OF_WEEK,DEC_LAT,DEC_LONG,DISPATCH_TM,DISTRICT,DRIVER_COUNT_16YR,DRIVER_COUNT_17YR,DRIVER_COUNT_18YR,DRIVER_COUNT_19YR,DRIVER_COUNT_20YR,DRIVER_COUNT_50_64YR,DRIVER_COUNT_65_74YR,DRIVER_COUNT_75PLUS,EST_HRS_CLOSED,FATAL_COUNT,HEAVY_TRUCK_COUNT,HORSE_BUGGY_COUNT,HOUR_OF_DAY,ILLUMINATION,INJURY_COUNT,INTERSECT_TYPE,INTERSECTION_RELATED,LANE_CLOSED,LATITUDE,LN_CLOSE_DIR,LOCATION_TYPE,LONGITUDE,MAX_SEVERITY_LEVEL,MCYCLE_DEATH_COUNT,MCYCLE_SUSP_SERIOUS_INJ_COUNT,MOTORCYCLE_COUNT,MUNICIPALITY,NONMOTR_COUNT,NONMOTR_DEATH_COUNT,NONMOTR_SUSP_SERIOUS_INJ_COUNT,NTFY_HIWY_MAINT,PED_COUNT,PED_DEATH_COUNT,PED_SUSP_SERIOUS_INJ_COUNT,PERSON_COUNT,POLICE_AGCY,POSSIBLE_INJ_COUNT,RDWY_SURF_TYPE_CD,RELATION_TO_ROAD,ROAD_CONDITION,ROADWAY_CLEARED,SCH_BUS_IND,SCH_ZONE_IND,SECONDARY_CRASH,SMALL_TRUCK_COUNT,SPEC_JURIS_CD,SUSP_MINOR_INJ_COUNT,SUSP_SERIOUS_INJ_COUNT,SUV_COUNT,TCD_FUNC_CD,TCD_TYPE,TFC_DETOUR_IND,TIME_OF_DAY,TOT_INJ_COUNT,TOTAL_UNITS,UNB_DEATH_COUNT,UNB_SUSP_SERIOUS_INJ_COUNT,UNBELTED_OCC_COUNT,UNK_INJ_DEG_COUNT,UNK_INJ_PER_COUNT,URBAN_AREA,URBAN_RURAL,VAN_COUNT,VEHICLE_COUNT,WEATHER1,WEATHER2,WORK_ZONE_IND,WORK_ZONE_LOC,WORK_ZONE_TYPE,WORKERS_PRES,WZ_CLOSE_DETOUR,WZ_FLAGGER,WZ_LAW_OFFCR_IND,WZ_LN_CLOSURE,WZ_MOVING,WZ_OTHER,WZ_SHLDER_MDN,WZ_WORKERS_INJ_KILLED
2022068576,1559.0,1,0,0,0,0,0,0,0,0,8,0,,67,7,2022,2,40.03,-75.0354,1522.0,6,0,0,0,0,0,0,0,0,,0,0,0.0,17,1,1,0,N,0,40 01:48.104,,7,75 02:07.270,4,0,0,0,67301,1,0,0,N,1,0,0,1,67301,1,,1,1,,N,N,N,0,,0,0,0,0,0,,1723,1,2,0,0,0,0,0,3,4,0,1,3,,N,,,,,,,,,,,
2022066718,226.0,2,0,0,0,0,0,0,0,0,5,0,,67,6,2022,4,39.9581,-75.1412,200.0,6,0,0,0,0,0,0,0,0,,0,0,0.0,1,3,1,0,N,0,39 57:29.111,,0,75 08:28.479,4,0,0,0,67301,0,0,0,N,0,0,0,2,68K01,1,,1,1,,N,N,N,0,,0,0,0,0,0,,158,1,2,0,0,0,0,0,3,4,0,2,3,3.0,N,,,,,,,,,,,
2022063080,502.0,0,0,0,0,0,0,0,0,0,5,0,,67,6,2022,1,39.9793,-75.2373,500.0,6,0,0,0,0,0,1,0,0,,0,0,0.0,4,3,0,0,N,0,39 58:45.350,,0,75 14:14.400,0,0,0,0,67301,0,0,0,N,0,0,0,1,67301,0,,6,1,,N,N,N,1,,0,0,2,0,0,,458,0,3,0,0,0,0,0,3,4,0,3,3,3.0,N,,,,,,,,,,,
2022068598,1040.0,1,0,0,0,0,0,0,0,0,7,0,,67,7,2022,5,39.9816,-75.1671,1034.0,6,0,0,1,0,0,0,0,0,,0,0,0.0,10,1,1,0,N,0,39 58:53.810,,0,75 10:01.420,3,0,0,0,67301,0,0,0,N,0,0,0,1,67301,0,,5,1,,N,N,N,0,,1,0,0,0,0,,1033,1,1,0,0,0,0,0,3,4,0,1,3,3.0,N,,,,,,,,,,,
2022068801,535.0,1,0,0,0,0,0,0,0,0,8,0,,67,4,2022,2,39.9714,-75.1594,533.0,6,0,0,0,0,0,0,0,0,,0,0,0.0,5,3,1,1,,2,39 58:17.205,1.0,0,75 09:33.736,8,0,0,0,67301,1,0,0,N,1,0,0,2,67301,0,,1,1,702.0,N,N,N,0,,0,0,0,3,2,Y,529,1,2,0,0,0,1,1,3,4,0,1,3,3.0,N,,,,,,,,,,,
2022023768,1155.0,0,0,0,0,0,0,0,0,0,7,0,,67,3,2022,3,39.9812,-75.1773,1155.0,6,0,0,0,0,0,0,0,0,,0,0,0.0,11,1,0,1,,0,39 58:52.269,,0,75 10:38.265,9,0,0,0,67301,0,0,0,N,0,0,0,3,67301,0,,4,1,,N,N,N,0,,0,0,1,3,2,,1155,0,1,0,0,0,0,3,3,4,0,1,3,,N,,,,,,,,,,,
2022043926,1305.0,2,0,0,0,0,0,0,0,0,1,0,,67,4,2022,2,40.0405,-75.0474,1305.0,6,0,0,0,0,0,0,0,0,,0,0,0.0,12,1,2,1,,0,40 02:25.802,,0,75 02:50.481,4,0,0,0,67301,0,0,0,N,0,0,0,3,67301,2,,1,1,,N,N,N,0,,0,0,0,3,2,,1257,2,2,0,0,0,0,0,3,4,0,2,4,,N,,,,,,,,,,,
2022048726,111.0,2,0,0,0,0,0,0,0,0,4,0,,67,5,2022,4,39.9802,-75.1575,110.0,6,0,0,0,0,0,0,0,0,,0,0,0.0,1,3,0,1,N,1,39 58:48.805,5.0,0,75 09:27.384,9,0,0,0,67301,0,0,0,N,0,0,0,3,67505,0,,1,1,134.0,N,N,N,0,,0,0,0,3,2,N,110,0,2,0,0,1,0,1,3,4,0,2,3,3.0,N,,,,,,,,,,,
2022043818,800.0,2,0,0,0,0,0,0,0,0,4,0,,67,4,2022,3,40.0316,-75.2076,749.0,6,0,0,0,0,0,0,0,0,,0,0,0.0,7,1,1,1,,0,40 01:53.814,,0,75 12:27.475,4,0,0,0,67301,0,0,0,N,0,0,0,3,67301,1,,1,1,,N,N,N,0,,0,0,1,3,2,,746,1,3,0,0,0,0,0,3,4,0,3,3,3.0,N,,,,,,,,,,,
2022026057,1730.0,1,0,0,0,0,0,0,0,0,8,0,,67,3,2022,7,39.9596,-75.2468,1713.0,6,0,0,0,0,0,0,0,0,,0,0,0.0,15,1,1,0,N,0,39 57:34.546,,0,75 14:48.472,3,0,0,0,67301,1,0,0,N,1,0,0,2,67301,0,,4,7,,N,N,N,0,,1,0,0,0,0,,1536,1,2,0,0,0,0,1,3,4,0,1,10,9.0,N,,,,,,,,,,,
2022050656,2115.0,1,0,0,0,0,0,0,0,0,8,0,,67,5,2022,1,40.0382,-75.0368,2111.0,6,0,0,0,0,0,0,0,0,,0,0,0.0,21,2,1,0,N,2,40 02:17.522,4.0,0,75 02:12.502,3,0,0,0,67301,1,0,0,N,1,0,0,2,67301,0,,1,1,45.0,N,N,N,0,,1,0,0,0,0,Y,2108,1,2,0,0,0,0,0,3,4,0,1,3,1.0,N,,,,,,,,,,,
2022023764,1305.0,0,0,0,0,0,0,0,0,0,1,0,,67,3,2022,1,39.9532,-75.2487,1303.0,6,0,0,0,0,0,1,0,0,,0,0,0.0,12,1,1,2,,0,39 57:11.353,,0,75 14:55.491,3,0,0,0,67301,0,0,0,N,0,0,0,4,67301,0,,1,9,,N,N,N,0,,1,0,2,3,2,,1250,1,3,0,0,0,0,0,3,4,0,3,7,,N,,,,,,,,,,,
2022041390,1535.0,1,0,0,0,0,0,0,0,0,5,0,,67,4,2022,7,39.8916,-75.2371,1514.0,6,0,0,0,0,0,1,0,0,,0,0,0.0,15,1,0,0,N,0,39 53:29.799,,0,75 14:13.498,0,0,0,0,67301,0,0,0,N,0,0,0,2,68K01,0,,1,1,,N,N,N,0,,0,0,0,0,0,,1502,0,2,0,0,0,0,0,3,4,1,2,3,,N,,,,,,,,,,,
2022040691,825.0,1,0,0,0,0,0,0,0,0,1,0,,67,4,2022,3,39.9825,-75.2079,825.0,6,0,0,0,0,0,0,1,0,,0,0,0.0,8,1,0,0,N,0,39 58:56.979,,0,75 12:28.295,0,0,0,0,67301,0,0,0,N,0,0,0,2,68K01,0,,1,1,,N,N,N,1,,0,0,0,0,0,,825,0,2,0,0,0,0,0,3,4,0,2,3,3.0,N,,,,,,,,,,,
2022024008,1331.0,1,0,0,0,0,0,0,0,0,1,0,,67,2,2022,2,40.0023,-75.0781,1324.0,6,0,0,0,0,0,0,0,0,,0,0,0.0,13,1,2,0,N,1,40 00:08.407,1.0,3,75 04:41.154,3,0,0,0,67301,0,0,0,N,0,0,0,4,68K01,1,,1,1,1335.0,N,N,N,1,,1,0,1,0,0,N,1321,2,3,0,0,0,0,0,3,4,0,3,3,,N,,,,,,,,,,,
2022030049,1510.0,1,0,0,0,0,0,0,0,0,8,0,,67,3,2022,7,39.9383,-75.2163,1504.0,6,0,0,0,0,0,0,1,0,,0,0,0.0,14,1,1,1,,0,39 56:17.890,,0,75 12:58.503,2,0,0,0,67301,1,0,1,N,1,0,1,2,67301,0,,1,1,,N,N,N,0,,0,1,0,3,2,,1430,1,2,0,0,0,0,0,3,4,0,1,3,3.0,N,,,,,,,,,,,
2022039748,753.0,1,0,0,0,0,0,0,0,0,5,1,,67,4,2022,4,39.9947,-75.0838,741.0,6,0,0,1,0,0,0,0,0,,0,0,0.0,7,1,1,0,N,1,39 59:40.831,1.0,0,75 05:01.526,3,0,0,0,67301,0,0,0,N,0,0,0,3,68K01,0,,1,1,845.0,N,N,N,0,,1,0,1,0,0,N,738,1,3,0,0,0,0,0,3,4,0,3,3,3.0,N,,,,,,,,,,,
2022033151,100.0,3,0,0,0,0,0,0,0,0,1,0,,67,3,2022,5,40.0258,-75.1818,1244.0,6,0,0,0,0,0,0,0,0,,0,0,0.0,23,3,0,0,N,0,40 01:32.889,,0,75 10:54.647,0,0,0,0,67301,0,0,0,N,0,0,0,1,67301,0,,6,9,,N,N,N,0,,0,0,0,0,0,,2334,0,3,0,0,0,0,0,3,4,0,3,7,,N,,,,,,,,,,,
2022025639,2205.0,1,0,0,0,0,0,0,0,0,5,0,,67,3,2022,7,39.9724,-75.1754,2201.0,6,0,0,0,0,0,0,0,1,,0,0,0.0,22,2,1,0,N,0,39 58:20.738,,0,75 10:31.522,3,0,0,0,67301,0,0,0,N,0,0,0,1,67301,0,,6,1,,N,N,N,0,,1,0,2,0,0,,2201,1,3,0,0,0,0,0,3,4,0,3,3,3.0,N,,,,,,,,,,,
2022043962,2110.0,0,0,0,1,0,0,0,0,0,4,0,,67,5,2022,3,39.9379,-75.1667,2110.0,6,0,0,0,0,0,0,0,0,,0,0,0.0,15,1,1,1,,0,39 56:16.309,,0,75 10:00.119,3,0,0,0,67301,1,0,0,N,0,0,0,2,67301,0,,1,1,,N,N,N,1,,1,0,0,9,2,,1545,1,2,0,0,0,0,0,3,4,0,1,3,,N,,,,,,,,,,,
2022040687,314.0,3,0,0,0,0,0,0,0,0,1,0,,67,3,2022,7,40.0193,-75.0459,259.0,6,0,0,0,0,0,0,0,0,,0,0,0.0,2,3,0,0,N,1,40 01:09.560,2.0,0,75 02:45.332,0,0,0,0,67301,0,0,0,N,0,0,0,4,68K01,0,,1,1,400.0,N,N,N,0,,0,0,1,0,0,N,256,0,4,0,0,1,0,0,3,4,0,4,3,,N,,,,,,,,,,,
2022016279,315.0,1,0,0,0,0,0,0,0,0,7,0,,67,2,2022,1,40.028,-75.1905,311.0,6,0,0,0,0,0,0,0,0,,0,0,0.0,3,3,0,0,N,0,40 01:40.650,,0,75 11:25.880,0,0,0,0,67301,0,0,0,N,0,0,0,1,67301,0,,4,9,,N,N,N,0,,0,0,0,0,0,,303,0,1,0,0,0,0,0,3,4,0,1,10,9.0,N,,,,,,,,,,,
2022034497,3.0,1,0,0,0,0,0,0,0,0,7,0,,67,2,2022,3,39.9903,-75.2051,2355.0,6,0,0,0,0,0,0,0,0,,0,0,0.0,23,3,1,0,N,2,39 59:25.026,3.0,0,75 12:18.384,2,0,0,0,67301,0,0,0,N,0,0,0,2,68K01,0,,3,1,400.0,N,N,Y,0,,0,1,1,0,0,N,2355,1,2,0,0,0,0,0,3,4,0,2,3,,N,,,,,,,,,,,
2022043691,153.0,1,0,0,0,0,0,0,0,0,5,0,,67,4,2022,1,39.9452,-75.1424,146.0,6,0,0,0,0,0,0,0,0,,0,0,0.0,1,3,0,0,N,0,39 56:42.609,,0,75 08:32.673,0,0,0,0,67301,0,0,0,N,0,0,0,3,68K01,0,,1,9,,N,N,N,0,,0,0,0,0,0,,140,0,2,0,0,0,0,0,3,4,0,2,7,,N,,,,,,,,,,,
2022026846,926.0,1,0,0,0,0,0,0,0,0,8,0,,67,3,2022,4,39.9278,-75.237,923.0,6,0,0,0,0,0,0,0,0,,0,0,0.0,9,1,1,1,,0,39 55:40.278,,0,75 14:13.330,3,0,0,0,67301,1,0,0,N,1,0,0,2,67301,0,,1,1,,N,N,N,0,,1,0,0,3,2,,921,1,2,0,0,0,0,0,3,4,0,1,3,98.0,N,,,,,,,,,,,
2022021304,38.0,2,0,0,0,0,0,0,0,0,7,0,,67,2,2022,2,40.0229,-75.1482,36.0,6,0,0,0,0,0,0,0,0,,0,0,0.0,0,3,0,5,,1,40 01:22.512,1.0,0,75 08:53.354,0,0,0,0,67301,0,0,0,N,0,0,0,1,67301,0,,3,1,1238.0,N,N,N,0,,0,0,0,3,2,N,20,0,2,0,0,0,0,0,3,4,0,2,3,,N,,,,,,,,,,,
2022032871,1033.0,2,0,0,0,0,0,0,0,0,1,0,,67,3,2022,2,40.0624,-75.0427,1033.0,6,0,0,0,0,1,0,0,0,,0,0,0.0,9,1,1,2,,0,40 03:44.813,,0,75 02:33.782,8,0,0,0,67301,0,0,0,N,0,0,0,2,67301,0,,1,9,,N,N,N,0,,0,0,0,3,2,,915,1,2,0,0,0,1,0,3,4,0,2,7,7.0,N,,,,,,,,,,,
2022050954,1706.0,0,0,0,0,0,0,0,0,0,1,0,,67,5,2022,2,39.9817,-75.1015,1706.0,6,0,0,0,0,0,1,0,0,,0,0,0.0,17,1,0,0,N,0,39 58:54.159,,0,75 06:05.324,0,0,0,0,67301,0,0,0,N,0,0,0,2,68K01,0,,1,1,,N,N,N,0,,0,0,2,0,0,,1704,0,2,0,0,0,0,0,3,4,0,2,3,,N,,,,,,,,,,,
2022020772,1211.0,2,0,0,0,0,0,0,0,0,1,0,,67,2,2022,1,40.0009,-75.143,1209.0,6,0,0,0,1,0,0,0,0,,0,0,0.0,11,1,3,0,N,0,40 00:03.200,,0,75 08:34.630,3,0,0,0,67301,2,0,0,N,0,0,0,3,67301,1,,6,1,,N,N,N,0,,2,0,0,0,0,,1100,3,3,0,0,0,0,0,3,4,0,2,3,3.0,N,,,,,,,,,,,
2022044070,2320.0,2,0,0,0,0,0,0,0,0,4,0,,67,4,2022,7,39.9717,-75.1259,2320.0,6,0,0,0,0,0,1,0,0,,0,0,0.0,22,3,0,1,,0,39 58:18.550,,0,75 07:33.339,0,0,0,0,67301,0,0,0,N,0,0,0,2,67301,0,,1,1,,N,N,N,0,,0,0,0,3,2,,2250,0,2,0,0,0,0,0,3,4,0,2,3,3.0,N,,,,,,,,,,,
2022045062,920.0,0,0,0,0,0,0,0,0,0,7,0,,67,5,2022,6,40.1309,-75.0146,918.0,6,0,0,0,0,0,0,0,0,,0,0,0.0,9,1,1,0,N,0,40 07:51.174,,0,75 00:52.431,3,0,0,0,67301,0,0,0,N,0,0,0,1,67301,0,,5,9,,N,N,N,0,,1,0,1,0,0,,915,1,1,0,0,0,0,0,3,4,0,1,7,,N,,,,,,,,,,,
2022030729,739.0,1,0,0,0,0,0,0,0,0,1,0,,67,3,2022,2,40.0428,-75.1135,737.0,6,0,0,0,0,0,0,0,0,,0,0,0.0,6,3,1,1,,0,40 02:33.864,,0,75 06:48.811,8,0,0,0,67301,0,0,0,N,0,0,0,3,67301,0,,1,1,,N,N,N,0,,0,0,2,3,2,,613,1,3,0,0,0,1,2,3,4,0,3,3,3.0,N,,,,,,,,,,,
2022019611,328.0,1,0,0,0,0,0,0,0,0,4,0,,67,2,2022,1,40.0081,-75.0849,324.0,6,0,0,0,0,0,0,0,0,,0,0,0.0,3,3,2,2,,1,40 00:28.472,5.0,0,75 05:06.719,3,0,0,0,67301,0,0,0,N,0,0,0,2,67301,1,,1,1,355.0,N,N,N,0,,1,0,1,3,3,N,320,2,2,0,0,0,0,0,3,4,0,2,3,3.0,N,,,,,,,,,,,
2022033020,1.0,0,0,0,0,0,0,0,0,0,1,0,,67,4,2022,2,40.0215,-75.1398,0.0,6,0,0,0,0,0,0,0,0,,0,0,0.0,23,3,2,1,,2,40 01:17.537,2.0,0,75 08:23.331,4,0,0,0,67301,0,0,0,N,0,0,0,2,67301,2,,1,1,40.0,N,N,N,0,,0,0,2,3,2,N,2350,2,2,0,0,0,0,0,3,4,0,2,3,3.0,N,,,,,,,,,,,
2022029765,1730.0,2,0,0,0,0,0,0,0,0,5,0,,67,3,2022,3,40.1193,-75.0177,1728.0,6,0,0,1,0,0,0,0,0,,0,0,0.0,17,1,1,0,N,0,40 07:09.653,,0,75 01:03.718,4,0,0,0,67301,0,0,0,N,0,0,0,2,67301,1,,1,1,,N,N,N,0,,0,0,0,0,0,,1716,1,2,0,0,0,0,0,3,4,0,2,3,3.0,N,,,,,,,,,,,
2022045498,1340.0,1,0,0,0,0,0,0,0,0,0,0,,67,3,2022,6,39.9654,-75.1368,1335.0,6,0,0,0,0,0,0,0,0,,0,0,0.0,13,1,0,0,N,0,39 57:55.470,,0,75 08:12.339,0,0,0,0,67301,0,0,0,N,0,0,0,2,68K01,0,,1,1,,N,N,N,0,,0,0,0,0,0,,1330,0,1,0,0,0,0,0,3,4,0,1,3,,N,,,,,,,,,,,
2022024234,2149.0,2,0,0,0,0,0,0,0,0,4,0,,67,3,2022,7,39.9623,-75.1613,2149.0,6,0,0,0,0,0,0,0,0,,0,0,0.0,21,3,5,1,,0,39 57:44.409,,0,75 09:40.847,3,0,0,0,67301,0,0,0,N,0,0,0,8,67301,1,,1,1,,N,N,N,0,,4,0,1,3,2,,2145,5,3,0,0,7,0,1,3,4,0,3,3,3.0,N,,,,,,,,,,,
2022052015,1045.0,1,0,0,0,0,0,0,0,0,8,0,,67,6,2022,6,39.9513,-75.1672,1045.0,6,0,0,0,0,0,0,0,0,,0,0,0.0,10,1,1,5,,0,39 57:04.571,,0,75 10:01.941,4,0,0,0,67301,1,0,0,N,1,0,0,1,67301,1,,1,1,,N,N,N,0,,0,0,0,3,2,,1040,1,2,0,0,0,0,0,3,4,0,1,3,3.0,N,,,,,,,,,,,
2022038287,807.0,0,0,0,0,0,0,0,0,0,1,0,,67,4,2022,2,39.9624,-75.1397,756.0,6,0,0,0,0,0,1,0,0,,0,0,0.0,7,1,1,0,N,0,39 57:44.669,,0,75 08:22.983,4,0,0,0,67301,0,0,0,N,0,0,0,3,68K01,1,,1,1,,N,N,N,1,,0,0,2,0,0,,753,1,3,0,0,0,0,0,3,4,0,3,3,3.0,N,,,,,,,,,,,
2022023710,2121.0,2,0,0,0,0,0,0,0,0,4,0,,67,3,2022,7,40.0369,-75.0798,2106.0,6,0,0,0,0,0,0,0,1,,0,0,0.0,21,3,1,1,,0,40 02:12.854,,0,75 04:47.301,3,0,0,0,67301,0,0,0,N,0,0,0,2,67301,0,,1,1,,N,N,N,0,,1,0,0,3,2,,2104,1,2,0,0,0,0,0,3,4,0,2,3,,N,,,,,,,,,,,
2022031942,1613.0,1,0,0,0,0,0,0,0,0,1,0,,67,3,2022,5,39.959,-75.1711,1551.0,6,0,0,0,0,0,0,0,0,,0,0,0.0,15,1,0,0,N,1,39 57:32.500,4.0,0,75 10:15.870,0,0,0,0,67301,0,0,0,N,0,0,0,3,68T07,0,,1,1,1650.0,N,N,N,0,,0,0,0,0,0,N,1550,0,2,0,0,0,0,0,3,4,1,2,3,,N,,,,,,,,,,,
2022024382,24.0,0,0,0,0,0,0,0,0,0,4,0,,67,3,2022,5,40.0432,-75.2275,22.0,6,0,0,0,0,0,0,0,0,,0,0,0.0,0,3,0,2,,0,40 02:35.563,,0,75 13:38.889,9,0,0,0,67301,0,0,0,N,0,0,0,1,67301,0,,1,1,,N,N,N,0,,0,0,2,3,3,,15,0,2,0,0,0,0,1,3,4,0,2,3,3.0,N,,,,,,,,,,,
2022048472,851.0,2,0,0,0,0,0,0,0,0,5,1,,67,5,2022,3,39.9795,-75.1333,850.0,6,0,0,0,0,0,1,0,0,,0,1,0.0,8,1,0,0,N,0,39 58:46.070,,0,75 07:59.940,0,0,0,0,67301,0,0,0,N,0,0,0,1,67301,0,,6,1,,N,N,N,0,,0,0,1,0,0,,833,0,4,0,0,0,0,0,3,4,0,4,3,3.0,N,,,,,,,,,,,
2022021509,1332.0,1,0,0,0,0,0,0,0,0,4,0,,67,2,2022,6,40.0067,-75.078,1329.0,6,0,0,0,0,0,1,0,0,,0,0,0.0,13,1,1,1,,1,40 00:24.264,1.0,0,75 04:40.893,3,0,0,0,67301,0,0,0,N,0,0,0,3,67301,0,,1,1,1403.0,N,N,N,0,,1,0,0,3,3,N,1327,1,2,0,0,0,0,0,3,4,1,2,3,,N,,,,,,,,,,,
2022019647,2230.0,0,0,0,0,0,0,0,0,0,4,0,,67,2,2022,7,40.0108,-75.1266,2030.0,6,0,0,0,0,0,0,0,0,,0,0,0.0,20,3,0,1,,0,40 00:38.955,,0,75 07:35.936,0,0,0,0,67301,0,0,0,N,0,0,0,2,67301,0,,1,1,,N,N,N,0,,0,0,2,3,2,,2030,0,2,0,0,1,0,0,3,4,0,2,3,3.0,N,,,,,,,,,,,
2022043965,605.0,0,0,0,0,0,0,0,0,0,8,0,,67,3,2022,3,39.952,-75.2265,1605.0,6,0,0,0,0,0,0,0,0,,0,0,0.0,19,3,1,1,,9,39 57:07.241,,0,75 13:35.517,2,0,0,0,67301,1,0,1,N,1,0,1,1,67301,0,,1,1,,N,N,N,0,,0,1,0,3,3,,1940,1,2,0,0,0,0,0,3,4,0,1,3,3.0,N,,,,,,,,,,,
2022031937,830.0,1,0,0,0,0,0,0,0,0,5,0,,67,3,2022,5,40.0387,-75.0088,812.0,6,0,0,0,0,0,0,0,0,,0,0,0.0,8,1,1,0,N,1,40 02:19.280,1.0,0,75 00:31.662,3,0,0,0,67301,0,0,0,N,0,0,0,2,68T07,0,,1,1,915.0,N,N,N,0,,1,0,1,0,0,Y,812,1,2,0,0,0,0,0,3,4,0,2,3,3.0,N,,,,,,,,,,,
2022027098,1946.0,1,0,0,0,0,0,0,0,0,6,0,,67,3,2022,5,40.0003,-75.143,1945.0,6,0,0,0,0,0,1,0,0,,0,0,0.0,21,3,1,0,N,0,40 00:01.173,,0,75 08:34.670,4,0,0,0,67301,0,0,0,N,0,0,0,2,67301,1,,1,1,,N,N,N,0,,0,0,0,0,0,,2130,1,2,0,0,0,0,0,3,4,0,2,3,3.0,N,,,,,,,,,,,
2022044016,458.0,1,0,0,0,0,0,0,0,0,99,0,,67,3,2022,1,40.0058,-75.0964,454.0,6,0,0,0,0,0,0,0,0,,0,0,0.0,4,3,1,1,,0,40 00:21.038,,1,75 05:47.101,8,0,0,0,67301,0,0,0,N,0,0,0,2,67301,0,,1,1,,N,N,N,0,,0,0,0,3,2,,430,1,2,0,0,0,1,0,3,4,1,2,3,3.0,N,,,,,,,,,,,
2022044644,122.0,2,0,1,0,0,0,0,0,0,1,0,,67,4,2022,7,39.8888,-75.2407,114.0,6,0,0,0,0,0,0,0,0,,0,0,0.0,1,3,2,0,N,1,39 53:19.833,1.0,0,75 14:26.365,2,0,0,0,67301,0,0,0,N,0,0,0,2,68K02,0,,1,1,30.0,N,N,N,0,,0,1,0,0,0,N,114,2,2,0,0,0,1,0,3,4,0,2,3,3.0,N,,,,,,,,,,,
2022030424,1054.0,1,0,0,0,0,0,0,0,0,4,0,,67,3,2022,7,39.9568,-75.2439,1052.0,6,0,0,0,0,0,1,0,0,,0,0,0.0,10,1,2,1,,0,39 57:24.530,,0,75 14:37.903,3,0,0,0,67301,0,0,0,N,0,0,0,3,67301,1,,1,1,,N,N,N,0,,1,0,1,3,2,,1051,2,2,0,0,2,0,0,3,4,0,2,3,3.0,N,,,,,,,,,,,
2022043912,2348.0,2,0,0,0,0,0,0,0,0,2,0,,67,5,2022,6,40.0652,-75.1681,2343.0,6,0,0,0,0,0,1,0,0,,0,0,0.0,23,3,0,1,,0,40 03:54.734,,0,75 10:05.214,0,0,0,0,67301,0,0,0,N,0,0,0,2,67301,0,,1,9,,N,N,N,0,,0,0,0,3,2,,2340,0,2,0,0,0,0,0,3,4,0,2,7,,N,,,,,,,,,,,
2022021681,1740.0,2,0,0,0,0,0,0,0,0,4,0,,67,2,2022,6,40.04,-75.0276,1732.0,6,0,0,0,0,0,0,0,0,,0,0,0.0,17,1,1,1,,0,40 02:24.144,,0,75 01:39.268,3,0,0,0,67301,0,0,0,N,0,0,0,2,67301,0,,1,1,,N,N,N,0,,1,0,0,3,3,,1705,1,2,0,0,0,0,1,3,4,0,2,3,3.0,N,,,,,,,,,,,
2022030782,2000.0,1,0,0,0,0,0,0,0,0,5,0,,67,3,2022,7,40.0149,-75.1472,1956.0,6,0,0,0,0,0,1,0,0,,0,0,0.0,19,3,0,0,N,0,40 00:53.590,,0,75 08:49.970,0,0,0,0,67301,1,0,0,N,0,0,0,2,67301,0,,6,1,,N,N,N,0,,0,0,1,0,0,,1930,0,2,0,0,0,0,0,3,4,0,2,3,3.0,N,,,,,,,,,,,
2022053888,656.0,0,0,0,0,0,0,0,0,0,1,0,,67,4,2022,5,39.9683,-75.1297,647.0,6,0,0,0,0,1,1,0,0,,0,0,0.0,6,1,0,0,N,0,39 58:05.976,,0,75 07:47.075,0,0,0,0,67301,0,0,0,N,0,0,0,3,68K01,0,,1,1,,N,N,N,0,,0,0,1,0,0,,641,0,2,0,0,0,0,0,3,4,1,2,3,,N,,,,,,,,,,,
2022043928,1115.0,0,0,0,0,0,0,0,0,0,8,0,,67,2,2022,4,40.0224,-75.0781,1115.0,6,0,0,0,0,0,0,0,0,,0,0,0.0,12,1,1,1,,0,40 01:20.463,,0,75 04:41.285,8,0,0,0,67301,1,0,0,N,1,0,0,2,67301,0,,4,1,,N,N,N,0,,0,0,0,3,2,,1245,1,2,0,0,0,1,1,3,4,0,1,3,3.0,N,,,,,,,,,,,
2022040207,645.0,2,0,0,0,0,0,0,0,0,5,0,,67,4,2022,3,40.0076,-75.2014,632.0,6,0,0,0,0,0,0,0,0,,0,0,0.0,6,5,0,0,N,0,40 00:27.382,,0,75 12:04.991,0,0,0,0,67301,0,0,0,N,0,0,0,2,68K01,0,,1,1,,N,N,N,0,,0,0,0,3,8,,611,0,2,0,0,0,0,0,3,4,0,2,3,,N,,,,,,,,,,,
2022042342,2323.0,1,0,0,0,0,0,0,0,0,7,0,,67,4,2022,2,39.9579,-75.1621,2311.0,6,0,0,0,1,0,0,0,0,,0,0,0.0,23,3,0,0,N,0,39 57:28.451,,0,75 09:43.516,0,0,0,0,67301,0,0,0,N,0,0,0,1,68K01,0,,4,8,,N,N,N,0,,0,0,0,0,0,,2308,0,1,0,0,0,0,0,3,4,0,1,7,7.0,N,,,,,,,,,,,