CRN,ARRIVAL_TM,AUTOMOBILE_COUNT,BELTED_DEATH_COUNT,BELTED_SUSP_SERIOUS_INJ_COUNT,BICYCLE_COUNT,BICYCLE_DEATH_COUNT,BICYCLE_SUSP_SERIOUS_INJ_COUNT,BUS_COUNT,CHLDPAS_DEATH_COUNT,CHLDPAS_SUSP_SERIOUS_INJ_COUNT,COLLISION_TYPE,COMM_VEH_COUNT,CONS_ZONE_SPD_LIM,COUNTY,CRASH_MONTH,CRASH_YEAR,DAY_OF_WEEK,DEC_LAT,DEC_LONG,DISPATCH_TM,DISTRICT,DRIVER_COUNT_16YR,DRIVER_COUNT_17YR,DRIVER_COUNT_18YR,DRIVER_COUNT_19YR,DRIVER_COUNT_20YR,DRIVER_COUNT_50_64YR,DRIVER_COUNT_65_74YR,DRIVER_COUNT_75PLUS,EST_HRS_CLOSED,FATAL_COUNT,HEAVY_TRUCK_COUNT,HORSE_BUGGY_COUNT,HOUR_OF_DAY,ILLUMINATION,INJURY_COUNT,INTERSECT_TYPE,INTERSECTION_RELATED,LANE_CLOSED,LATITUDE,LN_CLOSE_DIR,LOCATION_TYPE,LONGITUDE,MAX_SEVERITY_LEVEL,MCYCLE_DEATH_COUNT,MCYCLE_SUSP_SERIOUS_INJ_COUNT,MOTORCYCLE_COUNT,MUNICIPALITY,NONMOTR_COUNT,NONMOTR_DEATH_COUNT,NONMOTR_SUSP_SERIOUS_INJ_COUNT,NTFY_HIWY_MAINT,PED_COUNT,PED_DEATH_COUNT,PED_SUSP_SERIOUS_INJ_COUNT,PERSON_COUNT,POLICE_AGCY,POSSIBLE_INJ_COUNT,RDWY_SURF_TYPE_CD,RELATION_TO_ROAD,ROAD_CONDITION,ROADWAY_CLEARED,SCH_BUS_IND,SCH_ZONE_IND,SECONDARY_CRASH,SMALL_TRUCK_COUNT,SPEC_JURIS_CD,SUSP_MINOR_INJ_COUNT,SUSP_SERIOUS_INJ_COUNT,SUV_COUNT,TCD_FUNC_CD,TCD_TYPE,TFC_DETOUR_IND,TIME_OF_DAY,TOT_INJ_COUNT,TOTAL_UNITS,UNB_DEATH_COUNT,UNB_SUSP_SERIOUS_INJ_COUNT,UNBELTED_OCC_COUNT,UNK_INJ_DEG_COUNT,UNK_INJ_PER_COUNT,URBAN_AREA,URBAN_RURAL,VAN_COUNT,VEHICLE_COUNT,WEATHER1,WEATHER2,WORK_ZONE_IND,WORK_ZONE_LOC,WORK_ZONE_TYPE,WORKERS_PRES,WZ_CLOSE_DETOUR,WZ_FLAGGER,WZ_LAW_OFFCR_IND,WZ_LN_CLOSURE,WZ_MOVING,WZ_OTHER,WZ_SHLDER_MDN,WZ_WORKERS_INJ_KILLED
2022051025,1305.0,1,0,0,0,0,0,0,0,0,1,0,,67,5,2022,4,40.0464,-75.0014,1249.0,6,0,0,0,0,0,0,0,0,,0,0,0.0,12,1,0,0,N,0,40 02:47.154,,0,75 00:05.129,0,0,0,0,67301,0,0,0,N,0,0,0,2,68K01,0,,1,1,,N,N,N,0,,0,0,1,0,0,,1245,0,2,0,0,0,0,0,3,4,0,2,3,,N,,,,,,,,,,,
2022037471,207.0,2,0,0,0,0,0,0,0,0,1,0,,67,3,2022,1,39.9349,-75.1998,145.0,6,0,0,0,0,0,1,0,0,,0,0,0.0,1,3,3,0,N,1,39 56:05.741,4.0,0,75 11:59.385,4,0,0,0,67301,0,0,0,N,0,0,0,4,68K01,3,,1,1,240.0,N,N,N,0,,0,0,1,0,0,Y,143,3,4,0,0,0,0,1,3,4,0,4,3,,N,,,,,,,,,,,
2022042364,812.0,0,0,0,0,0,0,0,0,0,7,0,,67,5,2022,2,39.9922,-75.0858,734.0,6,0,0,0,0,0,0,0,0,,0,0,0.0,7,1,0,0,N,2,39 59:32.024,2.0,0,75 05:08.902,0,0,0,0,67301,0,0,0,N,0,0,0,1,68K01,0,,5,9,812.0,N,N,N,0,,0,0,1,0,0,N,725,0,1,0,0,0,0,0,3,4,0,1,4,4.0,N,,,,,,,,,,,
2022052765,1612.0,1,0,0,0,0,0,0,0,0,4,1,,67,6,2022,7,40.0313,-75.1556,1612.0,6,0,0,0,0,0,0,0,0,,0,1,0.0,14,1,1,0,N,0,40 01:52.650,,7,75 09:20.160,4,0,0,0,67301,1,0,0,N,0,0,0,2,67301,1,,1,99,,N,N,N,0,,0,0,0,0,0,,1430,1,2,0,0,1,0,1,3,4,0,2,3,,N,,,,,,,,,,,
2022023995,2335.0,3,0,0,0,0,0,0,0,0,5,0,,67,3,2022,3,40.0016,-75.1562,2330.0,6,0,0,0,0,0,0,0,0,,0,0,0.0,23,3,0,0,N,2,40 00:05.660,1.0,0,75 09:22.430,9,0,0,0,67301,0,0,0,N,0,0,0,2,67301,0,,6,1,100.0,N,N,Y,0,,0,0,1,3,2,N,2326,0,4,0,0,0,0,2,3,4,0,4,3,,N,,,,,,,,,,,
2022043834,155.0,1,0,0,0,0,0,0,0,0,5,0,,67,1,2022,2,40.0692,-75.0684,145.0,6,0,0,0,0,0,0,0,0,,0,0,0.0,1,3,0,0,N,0,40 04:09.293,,0,75 04:06.297,0,0,0,0,67301,0,0,0,N,0,0,0,1,67301,0,,6,6,,N,N,N,0,,0,0,1,0,0,,140,0,3,0,0,0,0,0,3,4,1,3,6,8.0,N,,,,,,,,,,,
2022020600,1414.0,1,0,0,0,0,0,0,0,0,4,0,,67,2,2022,4,39.904,-75.2401,1400.0,6,0,0,0,0,0,1,0,0,,0,0,0.0,22,6,0,1,,0,39 54:14.619,,0,75 14:25.049,9,0,0,0,67301,0,0,0,N,0,0,0,2,67301,0,,1,99,,N,N,N,0,,0,0,1,3,2,,2245,0,2,0,0,0,0,1,3,4,0,2,99,,N,,,,,,,,,,,
2022024902,905.0,0,0,0,0,0,0,0,0,0,4,0,,67,3,2022,1,40.0153,-75.1372,902.0,6,0,0,0,0,0,0,1,0,,0,0,0.0,9,1,1,1,,2,40 00:55.090,6.0,0,75 08:13.768,3,0,0,0,67301,0,0,0,N,0,0,0,3,67301,0,,1,9,45.0,N,N,N,0,,1,0,2,3,2,Y,900,1,3,0,0,0,0,0,3,4,0,3,7,7.0,N,,,,,,,,,,,
2022050542,825.0,1,0,0,0,0,0,1,0,0,4,1,,67,5,2022,3,40.0252,-75.0447,805.0,6,0,0,0,0,0,0,0,0,,0,0,0.0,8,1,11,1,,2,40 01:30.643,1.0,0,75 02:40.998,3,0,0,0,67301,0,0,0,N,0,0,0,13,67301,0,,1,1,1045.0,Y,N,N,1,,8,0,0,3,2,Y,803,11,3,0,0,0,3,0,3,4,0,3,4,3.0,N,,,,,,,,,,,
2022024250,1659.0,1,0,0,0,0,0,0,0,0,4,0,,67,3,2022,6,40.0276,-75.0871,1659.0,6,0,0,0,0,0,1,0,0,,0,0,0.0,15,1,1,1,,0,40 01:39.316,,0,75 05:13.570,3,0,0,0,67301,0,0,0,N,0,0,0,2,67301,0,,1,1,,N,N,N,1,,1,0,0,3,3,,1548,1,2,0,0,2,0,0,3,4,0,2,3,3.0,N,,,,,,,,,,,
2022052419,615.0,0,0,0,0,0,0,0,0,0,7,0,,67,5,2022,7,39.8905,-75.2207,615.0,6,0,0,0,0,0,1,0,0,,0,0,0.0,5,5,0,7,,0,39 53:25.838,,2,75 13:14.353,0,0,0,0,67301,0,0,0,N,0,0,0,1,68K01,0,,2,9,,N,N,N,0,,0,0,1,0,0,,515,0,1,0,0,0,0,0,3,4,0,1,7,,N,,,,,,,,,,,
2022037176,943.0,1,0,0,0,0,0,1,0,0,4,1,,67,3,2022,6,39.9399,-75.2114,921.0,6,0,0,0,0,0,2,0,0,,0,0,0.0,9,1,1,1,,0,39 56:23.438,,0,75 12:41.008,4,0,0,0,67301,0,0,0,N,0,0,0,2,67508,1,,1,1,,N,,N,0,,0,0,0,3,2,,921,1,2,0,0,0,0,0,3,4,0,2,3,3.0,N,,,,,,,,,,,
2022015561,116.0,1,0,0,0,0,0,0,0,0,7,0,,67,2,2022,5,39.9239,-75.2221,116.0,6,0,0,0,0,0,0,0,0,,0,0,0.0,22,3,1,1,,0,39 55:26.057,,0,75 13:19.574,8,0,0,0,67301,0,0,0,N,0,0,0,1,67301,0,,4,1,,N,N,N,0,,0,0,0,3,2,,2200,1,1,0,0,0,1,0,3,4,0,1,3,3.0,N,,,,,,,,,,,
2022020701,200.0,1,0,0,0,0,0,0,0,0,5,0,,67,2,2022,5,40.0233,-75.128,155.0,6,0,0,0,0,0,0,0,0,,0,0,0.0,1,3,0,0,N,0,40 01:23.920,,0,75 07:40.970,0,0,0,0,67301,0,0,0,N,0,0,0,1,67301,0,,1,1,,N,N,N,0,,0,0,2,0,0,,114,0,3,0,0,0,0,0,3,4,0,3,3,3.0,N,,,,,,,,,,,
2022026406,406.0,0,0,0,0,0,0,0,0,0,7,0,,67,3,2022,1,40.0496,-75.116,359.0,6,0,0,0,0,0,0,0,0,,0,0,0.0,23,3,0,0,N,0,40 02:58.631,,0,75 06:57.635,0,0,0,0,67301,0,0,0,N,0,0,0,1,67301,0,,5,1,,N,N,N,1,,0,0,0,0,0,,2300,0,1,0,0,0,0,0,3,4,0,1,3,3.0,N,,,,,,,,,,,
2022044106,1635.0,1,0,0,0,0,0,0,0,0,1,0,,67,5,2022,5,40.0439,-75.1436,1635.0,6,0,0,0,0,0,0,1,0,,0,0,0.0,16,1,0,0,N,0,40 02:38.025,,0,75 08:36.834,0,0,0,0,67301,0,0,0,N,0,0,0,2,67301,0,,1,1,,N,N,N,0,,0,0,1,0,0,,1600,0,2,0,0,0,0,0,3,4,0,2,3,3.0,N,,,,,,,,,,,
2022027033,244.0,0,0,0,0,0,0,0,0,0,5,0,,67,3,2022,7,39.9861,-75.2082,241.0,6,0,0,0,0,0,0,0,0,,0,0,0.0,2,3,0,0,N,2,39 59:10.113,3.0,0,75 12:29.459,0,0,0,0,67301,0,0,0,N,0,0,0,2,68K01,0,,1,1,330.0,N,N,N,0,,0,0,2,0,0,N,239,0,2,0,0,0,0,0,3,4,0,2,3,3.0,N,,,,,,,,,,,
2022044011,4.0,2,0,0,0,0,0,0,0,0,5,0,,67,2,2022,1,39.9951,-75.1019,1.0,6,0,0,0,0,0,1,0,0,,0,0,0.0,0,3,1,0,N,0,39 59:42.370,,0,75 06:06.730,3,0,0,0,67301,0,0,0,N,0,0,0,1,67301,0,,6,9,,N,N,N,0,,1,0,3,0,0,,1,1,5,0,0,0,0,0,3,4,0,5,10,4.0,N,,,,,,,,,,,
2022026783,1547.0,1,0,0,0,0,0,0,0,0,4,0,,67,3,2022,3,40.0875,-74.9711,1547.0,6,0,0,0,0,0,2,0,0,,0,0,0.0,14,1,2,1,,0,40 05:15.121,,2,74 58:16.779,8,0,0,0,67301,0,0,0,N,0,0,0,3,67301,0,,1,1,,N,N,N,0,,0,0,1,3,2,,1434,2,2,0,0,0,2,1,3,4,0,2,3,3.0,N,,,,,,,,,,,
2022029271,1636.0,1,0,0,0,0,0,0,0,0,1,0,,67,3,2022,7,40.0384,-75.1236,1631.0,6,0,0,0,0,1,0,0,0,,0,0,0.0,16,1,0,0,N,0,40 02:18.350,,0,75 07:24.840,0,0,0,0,67301,0,0,0,N,0,0,0,2,67301,0,,6,1,,N,N,N,0,,0,0,0,0,0,,1629,0,2,0,0,0,0,0,3,4,1,2,3,3.0,N,,,,,,,,,,,
2022043690,1344.0,3,0,0,0,0,0,0,0,0,7,0,,67,4,2022,7,39.996,-75.2185,1344.0,6,0,0,0,0,0,2,0,0,,0,0,0.0,13,1,1,0,N,0,39 59:45.486,,0,75 13:06.609,3,0,0,0,67301,0,0,0,N,0,0,0,5,68K01,0,,4,1,,N,N,N,0,,1,0,0,0,0,,1344,1,3,0,0,0,0,0,3,4,0,3,3,,N,,,,,,,,,,,
2022029282,1716.0,1,0,0,0,0,0,0,0,0,8,0,,67,3,2022,3,40.0548,-75.1527,1710.0,6,0,0,0,0,0,0,0,0,,0,0,0.0,16,1,1,1,,0,40 03:17.355,,0,75 09:09.820,3,0,0,0,67301,1,0,0,N,1,0,0,2,67301,0,,1,1,,N,N,N,0,,1,0,0,3,2,,1633,1,2,0,0,0,0,0,3,4,0,1,3,,N,,,,,,,,,,,
2022032909,1925.0,2,0,0,0,0,0,0,0,0,5,0,,67,3,2022,7,39.9809,-75.2443,1920.0,6,0,0,0,0,0,0,0,0,,0,0,0.0,19,4,1,0,N,2,39 58:51.170,7.0,0,75 14:39.550,4,0,0,0,67301,0,0,0,N,0,0,0,1,67301,1,,6,1,1700.0,N,N,N,0,,0,0,0,0,0,N,1915,1,2,0,0,0,0,0,3,4,0,2,3,3.0,N,,,,,,,,,,,
2022046424,36.0,0,0,0,0,0,0,0,0,0,2,0,,67,3,2022,2,39.9965,-75.114,9999.0,6,0,0,0,0,0,0,0,0,,0,0,0.0,99,3,0,0,N,0,39 59:47.534,,0,75 06:50.335,0,0,0,0,67301,0,0,0,N,0,0,0,3,67508,0,,1,1,,N,N,N,0,,0,0,0,0,0,,9999,0,2,0,0,0,0,0,3,4,1,2,3,3.0,N,,,,,,,,,,,
2022020471,236.0,3,0,0,0,0,0,0,0,0,4,0,,67,2,2022,6,39.9928,-75.1461,233.0,6,0,0,0,0,0,1,0,0,,0,0,0.0,2,3,0,1,,0,39 59:34.073,,0,75 08:46.043,0,0,0,0,67301,0,0,0,N,0,0,0,2,67301,0,,1,9,,N,N,Y,0,,0,0,1,3,2,,200,0,4,0,0,0,0,0,3,4,0,4,7,7.0,N,,,,,,,,,,,
2022030941,1652.0,5,0,0,0,0,0,0,0,0,4,0,,67,3,2022,4,39.9389,-75.2298,1651.0,6,0,0,0,0,1,1,0,0,,0,0,0.0,16,1,3,1,,1,39 56:20.000,3.0,0,75 13:47.150,3,0,0,0,67301,0,0,0,N,0,0,0,3,67301,1,,1,1,145.0,N,N,Y,0,,2,0,2,3,3,Y,1649,3,7,0,0,0,0,0,3,4,0,7,3,3.0,N,,,,,,,,,,,
2022029286,448.0,2,0,0,0,0,0,0,0,0,5,0,,67,3,2022,4,40.0505,-75.1562,445.0,6,0,0,0,0,0,0,0,0,,0,0,0.0,3,3,0,0,N,0,40 03:01.890,,0,75 09:22.300,9,0,0,0,67301,0,0,0,N,0,0,0,1,67301,0,,6,1,,N,N,N,0,,0,0,1,0,0,,335,0,3,0,0,0,0,1,3,4,0,3,3,3.0,N,,,,,,,,,,,
2022020321,2232.0,0,0,0,0,0,0,0,0,0,8,0,,67,2,2022,5,40.0481,-75.1509,2232.0,6,0,0,0,0,0,0,0,0,,0,0,0.0,19,6,1,1,,0,40 02:53.174,,0,75 09:03.304,3,0,0,0,67301,1,0,0,N,1,0,0,2,67301,0,,1,99,,N,N,N,0,,1,0,0,3,2,,1945,1,2,0,0,0,0,1,3,4,0,1,99,,N,,,,,,,,,,,
2022026845,2028.0,1,0,0,0,0,0,0,0,0,1,0,,67,3,2022,2,39.8932,-75.2242,2020.0,6,0,0,0,0,0,0,0,0,,0,0,0.0,17,3,1,0,N,1,39 53:35.434,4.0,1,75 13:27.023,3,0,0,0,67301,0,0,0,N,0,0,0,7,67301,0,,1,1,45.0,N,N,N,0,,1,0,1,0,0,N,1751,1,2,0,0,0,0,0,3,4,0,2,3,3.0,N,,,,,,,,,,,
2022044039,2120.0,0,0,0,0,0,0,0,0,0,8,0,,67,4,2022,2,39.998,-75.1254,2120.0,6,0,0,0,0,0,0,0,0,,0,0,0.0,14,1,1,1,,9,39 59:52.946,,0,75 07:31.445,3,0,0,0,67301,1,0,0,N,1,0,0,1,67301,0,,1,99,,N,Y,N,0,,1,0,0,3,2,,1450,1,2,0,0,0,0,0,3,4,0,1,99,,N,,,,,,,,,,,
2022045600,1416.0,0,0,0,0,0,0,0,0,0,1,0,,67,4,2022,4,39.9233,-75.1476,1355.0,6,0,0,0,0,0,0,0,0,,0,0,0.0,13,1,3,0,N,2,39 55:23.873,2.0,0,75 08:51.426,3,0,0,0,67301,0,0,0,N,0,0,0,3,68K01,0,,2,1,1500.0,N,N,N,0,,3,0,2,0,0,N,1352,3,2,0,0,0,0,0,3,4,0,2,3,,N,,,,,,,,,,,
2022032937,1125.0,1,0,0,0,0,0,0,0,0,4,0,,67,3,2022,3,40.0271,-75.1427,1125.0,6,0,0,0,0,0,0,1,0,,0,0,0.0,9,1,1,1,,0,40 01:37.397,,0,75 08:33.565,4,0,0,0,67301,0,0,0,N,0,0,0,2,67301,1,,1,99,,N,N,N,0,,0,0,1,3,3,,912,1,2,0,0,2,0,1,3,4,0,2,99,,N,,,,,,,,,,,
2022023761,1651.0,1,0,0,0,0,0,0,0,0,4,0,,67,3,2022,3,39.9594,-75.2393,1647.0,6,0,0,0,0,0,0,1,0,,0,0,0.0,16,1,1,1,,0,39 57:34.005,,0,75 14:21.353,3,0,0,0,67301,0,0,0,N,0,0,0,2,67301,0,,1,1,,N,N,N,0,,1,0,1,3,3,,1644,1,2,0,0,1,0,0,3,4,0,2,3,3.0,N,,,,,,,,,,,
2022015930,1215.0,1,0,0,0,0,0,0,0,0,1,0,,67,2,2022,4,40.0429,-75.1438,1214.0,6,0,0,0,1,0,1,1,0,,0,0,0.0,12,1,0,1,,0,40 02:34.426,,0,75 08:37.618,0,0,0,0,67301,0,0,0,N,0,0,0,3,67301,0,,1,1,,N,N,N,0,,0,0,2,3,2,,1205,0,3,0,0,0,0,0,3,4,0,3,3,3.0,N,,,,,,,,,,,
2022019617,2247.0,2,0,0,0,0,0,0,0,0,5,0,,67,2,2022,6,39.9371,-75.177,2240.0,6,0,0,0,0,0,0,0,0,,0,0,0.0,22,3,2,0,N,2,39 56:13.580,2.0,0,75 10:37.180,3,0,0,0,67301,0,0,0,N,0,0,0,3,67301,0,,6,1,2337.0,N,N,N,0,,2,0,1,0,0,N,2240,2,4,0,0,0,0,0,3,4,1,4,3,,N,,,,,,,,,,,
2022048852,2112.0,1,0,0,0,0,0,0,0,0,1,0,,67,5,2022,5,40.0299,-75.0241,2102.0,6,0,0,0,0,0,0,0,0,,1,0,0.0,21,3,0,0,N,2,40 01:47.773,1.0,0,75 01:26.670,1,0,0,0,67301,0,0,0,N,0,0,0,2,67301,0,2.0,1,1,2359.0,N,N,N,0,0.0,0,0,0,0,0,N,2101,0,2,0,0,0,0,0,3,4,0,2,3,,N,,,,,,,,,,,
2022026059,1750.0,2,0,0,0,0,0,0,0,0,4,0,,67,3,2022,1,40.0489,-75.1556,1746.0,6,0,0,0,0,0,0,0,0,,0,0,0.0,17,1,3,1,,0,40 02:56.148,,0,75 09:20.015,8,0,0,0,67301,0,0,0,N,0,0,0,4,67301,0,,1,1,,N,N,N,0,,0,0,1,3,3,,1740,3,3,0,0,3,3,0,3,4,0,3,3,3.0,N,,,,,,,,,,,
2022029208,2210.0,3,0,0,0,0,0,0,0,0,5,0,,67,3,2022,7,40.0575,-75.1702,2205.0,6,0,0,0,0,0,0,0,0,,0,0,0.0,22,3,1,0,N,0,40 03:26.950,,0,75 10:12.660,3,0,0,0,67301,0,0,0,N,0,0,0,1,67301,0,,6,9,,N,N,N,0,,1,0,0,0,0,,2200,1,3,0,0,0,0,0,3,4,0,3,7,,N,,,,,,,,,,,
2022032881,2148.0,1,0,0,0,0,0,0,0,0,4,0,,67,4,2022,2,39.9473,-75.2269,2142.0,6,0,0,0,0,0,0,0,0,,0,0,0.0,21,3,0,1,,0,39 56:50.048,,0,75 13:36.599,0,0,0,0,67301,0,0,0,N,0,0,0,1,67301,0,,1,1,,N,N,N,0,,0,0,3,3,2,,2140,0,4,0,0,0,0,0,3,4,0,4,3,3.0,N,,,,,,,,,,,
2022019656,1152.0,1,0,0,0,0,0,0,0,0,0,0,,67,2,2022,7,39.9841,-75.1415,1151.0,6,0,0,0,0,0,0,0,0,,0,0,0.0,19,3,2,0,N,0,39 59:02.640,,0,75 08:29.230,3,0,0,0,67301,0,0,0,N,0,0,0,2,67301,0,,1,1,,N,N,N,0,,2,0,0,0,0,,1900,2,1,0,0,0,0,0,3,4,0,1,3,98.0,N,,,,,,,,,,,
2022017624,,2,0,0,0,0,0,0,0,0,4,0,,67,2,2022,3,40.0,-75.1531,,6,0,0,0,0,0,0,0,0,,0,0,0.0,22,3,0,2,,0,39 59:59.964,,0,75 09:11.322,9,0,0,0,67301,0,0,0,N,0,0,0,6,00000,0,,1,1,,N,N,N,0,,0,0,0,9,2,,2220,0,2,0,0,0,0,6,3,4,0,2,3,,N,,,,,,,,,,,
2022039561,1736.0,1,0,0,0,0,0,0,0,0,1,0,,67,4,2022,4,39.9782,-75.1579,1732.0,6,0,0,0,0,0,1,0,0,,0,0,0.0,17,1,1,0,Y,1,39 58:41.682,1.0,0,75 09:28.411,4,0,0,0,67301,0,0,0,N,0,0,0,3,67505,1,,1,1,1815.0,N,N,N,0,,0,0,2,3,2,N,1730,1,3,0,0,0,0,1,3,4,0,3,3,3.0,N,,,,,,,,,,,
2022032879,318.0,1,0,0,0,0,0,0,0,0,4,0,,67,4,2022,7,39.9185,-75.2082,317.0,6,0,0,0,0,0,0,0,0,,0,0,0.0,1,3,2,0,N,0,39 55:06.657,,7,75 12:29.451,3,0,0,0,67301,0,0,0,N,0,0,0,3,67301,0,,1,1,,N,N,N,0,,2,0,1,0,0,,130,2,2,0,0,0,0,0,3,4,0,2,3,,N,,,,,,,,,,,
2022019609,1658.0,2,0,0,0,0,0,0,0,0,4,0,,67,2,2022,6,40.028,-75.0574,1648.0,6,0,0,0,0,0,1,0,0,,0,0,0.0,16,1,0,1,,0,40 01:40.752,,0,75 03:26.701,0,0,0,0,67301,0,0,0,N,0,0,0,2,67301,0,,1,1,,N,N,N,0,,0,0,0,3,2,,1647,0,2,0,0,0,0,0,3,4,0,2,3,3.0,N,,,,,,,,,,,
2022032876,939.0,0,0,0,0,0,0,0,0,0,4,0,,67,3,2022,5,39.9383,-75.2163,935.0,6,0,0,0,0,0,1,0,1,,0,0,0.0,9,1,2,1,,0,39 56:17.890,,0,75 12:58.503,8,0,0,0,67301,0,0,0,N,0,0,0,3,67301,0,,1,1,,N,N,N,0,,0,0,2,3,2,,934,2,2,0,0,1,2,1,3,4,0,2,4,4.0,N,,,,,,,,,,,
2022050867,1758.0,0,0,0,0,0,0,0,0,0,8,1,,67,5,2022,3,40.0505,-75.1541,1757.0,6,0,0,0,0,0,0,0,0,,0,1,0.0,17,1,1,0,N,0,40 03:01.700,,0,75 09:14.900,3,0,0,0,67301,1,0,0,N,1,0,0,2,67301,0,,1,1,,N,N,N,1,,1,0,0,0,0,,1755,1,3,0,0,1,0,0,3,4,0,2,3,3.0,N,,,,,,,,,,,
2022020877,1624.0,0,0,0,0,0,0,0,0,0,8,0,,67,2,2022,5,40.0282,-75.1621,1624.0,6,0,0,0,0,0,0,0,0,,0,0,0.0,15,1,1,1,,0,40 01:41.669,,0,75 09:43.637,8,0,0,0,67301,1,0,0,N,1,0,0,2,67301,0,,1,1,,N,N,N,0,,0,0,1,3,2,,1530,1,2,0,0,0,1,0,3,4,0,1,3,3.0,N,,,,,,,,,,,
2022032904,143.0,2,0,0,0,0,0,0,0,0,2,0,,67,4,2022,6,39.9491,-75.2284,143.0,6,0,0,0,0,0,0,0,0,,0,0,0.0,1,3,1,0,N,2,39 56:56.770,6.0,0,75 13:42.400,3,0,0,0,67301,0,0,0,N,0,0,0,1,67301,0,,6,9,400.0,N,N,N,2,,1,0,0,0,0,Y,142,1,4,0,0,0,0,0,3,4,0,4,7,7.0,N,,,,,,,,,,,
2022049231,50.0,0,0,0,0,0,0,0,0,0,4,0,,67,5,2022,4,40.0403,-75.0585,40.0,6,0,0,0,1,0,0,0,0,,0,0,0.0,0,3,0,1,,0,40 02:25.164,,0,75 03:30.737,0,0,0,0,67301,0,0,0,N,0,0,0,2,67301,0,,1,1,,N,N,N,0,,0,0,2,3,2,,30,0,2,0,0,0,0,0,3,4,0,2,3,3.0,N,,,,,,,,,,,
2022023726,1015.0,0,0,0,0,0,0,0,0,0,4,0,,67,3,2022,6,40.0845,-75.0384,1008.0,6,0,0,0,0,0,0,0,0,,0,0,0.0,10,1,2,1,,1,40 05:04.029,1.0,0,75 02:18.148,4,0,0,0,67301,0,0,0,N,0,0,0,5,67301,2,,1,1,1100.0,N,N,N,0,,0,0,1,3,2,Y,1000,2,2,0,0,0,0,0,3,4,1,2,3,3.0,N,,,,,,,,,,,
2022025770,227.0,1,0,0,0,0,0,0,0,0,7,0,,67,3,2022,2,40.0533,-75.1268,223.0,6,0,0,0,0,0,0,0,0,,0,0,0.0,2,3,2,1,,0,40 03:11.919,,0,75 07:36.440,3,0,0,0,67301,0,0,0,N,0,0,0,2,67301,0,,4,1,,N,N,N,0,,2,0,0,0,0,,220,2,1,0,0,0,0,0,3,4,0,1,3,,N,,,,,,,,,,,
2022029249,2040.0,1,0,0,0,0,0,0,0,0,5,0,,67,3,2022,3,40.0064,-75.1499,2036.0,6,0,0,0,0,0,0,0,0,,0,0,0.0,20,3,0,0,N,0,40 00:23.180,,0,75 08:59.810,0,0,0,0,67301,0,0,0,N,0,0,0,1,67301,0,,6,1,,N,N,N,1,,0,0,0,0,0,,2035,0,2,0,0,0,0,0,3,4,0,2,3,,N,,,,,,,,,,,
2022039750,1644.0,0,0,0,0,0,0,0,0,0,1,1,,67,4,2022,4,39.9788,-75.2032,1629.0,6,0,0,0,0,0,1,0,0,,0,1,0.0,16,1,2,0,N,0,39 58:43.769,,0,75 12:11.747,4,0,0,0,67301,0,0,0,N,0,0,0,3,68K01,2,,1,1,,N,N,N,0,,0,0,1,0,0,,1621,2,2,0,0,0,0,0,3,4,0,2,3,,N,,,,,,,,,,,
2022016057,25.0,2,0,0,0,0,0,0,0,0,4,0,,67,2,2022,3,40.0475,-75.1428,14.0,6,0,0,0,0,0,1,0,0,,0,0,0.0,22,3,1,1,,0,40 02:51.028,,0,75 08:34.417,3,0,0,0,67301,0,0,0,N,0,0,0,2,67301,0,,1,1,,N,N,N,0,,1,0,0,3,2,,2230,1,2,0,0,0,0,0,3,4,0,2,3,,N,,,,,,,,,,,
2022051262,1757.0,0,0,0,0,0,0,0,0,0,1,0,,67,5,2022,7,39.9578,-75.1622,1738.0,6,0,0,0,0,1,0,0,0,,0,0,0.0,17,1,1,0,N,1,39 57:28.185,3.0,0,75 09:43.903,3,0,0,0,67301,0,0,0,N,0,0,0,6,68K01,0,,1,1,1849.0,N,N,N,0,,1,0,3,0,0,Y,1734,1,4,0,0,1,0,1,3,4,0,4,3,,N,,,,,,,,,,,
2022020704,251.0,2,0,0,0,0,0,0,0,0,4,0,,67,2,2022,7,39.9695,-75.2254,246.0,6,0,0,0,0,0,0,0,0,,0,0,0.0,2,3,1,1,,1,39 58:10.246,4.0,0,75 13:31.336,8,0,0,0,67301,0,0,0,N,0,0,0,3,67301,0,,1,1,330.0,N,N,N,1,,0,0,0,3,2,N,240,1,3,0,0,0,1,0,3,4,0,3,3,,N,,,,,,,,,,,
2022021789,1344.0,1,0,0,0,0,0,0,0,0,1,0,55.0,67,2,2022,1,39.9675,-75.1326,1327.0,6,0,0,0,0,0,1,0,0,,0,0,0.0,13,1,1,0,N,1,39 58:02.890,2.0,3,75 07:57.505,8,0,0,0,67301,0,0,0,N,0,0,0,3,68K01,0,,1,1,1335.0,N,N,Y,0,,0,0,2,0,0,N,1316,1,3,0,0,0,1,1,3,4,0,3,3,,Y,5.0,1.0,N,,,N,Y,,,,N
2022043872,1645.0,1,0,0,0,0,0,0,0,0,4,0,,67,4,2022,5,39.9313,-75.2262,1645.0,6,0,0,0,0,0,0,0,0,,0,0,0.0,0,3,1,0,N,0,39 55:52.500,,7,75 13:34.400,8,0,0,0,67301,0,0,0,N,0,0,0,2,67301,0,,1,1,,N,N,N,0,,0,0,1,0,0,,4,1,2,0,0,0,1,0,3,4,0,2,3,3.0,N,,,,,,,,,,,