CRN,ARRIVAL_TM,AUTOMOBILE_COUNT,BELTED_DEATH_COUNT,BELTED_SUSP_SERIOUS_INJ_COUNT,BICYCLE_COUNT,BICYCLE_DEATH_COUNT,BICYCLE_SUSP_SERIOUS_INJ_COUNT,BUS_COUNT,CHLDPAS_DEATH_COUNT,CHLDPAS_SUSP_SERIOUS_INJ_COUNT,COLLISION_TYPE,COMM_VEH_COUNT,CONS_ZONE_SPD_LIM,COUNTY,CRASH_MONTH,CRASH_YEAR,DAY_OF_WEEK,DEC_LAT,DEC_LONG,DISPATCH_TM,DISTRICT,DRIVER_COUNT_16YR,DRIVER_COUNT_17YR,DRIVER_COUNT_18YR,DRIVER_COUNT_19YR,DRIVER_COUNT_20YR,DRIVER_COUNT_50_64YR,DRIVER_COUNT_65_74YR,DRIVER_COUNT_75PLUS,EST_HRS_CLOSED,FATAL_COUNT,HEAVY_TRUCK_COUNT,HORSE_BUGGY_COUNT,HOUR_OF_DAY,ILLUMINATION,INJURY_COUNT,INTERSECT_TYPE,INTERSECTION_RELATED,LANE_CLOSED,LATITUDE,LN_CLOSE_DIR,LOCATION_TYPE,LONGITUDE,MAX_SEVERITY_LEVEL,MCYCLE_DEATH_COUNT,MCYCLE_SUSP_SERIOUS_INJ_COUNT,MOTORCYCLE_COUNT,MUNICIPALITY,NONMOTR_COUNT,NONMOTR_DEATH_COUNT,NONMOTR_SUSP_SERIOUS_INJ_COUNT,NTFY_HIWY_MAINT,PED_COUNT,PED_DEATH_COUNT,PED_SUSP_SERIOUS_INJ_COUNT,PERSON_COUNT,POLICE_AGCY,POSSIBLE_INJ_COUNT,RDWY_SURF_TYPE_CD,RELATION_TO_ROAD,ROAD_CONDITION,ROADWAY_CLEARED,SCH_BUS_IND,SCH_ZONE_IND,SECONDARY_CRASH,SMALL_TRUCK_COUNT,SPEC_JURIS_CD,SUSP_MINOR_INJ_COUNT,SUSP_SERIOUS_INJ_COUNT,SUV_COUNT,TCD_FUNC_CD,TCD_TYPE,TFC_DETOUR_IND,TIME_OF_DAY,TOT_INJ_COUNT,TOTAL_UNITS,UNB_DEATH_COUNT,UNB_SUSP_SERIOUS_INJ_COUNT,UNBELTED_OCC_COUNT,UNK_INJ_DEG_COUNT,UNK_INJ_PER_COUNT,URBAN_AREA,URBAN_RURAL,VAN_COUNT,VEHICLE_COUNT,WEATHER1,WEATHER2,WORK_ZONE_IND,WORK_ZONE_LOC,WORK_ZONE_TYPE,WORKERS_PRES,WZ_CLOSE_DETOUR,WZ_FLAGGER,WZ_LAW_OFFCR_IND,WZ_LN_CLOSURE,WZ_MOVING,WZ_OTHER,WZ_SHLDER_MDN,WZ_WORKERS_INJ_KILLED
2022020299,733.0,2,0,0,0,0,0,0,0,0,4,0,,67,2,2022,6,39.9725,-75.2421,733.0,6,0,0,0,0,0,0,0,0,,0,0,0.0,7,1,1,1,,0,39 58:21.046,,0,75 14:31.592,3,0,0,0,67301,0,0,0,N,0,0,0,2,67301,0,,1,9,,N,N,N,0,,1,0,1,3,3,,733,1,3,0,0,0,0,0,3,4,0,3,7,7.0,N,,,,,,,,,,,
2022052149,558.0,0,0,0,0,0,0,0,0,0,7,0,,67,5,2022,7,39.8933,-75.2317,521.0,6,0,0,0,0,0,1,0,0,,0,0,0.0,3,3,0,7,,0,39 53:35.796,,2,75 13:54.001,0,0,0,0,67301,0,0,0,N,0,0,0,1,68K01,0,,2,9,,N,N,N,0,,0,0,1,0,0,,345,0,1,0,0,0,0,0,3,4,0,1,7,,N,,,,,,,,,,,
2022043916,920.0,2,0,0,0,0,0,0,0,0,2,0,,67,5,2022,1,40.0548,-75.1988,914.0,6,0,0,0,0,0,1,1,0,,0,0,0.0,9,1,1,1,,0,40 03:17.284,,0,75 11:55.637,4,0,0,0,67301,0,0,0,N,0,0,0,2,67301,1,,1,9,,N,N,N,0,,0,0,0,0,0,,913,1,2,0,0,0,0,0,3,4,0,2,7,7.0,N,,,,,,,,,,,
2022053196,525.0,1,0,0,0,0,0,0,0,0,1,0,,67,4,2022,6,39.9943,-75.1575,524.0,6,0,0,0,0,0,0,0,0,,1,0,0.0,5,3,0,0,N,2,39 59:39.550,6.0,0,75 09:27.122,1,0,0,0,67301,1,1,0,N,1,1,0,3,67301,0,2.0,1,9,630.0,N,N,N,0,0.0,0,0,4,0,0,Y,524,0,6,0,0,0,0,2,3,4,0,5,7,7.0,N,,,,,,,,,,,
2022016288,115.0,1,0,0,0,0,0,0,0,0,7,0,,67,2,2022,7,39.9057,-75.1939,115.0,6,0,0,0,0,0,0,0,0,,0,0,0.0,1,3,2,1,,0,39 54:20.655,,0,75 11:38.126,3,0,0,0,67301,0,0,0,N,0,0,0,2,67301,0,,4,1,,N,N,N,0,,2,0,0,3,1,,115,2,1,0,0,2,0,0,3,4,0,1,3,,N,,,,,,,,,,,
2022017261,1802.0,0,0,0,0,0,0,0,0,0,8,0,,67,2,2022,3,39.9219,-75.2277,1800.0,6,0,0,0,0,0,1,0,0,,0,0,0.0,17,3,1,1,,0,39 55:18.818,,0,75 13:39.730,3,0,0,0,67301,1,0,0,N,1,0,0,2,67301,0,,1,1,,N,N,N,0,,1,0,1,3,2,,1757,1,2,0,0,0,0,0,3,4,0,1,3,,N,,,,,,,,,,,
2022029169,2204.0,1,0,0,0,0,0,0,0,0,4,0,,67,3,2022,6,39.9177,-75.1577,2158.0,6,0,0,1,0,0,0,0,0,,0,0,0.0,21,3,0,1,,2,39 55:03.853,3.0,0,75 09:27.698,0,0,0,0,67301,0,0,0,N,0,0,0,2,67301,0,,1,99,2204.0,N,N,N,0,,0,0,1,3,3,Y,2155,0,2,0,0,0,0,0,3,4,0,2,3,,N,,,,,,,,,,,
2022046084,1614.0,0,0,0,0,0,0,0,0,0,4,0,,67,4,2022,7,40.0207,-75.1486,1613.0,6,0,0,0,0,0,1,0,0,,0,0,0.0,16,1,2,2,,0,40 01:14.374,,0,75 08:55.521,3,0,0,0,67301,0,0,0,N,0,0,0,3,67301,0,,1,1,,N,N,N,0,,2,0,2,0,0,,1612,2,2,0,0,0,0,0,3,4,0,2,3,,N,,,,,,,,,,,
2022029230,1930.0,0,0,0,0,0,0,0,0,0,1,0,,67,3,2022,6,39.9381,-75.1688,1924.0,6,0,0,0,0,0,0,0,0,,0,0,0.0,19,3,2,0,N,0,39 56:17.180,,0,75 10:07.560,3,0,0,0,67301,2,0,0,N,0,0,0,2,67301,0,,6,1,,N,N,N,0,,1,0,2,0,0,,1920,2,2,0,0,0,1,0,3,4,0,2,3,3.0,N,,,,,,,,,,,
2022053469,1812.0,1,0,0,0,0,0,0,0,0,5,0,,67,4,2022,3,40.0193,-75.0453,1801.0,6,0,0,0,0,0,0,0,0,,0,0,0.0,17,1,2,0,N,1,40 01:09.491,1.0,0,75 02:43.192,3,0,0,0,67301,0,0,0,N,0,0,0,2,68K01,0,,1,1,1930.0,N,N,N,0,,1,0,1,0,0,Y,1759,2,2,0,0,1,1,0,3,4,0,2,3,,N,,,,,,,,,,,
2022051467,1113.0,0,0,0,0,0,0,0,0,0,7,0,,67,4,2022,1,40.038,-75.0115,1055.0,6,0,0,0,0,0,0,0,0,,0,0,0.0,10,1,0,0,N,0,40 02:16.691,,0,75 00:41.338,0,0,0,0,67301,0,0,0,N,0,0,0,1,68K01,0,,2,1,,N,N,N,1,,0,0,0,0,0,,1054,0,1,0,0,0,0,0,3,4,0,1,3,3.0,N,,,,,,,,,,,
2022029211,2300.0,0,0,0,0,0,0,0,0,0,4,0,,67,3,2022,3,40.0586,-75.1527,2300.0,6,0,0,0,0,0,0,0,0,,0,0,0.0,22,3,0,5,,0,40 03:30.931,,0,75 09:09.871,0,0,0,0,67301,0,0,0,N,0,0,0,2,67301,0,,1,1,,N,N,N,0,,0,0,2,3,2,,2200,0,2,0,0,0,0,0,3,4,0,2,3,3.0,N,,,,,,,,,,,
2022021382,2345.0,1,0,0,0,0,0,0,0,0,7,0,,67,2,2022,3,39.9604,-75.1812,2338.0,6,0,0,0,0,0,0,0,0,,0,0,0.0,23,3,0,7,,2,39 57:37.466,4.0,8,75 10:52.167,0,0,0,0,67301,0,0,0,N,0,0,0,2,68K01,0,,7,1,15.0,N,N,N,0,,0,0,0,0,0,Y,2333,0,1,0,0,0,0,0,3,4,0,1,3,3.0,N,,,,,,,,,,,
2022029446,2005.0,3,0,0,0,0,0,0,0,0,4,0,,67,3,2022,3,39.9478,-75.2274,2000.0,6,0,0,0,0,0,0,0,0,,0,0,0.0,20,3,1,5,,0,39 56:52.000,,0,75 13:38.740,3,0,0,0,67301,1,0,0,N,0,0,0,2,67301,0,,1,1,,N,N,N,0,,1,0,0,3,2,,2000,1,3,0,0,1,0,0,3,4,0,3,3,3.0,N,,,,,,,,,,,
2022019648,835.0,2,0,0,0,0,0,0,0,0,5,0,,67,2,2022,1,40.0237,-75.1134,811.0,6,0,0,0,0,0,0,0,0,,0,0,0.0,6,5,0,0,N,0,40 01:25.340,,0,75 06:48.240,9,0,0,0,67301,0,0,0,N,0,0,0,1,67301,0,,6,1,,N,N,N,0,,0,0,2,0,0,,640,0,4,0,0,0,0,1,3,4,0,4,3,3.0,N,,,,,,,,,,,
2022053687,1015.0,1,0,0,0,0,0,0,0,0,3,0,,67,4,2022,4,40.0409,-75.1873,1004.0,6,0,0,0,0,0,0,0,0,,0,0,0.0,9,1,0,1,,1,40 02:27.297,2.0,0,75 11:14.369,0,0,0,0,67301,0,0,0,N,0,0,0,2,67301,0,,1,1,1025.0,N,N,Y,1,,0,0,0,3,2,N,950,0,2,0,0,0,0,0,3,4,0,2,4,4.0,N,,,,,,,,,,,
2022033152,340.0,0,0,0,0,0,0,0,0,0,7,0,,67,4,2022,7,40.0181,-75.1684,327.0,6,0,0,0,0,0,0,0,0,,0,0,0.0,3,3,1,0,N,0,40 01:05.049,,2,75 10:05.801,3,0,0,0,67301,0,0,0,N,0,0,0,1,67301,0,,4,1,,N,N,N,0,,1,0,1,0,0,,322,1,1,0,0,0,0,0,3,4,0,1,3,3.0,N,,,,,,,,,,,
2022019601,1824.0,1,0,0,0,0,0,0,0,0,5,0,,67,2,2022,2,40.0325,-75.0624,1819.0,6,0,0,0,0,0,0,0,0,,0,0,0.0,18,3,0,0,N,0,40 01:56.900,,0,75 03:44.600,9,0,0,0,67301,1,0,0,N,0,0,0,2,67301,0,,6,1,,N,N,N,1,,0,0,0,0,0,,1808,0,2,0,0,0,0,1,3,4,0,2,3,3.0,N,,,,,,,,,,,
2022044539,1331.0,2,0,0,0,0,0,0,0,0,4,0,,67,4,2022,7,39.9871,-75.2323,1331.0,6,0,0,0,0,0,0,0,0,,1,0,0.0,13,1,0,0,N,2,39 59:13.500,5.0,0,75 13:56.300,1,0,0,0,67301,0,0,0,N,0,0,0,1,67301,0,2.0,6,1,1550.0,N,N,N,0,0.0,0,0,1,0,0,Y,1330,0,3,1,0,1,0,0,3,4,0,3,3,,N,,,,,,,,,,,
2022022658,1209.0,1,0,0,0,0,0,0,0,0,5,0,,67,2,2022,2,39.9611,-75.1404,1148.0,6,0,0,0,0,0,0,0,0,,0,0,0.0,11,1,1,0,N,0,39 57:39.869,,3,75 08:25.379,3,0,0,0,67301,0,0,0,N,0,0,0,2,68K01,0,,1,1,,N,N,N,0,,1,0,1,0,0,,1145,1,2,0,0,0,0,0,3,4,0,2,3,3.0,N,,,,,,,,,,,
2022023782,358.0,2,0,0,0,0,0,0,0,0,5,0,,67,2,2022,1,40.0009,-75.1288,355.0,6,0,0,0,0,0,0,0,0,,0,0,0.0,3,3,1,0,N,2,40 00:03.100,7.0,0,75 07:43.500,3,0,0,0,67301,0,0,0,N,0,0,0,1,67301,0,,6,1,545.0,N,N,N,0,,1,0,1,0,0,N,350,1,3,0,0,1,0,0,3,4,0,3,3,3.0,N,,,,,,,,,,,
2022050541,112.0,2,0,0,0,0,0,0,0,0,4,0,,67,5,2022,1,40.0176,-75.0482,110.0,6,0,0,0,0,0,0,0,0,,0,0,0.0,1,3,3,1,,0,40 01:03.668,,0,75 02:54.283,3,0,0,0,67301,0,0,0,N,0,0,0,4,67301,0,,1,1,,N,N,N,0,,3,0,0,3,3,,106,3,2,0,0,0,0,0,3,4,0,2,3,3.0,N,,,,,,,,,,,
2022023804,2020.0,1,0,0,0,0,0,0,0,0,4,0,,67,3,2022,1,40.0152,-75.1552,2020.0,6,0,0,0,0,0,0,0,0,,0,0,0.0,20,3,2,2,,2,40 00:54.834,3.0,0,75 09:18.795,3,0,0,0,67301,0,0,0,N,0,0,0,2,67301,0,,1,1,2110.0,N,Y,N,0,,1,0,1,3,2,Y,2020,2,2,0,0,0,1,0,3,4,0,2,3,3.0,N,,,,,,,,,,,
2022045607,1030.0,1,0,0,0,0,0,0,0,0,7,0,,67,5,2022,6,40.039,-75.008,1026.0,6,0,0,0,0,0,0,0,0,,0,0,0.0,10,1,0,0,N,0,40 02:20.403,,0,75 00:28.849,0,0,0,0,67301,0,0,0,N,0,0,0,2,68K01,0,,4,9,,N,N,N,1,,0,0,0,0,0,,1024,0,2,0,0,1,0,0,3,4,0,2,7,7.0,N,,,,,,,,,,,
2022019661,207.0,2,0,0,0,0,0,0,0,0,1,0,,67,2,2022,4,40.0308,-75.1464,207.0,6,0,0,0,0,0,0,0,0,,0,0,0.0,1,3,1,3,,0,40 01:50.979,,0,75 08:47.526,3,0,0,0,67301,0,0,0,N,0,0,0,3,67301,0,,1,1,,N,N,N,0,,1,0,0,3,2,,140,1,2,0,0,0,0,0,3,4,0,2,3,3.0,N,,,,,,,,,,,
2022029242,2220.0,1,0,0,0,0,0,0,0,0,1,0,,67,3,2022,2,39.977,-75.1716,2216.0,6,0,0,0,0,0,0,0,0,,0,0,0.0,21,3,1,0,N,0,39 58:37.140,,0,75 10:17.880,3,0,0,1,67301,2,0,0,N,0,0,0,3,67301,0,,6,1,,N,N,N,0,,1,0,0,0,0,,2129,1,2,0,0,0,0,0,3,4,0,2,3,3.0,N,,,,,,,,,,,
2022020750,1515.0,0,0,0,0,0,0,0,0,0,8,0,,67,2,2022,2,40.0211,-75.121,1549.0,6,0,0,0,0,0,0,0,0,,0,0,0.0,15,1,1,0,N,0,40 01:16.110,,0,75 07:15.610,3,0,0,0,67301,1,0,0,N,1,0,0,2,67301,0,,1,1,,N,Y,N,1,,1,0,0,0,0,,1500,1,2,0,0,0,0,0,3,4,0,1,3,3.0,N,,,,,,,,,,,
2022029155,1615.0,0,0,0,0,0,0,0,0,0,5,0,,67,3,2022,4,39.9128,-75.1925,1602.0,6,0,0,0,0,0,0,0,0,,0,0,0.0,14,1,1,0,N,0,39 54:46.183,,0,75 11:32.903,3,0,0,0,67301,0,0,0,N,0,0,0,3,67301,0,,1,1,,N,N,N,1,,1,0,1,0,0,,1448,1,2,0,0,0,0,0,3,4,0,2,3,,N,,,,,,,,,,,
2022016192,1821.0,0,0,0,1,0,0,0,0,0,4,0,,67,2,2022,6,39.9261,-75.1928,1821.0,6,0,0,0,0,0,0,0,0,,0,0,0.0,18,3,1,1,,1,39 55:33.898,1.0,0,75 11:34.220,3,0,0,0,67301,1,0,0,N,0,0,0,2,67301,0,,1,1,1915.0,N,N,N,0,,1,0,1,3,3,N,1820,1,2,0,0,0,0,0,3,4,0,1,3,3.0,N,,,,,,,,,,,
2022026399,2020.0,0,0,0,0,0,0,0,0,0,8,0,,67,3,2022,2,39.9622,-75.1913,2009.0,6,0,0,0,0,0,0,1,0,,0,0,0.0,17,1,1,1,,0,39 57:43.801,,0,75 11:28.582,3,0,0,0,67301,1,0,0,N,1,0,0,2,67301,0,,1,1,,N,N,Y,0,,1,0,1,3,2,,1712,1,2,0,0,0,0,0,3,4,0,1,3,,N,,,,,,,,,,,
2022014788,1035.0,0,0,0,0,0,0,0,0,0,4,0,,67,2,2022,4,39.9789,-75.2662,1033.0,6,0,0,0,0,0,0,0,0,,0,0,0.0,8,1,1,1,,0,39 58:44.155,,0,75 15:58.456,3,0,0,0,67301,0,0,0,N,0,0,0,2,67301,0,,1,1,,N,N,N,0,,1,0,1,3,3,,800,1,2,0,0,0,0,0,3,4,0,2,3,,N,,,,,,,,,,,
2022030172,1045.0,2,0,0,0,0,0,0,0,0,4,0,,67,3,2022,7,40.03,-75.0241,1045.0,6,0,0,0,0,0,2,0,0,,0,0,0.0,10,1,1,0,N,0,40 01:48.004,,7,75 01:26.710,3,0,0,0,67301,0,0,0,N,0,0,0,2,67301,0,,1,1,,N,N,N,0,,1,0,0,0,0,,1045,1,2,0,0,2,0,0,3,4,0,2,3,3.0,N,,,,,,,,,,,
2022017262,905.0,1,0,0,0,0,0,0,0,0,4,0,,67,2,2022,1,39.9816,-75.2511,905.0,6,0,0,0,0,0,1,0,0,,0,0,0.0,11,1,1,1,,0,39 58:53.767,,0,75 15:03.834,4,0,0,0,67301,0,0,0,N,0,0,0,2,67301,1,,1,1,,N,N,N,0,,0,0,1,3,2,,1130,1,2,0,0,1,0,1,3,4,0,2,3,3.0,N,,,,,,,,,,,
2022044066,1230.0,1,0,0,0,0,0,0,0,0,4,0,,67,4,2022,5,39.9705,-75.151,1225.0,6,0,0,0,0,0,0,0,0,,0,0,0.0,12,1,0,1,,0,39 58:13.623,,1,75 09:03.509,0,0,0,0,67301,0,0,0,N,0,0,0,2,67301,0,,1,1,,N,N,N,0,,0,0,1,0,0,,1207,0,2,0,0,1,0,0,3,4,0,2,3,3.0,N,,,,,,,,,,,
2022020419,1952.0,1,0,0,0,0,0,0,0,0,8,0,,67,2,2022,5,39.8793,-75.2427,1950.0,6,0,0,0,0,0,0,0,0,,0,0,0.0,19,3,1,0,N,0,39 52:45.590,,0,75 14:33.670,2,0,0,0,67301,1,0,1,N,1,0,1,2,67301,0,,1,1,,N,N,N,0,,0,1,0,0,0,,1948,1,2,0,0,0,0,0,3,4,0,1,3,3.0,N,,,,,,,,,,,
2022044019,2345.0,1,0,0,0,0,0,0,0,0,3,0,,67,3,2022,1,39.9918,-75.1093,2332.0,6,0,0,0,0,0,0,0,0,,0,0,0.0,21,3,0,0,N,0,39 59:30.619,,0,75 06:33.406,0,0,0,0,67301,1,0,0,N,0,0,0,2,67301,0,,6,1,,N,N,N,1,,0,0,0,0,0,,2130,0,2,0,0,0,0,0,3,4,0,2,3,,N,,,,,,,,,,,
2022044830,1116.0,0,0,0,0,0,0,0,0,0,5,1,,67,5,2022,4,39.9661,-75.1944,1058.0,6,0,0,0,0,0,1,0,0,,0,1,0.0,10,1,1,0,N,0,39 57:57.910,,0,75 11:39.820,3,0,0,0,67301,1,0,0,N,1,0,0,2,67301,0,,1,1,,N,Y,N,0,,1,0,0,0,0,,1050,1,3,0,0,0,0,0,3,4,1,2,3,,N,,,,,,,,,,,
2022040523,1741.0,2,0,0,0,0,0,0,0,0,1,0,,67,4,2022,5,39.9004,-75.1568,1734.0,6,0,0,0,0,0,2,0,0,,0,0,0.0,17,1,4,0,N,2,39 54:01.279,1.0,0,75 09:24.398,8,0,0,0,67301,0,0,0,N,0,0,0,6,68K01,0,,1,1,30.0,N,N,N,0,,0,0,2,0,0,Y,1724,4,4,0,0,0,4,0,3,4,0,4,3,3.0,N,,,,,,,,,,,
2022029756,1920.0,1,0,0,0,0,0,0,0,0,4,0,,67,3,2022,6,39.9771,-75.2298,1920.0,6,0,0,0,0,0,0,0,0,,0,0,0.0,15,1,1,1,,0,39 58:37.434,,0,75 13:47.402,3,0,0,0,67301,0,0,0,N,0,0,0,2,67301,0,,1,1,,N,N,N,0,,1,0,1,3,2,,1540,1,2,0,0,0,0,0,3,4,0,2,3,3.0,N,,,,,,,,,,,
2022043984,1430.0,1,0,0,0,0,0,0,0,0,4,0,,67,4,2022,5,39.9774,-75.2271,1430.0,6,0,0,0,0,0,0,0,0,,0,0,0.0,14,1,0,3,,0,39 58:38.507,,0,75 13:37.478,9,0,0,0,67301,0,0,0,N,0,0,0,2,67301,0,,1,1,,N,N,N,0,,0,0,1,3,2,,1400,0,2,0,0,0,0,2,3,4,0,2,3,3.0,N,,,,,,,,,,,
2022050568,1325.0,1,0,0,0,0,0,0,0,0,4,1,,67,5,2022,1,40.0138,-75.126,1322.0,6,0,0,0,0,0,1,0,0,,0,1,0.0,13,1,1,1,,1,40 00:49.823,1.0,0,75 07:33.528,3,0,0,0,67301,0,0,0,N,0,0,0,6,67301,0,,1,1,1410.0,N,N,N,0,,1,0,0,3,2,Y,1321,1,2,0,0,5,0,0,3,4,0,2,3,3.0,N,,,,,,,,,,,
2022033021,1258.0,0,0,0,0,0,0,0,0,0,7,0,,67,4,2022,3,40.0349,-75.1506,1252.0,6,0,0,0,0,0,0,0,0,,0,0,0.0,12,1,0,0,N,0,40 02:05.610,,0,75 09:02.200,0,0,0,0,67301,0,0,0,N,0,0,0,2,67301,0,,4,1,,N,N,N,0,,0,0,1,0,0,,1250,0,1,0,0,0,0,0,3,4,0,1,4,,N,,,,,,,,,,,
2022032867,1736.0,0,0,0,0,0,0,0,0,0,4,0,,67,3,2022,4,40.0588,-75.0442,1731.0,6,0,0,0,0,0,0,0,0,,0,0,0.0,17,1,1,1,,2,40 03:31.744,1.0,3,75 02:39.016,3,0,0,0,67301,0,0,0,N,0,0,0,3,67301,0,,1,1,1801.0,N,N,N,0,,1,0,2,3,2,Y,1729,1,2,0,0,1,0,0,3,4,0,2,3,,N,,,,,,,,,,,
2022044138,1400.0,1,0,0,0,0,0,0,0,0,4,0,,67,5,2022,3,40.0101,-75.1644,1355.0,6,0,0,0,0,0,0,0,0,,0,0,0.0,13,1,0,1,,0,40 00:36.306,,0,75 09:51.901,9,0,0,0,67301,0,0,0,N,0,0,0,3,67301,0,,1,1,,N,N,N,1,,0,0,0,3,3,,1315,0,2,0,0,0,0,2,3,4,0,2,3,3.0,N,,,,,,,,,,,
2022043681,2312.0,0,0,0,0,0,0,0,0,0,1,0,,67,4,2022,5,39.9571,-75.156,2257.0,6,0,0,0,0,0,0,0,0,,0,0,0.0,22,3,0,0,N,0,39 57:25.554,,0,75 09:21.732,0,0,0,0,67301,0,0,0,N,0,0,0,3,68K01,0,,1,9,,N,N,N,0,,0,0,3,0,0,,2248,0,3,0,0,0,0,0,3,4,0,3,7,7.0,N,,,,,,,,,,,
2022016698,1118.0,1,0,0,0,0,0,0,0,0,4,0,,67,2,2022,2,,,1108.0,6,0,0,0,0,1,0,0,0,,0,0,0.0,11,1,0,2,,0,,,7,,0,0,0,0,67301,0,0,0,N,0,0,0,2,67301,0,,1,1,,N,N,N,0,,0,0,1,0,0,,1100,0,2,0,0,0,0,0,3,3,0,2,3,3.0,N,,,,,,,,,,,
2022047170,1517.0,1,0,0,0,0,0,0,0,0,1,1,,67,5,2022,5,40.0703,-75.0149,1512.0,6,0,0,0,0,0,0,0,1,,0,1,0.0,14,1,1,0,N,0,40 04:13.120,,0,75 00:53.460,3,0,0,0,67301,0,0,0,N,0,0,0,1,67301,0,,6,1,,N,N,N,0,,1,0,1,0,0,,1423,1,3,0,0,0,0,0,3,4,0,3,3,,N,,,,,,,,,,,
2022027046,1920.0,1,0,0,0,0,0,0,0,0,1,0,,67,3,2022,5,39.9662,-75.1362,1909.0,6,0,0,0,0,0,0,0,0,,0,0,0.0,19,3,4,0,N,0,39 57:58.267,,0,75 08:10.463,8,0,0,0,67301,0,0,0,N,0,0,0,8,68K01,0,,1,1,,N,N,N,0,,0,0,1,0,0,,1909,4,3,0,0,4,4,0,3,4,1,3,3,3.0,N,,,,,,,,,,,
2022026843,425.0,1,0,0,0,0,0,0,0,0,4,0,,67,3,2022,2,39.9211,-75.2242,417.0,6,0,0,0,0,1,0,0,0,,0,0,0.0,4,3,11,1,,2,39 55:15.795,4.0,0,75 13:27.001,2,0,0,0,67301,0,0,0,N,0,0,0,12,67301,0,,1,1,100.0,N,N,N,0,,10,1,1,3,2,N,414,11,3,0,0,0,0,0,3,4,1,3,3,3.0,N,,,,,,,,,,,
2022023794,1957.0,2,0,0,0,0,0,0,0,0,1,0,,67,3,2022,7,40.0437,-75.1539,1957.0,6,0,0,0,1,1,0,0,0,,0,0,0.0,15,1,1,1,,0,40 02:37.140,,0,75 09:13.982,3,0,0,0,67301,0,0,0,N,0,0,0,5,67301,0,,1,1,,N,N,N,0,,1,0,1,3,3,,1554,1,3,0,0,1,0,4,3,4,0,3,3,3.0,N,,,,,,,,,,,
2022051586,1159.0,0,0,0,0,0,0,0,0,0,2,0,,67,6,2022,4,39.9942,-75.0942,1159.0,6,0,0,0,0,0,0,0,0,,0,0,0.0,13,1,0,0,N,9,39 59:39.279,,0,75 05:39.080,9,0,0,1,67301,0,0,0,N,0,0,0,2,67301,0,,1,1,,N,N,N,0,,0,0,1,0,0,,1330,0,2,0,0,0,0,1,3,4,0,2,3,,N,,,,,,,,,,,
2022025065,752.0,1,0,0,0,0,0,0,0,0,4,0,,67,3,2022,4,39.9695,-75.2254,751.0,6,0,0,0,0,0,0,0,0,,0,0,0.0,7,1,1,1,,0,39 58:10.246,,0,75 13:31.336,4,0,0,0,67301,0,0,0,N,0,0,0,2,67301,1,,1,1,,N,N,N,0,,0,0,1,3,2,,724,1,2,0,0,0,0,0,3,4,0,2,3,3.0,N,,,,,,,,,,,
2022015072,1440.0,1,0,0,0,0,0,0,0,0,8,0,,67,2,2022,2,39.986,-75.173,1440.0,6,0,0,0,0,0,0,0,0,,0,0,0.0,14,1,1,0,N,0,39 59:09.590,,0,75 10:22.770,3,0,0,0,67301,1,0,0,N,1,0,0,2,67301,0,,1,1,,N,N,N,0,,1,0,0,0,0,,1440,1,2,0,0,0,0,0,3,4,0,1,4,,N,,,,,,,,,,,
2022024539,537.0,1,0,0,0,0,0,0,0,0,4,0,,67,3,2022,4,40.0223,-75.162,537.0,6,0,0,0,0,0,0,0,0,,0,0,0.0,5,3,1,1,,0,40 01:20.289,,0,75 09:43.290,4,0,0,0,67301,0,0,0,N,0,0,0,2,67301,1,,1,1,,N,N,N,0,,0,0,1,3,2,,537,1,2,0,0,0,0,1,3,4,0,2,3,4.0,N,,,,,,,,,,,
2022016683,1540.0,1,0,0,0,0,0,0,0,0,4,0,,67,2,2022,3,39.9512,-75.2071,1539.0,6,0,0,0,0,1,0,1,0,,0,0,0.0,15,1,0,1,,0,39 57:04.183,,0,75 12:25.660,0,0,0,0,67301,0,0,0,N,0,0,0,2,67504,0,,1,1,,N,N,N,0,,0,0,1,3,3,,1536,0,2,0,0,0,0,0,3,4,0,2,3,3.0,N,,,,,,,,,,,
2022030294,608.0,2,0,0,0,0,0,0,0,0,4,0,,67,3,2022,6,39.9469,-75.2127,608.0,6,0,0,0,0,1,1,0,0,,0,0,0.0,6,3,0,1,,1,39 56:48.807,3.0,0,75 12:45.628,0,0,0,0,67301,0,0,0,N,0,0,0,2,67301,0,,1,9,645.0,N,N,N,0,,0,0,0,3,3,N,608,0,2,0,0,1,0,0,3,4,0,2,7,7.0,N,,,,,,,,,,,
2022026233,1910.0,1,0,0,0,0,0,0,0,0,5,0,,67,3,2022,1,40.073,-74.9825,1859.0,6,0,0,0,0,0,0,0,0,,0,0,0.0,18,3,1,0,N,0,40 04:22.680,,0,74 58:56.950,8,0,0,0,67301,0,0,0,N,0,0,0,1,67301,0,,6,1,,N,N,N,0,,0,0,3,0,0,,1855,1,5,0,0,0,1,0,3,4,1,5,3,3.0,N,,,,,,,,,,,
2022010664,2024.0,0,0,0,0,0,0,0,0,0,7,0,,67,1,2022,1,39.9573,-75.1912,2022.0,6,0,0,0,0,0,0,0,0,,0,0,0.0,20,3,0,3,,0,39 57:26.198,,0,75 11:28.250,0,0,0,0,67301,0,0,0,N,0,0,0,1,67507,0,,5,7,,,,N,0,,0,0,1,0,0,,2019,0,1,0,0,0,0,0,3,4,0,1,3,,N,,,,,,,,,,,