CRN,ARRIVAL_TM,AUTOMOBILE_COUNT,BELTED_DEATH_COUNT,BELTED_SUSP_SERIOUS_INJ_COUNT,BICYCLE_COUNT,BICYCLE_DEATH_COUNT,BICYCLE_SUSP_SERIOUS_INJ_COUNT,BUS_COUNT,CHLDPAS_DEATH_COUNT,CHLDPAS_SUSP_SERIOUS_INJ_COUNT,COLLISION_TYPE,COMM_VEH_COUNT,CONS_ZONE_SPD_LIM,COUNTY,CRASH_MONTH,CRASH_YEAR,DAY_OF_WEEK,DEC_LAT,DEC_LONG,DISPATCH_TM,DISTRICT,DRIVER_COUNT_16YR,DRIVER_COUNT_17YR,DRIVER_COUNT_18YR,DRIVER_COUNT_19YR,DRIVER_COUNT_20YR,DRIVER_COUNT_50_64YR,DRIVER_COUNT_65_74YR,DRIVER_COUNT_75PLUS,EST_HRS_CLOSED,FATAL_COUNT,HEAVY_TRUCK_COUNT,HORSE_BUGGY_COUNT,HOUR_OF_DAY,ILLUMINATION,INJURY_COUNT,INTERSECT_TYPE,INTERSECTION_RELATED,LANE_CLOSED,LATITUDE,LN_CLOSE_DIR,LOCATION_TYPE,LONGITUDE,MAX_SEVERITY_LEVEL,MCYCLE_DEATH_COUNT,MCYCLE_SUSP_SERIOUS_INJ_COUNT,MOTORCYCLE_COUNT,MUNICIPALITY,NONMOTR_COUNT,NONMOTR_DEATH_COUNT,NONMOTR_SUSP_SERIOUS_INJ_COUNT,NTFY_HIWY_MAINT,PED_COUNT,PED_DEATH_COUNT,PED_SUSP_SERIOUS_INJ_COUNT,PERSON_COUNT,POLICE_AGCY,POSSIBLE_INJ_COUNT,RDWY_SURF_TYPE_CD,RELATION_TO_ROAD,ROAD_CONDITION,ROADWAY_CLEARED,SCH_BUS_IND,SCH_ZONE_IND,SECONDARY_CRASH,SMALL_TRUCK_COUNT,SPEC_JURIS_CD,SUSP_MINOR_INJ_COUNT,SUSP_SERIOUS_INJ_COUNT,SUV_COUNT,TCD_FUNC_CD,TCD_TYPE,TFC_DETOUR_IND,TIME_OF_DAY,TOT_INJ_COUNT,TOTAL_UNITS,UNB_DEATH_COUNT,UNB_SUSP_SERIOUS_INJ_COUNT,UNBELTED_OCC_COUNT,UNK_INJ_DEG_COUNT,UNK_INJ_PER_COUNT,URBAN_AREA,URBAN_RURAL,VAN_COUNT,VEHICLE_COUNT,WEATHER1,WEATHER2,WORK_ZONE_IND,WORK_ZONE_LOC,WORK_ZONE_TYPE,WORKERS_PRES,WZ_CLOSE_DETOUR,WZ_FLAGGER,WZ_LAW_OFFCR_IND,WZ_LN_CLOSURE,WZ_MOVING,WZ_OTHER,WZ_SHLDER_MDN,WZ_WORKERS_INJ_KILLED
2022043882,1440.0,1,0,0,0,0,0,0,0,0,8,0,,67,5,2022,2,39.9371,-75.2267,1434.0,6,0,0,0,0,0,0,0,0,,0,0,0.0,14,1,1,1,,0,39 56:13.549,,0,75 13:35.979,8,0,0,0,67301,1,0,0,N,1,0,0,2,67301,0,,1,1,,N,N,N,0,,0,0,0,0,0,,1424,1,2,0,0,0,1,0,3,4,0,1,3,3.0,N,,,,,,,,,,,
2022043796,150.0,1,0,0,0,0,0,0,0,0,1,0,,67,5,2022,2,39.9211,-75.1938,147.0,6,0,0,0,0,0,1,0,0,,0,0,0.0,1,3,2,1,,0,39 55:16.119,,0,75 11:37.683,3,0,0,0,67301,0,0,0,N,0,0,0,3,67301,0,,1,1,,N,N,N,0,,2,0,1,3,2,,130,2,2,0,0,1,0,0,3,4,0,2,3,3.0,N,,,,,,,,,,,
2022043804,2350.0,2,0,0,0,0,0,0,0,0,5,0,,67,5,2022,2,40.0446,-75.0764,2348.0,6,0,0,0,0,0,0,0,0,,0,0,0.0,22,3,0,0,N,0,40 02:40.470,,0,75 04:35.030,0,0,0,0,67301,0,0,0,N,0,0,0,1,67301,0,,6,1,,N,N,N,0,,0,0,1,0,0,,2252,0,3,0,0,0,0,0,3,4,0,3,3,,N,,,,,,,,,,,
2022043937,1603.0,0,0,0,0,0,0,0,0,0,4,0,,67,4,2022,7,40.0396,-75.0574,1426.0,6,0,0,0,0,0,0,0,0,,0,0,0.0,13,1,1,0,N,0,40 02:22.700,,7,75 03:26.600,3,0,0,1,67301,0,0,0,N,0,0,0,2,67301,0,,1,1,,N,N,N,0,,1,0,0,3,3,,1359,1,2,0,0,0,0,0,3,4,0,2,3,3.0,N,,,,,,,,,,,
2022044068,422.0,2,0,0,0,0,0,0,0,0,5,0,,67,4,2022,6,39.9771,-75.1269,422.0,6,0,0,0,0,0,0,0,0,,0,0,0.0,4,3,0,0,N,2,39 58:37.600,7.0,0,75 07:36.800,9,0,0,0,67301,0,0,0,N,0,0,0,4,67301,0,,6,1,529.0,N,N,N,0,,0,0,3,0,0,N,422,0,5,0,0,0,0,4,3,4,0,5,3,,N,,,,,,,,,,,
2022055684,1407.0,1,0,0,0,0,0,0,0,0,4,1,,67,3,2022,5,40.017,-75.1717,1407.0,6,0,0,0,0,0,0,0,0,,0,1,0.0,13,1,1,0,N,0,40 01:01.305,,0,75 10:17.993,8,0,0,0,67301,0,0,0,N,0,0,0,2,67301,0,,1,99,,N,N,N,0,,0,0,0,0,0,,1315,1,2,0,0,0,1,0,3,4,0,2,99,,N,,,,,,,,,,,
2022055571,1315.0,1,0,0,0,0,0,0,0,0,8,0,,67,6,2022,5,40.1023,-75.0283,1308.0,6,0,0,0,0,0,0,0,0,,0,0,0.0,13,1,1,0,N,0,40 06:08.270,,0,75 01:41.830,3,0,0,0,67301,1,0,0,N,1,0,0,2,67301,0,,1,1,,N,N,N,0,,1,0,0,0,0,,1305,1,2,0,0,0,0,0,3,4,0,1,3,,N,,,,,,,,,,,
2022055742,918.0,2,0,0,0,0,0,0,0,0,1,1,,67,6,2022,2,40.05,-75.0862,915.0,6,0,0,0,0,0,1,0,1,,0,1,0.0,8,1,1,2,,0,40 03:00.094,,0,75 05:10.208,8,0,0,0,67301,0,0,0,N,0,0,0,4,67301,0,,1,1,,N,N,N,1,,0,0,0,3,2,,842,1,4,0,0,0,1,0,3,4,0,4,3,,N,,,,,,,,,,,
2022043822,1523.0,2,0,0,0,0,0,0,0,0,4,0,,67,5,2022,3,40.0308,-75.2268,1519.0,6,0,0,1,0,0,0,0,0,,0,0,0.0,14,1,1,1,,0,40 01:50.908,,0,75 13:36.400,3,0,0,0,67301,0,0,0,N,0,0,0,2,67301,0,,1,1,,N,N,N,0,,1,0,0,3,3,,1442,1,2,0,0,0,0,0,3,4,0,2,3,3.0,N,,,,,,,,,,,
2022043812,1959.0,4,0,0,0,0,0,0,0,0,5,0,,67,5,2022,1,39.9205,-75.159,1959.0,6,0,0,0,0,0,1,0,0,,0,0,0.0,19,1,2,0,N,2,39 55:13.660,3.0,0,75 09:32.420,2,0,0,0,67301,0,0,0,N,0,0,0,3,67301,0,,1,1,2130.0,N,N,Y,0,,1,1,0,0,0,Y,1900,2,5,0,1,2,0,0,3,4,1,5,3,,N,,,,,,,,,,,
2022055283,1523.0,1,0,0,0,0,0,0,0,0,5,0,,67,5,2022,6,39.894,-75.1953,1450.0,6,0,0,0,0,0,0,0,0,,0,0,0.0,14,1,0,0,N,0,39 53:38.499,,0,75 11:43.014,0,0,0,0,67301,0,0,0,N,0,0,0,2,68K01,0,,1,8,,N,N,N,0,,0,0,1,0,0,,1438,0,2,0,0,0,0,0,3,4,0,2,7,7.0,N,,,,,,,,,,,
2022019526,,0,0,0,0,0,0,0,0,0,4,0,,67,2,2022,2,39.9169,-75.2462,,6,0,0,0,0,0,1,0,0,,0,0,0.0,21,1,0,0,N,0,39 55:00.988,,7,75 14:46.202,0,0,0,0,67301,0,0,0,N,0,0,0,2,00000,0,,1,1,,,,N,0,,0,0,1,0,0,,2136,0,2,0,0,0,0,0,3,4,0,2,3,,N,,,,,,,,,,,
2022048828,,1,0,0,0,0,0,0,0,0,4,0,,67,1,2022,2,40.0197,-75.0611,,6,0,0,0,0,0,0,0,0,,0,0,0.0,23,3,1,1,,0,40 01:11.035,,0,75 03:40.071,8,0,0,0,67301,0,0,0,N,0,0,0,2,00000,0,,1,1,,N,N,N,0,,0,0,1,3,3,,2345,1,2,0,0,0,1,0,3,4,0,2,3,,N,,,,,,,,,,,
2022044042,2102.0,2,0,0,0,0,0,0,0,0,5,0,,67,4,2022,6,39.9828,-75.1067,2047.0,6,0,0,0,0,0,0,0,0,,0,0,0.0,20,3,0,0,N,2,39 58:58.060,1.0,0,75 06:23.960,0,0,0,0,67301,0,0,0,N,0,0,0,1,67301,0,,6,1,100.0,N,N,N,0,,0,0,2,0,0,N,2045,0,5,0,0,1,0,0,3,4,1,5,3,3.0,N,,,,,,,,,,,
2022017626,,0,0,0,0,0,0,0,0,0,4,0,,67,2,2022,1,39.9351,-75.1571,,6,0,0,0,0,0,0,0,0,,0,0,0.0,3,3,1,1,,0,39 56:06.363,,0,75 09:25.491,8,0,0,0,67301,0,0,0,N,0,0,0,2,00000,0,,1,1,,,,N,0,,0,0,1,3,2,,300,1,2,0,0,0,1,0,3,4,0,2,3,,N,,,,,,,,,,,
2022055909,942.0,0,0,0,0,0,0,0,0,0,7,0,,67,5,2022,7,39.9571,-75.1444,942.0,6,0,0,0,0,0,0,0,0,,0,0,0.0,9,1,0,7,,1,39 57:25.710,4.0,2,75 08:39.698,0,0,0,0,67301,0,0,0,N,0,0,0,1,68K01,0,,4,1,955.0,N,N,N,0,,0,0,1,0,0,N,942,0,1,0,0,0,0,0,3,4,0,1,3,3.0,N,,,,,,,,,,,
2022055568,2020.0,0,0,0,0,0,0,0,0,0,7,1,,67,6,2022,2,39.9591,-75.1575,1945.0,6,0,0,0,0,0,1,0,0,,0,1,0.0,19,1,0,0,N,2,39 57:32.600,4.0,1,75 09:27.100,0,0,0,0,67301,0,0,0,N,0,0,0,1,67301,0,,1,1,0.0,N,N,N,0,,0,0,0,3,8,Y,1924,0,1,0,0,0,0,0,3,4,0,1,3,3.0,N,,,,,,,,,,,
2022047209,925.0,0,0,0,0,0,0,0,0,0,5,0,,67,4,2022,7,40.0025,-75.1338,920.0,6,0,0,0,0,0,0,0,0,,0,0,0.0,8,1,0,0,N,0,40 00:09.090,,0,75 08:01.610,9,0,0,0,67301,0,0,0,N,0,0,0,1,67301,0,,6,1,,N,N,N,0,,0,0,2,0,0,,801,0,2,0,0,1,0,1,3,4,0,2,3,,N,,,,,,,,,,,
2022044058,1530.0,1,0,0,0,0,0,0,0,0,8,0,,67,5,2022,4,39.9975,-75.1451,1530.0,6,0,0,0,0,0,0,0,0,,0,0,0.0,21,3,1,1,,0,39 59:50.827,,0,75 08:42.381,2,0,0,0,67301,1,0,1,N,1,0,1,2,67301,0,,1,1,,N,N,N,0,,0,1,0,3,3,,2130,1,2,0,0,0,0,0,3,4,0,1,3,3.0,N,,,,,,,,,,,
2022055598,900.0,0,0,0,0,0,0,1,0,0,6,2,,67,6,2022,6,40.0585,-75.1658,840.0,6,0,0,0,0,0,0,0,0,,0,1,0.0,7,1,1,0,N,1,40 03:30.571,3.0,0,75 09:56.717,3,0,0,0,67301,0,0,0,N,0,0,0,3,67301,0,,1,1,1000.0,Y,N,N,1,,1,0,0,0,0,N,750,1,3,0,0,0,0,0,3,4,0,3,3,3.0,N,,,,,,,,,,,
2022044128,34.0,1,0,0,0,0,0,0,0,0,4,0,,67,5,2022,4,40.0317,-75.1789,26.0,6,0,0,0,0,0,0,0,0,,0,0,0.0,20,3,1,1,,0,40 01:54.231,,0,75 10:43.900,3,0,0,0,67301,0,0,0,N,0,0,0,2,67301,0,,1,99,,N,N,N,0,,1,0,1,3,2,,2045,1,2,0,0,1,0,1,3,4,0,2,99,,N,,,,,,,,,,,
2022055907,901.0,1,0,0,0,0,0,0,0,0,7,0,,67,5,2022,5,39.971,-75.1246,849.0,6,0,0,0,0,0,0,0,0,,0,0,0.0,8,1,1,0,N,1,39 58:15.479,1.0,0,75 07:28.418,3,0,0,0,67301,0,0,0,N,0,0,0,2,68K01,0,,4,1,924.0,N,N,N,0,,1,0,0,0,0,N,847,1,1,0,0,1,0,0,3,4,0,1,3,3.0,N,,,,,,,,,,,
2022043878,400.0,0,0,0,0,0,0,0,0,0,99,0,,67,4,2022,7,39.8975,-75.2525,356.0,6,0,0,0,0,0,0,0,0,,0,0,0.0,3,3,1,1,,0,39 53:51.111,,0,75 15:08.912,2,0,1,1,67301,0,0,0,N,0,0,0,2,67301,0,,1,1,,N,N,N,0,,0,1,0,3,2,,350,1,2,0,0,0,0,1,3,4,0,2,3,3.0,N,,,,,,,,,,,
2022041149,544.0,0,0,0,0,0,0,0,0,0,4,0,,67,5,2022,3,40.006,-75.152,543.0,6,0,0,0,0,0,2,0,0,,0,0,0.0,5,1,1,0,N,0,40 00:21.591,,0,75 09:07.089,3,0,0,0,67301,0,0,0,N,0,0,0,4,67505,0,,1,1,,N,N,N,0,,1,0,2,0,0,,542,1,2,0,0,0,0,0,3,4,0,2,3,,N,,,,,,,,,,,
2022044097,1312.0,2,0,0,0,0,0,0,0,0,1,0,,67,5,2022,2,40.0468,-75.1379,1312.0,6,0,0,0,0,0,0,0,0,,0,0,0.0,13,1,1,0,N,1,40 02:48.653,3.0,0,75 08:16.278,3,0,0,0,67301,0,0,0,N,0,0,0,2,67301,0,,1,1,30.0,N,N,N,0,,1,0,0,0,0,Y,1311,1,2,0,0,0,0,0,3,4,0,2,3,,N,,,,,,,,,,,
2022044051,41.0,1,0,0,0,0,0,0,0,0,5,0,,67,4,2022,6,40.0138,-75.126,41.0,6,0,0,0,0,0,0,0,0,,0,0,0.0,0,3,2,1,,1,40 00:49.823,6.0,0,75 07:33.528,2,0,1,1,67301,0,0,0,N,0,0,0,2,67301,0,,1,1,127.0,N,N,N,0,,1,1,0,3,2,Y,40,2,2,0,0,1,0,0,3,4,0,2,3,3.0,N,,,,,,,,,,,
2022043703,1055.0,1,0,0,0,0,0,0,0,0,1,0,,67,5,2022,1,39.9416,-75.1944,1029.0,6,0,0,0,0,0,1,0,0,,0,0,0.0,10,1,0,0,N,2,39 56:29.671,4.0,3,75 11:39.771,0,0,0,0,67301,0,0,0,N,0,0,0,5,68K01,0,,1,1,1100.0,N,N,N,0,,0,0,2,3,8,N,1026,0,3,0,0,0,0,0,3,4,0,3,3,,N,,,,,,,,,,,
2022043959,2106.0,0,0,0,0,0,0,0,0,0,8,0,,67,5,2022,1,39.9362,-75.1704,2105.0,6,0,0,0,0,0,0,0,0,,0,0,0.0,20,3,1,1,,0,39 56:10.417,,0,75 10:13.609,4,0,0,0,67301,1,0,0,N,1,0,0,2,67301,1,,1,99,,N,N,N,0,,0,0,1,3,3,,2030,1,2,0,0,0,0,0,3,4,0,1,99,,N,,,,,,,,,,,
2022054592,2344.0,1,0,0,0,0,0,0,0,0,7,0,,67,5,2022,1,39.9569,-75.1552,2335.0,6,0,0,0,0,0,0,0,0,,0,0,0.0,23,3,1,0,N,1,39 57:24.795,3.0,0,75 09:18.708,4,0,0,0,67301,0,0,0,N,0,0,0,2,68K01,1,,4,1,1208.0,N,N,N,0,,0,0,0,0,0,N,2335,1,1,0,0,0,0,0,3,4,0,1,3,,N,,,,,,,,,,,
2022043852,1834.0,0,0,0,0,0,0,0,0,0,8,0,,67,5,2022,3,40.0826,-74.9872,1822.0,6,0,0,0,0,0,0,0,0,,0,0,0.0,18,1,1,0,N,0,40 04:57.260,,0,74 59:14.050,4,0,0,0,67301,1,0,0,N,1,0,0,2,67301,1,,1,1,,N,N,N,0,,0,0,1,0,0,,1821,1,2,0,0,1,0,0,3,4,0,1,3,3.0,N,,,,,,,,,,,
2022044126,1840.0,2,0,0,0,0,0,0,0,0,1,0,,67,5,2022,4,40.0014,-75.153,1823.0,6,0,0,0,0,0,0,0,0,,0,0,0.0,18,1,1,0,N,2,40 00:05.101,2.0,0,75 09:10.673,3,0,0,0,67301,0,0,0,N,0,0,0,1,67301,0,,6,1,30.0,N,N,Y,0,,1,0,0,0,0,N,1815,1,3,0,0,0,0,0,3,4,1,3,3,3.0,N,,,,,,,,,,,
2022044100,50.0,2,0,0,0,0,0,0,0,0,4,0,,67,5,2022,3,40.0276,-75.1471,47.0,6,0,0,0,0,0,0,0,0,,0,0,0.0,23,3,2,1,,0,40 01:39.286,,0,75 08:50.079,3,0,0,0,67301,0,0,0,N,0,0,0,4,67301,0,,1,1,,N,N,N,0,,2,0,0,3,2,,2350,2,2,0,0,1,0,1,3,4,0,2,3,3.0,N,,,,,,,,,,,
2022043935,1508.0,1,0,0,0,0,0,0,0,0,7,0,,67,4,2022,7,40.0118,-75.0882,1508.0,6,0,0,0,0,0,0,0,0,,0,0,0.0,15,1,1,0,N,0,40 00:42.337,,1,75 05:17.667,3,0,0,0,67301,0,0,0,N,0,0,0,1,67301,0,,3,1,,N,N,N,0,,1,0,0,0,0,,1507,1,1,0,0,0,0,0,3,4,0,1,3,3.0,N,,,,,,,,,,,
2022055665,1100.0,2,0,0,0,0,0,0,0,0,4,0,,67,6,2022,5,39.9706,-75.15,1057.0,6,0,0,0,0,1,0,0,0,,0,0,0.0,10,1,1,1,,0,39 58:14.012,,0,75 08:59.883,4,0,0,0,67301,0,0,0,N,0,0,0,4,67301,1,,1,1,,N,N,N,0,,0,0,0,3,2,,1050,1,2,0,0,0,0,0,3,4,0,2,3,3.0,N,,,,,,,,,,,
2022044072,2131.0,1,0,0,0,0,0,0,0,0,4,0,,67,5,2022,1,39.9705,-75.151,2131.0,6,0,0,0,0,0,0,0,0,,0,0,0.0,21,3,2,1,,0,39 58:14.110,,1,75 09:03.197,3,0,0,0,67301,0,0,0,N,0,0,0,2,67301,0,,1,1,,N,N,N,0,,1,0,1,3,3,,2130,2,2,0,0,1,1,0,3,4,0,2,3,,N,,,,,,,,,,,
2022044122,2320.0,1,0,0,0,0,0,0,0,0,4,0,,67,5,2022,3,40.0113,-75.1753,2316.0,6,0,0,0,0,0,0,0,0,,0,0,0.0,20,3,2,0,N,0,40 00:40.540,,7,75 10:31.010,8,0,0,0,67301,0,0,0,N,0,0,0,4,67301,0,,1,1,,N,N,N,0,,0,0,0,3,3,,2033,2,2,0,0,1,2,1,3,4,0,2,3,,N,,,,,,,,,,,
2022043866,858.0,1,0,0,0,0,0,0,0,0,4,0,,67,5,2022,3,39.966,-75.1792,855.0,6,0,0,0,0,0,0,0,0,,0,0,0.0,8,1,1,1,,0,39 57:59.700,,0,75 10:46.400,3,0,0,1,67301,0,0,0,N,0,0,0,2,67301,0,,1,1,,N,N,N,0,,1,0,0,3,2,,850,1,2,0,0,1,0,0,3,4,0,2,3,3.0,N,,,,,,,,,,,
2022056511,134.0,2,0,0,0,0,0,0,0,0,1,0,,67,5,2022,7,40.0035,-75.0772,134.0,6,0,0,0,0,0,0,0,0,,0,0,0.0,1,3,0,0,N,0,40 00:12.661,,0,75 04:37.877,0,0,0,0,67301,0,0,0,Y,0,0,0,2,68K01,0,,1,9,,N,N,N,0,,0,0,0,0,0,,119,0,2,0,0,0,0,0,3,4,0,2,7,7.0,N,,,,,,,,,,,
2022044079,2304.0,1,0,0,0,0,0,0,0,0,5,0,,67,5,2022,4,39.966,-75.1317,2301.0,6,0,0,0,0,0,1,0,0,,0,0,0.0,22,3,1,0,N,0,39 57:58.318,,7,75 07:52.150,4,0,0,0,67301,0,0,0,N,0,0,0,2,67301,1,,1,1,,N,N,N,0,,0,0,1,3,2,,2258,1,2,0,0,0,0,1,3,4,0,2,3,,N,,,,,,,,,,,
2022046467,1020.0,0,0,0,0,0,0,0,0,0,4,0,,67,4,2022,6,39.9511,-75.1536,1020.0,6,0,0,0,0,0,0,1,0,,0,0,0.0,10,1,1,1,,0,39 57:04.188,,0,75 09:12.905,4,0,0,0,67301,0,0,0,N,0,0,0,2,67508,1,,1,9,,N,N,Y,0,,0,0,2,3,2,,1020,1,2,0,0,1,0,0,3,4,0,2,3,3.0,N,,,,,,,,,,,
2022056489,926.0,1,0,0,0,0,0,0,0,0,7,0,,67,2,2022,7,39.8919,-75.2232,915.0,6,0,0,0,0,0,0,0,0,,0,0,0.0,9,1,0,0,N,0,39 53:30.926,,0,75 13:23.586,0,0,0,0,67301,0,0,0,N,0,0,0,1,68K01,0,,4,1,,N,N,N,0,,0,0,0,0,0,,909,0,1,0,0,0,0,0,3,4,0,1,3,,N,,,,,,,,,,,
2022044090,122.0,1,0,0,0,0,0,0,0,0,5,0,,67,4,2022,6,40.0361,-75.1377,109.0,6,0,0,0,0,0,0,0,0,,0,0,0.0,0,3,1,0,N,1,40 02:10.110,1.0,0,75 08:15.800,8,0,0,0,67301,0,0,0,N,0,0,0,1,67301,0,,6,1,300.0,N,N,N,0,,0,0,4,0,0,N,44,1,5,0,0,0,1,0,3,4,0,5,3,,N,,,,,,,,,,,
2022021847,,2,0,0,0,0,0,0,0,0,2,0,,67,2,2022,1,39.988,-75.1059,,6,0,0,0,0,0,0,0,0,,0,0,0.0,0,3,1,1,,0,39 59:16.946,,0,75 06:21.283,8,0,0,0,67301,0,0,0,N,0,0,0,2,00000,0,,1,1,,,,N,0,,0,0,0,3,2,,0,1,2,0,0,0,1,0,3,4,0,2,3,,N,,,,,,,,,,,
2022040292,19.0,1,0,0,0,0,0,0,0,0,1,0,,67,4,2022,7,40.0062,-75.1518,18.0,6,0,0,0,0,0,0,0,0,,0,0,0.0,0,3,0,1,,1,40 00:22.203,1.0,0,75 09:06.487,9,0,0,0,67301,0,0,0,N,0,0,0,4,67505,0,,1,1,130.0,N,N,N,0,,0,0,2,3,2,N,15,0,3,0,0,0,0,3,3,4,0,3,3,3.0,N,,,,,,,,,,,
2022056509,1048.0,1,0,0,0,0,0,0,0,0,7,0,,67,5,2022,4,39.8991,-75.1673,1048.0,6,0,0,1,0,0,0,0,0,,0,0,0.0,10,1,0,0,N,1,39 53:56.644,1.0,0,75 10:02.129,0,0,0,0,67301,0,0,0,N,0,0,0,1,68K01,0,,4,1,1123.0,N,N,Y,0,,0,0,0,0,0,N,1048,0,1,0,0,0,0,0,3,4,0,1,3,,N,,,,,,,,,,,
2022046408,,2,0,0,0,0,0,0,0,0,4,0,,67,2,2022,4,40.0585,-75.0842,,6,0,0,0,0,0,0,0,0,,0,0,0.0,16,1,1,1,,0,40 03:30.481,,0,75 05:03.184,8,0,0,0,67301,0,0,0,N,0,0,0,2,00000,0,,1,1,,,,N,0,,0,0,0,3,3,,1630,1,2,0,0,0,1,0,3,4,0,2,3,,N,,,,,,,,,,,
2022043820,316.0,2,0,0,0,0,0,0,0,0,4,0,,67,5,2022,1,40.0213,-75.2133,315.0,6,0,0,0,0,0,0,0,0,,0,0,0.0,3,3,2,1,,0,40 01:16.730,,0,75 12:47.764,3,0,0,0,67301,0,0,0,N,0,0,0,4,67301,0,,1,1,,N,N,N,0,,2,0,1,3,3,,314,2,3,0,0,0,0,1,3,4,0,3,3,3.0,N,,,,,,,,,,,
2022043906,1818.0,0,0,0,0,0,0,0,0,0,4,0,,67,5,2022,3,40.0548,-75.169,1811.0,6,0,0,0,0,0,0,0,1,,0,0,0.0,18,1,2,1,,2,40 03:17.448,6.0,0,75 10:08.248,3,0,0,0,67301,0,0,0,N,0,0,0,5,67301,0,,1,1,1824.0,N,N,N,0,,2,0,2,3,2,Y,1808,2,2,0,0,0,0,0,3,4,0,2,3,98.0,N,,,,,,,,,,,
2022055680,220.0,2,0,0,0,0,0,0,0,0,1,0,99.0,67,5,2022,4,40.0035,-75.1952,205.0,6,0,0,0,0,0,0,0,0,,0,0,0.0,1,3,0,3,,0,40 00:12.729,,1,75 11:42.753,0,0,0,0,67301,0,0,0,N,0,0,0,2,67301,0,,5,9,,N,N,N,0,,0,0,0,0,0,,150,0,2,0,0,0,0,0,3,4,0,2,7,7.0,Y,4.0,1.0,N,N,N,N,N,N,Y,N,N
2022055688,515.0,1,0,0,0,0,0,0,0,0,7,0,,67,6,2022,1,40.0156,-75.1767,456.0,6,0,0,0,0,0,0,0,0,,0,0,0.0,4,3,1,0,N,0,40 00:55.991,,0,75 10:36.214,2,0,0,0,67301,0,0,0,N,0,0,0,1,67301,0,,4,9,,N,N,N,0,,0,1,0,0,0,,453,1,1,0,0,0,0,0,3,4,0,1,7,3.0,N,,,,,,,,,,,
2022055578,1852.0,2,0,0,0,0,0,0,0,0,4,0,,67,6,2022,4,40.088,-74.9658,1849.0,6,0,1,0,0,0,0,1,0,,0,0,0.0,18,1,0,1,,0,40 05:16.773,,0,74 57:56.746,9,0,0,0,67301,0,0,0,N,0,0,0,3,67301,0,,1,1,,N,N,N,0,,0,0,0,3,2,,1844,0,2,0,0,0,0,1,3,4,0,2,3,3.0,N,,,,,,,,,,,
2022044530,1555.0,1,0,0,0,0,0,0,0,0,8,0,,67,5,2022,3,39.9546,-75.226,1552.0,6,0,0,0,0,0,0,0,0,,0,0,0.0,15,1,1,1,,0,39 57:16.492,,0,75 13:33.613,3,0,0,0,67301,1,0,0,N,1,0,0,2,67301,0,,1,1,,N,N,N,0,,1,0,0,3,2,,1547,1,2,0,0,0,0,0,3,4,0,1,3,3.0,N,,,,,,,,,,,
2022043839,1307.0,1,0,0,0,0,0,0,0,0,4,0,,67,5,2022,3,40.063,-75.0549,1256.0,6,0,0,0,0,0,1,0,1,,0,0,0.0,12,1,1,1,,0,40 03:46.848,,0,75 03:18.044,3,0,0,0,67301,0,0,0,N,0,0,0,2,67301,0,,1,1,,N,N,N,1,,1,0,0,3,3,,1253,1,2,0,0,0,0,0,3,4,0,2,3,,N,,,,,,,,,,,
2022055651,1736.0,3,0,0,0,0,0,0,0,0,1,0,,67,4,2022,1,39.9998,-75.1532,1730.0,6,0,0,0,1,0,1,1,0,,0,0,0.0,17,1,1,0,N,0,39 59:59.311,,0,75 09:11.464,8,0,0,0,67301,0,0,0,N,0,0,0,4,67301,0,,1,1,,N,N,N,0,,0,0,0,3,2,,1724,1,3,0,0,0,1,0,3,4,0,3,3,3.0,N,,,,,,,,,,,
2022043998,1933.0,1,0,0,0,0,0,0,0,0,8,0,,67,5,2022,4,39.9837,-75.1848,1918.0,6,0,0,0,0,0,0,0,0,,0,0,0.0,19,1,1,1,,0,39 59:01.320,,0,75 11:05.218,8,0,0,0,67301,1,0,0,N,1,0,0,2,67301,0,,1,1,,N,N,N,0,,0,0,0,3,3,,1917,1,2,0,0,0,1,0,3,4,0,1,3,,N,,,,,,,,,,,
2022055588,220.0,1,0,0,0,0,0,0,0,0,1,1,,67,6,2022,5,39.8927,-75.2228,208.0,6,0,0,0,0,0,0,1,0,,0,1,0.0,2,2,0,2,,2,39 53:33.770,3.0,0,75 13:22.252,0,0,0,0,67301,0,0,0,N,0,0,0,3,67301,0,,1,9,400.0,N,N,N,0,,0,0,0,3,2,Y,201,0,2,0,0,0,0,0,3,4,0,2,7,7.0,N,,,,,,,,,,,
2022046784,1810.0,1,0,0,0,0,0,1,0,0,4,1,,67,5,2022,2,40.0098,-75.1669,1805.0,6,0,0,0,0,0,0,0,0,,0,0,0.0,18,1,5,1,,0,40 00:35.518,,0,75 10:00.484,8,0,0,0,67301,0,0,0,N,0,0,0,7,67508,0,,1,1,,N,N,Y,0,,0,0,0,3,2,,1805,5,2,0,0,0,5,0,3,4,0,2,3,3.0,N,,,,,,,,,,,
2022024892,1315.0,1,0,0,0,0,0,0,0,0,4,0,,67,3,2022,7,39.9437,-75.1654,1310.0,6,0,0,0,0,0,0,0,0,,0,0,0.0,13,1,0,1,,0,39 56:37.148,,0,75 09:55.602,0,0,0,1,67301,0,0,0,N,0,0,0,3,67301,0,,1,1,,N,N,N,0,,0,0,0,3,2,,1309,0,2,0,0,0,0,0,3,4,0,2,3,3.0,N,,,,,,,,,,,