CRN,ARRIVAL_TM,AUTOMOBILE_COUNT,BELTED_DEATH_COUNT,BELTED_SUSP_SERIOUS_INJ_COUNT,BICYCLE_COUNT,BICYCLE_DEATH_COUNT,BICYCLE_SUSP_SERIOUS_INJ_COUNT,BUS_COUNT,CHLDPAS_DEATH_COUNT,CHLDPAS_SUSP_SERIOUS_INJ_COUNT,COLLISION_TYPE,COMM_VEH_COUNT,CONS_ZONE_SPD_LIM,COUNTY,CRASH_MONTH,CRASH_YEAR,DAY_OF_WEEK,DEC_LAT,DEC_LONG,DISPATCH_TM,DISTRICT,DRIVER_COUNT_16YR,DRIVER_COUNT_17YR,DRIVER_COUNT_18YR,DRIVER_COUNT_19YR,DRIVER_COUNT_20YR,DRIVER_COUNT_50_64YR,DRIVER_COUNT_65_74YR,DRIVER_COUNT_75PLUS,EST_HRS_CLOSED,FATAL_COUNT,HEAVY_TRUCK_COUNT,HORSE_BUGGY_COUNT,HOUR_OF_DAY,ILLUMINATION,INJURY_COUNT,INTERSECT_TYPE,INTERSECTION_RELATED,LANE_CLOSED,LATITUDE,LN_CLOSE_DIR,LOCATION_TYPE,LONGITUDE,MAX_SEVERITY_LEVEL,MCYCLE_DEATH_COUNT,MCYCLE_SUSP_SERIOUS_INJ_COUNT,MOTORCYCLE_COUNT,MUNICIPALITY,NONMOTR_COUNT,NONMOTR_DEATH_COUNT,NONMOTR_SUSP_SERIOUS_INJ_COUNT,NTFY_HIWY_MAINT,PED_COUNT,PED_DEATH_COUNT,PED_SUSP_SERIOUS_INJ_COUNT,PERSON_COUNT,POLICE_AGCY,POSSIBLE_INJ_COUNT,RDWY_SURF_TYPE_CD,RELATION_TO_ROAD,ROAD_CONDITION,ROADWAY_CLEARED,SCH_BUS_IND,SCH_ZONE_IND,SECONDARY_CRASH,SMALL_TRUCK_COUNT,SPEC_JURIS_CD,SUSP_MINOR_INJ_COUNT,SUSP_SERIOUS_INJ_COUNT,SUV_COUNT,TCD_FUNC_CD,TCD_TYPE,TFC_DETOUR_IND,TIME_OF_DAY,TOT_INJ_COUNT,TOTAL_UNITS,UNB_DEATH_COUNT,UNB_SUSP_SERIOUS_INJ_COUNT,UNBELTED_OCC_COUNT,UNK_INJ_DEG_COUNT,UNK_INJ_PER_COUNT,URBAN_AREA,URBAN_RURAL,VAN_COUNT,VEHICLE_COUNT,WEATHER1,WEATHER2,WORK_ZONE_IND,WORK_ZONE_LOC,WORK_ZONE_TYPE,WORKERS_PRES,WZ_CLOSE_DETOUR,WZ_FLAGGER,WZ_LAW_OFFCR_IND,WZ_LN_CLOSURE,WZ_MOVING,WZ_OTHER,WZ_SHLDER_MDN,WZ_WORKERS_INJ_KILLED
2022043850,2140.0,2,0,0,0,0,0,0,0,0,4,0,,67,5,2022,1,40.0957,-74.9594,2132.0,6,0,0,0,0,0,0,0,0,,0,0,0.0,21,3,0,0,N,0,40 05:44.680,,0,74 57:33.728,0,0,0,0,67301,0,0,0,N,0,0,0,2,67301,0,,1,1,,N,N,N,0,,0,0,0,0,0,,2131,0,2,0,0,0,0,0,3,4,0,2,3,3.0,N,,,,,,,,,,,
2022047161,2228.0,2,0,0,0,0,0,0,0,0,5,0,,67,4,2022,6,39.9454,-75.1635,2228.0,6,0,0,0,0,0,0,0,0,,0,0,0.0,22,3,0,0,N,0,39 56:43.260,,0,75 09:48.440,0,0,0,0,67301,0,0,0,N,0,0,0,1,67301,0,,6,1,,N,N,N,0,,0,0,0,0,0,,2215,0,2,0,0,0,0,0,3,4,0,2,3,3.0,N,,,,,,,,,,,
2022044121,2230.0,2,0,0,0,0,0,0,0,0,4,0,,67,5,2022,3,40.0122,-75.1505,2219.0,6,0,0,0,0,0,0,0,0,,0,0,0.0,22,3,2,5,,1,40 00:44.064,2.0,0,75 09:01.733,3,0,0,0,67301,0,0,0,N,0,0,0,3,67301,0,,1,1,2300.0,N,N,N,0,,2,0,0,3,2,Y,2215,2,2,0,0,0,0,1,3,4,0,2,3,3.0,N,,,,,,,,,,,
2022054584,41.0,2,0,0,0,0,0,0,0,0,1,0,,67,5,2022,7,40.038,-75.0108,32.0,6,0,0,0,0,0,0,0,0,,0,0,0.0,0,3,1,0,N,1,40 02:16.685,1.0,0,75 00:38.914,3,0,0,0,67301,1,0,0,N,0,0,0,2,68K01,0,,2,9,125.0,N,N,N,0,,1,0,0,0,0,N,14,1,2,0,0,0,0,0,3,4,0,2,7,,N,,,,,,,,,,,
2022055583,315.0,0,0,0,0,0,0,0,0,0,8,0,,67,4,2022,7,39.9482,-75.1644,257.0,6,0,0,0,0,0,0,0,0,,1,0,0.0,2,3,0,1,,0,39 56:53.591,,0,75 09:52.428,1,0,0,0,67301,1,1,0,N,1,1,0,2,67301,0,2.0,1,1,,N,N,N,0,0.0,0,0,1,3,2,,253,0,2,0,0,1,0,0,3,4,0,1,3,3.0,N,,,,,,,,,,,
2022043976,2357.0,0,0,0,0,0,0,0,0,0,4,0,,67,4,2022,6,39.9561,-75.2277,2357.0,6,0,0,0,0,0,0,1,0,,0,0,0.0,23,3,0,1,,0,39 57:21.855,,0,75 13:39.748,0,0,0,0,67301,0,0,0,N,0,0,0,4,67301,0,,1,1,,N,N,N,0,,0,0,1,3,3,,2302,0,2,0,0,4,0,0,3,4,1,2,3,3.0,N,,,,,,,,,,,
2022019529,,1,0,0,0,0,0,0,0,0,4,0,,67,2,2022,4,39.885,-75.2502,,6,0,0,0,0,0,1,0,0,,0,0,0.0,18,1,1,2,,0,39 53:06.592,,0,75 15:00.311,8,0,0,0,67301,0,0,0,N,0,0,0,2,00000,0,,1,1,,N,N,N,0,,0,0,0,3,1,,1830,1,2,0,0,0,1,0,3,4,0,2,3,,N,,,,,,,,,,,
2022040693,1141.0,1,0,0,0,0,0,0,0,0,5,1,,67,4,2022,5,39.9962,-75.0829,1136.0,6,0,0,0,0,0,0,0,0,,0,1,0.0,11,1,1,0,N,2,39 59:46.290,2.0,0,75 04:58.493,8,0,0,0,67301,0,0,0,N,0,0,0,3,68K01,0,,1,9,1200.0,N,N,N,0,,0,0,0,0,0,N,1136,1,2,0,0,0,1,0,3,4,0,2,7,4.0,N,,,,,,,,,,,
2022020783,1155.0,1,0,0,0,0,0,0,0,0,4,0,,67,2,2022,1,39.9832,-75.1568,1150.0,6,0,0,0,1,0,0,0,0,,0,0,0.0,11,1,0,1,,0,39 58:59.563,,0,75 09:25.021,0,0,0,0,67301,0,0,0,N,0,0,0,4,67505,0,,1,1,,N,N,N,0,,0,0,1,3,2,,1140,0,2,0,0,0,0,0,3,4,0,2,3,3.0,N,,,,,,,,,,,
2022024901,856.0,2,0,0,0,0,0,0,0,0,4,0,,67,3,2022,5,39.945,-75.2153,850.0,6,0,0,0,0,0,0,0,0,,0,0,0.0,8,1,1,1,,0,39 56:42.164,,0,75 12:55.075,8,0,0,0,67301,0,0,0,N,0,0,0,5,67301,0,,1,1,,N,N,N,0,,0,0,2,3,3,,830,1,4,0,0,0,1,0,3,4,0,4,3,3.0,N,,,,,,,,,,,
2022016002,1923.0,0,0,0,0,0,0,0,0,0,4,0,,67,2,2022,2,39.9366,-75.2244,1923.0,6,0,1,0,1,0,0,0,0,,0,0,0.0,19,3,4,1,,0,39 56:12.095,,0,75 13:27.703,8,0,0,0,67301,0,0,0,N,0,0,0,4,67301,0,,1,9,,N,N,N,2,,0,0,1,3,2,,1923,4,3,0,0,4,4,0,3,4,0,3,7,,N,,,,,,,,,,,
2022043512,727.0,0,0,0,0,0,0,0,0,0,8,0,,67,5,2022,3,39.9513,-75.1991,726.0,6,0,0,0,0,0,1,0,0,,0,0,0.0,7,1,1,1,,0,39 57:04.496,,0,75 11:56.898,8,0,0,0,67301,1,0,0,N,1,0,0,2,67504,0,,1,1,,N,N,N,0,,0,0,1,3,2,,726,1,2,0,0,0,1,0,3,4,0,1,3,,N,,,,,,,,,,,
2022055843,1610.0,0,0,0,0,0,0,0,0,0,5,0,,67,6,2022,4,40.0632,-75.0426,1601.0,6,0,0,0,0,0,0,0,0,,0,0,0.0,15,1,1,0,N,0,40 03:47.385,,0,75 02:33.319,8,0,0,1,67301,0,0,0,N,0,0,0,2,67301,0,,1,1,,N,N,N,0,,0,0,1,0,0,,1557,1,2,0,0,0,1,0,3,4,0,2,3,3.0,N,,,,,,,,,,,
2022043977,416.0,2,0,0,0,0,0,0,0,0,4,0,,67,5,2022,1,39.9552,-75.2116,416.0,6,0,0,0,0,0,0,0,0,,0,0,0.0,4,3,0,1,,0,39 57:18.911,,0,75 12:42.053,0,0,0,0,67301,0,0,0,N,0,0,0,2,67301,0,,1,1,,N,N,N,0,,0,0,0,3,2,,415,0,2,0,0,0,0,0,3,4,0,2,3,3.0,N,,,,,,,,,,,
2022043810,915.0,0,0,0,0,0,0,0,0,0,4,0,,67,4,2022,5,39.9153,-75.1598,910.0,6,0,0,0,0,0,0,0,0,,0,0,0.0,9,1,1,1,,0,39 54:55.412,,0,75 09:35.425,3,0,0,0,67301,0,0,0,N,0,0,0,3,67301,0,,1,1,,N,N,N,0,,1,0,1,3,2,,900,1,2,0,0,0,0,0,3,4,1,2,3,,N,,,,,,,,,,,
2022055628,1005.0,0,0,0,0,0,0,0,0,0,4,1,,67,6,2022,3,39.9345,-75.1796,1005.0,6,0,0,0,0,0,0,0,0,,0,0,0.0,9,1,1,1,,0,39 56:04.026,,0,75 10:46.467,8,0,0,0,67301,0,0,0,N,0,0,0,2,67301,0,,1,1,,N,N,N,1,,0,0,1,3,2,,954,1,2,0,0,0,1,0,3,4,0,2,3,3.0,N,,,,,,,,,,,
2022043939,2208.0,1,0,0,0,0,0,0,0,0,4,0,,67,5,2022,1,40.0094,-75.0786,2208.0,6,0,0,0,0,0,0,0,0,,0,0,0.0,22,3,1,1,,0,40 00:33.728,,0,75 04:42.985,3,0,0,1,67301,0,0,0,N,0,0,0,4,67301,0,,1,1,,N,N,N,0,,1,0,0,3,3,,2200,1,2,0,0,0,0,0,3,4,0,2,3,3.0,N,,,,,,,,,,,
2022044093,830.0,1,0,0,0,0,0,0,0,0,8,0,,67,5,2022,1,40.0398,-75.1445,830.0,6,0,0,0,0,0,0,0,0,,0,0,0.0,8,1,1,1,,0,40 02:23.374,,0,75 08:40.028,3,0,0,0,67301,1,0,0,N,1,0,0,2,67301,0,,1,1,,N,N,N,0,,1,0,0,3,2,,830,1,2,0,0,0,0,0,3,4,0,1,3,3.0,N,,,,,,,,,,,
2022044077,2113.0,0,0,0,0,0,0,0,0,0,4,0,,67,5,2022,3,39.9896,-75.1337,2108.0,6,0,0,0,0,0,1,0,0,,0,0,0.0,21,3,0,1,,0,39 59:22.631,,0,75 08:01.211,9,0,0,0,67301,0,0,0,N,0,0,0,2,67301,0,,1,1,,N,N,N,0,,0,0,0,3,3,,2106,0,2,0,0,0,0,1,3,4,1,2,3,,N,,,,,,,,,,,
2022043879,824.0,0,0,0,0,0,0,0,0,0,4,0,,67,5,2022,1,39.8867,-75.2322,820.0,6,0,0,0,0,0,0,0,0,,0,0,0.0,8,1,1,0,N,0,39 53:12.180,,0,75 13:55.760,3,0,0,1,67301,0,0,0,N,0,0,0,2,67301,0,,1,1,,N,N,N,0,,1,0,1,0,0,,816,1,2,0,0,0,0,0,3,4,0,2,3,3.0,N,,,,,,,,,,,
2022054585,112.0,1,0,0,0,0,0,0,0,0,7,0,,67,5,2022,7,39.9898,-75.0871,150.0,6,0,0,0,0,0,0,0,0,,0,0,0.0,1,3,0,0,N,0,39 59:23.340,,0,75 05:13.507,0,0,0,0,67301,0,0,0,N,0,0,0,1,68K01,0,,4,9,,N,N,N,0,,0,0,0,0,0,,109,0,1,0,0,0,0,0,3,4,0,1,7,,N,,,,,,,,,,,
2022043902,2028.0,1,0,0,0,0,0,0,0,0,4,0,,67,4,2022,7,40.0514,-75.1634,2028.0,6,0,0,0,0,0,0,0,0,,0,0,0.0,19,4,2,1,,0,40 03:05.119,,0,75 09:48.167,4,0,0,0,67301,0,0,0,N,0,0,0,5,67301,2,,1,1,,N,N,N,1,,0,0,0,3,2,,1950,2,2,0,0,0,0,0,3,4,0,2,3,,N,,,,,,,,,,,
2022023570,1738.0,2,0,0,0,0,0,0,0,0,1,0,,67,3,2022,4,39.985,-75.2081,1738.0,6,0,0,0,1,0,0,0,0,,0,0,0.0,17,1,0,0,N,0,39 59:06.107,,2,75 12:29.153,0,0,0,0,67301,0,0,0,N,0,0,0,2,68K01,0,,1,1,,N,N,N,0,,0,0,0,0,0,,1738,0,2,0,0,0,0,0,3,4,0,2,3,,N,,,,,,,,,,,
2022048174,744.0,1,0,0,0,0,0,0,0,0,1,0,,67,3,2022,5,39.9576,-75.1502,725.0,6,0,0,0,0,0,0,0,0,,0,0,0.0,7,1,0,0,N,0,39 57:27.260,,0,75 09:00.755,0,0,0,0,67301,0,0,0,N,0,0,0,3,68Z99,0,,1,9,,N,N,N,0,,0,0,1,0,0,,720,0,2,0,0,0,0,0,3,4,0,2,3,3.0,N,,,,,,,,,,,
2022044105,1353.0,2,0,0,0,0,0,0,0,0,4,0,,67,5,2022,2,40.0242,-75.1449,1353.0,6,0,0,0,0,0,0,0,0,,0,0,0.0,17,1,1,1,,0,40 01:26.961,,0,75 08:41.640,4,0,0,0,67301,0,0,0,N,0,0,0,2,67301,1,,1,99,,N,N,N,0,,0,0,0,3,3,,1740,1,2,0,0,2,0,1,3,4,0,2,99,,N,,,,,,,,,,,
2022044120,1945.0,0,0,0,0,0,0,0,0,0,4,0,,67,5,2022,3,40.0152,-75.1552,1945.0,6,0,0,0,1,0,1,0,0,,0,0,0.0,19,4,0,2,,1,40 00:55.067,6.0,0,75 09:18.839,0,0,0,0,67301,0,0,0,N,0,0,0,3,67301,0,,1,1,2100.0,N,Y,N,0,,0,0,2,3,2,Y,1945,0,2,0,0,0,0,0,3,4,0,2,3,,N,,,,,,,,,,,
2022043905,1617.0,0,0,0,0,0,0,0,0,0,4,0,,67,5,2022,2,40.0442,-75.1661,1610.0,6,0,0,0,0,0,1,0,0,,0,0,0.0,15,1,2,1,,0,40 02:39.260,,0,75 09:57.949,3,0,0,0,67301,0,0,0,N,0,0,0,3,67301,0,,1,1,,N,N,N,0,,2,0,2,3,3,,1551,2,2,0,0,0,0,0,3,4,0,2,3,98.0,N,,,,,,,,,,,
2022056484,1603.0,0,0,0,0,0,0,0,0,0,4,0,,67,6,2022,4,40.0451,-75.0876,1558.0,6,0,0,0,0,0,0,1,0,,0,0,0.0,15,1,1,0,N,0,40 02:42.398,,7,75 05:15.301,2,0,1,1,67301,0,0,0,N,0,0,0,4,67301,0,,2,1,,N,N,N,0,,0,1,1,0,0,,1553,1,2,0,0,0,0,1,3,4,0,2,3,3.0,N,,,,,,,,,,,
2022044125,1655.0,0,0,0,0,0,0,0,0,0,4,0,,67,5,2022,4,40.0122,-75.1505,1655.0,6,0,0,0,0,0,1,1,0,,0,0,0.0,16,1,1,5,,1,40 00:44.064,2.0,0,75 09:01.733,3,0,0,1,67301,0,0,0,N,0,0,0,2,67301,0,,1,1,1745.0,N,N,N,0,,1,0,1,3,2,N,1645,1,2,0,0,0,0,0,3,4,0,2,3,4.0,N,,,,,,,,,,,
2022044054,442.0,1,0,0,0,0,0,0,0,0,4,0,,67,5,2022,1,40.0031,-75.1283,434.0,6,0,0,0,0,0,1,0,0,,0,0,0.0,4,3,1,1,,0,40 00:11.199,,0,75 07:41.829,3,0,0,0,67301,0,0,0,N,0,0,0,2,67301,0,,1,1,,N,N,N,1,,1,0,0,3,2,,434,1,2,0,0,0,0,0,3,4,0,2,3,3.0,N,,,,,,,,,,,
2022043900,45.0,0,0,0,0,0,0,0,0,0,7,0,,67,4,2022,6,40.0726,-75.1755,33.0,6,0,0,0,0,0,0,0,0,,0,0,0.0,0,3,0,0,N,0,40 04:21.250,,0,75 10:31.740,0,0,0,0,67301,0,0,0,N,0,0,0,1,67301,0,,5,1,,N,N,N,0,,0,0,1,0,0,,4,0,1,0,0,0,0,0,3,4,0,1,3,3.0,N,,,,,,,,,,,
2022055563,1225.0,1,0,0,0,0,0,1,0,0,4,1,,67,6,2022,5,39.9545,-75.1484,1220.0,6,0,0,0,0,0,0,1,0,,0,0,0.0,11,1,0,0,N,0,39 57:16.100,,7,75 08:54.300,0,0,0,0,67301,0,0,0,N,0,0,0,2,67301,0,,1,1,,N,N,N,0,,0,0,0,0,0,,1130,0,2,0,0,0,0,0,3,4,0,2,3,3.0,N,,,,,,,,,,,
2022043883,1737.0,1,0,0,0,0,0,0,0,0,8,0,,67,5,2022,2,39.9195,-75.2318,1733.0,6,0,0,0,0,0,0,0,0,,0,0,0.0,17,1,1,0,N,0,39 55:10.130,,0,75 13:54.630,3,0,0,0,67301,1,0,0,N,1,0,0,2,67301,0,,1,1,,N,N,N,0,,1,0,0,0,0,,1731,1,2,0,0,0,0,0,3,4,0,1,3,3.0,N,,,,,,,,,,,
2022055635,2024.0,1,0,0,0,0,0,0,0,0,4,0,,67,6,2022,3,39.9535,-75.2262,2024.0,6,0,0,0,1,0,0,0,0,,0,0,0.0,19,4,0,1,,0,39 57:12.709,,0,75 13:34.379,0,0,0,0,67301,0,0,0,N,0,0,0,2,67301,0,,1,1,,N,N,N,0,,0,0,1,3,2,,1930,0,2,0,0,0,0,0,3,4,0,2,3,,N,,,,,,,,,,,
2022043997,1603.0,3,0,0,0,0,0,0,0,0,1,0,,67,5,2022,4,39.9885,-75.1829,1559.0,6,0,0,0,0,0,1,0,0,,0,0,0.0,15,8,1,0,N,2,39 59:18.754,6.0,0,75 10:58.602,8,0,0,0,67301,0,0,0,N,0,0,0,3,67301,0,,1,1,1800.0,N,N,N,0,,0,0,0,0,0,Y,1559,1,3,0,0,2,1,0,3,4,0,3,4,4.0,N,,,,,,,,,,,
2022050577,2131.0,2,0,0,0,0,0,0,0,0,1,0,,67,5,2022,2,40.0419,-75.1505,2131.0,6,0,0,0,0,0,0,0,0,,0,0,0.0,21,3,1,0,N,0,40 02:30.900,,0,75 09:01.680,3,0,0,0,67301,0,0,0,N,0,0,0,1,67301,0,,6,1,,N,N,N,0,,1,0,1,0,0,,2130,1,3,0,0,0,0,0,3,4,0,3,3,,N,,,,,,,,,,,
2022038100,957.0,1,0,0,0,0,0,0,0,0,1,0,,67,4,2022,5,39.9585,-75.1677,950.0,6,0,0,0,0,0,0,0,0,,0,0,0.0,9,1,0,0,N,0,39 57:30.567,,0,75 10:03.782,0,0,0,0,67301,0,0,0,N,0,0,0,2,68K01,0,,1,1,,N,N,N,0,,0,0,1,0,0,,947,0,2,0,0,0,0,0,3,4,0,2,3,3.0,N,,,,,,,,,,,
2022019548,2332.0,1,0,0,0,0,0,0,0,0,4,0,,67,2,2022,6,40.0343,-75.0746,2325.0,6,0,0,0,0,0,0,0,0,,0,0,0.0,21,3,1,1,,1,40 02:03.402,2.0,0,75 04:28.528,3,0,0,0,67301,0,0,0,N,0,0,0,6,67301,0,,1,1,45.0,N,N,N,0,,1,0,3,3,2,N,2155,1,4,0,0,0,0,0,3,4,0,4,3,3.0,N,,,,,,,,,,,
2022043800,820.0,1,0,0,0,0,0,0,0,0,8,0,,67,4,2022,4,40.0595,-75.0554,816.0,6,0,0,0,0,0,0,1,0,,0,0,0.0,8,1,1,1,,0,40 03:34.138,,0,75 03:19.285,8,0,0,0,67301,1,0,0,N,1,0,0,2,67301,0,,1,1,,N,N,N,0,,0,0,0,3,3,,805,1,2,0,0,1,1,0,3,4,0,1,3,,N,,,,,,,,,,,
2022044113,1933.0,2,0,0,0,0,0,0,0,0,2,0,,67,4,2022,6,40.0165,-75.1709,1926.0,6,0,0,0,0,0,1,0,0,,0,0,0.0,19,1,3,0,N,2,40 00:59.253,5.0,0,75 10:15.229,3,0,0,0,67301,0,0,0,N,0,0,0,3,67301,0,,1,1,2047.0,N,N,N,0,,3,0,0,3,2,Y,1920,3,2,0,0,0,0,0,3,4,0,2,3,3.0,N,,,,,,,,,,,
2022055633,800.0,0,0,0,0,0,0,1,0,0,4,1,,67,6,2022,3,39.9529,-75.2467,747.0,6,0,0,0,0,0,0,0,1,,0,0,0.0,7,1,2,1,,1,39 57:10.530,3.0,0,75 14:48.130,3,0,0,0,67301,0,0,0,N,0,0,0,10,67301,0,,1,1,1000.0,Y,N,N,0,,2,0,2,3,2,N,715,2,3,0,0,0,0,0,3,4,0,3,3,3.0,N,,,,,,,,,,,
2022055584,2108.0,1,0,0,0,0,0,0,0,0,8,0,,67,6,2022,3,39.9672,-75.1702,2103.0,6,0,0,0,0,0,0,0,0,,0,0,0.0,20,3,1,1,,0,39 58:02.064,,0,75 10:12.572,3,0,0,0,67301,1,0,0,N,1,0,0,2,67301,0,,1,9,,N,N,N,0,,1,0,0,3,1,,2055,1,2,0,0,0,0,0,3,4,0,1,3,3.0,N,,,,,,,,,,,
2022043945,2000.0,0,0,0,0,0,0,0,0,0,8,0,,67,5,2022,4,40.035,-75.0522,1950.0,6,0,0,0,0,0,0,1,0,,0,0,0.0,19,1,1,0,N,0,40 02:05.830,,0,75 03:08.080,4,0,0,0,67301,1,0,0,N,1,0,0,2,67301,1,,1,1,,N,N,N,0,,0,0,1,0,0,,1900,1,2,0,0,0,0,0,3,4,0,1,3,3.0,N,,,,,,,,,,,
2022043709,2250.0,1,0,0,0,0,0,0,0,0,1,0,,67,5,2022,2,39.9691,-75.1268,2247.0,6,0,0,0,0,0,1,0,0,,0,0,0.0,22,3,2,0,N,0,39 58:08.727,,3,75 07:36.468,8,0,0,0,67301,0,0,0,N,0,0,0,2,68K01,0,,2,1,,N,N,N,1,,0,0,0,0,0,,2242,2,2,0,0,2,2,0,3,4,0,2,3,,N,,,,,,,,,,,
2022054604,2242.0,1,0,0,0,0,0,0,0,0,5,0,,67,6,2022,3,40.0301,-75.0222,2238.0,6,0,0,0,0,0,0,0,0,,0,0,0.0,22,2,0,0,N,1,40 01:48.190,2.0,0,75 01:19.842,9,0,0,0,67301,0,0,0,N,0,0,0,2,68K01,0,,4,9,2310.0,N,N,N,0,,0,0,0,0,0,N,2235,0,2,0,0,0,0,1,3,4,0,2,7,,N,,,,,,,,,,,
2022043988,1341.0,1,0,0,0,0,0,0,0,0,4,0,,67,5,2022,2,39.9739,-75.2241,1334.0,6,0,0,0,0,0,0,2,0,,0,0,0.0,13,1,1,1,,0,39 58:25.996,,0,75 13:26.641,3,0,0,0,67301,0,0,0,N,0,0,0,2,67301,0,,1,99,,N,N,N,0,,1,0,0,3,3,,1308,1,2,0,0,1,0,1,3,4,1,2,99,,N,,,,,,,,,,,
2022055548,840.0,0,0,0,0,0,0,1,0,0,5,1,,67,6,2022,2,40.0322,-75.0918,840.0,6,0,0,0,0,0,0,0,0,,0,0,0.0,8,1,1,1,,2,40 01:55.743,2.0,0,75 05:30.580,3,0,0,0,67301,0,0,0,N,0,0,0,4,67301,0,,1,1,900.0,Y,N,N,0,,1,0,0,3,2,N,815,1,2,0,0,0,0,0,3,4,1,2,3,3.0,N,,,,,,,,,,,
2022043828,330.0,1,0,0,0,0,0,0,0,0,1,0,,67,4,2022,7,39.9655,-75.1511,322.0,6,0,0,0,1,0,1,0,0,,0,0,0.0,2,3,0,1,,0,39 57:55.890,,0,75 09:03.801,0,0,0,0,67301,0,0,0,N,0,0,0,2,67301,0,,1,1,,N,N,N,0,,0,0,1,3,3,,247,0,2,0,0,0,0,0,3,4,0,2,3,,N,,,,,,,,,,,
2022026752,2225.0,2,0,0,0,0,0,0,0,0,5,0,,67,3,2022,1,39.9751,-75.1876,2225.0,6,0,0,0,0,0,0,0,0,,0,0,0.0,22,3,1,0,N,1,39 58:30.301,4.0,0,75 11:15.236,3,0,0,0,67301,0,0,0,N,0,0,0,3,67301,0,,1,1,0.0,N,N,N,0,,1,0,0,0,0,Y,2225,1,2,0,0,0,0,0,3,4,0,2,3,3.0,N,,,,,,,,,,,
2022025064,910.0,0,0,0,1,0,1,0,0,0,4,0,,67,3,2022,2,39.9639,-75.2035,909.0,6,0,0,0,0,0,0,0,0,,0,0,0.0,7,1,1,1,,0,39 57:50.027,,0,75 12:12.700,2,0,0,0,67301,1,0,1,N,0,0,0,2,67301,0,,1,1,,N,N,N,0,,0,1,0,0,0,,754,1,2,0,0,0,0,0,3,4,1,1,3,3.0,N,,,,,,,,,,,
2022033246,737.0,0,0,0,0,0,0,0,0,0,8,0,,67,3,2022,4,40.0098,-75.1669,737.0,6,0,0,0,0,0,0,0,0,,0,0,0.0,7,1,1,1,,0,40 00:35.396,,0,75 10:00.737,8,0,0,0,67301,1,0,0,N,1,0,0,3,67508,0,,1,1,,,,N,0,,0,0,1,3,2,,737,1,2,0,0,0,1,0,3,4,0,1,3,3.0,N,,,,,,,,,,,
2022041385,1539.0,0,0,0,0,0,0,0,0,0,1,0,,67,4,2022,6,40.0383,-75.0098,1524.0,6,0,0,0,0,0,1,0,0,,0,0,0.0,15,1,1,0,N,2,40 02:17.984,1.0,0,75 00:35.283,8,0,0,0,67301,0,0,0,N,0,0,0,2,68K01,0,,1,1,1600.0,N,N,N,1,,0,0,1,0,0,N,1522,1,2,0,0,0,1,0,3,4,0,2,3,3.0,N,,,,,,,,,,,
2022047217,830.0,1,0,0,0,0,0,1,0,0,4,1,,67,5,2022,4,40.0083,-75.1437,752.0,6,0,0,0,0,0,0,0,0,,0,0,0.0,7,1,0,2,,1,40 00:29.884,4.0,0,75 08:37.479,9,0,0,0,67301,0,0,0,N,0,0,0,10,67301,0,,1,1,945.0,Y,Y,N,0,,0,0,0,3,3,N,725,0,2,0,0,0,0,8,3,4,0,2,3,3.0,N,,,,,,,,,,,
2022044094,751.0,2,0,0,0,0,0,0,0,0,4,0,,67,5,2022,1,40.0344,-75.1508,739.0,6,0,0,0,0,0,0,0,0,,0,0,0.0,7,1,0,0,N,0,40 02:03.800,,0,75 09:02.710,9,0,0,0,67301,0,0,0,N,0,0,0,2,67301,0,,1,1,,N,N,N,0,,0,0,0,0,0,,720,0,2,0,0,0,0,2,3,4,0,2,3,,N,,,,,,,,,,,
2022043829,152.0,2,0,0,0,0,0,0,0,0,1,0,,67,5,2022,1,39.9487,-75.1589,149.0,6,0,0,0,0,0,0,0,0,,0,0,0.0,1,3,3,1,,0,39 56:55.289,,0,75 09:32.349,3,0,0,0,67301,0,0,0,N,0,0,0,4,67301,1,,1,1,,N,N,N,1,,2,0,0,3,2,,113,3,3,0,0,0,0,0,3,4,0,3,3,,N,,,,,,,,,,,
2022055611,1500.0,1,0,0,0,0,0,0,0,0,8,0,,67,6,2022,5,40.0335,-75.036,1440.0,6,0,0,0,0,0,0,1,0,,0,0,0.0,14,1,1,0,N,0,40 02:00.770,,0,75 02:09.450,3,0,0,0,67301,1,0,0,N,1,0,0,2,67301,0,,1,1,,N,N,N,0,,1,0,0,0,0,,1439,1,2,0,0,0,0,0,3,4,0,1,3,3.0,N,,,,,,,,,,,
2022044098,2127.0,1,0,0,0,0,0,0,0,0,8,0,,67,5,2022,2,40.0234,-75.1451,2125.0,6,0,0,0,0,0,0,0,0,,0,0,0.0,21,1,1,0,N,0,40 01:24.410,,0,75 08:42.250,3,0,0,0,67301,1,0,0,N,1,0,0,2,67301,0,,4,1,,N,N,N,0,,1,0,0,0,0,,2117,1,2,0,0,0,0,0,3,4,0,1,3,,N,,,,,,,,,,,
2022044127,2000.0,0,0,0,0,0,0,0,0,0,8,0,,67,5,2022,4,40.0002,-75.1581,1953.0,6,0,0,0,0,0,0,0,0,,0,0,0.0,18,1,1,2,,0,40 00:00.734,,0,75 09:29.314,8,0,0,0,67301,1,0,0,N,1,0,0,2,67301,0,,1,1,,N,N,N,0,,0,0,0,0,0,,1850,1,2,0,0,0,1,0,3,4,0,1,3,3.0,N,,,,,,,,,,,