CRN,ARRIVAL_TM,AUTOMOBILE_COUNT,BELTED_DEATH_COUNT,BELTED_SUSP_SERIOUS_INJ_COUNT,BICYCLE_COUNT,BICYCLE_DEATH_COUNT,BICYCLE_SUSP_SERIOUS_INJ_COUNT,BUS_COUNT,CHLDPAS_DEATH_COUNT,CHLDPAS_SUSP_SERIOUS_INJ_COUNT,COLLISION_TYPE,COMM_VEH_COUNT,CONS_ZONE_SPD_LIM,COUNTY,CRASH_MONTH,CRASH_YEAR,DAY_OF_WEEK,DEC_LAT,DEC_LONG,DISPATCH_TM,DISTRICT,DRIVER_COUNT_16YR,DRIVER_COUNT_17YR,DRIVER_COUNT_18YR,DRIVER_COUNT_19YR,DRIVER_COUNT_20YR,DRIVER_COUNT_50_64YR,DRIVER_COUNT_65_74YR,DRIVER_COUNT_75PLUS,EST_HRS_CLOSED,FATAL_COUNT,HEAVY_TRUCK_COUNT,HORSE_BUGGY_COUNT,HOUR_OF_DAY,ILLUMINATION,INJURY_COUNT,INTERSECT_TYPE,INTERSECTION_RELATED,LANE_CLOSED,LATITUDE,LN_CLOSE_DIR,LOCATION_TYPE,LONGITUDE,MAX_SEVERITY_LEVEL,MCYCLE_DEATH_COUNT,MCYCLE_SUSP_SERIOUS_INJ_COUNT,MOTORCYCLE_COUNT,MUNICIPALITY,NONMOTR_COUNT,NONMOTR_DEATH_COUNT,NONMOTR_SUSP_SERIOUS_INJ_COUNT,NTFY_HIWY_MAINT,PED_COUNT,PED_DEATH_COUNT,PED_SUSP_SERIOUS_INJ_COUNT,PERSON_COUNT,POLICE_AGCY,POSSIBLE_INJ_COUNT,RDWY_SURF_TYPE_CD,RELATION_TO_ROAD,ROAD_CONDITION,ROADWAY_CLEARED,SCH_BUS_IND,SCH_ZONE_IND,SECONDARY_CRASH,SMALL_TRUCK_COUNT,SPEC_JURIS_CD,SUSP_MINOR_INJ_COUNT,SUSP_SERIOUS_INJ_COUNT,SUV_COUNT,TCD_FUNC_CD,TCD_TYPE,TFC_DETOUR_IND,TIME_OF_DAY,TOT_INJ_COUNT,TOTAL_UNITS,UNB_DEATH_COUNT,UNB_SUSP_SERIOUS_INJ_COUNT,UNBELTED_OCC_COUNT,UNK_INJ_DEG_COUNT,UNK_INJ_PER_COUNT,URBAN_AREA,URBAN_RURAL,VAN_COUNT,VEHICLE_COUNT,WEATHER1,WEATHER2,WORK_ZONE_IND,WORK_ZONE_LOC,WORK_ZONE_TYPE,WORKERS_PRES,WZ_CLOSE_DETOUR,WZ_FLAGGER,WZ_LAW_OFFCR_IND,WZ_LN_CLOSURE,WZ_MOVING,WZ_OTHER,WZ_SHLDER_MDN,WZ_WORKERS_INJ_KILLED
2022010827,725.0,1,0,0,0,0,0,0,0,0,4,0,,67,1,2022,3,40.0631,-75.0516,720.0,6,0,0,0,0,0,0,0,0,,0,0,0.0,6,1,0,5,,0,40 03:47.155,,0,75 03:05.894,0,0,0,0,67301,0,0,0,N,0,0,0,2,67301,0,,1,1,,N,N,N,0,,0,0,1,3,2,,651,0,2,0,0,0,0,0,3,4,0,2,3,3.0,N,,,,,,,,,,,
2022010849,246.0,2,0,0,0,0,0,0,0,0,5,0,,67,1,2022,1,40.0397,-75.0462,240.0,6,0,0,0,0,0,0,0,0,,0,0,0.0,2,3,0,0,N,0,40 02:23.079,,0,75 02:46.156,0,0,0,0,67301,0,0,0,N,0,0,0,1,67301,0,,6,1,,N,N,N,0,,0,0,0,0,0,,230,0,2,0,0,0,0,0,3,4,0,2,3,3.0,N,,,,,,,,,,,
2022014667,1917.0,2,0,0,0,0,0,0,0,0,4,0,,67,1,2022,7,40.0706,-75.1847,1917.0,6,0,0,0,0,0,0,0,1,,0,0,0.0,19,3,5,1,,0,40 04:14.015,,0,75 11:04.774,8,0,0,0,67301,0,0,0,N,0,0,0,5,67301,0,,1,1,,N,N,N,0,,0,0,0,1,2,,1911,5,2,0,0,0,5,0,3,4,0,2,3,,N,,,,,,,,,,,
2022025072,640.0,1,0,0,0,0,0,0,0,0,4,0,,67,1,2022,5,39.9875,-75.1489,634.0,6,0,0,0,0,0,0,0,0,,0,0,0.0,6,3,1,1,,0,39 59:15.018,,0,75 08:55.989,3,0,0,0,67301,0,0,0,N,0,0,0,3,67301,0,,1,9,,N,N,N,0,,1,0,1,3,3,,620,1,2,0,0,0,0,0,3,4,0,2,7,,N,,,,,,,,,,,
2022010860,1644.0,1,0,0,0,0,0,0,0,0,1,0,,67,1,2022,6,39.9543,-75.2039,1642.0,6,0,0,0,0,0,0,0,0,,0,0,0.0,16,1,0,0,N,0,39 57:15.428,,0,75 12:13.919,0,0,0,0,67301,0,0,0,N,0,0,0,2,67301,0,,1,1,,N,N,N,0,,0,0,1,0,0,,1641,0,2,0,0,2,0,0,3,4,0,2,3,3.0,N,,,,,,,,,,,
2022010902,2050.0,1,0,0,0,0,0,0,0,0,6,0,,67,1,2022,3,39.9984,-75.1908,2044.0,6,0,0,0,0,1,0,0,0,,0,0,0.0,20,2,0,0,N,1,39 59:54.060,5.0,0,75 11:26.916,0,0,0,0,67301,0,0,0,N,0,0,0,2,67301,0,,1,2,2125.0,N,N,N,0,,0,0,0,0,0,N,2030,0,2,0,0,0,0,0,3,4,1,2,3,3.0,N,,,,,,,,,,,
2022014668,1950.0,0,0,0,0,0,0,0,0,0,5,0,,67,1,2022,1,40.0585,-75.1781,1940.0,6,0,0,0,0,0,1,0,0,,0,0,0.0,19,3,0,2,,0,40 03:30.726,,0,75 10:41.152,0,0,0,0,67301,0,0,0,N,0,0,0,2,67301,0,,1,1,,N,N,N,0,,0,0,3,0,0,,1902,0,3,0,0,2,0,0,3,4,0,3,3,,N,,,,,,,,,,,
2022014850,2337.0,3,0,0,0,0,0,0,0,0,4,0,,67,1,2022,7,40.0315,-75.1409,2336.0,6,0,0,0,0,0,0,0,0,,0,0,0.0,23,3,0,1,,0,40 01:53.328,,0,75 08:27.110,9,0,0,0,67301,0,0,0,N,0,0,0,2,67301,0,,1,1,,N,N,N,0,,0,0,0,3,3,,2325,0,3,0,0,0,0,1,3,4,0,3,3,3.0,N,,,,,,,,,,,
2022014527,1222.0,1,0,0,0,0,0,0,0,0,8,0,,67,1,2022,5,39.9232,-75.1819,1220.0,6,0,0,0,0,0,1,0,0,,0,0,0.0,12,1,1,5,,1,39 55:23.686,3.0,0,75 10:54.742,3,0,0,0,67301,1,0,0,N,1,0,0,2,67301,0,,1,2,30.0,N,N,N,0,,1,0,0,3,2,Y,1217,1,2,0,0,0,0,0,3,4,0,1,6,7.0,N,,,,,,,,,,,
2022014582,1514.0,1,0,0,0,0,0,0,0,0,5,0,,67,1,2022,5,40.0783,-75.0366,1512.0,6,0,0,0,0,0,0,0,1,,0,0,0.0,15,1,1,0,N,0,40 04:41.818,,0,75 02:11.754,3,0,0,0,67301,0,0,0,N,0,0,0,2,67301,0,,1,1,,N,N,N,1,,1,0,1,0,0,,1500,1,3,0,0,0,0,0,3,4,0,3,3,3.0,N,,,,,,,,,,,
2022013613,1255.0,1,0,0,0,0,0,0,0,0,1,0,,67,1,2022,6,39.9841,-75.1566,1245.0,6,0,0,0,1,0,1,0,0,,0,0,0.0,12,1,1,0,N,0,39 59:02.677,,0,75 09:23.851,8,0,0,0,67301,0,0,0,N,0,0,0,3,67508,0,,1,1,,N,N,N,1,,0,0,1,0,0,N,1244,1,3,0,0,0,1,0,3,4,0,3,3,3.0,N,,,,,,,,,,,
2022014662,1600.0,2,0,0,0,0,0,0,0,0,4,0,,67,1,2022,6,40.0512,-75.1727,1555.0,6,0,0,0,0,0,1,1,0,,0,0,0.0,15,1,4,0,N,2,40 03:04.325,6.0,7,75 10:21.793,3,0,0,0,67301,0,0,0,N,0,0,0,4,67301,0,,1,1,1615.0,N,Y,N,0,,4,0,1,3,3,Y,1538,4,3,0,0,0,0,0,3,4,0,3,3,98.0,N,,,,,,,,,,,
2022004174,330.0,1,0,0,0,0,0,0,0,0,6,0,,67,1,2022,2,40.0484,-75.0696,328.0,6,0,0,0,0,0,0,0,0,,0,0,0.0,3,3,0,0,N,0,40 02:54.240,,0,75 04:10.660,0,0,0,0,67301,0,0,0,N,0,0,0,1,67301,0,,6,1,,N,N,N,0,,0,0,1,0,0,,318,0,2,0,0,0,0,0,3,4,0,2,3,3.0,N,,,,,,,,,,,
2022014568,828.0,0,0,0,0,0,0,0,0,0,8,0,,67,1,2022,6,39.9663,-75.1535,828.0,6,0,0,0,0,0,0,0,0,,0,0,0.0,8,1,1,0,N,0,39 57:58.820,,0,75 09:12.610,3,0,0,0,67301,1,0,0,N,1,0,0,2,67301,0,,1,1,,N,N,N,0,,1,0,1,0,0,,828,1,2,0,0,0,0,0,3,4,0,1,3,3.0,N,,,,,,,,,,,
2022014848,1652.0,1,0,0,0,0,0,0,0,0,4,0,,67,1,2022,7,40.0437,-75.1498,1652.0,6,0,0,0,0,0,0,0,0,,0,0,0.0,15,1,1,1,,0,40 02:37.244,,0,75 08:59.247,3,0,0,0,67301,0,0,0,N,0,0,0,2,67301,0,,1,1,,N,N,N,0,,1,0,0,3,1,,1558,1,2,0,0,0,0,0,3,4,0,2,3,,N,,,,,,,,,,,
2022010832,238.0,1,0,0,0,0,0,0,0,0,4,0,,67,1,2022,1,39.9458,-75.1668,234.0,6,0,0,0,1,0,0,0,0,,0,0,0.0,2,3,2,1,,2,39 56:44.757,7.0,0,75 10:00.390,8,0,0,0,67301,0,0,0,N,0,0,0,5,67301,0,,1,1,320.0,N,N,N,0,,0,0,0,3,2,Y,230,2,2,0,0,0,2,0,3,4,1,2,3,3.0,N,,,,,,,,,,,
2022032765,1203.0,0,0,0,0,0,0,0,0,0,5,1,35.0,67,4,2022,2,39.9541,-75.1404,1200.0,6,0,0,0,0,0,0,0,0,,0,1,0.0,12,1,0,0,N,2,39 57:14.820,4.0,3,75 08:25.363,0,0,0,0,67301,0,0,0,N,0,0,0,2,67501,0,,1,1,1216.0,N,N,N,0,,0,0,1,3,8,N,1200,0,2,0,0,0,0,0,3,4,0,2,3,,Y,4.0,1.0,Y,,,N,Y,Y,,Y,N
2022014880,845.0,1,0,0,0,0,0,0,0,0,7,0,,67,1,2022,7,40.0021,-75.1571,840.0,6,0,0,0,0,0,0,0,0,,0,0,0.0,8,1,1,0,N,0,40 00:07.660,,0,75 09:25.396,3,0,0,0,67301,0,0,0,N,0,0,0,1,67301,0,,4,1,,N,N,N,0,,1,0,0,0,0,,835,1,1,0,0,1,0,0,3,4,0,1,3,3.0,N,,,,,,,,,,,
2022014615,2150.0,0,0,1,0,0,0,0,0,0,2,0,,67,1,2022,7,40.0723,-75.0135,2147.0,6,0,0,0,0,0,0,0,0,,0,0,0.0,21,3,2,0,N,0,40 04:20.290,,0,75 00:48.605,2,0,0,0,67301,0,0,0,N,0,0,0,2,67301,0,,1,6,,N,N,N,0,,1,1,2,3,2,,2140,2,2,0,0,0,0,0,3,4,0,2,10,10.0,N,,,,,,,,,,,
2022014699,1705.0,2,0,0,0,0,0,0,0,0,1,0,,67,2,2022,3,40.0367,-75.1584,1703.0,6,0,1,0,0,0,0,0,0,,0,0,0.0,16,4,2,1,,0,40 02:12.120,,0,75 09:30.184,3,0,0,0,67301,0,0,0,N,0,0,0,3,67301,0,,1,1,,N,N,Y,0,,2,0,0,3,2,,1650,2,2,0,0,0,0,1,3,4,0,2,3,3.0,N,,,,,,,,,,,
2022034502,1306.0,1,0,0,0,0,0,0,0,0,1,0,,67,3,2022,1,40.0304,-75.022,1244.0,6,0,0,0,0,0,0,0,0,,0,0,0.0,12,1,1,0,N,0,40 01:49.275,,0,75 01:19.327,4,0,0,0,67301,0,0,0,N,0,0,0,7,68K01,1,,1,1,,N,N,N,0,,0,0,1,0,0,,1241,1,2,0,0,0,0,4,3,4,0,2,3,,N,,,,,,,,,,,
2022010894,1119.0,2,0,0,0,0,0,0,0,0,1,0,,67,1,2022,1,40.039,-75.1446,1119.0,6,0,0,0,0,0,1,1,0,,0,0,0.0,11,1,2,1,,0,40 02:20.672,,0,75 08:41.040,3,0,0,0,67301,0,0,0,N,0,0,0,3,67301,0,,1,1,,N,N,N,0,,2,0,1,3,2,,1119,2,3,0,0,0,0,0,3,4,0,3,3,,N,,,,,,,,,,,
2022014842,1436.0,1,0,0,0,0,0,0,0,0,4,0,,67,1,2022,3,40.0307,-75.112,1422.0,6,0,0,0,0,0,0,0,0,,0,0,0.0,14,1,1,1,,0,40 01:50.653,,0,75 06:43.207,8,0,0,0,67301,0,0,0,N,0,0,0,2,67301,0,,1,1,,N,N,N,0,,0,0,1,3,2,,1418,1,2,0,0,0,1,0,3,4,0,2,3,,N,,,,,,,,,,,
2022014760,1023.0,2,0,0,0,0,0,0,0,0,4,0,,67,1,2022,2,39.9582,-75.2291,1021.0,6,0,0,0,0,0,0,0,0,,0,0,0.0,10,1,1,1,,0,39 57:29.437,,0,75 13:44.774,3,0,0,0,67301,0,0,0,N,0,0,0,3,67301,0,,1,1,,N,N,N,0,,1,0,1,3,3,,1017,1,3,0,0,0,0,0,3,4,0,3,3,,N,,,,,,,,,,,
2022005770,1439.0,2,0,0,0,0,0,0,0,0,1,0,,67,1,2022,3,40.0073,-75.0726,1425.0,6,0,0,0,1,0,2,0,0,,0,0,0.0,14,1,3,0,N,2,40 00:26.267,1.0,0,75 04:21.491,3,0,0,0,67301,0,0,0,N,0,0,0,3,68K01,0,,1,1,1528.0,N,N,N,0,,3,0,1,0,0,N,1425,3,3,0,0,0,0,0,3,4,0,3,3,,N,,,,,,,,,,,
2022014811,1026.0,1,0,0,0,0,0,0,0,0,8,0,,67,1,2022,3,40.0026,-75.1244,1021.0,6,0,0,0,0,0,0,0,0,,0,0,0.0,9,1,1,1,,0,40 00:09.455,,0,75 07:27.886,8,0,0,0,67301,1,0,0,N,1,0,0,2,67301,0,,1,1,,N,N,N,0,,0,0,0,3,2,,957,1,2,0,0,0,1,0,3,4,0,1,3,,N,,,,,,,,,,,
2022011383,3.0,1,0,0,0,0,0,0,0,0,5,0,,67,1,2022,3,40.0062,-75.0746,2348.0,6,0,0,0,1,0,0,0,0,,0,0,0.0,23,3,1,0,N,0,40 00:22.265,,0,75 04:28.712,3,0,0,0,67301,0,0,0,N,0,0,0,3,68K01,0,,1,1,,N,N,N,0,,1,0,1,0,0,,2338,1,2,0,0,0,0,0,3,4,0,2,3,3.0,N,,,,,,,,,,,
2022004233,1620.0,0,0,0,0,0,0,0,0,0,5,0,,67,1,2022,3,40.0392,-75.1653,1613.0,6,0,0,0,0,0,1,0,0,,0,0,0.0,16,1,1,0,N,0,40 02:21.220,,0,75 09:55.230,4,0,0,0,67301,0,0,0,N,0,0,0,1,67301,1,,6,1,,N,N,N,1,,0,0,1,0,0,,1600,1,2,0,0,0,0,0,3,4,0,2,3,3.0,N,,,,,,,,,,,
2022014897,2338.0,0,0,0,0,0,0,0,0,0,8,0,,67,1,2022,2,39.9949,-75.1591,2332.0,6,0,0,0,0,0,0,0,0,,0,0,0.0,23,3,1,0,N,0,39 59:41.620,,0,75 09:32.580,3,0,0,0,67301,1,0,0,N,1,0,0,2,67301,0,,1,9,,N,N,N,0,,1,0,0,0,0,,2312,1,2,0,0,0,0,0,3,4,1,1,9,3.0,N,,,,,,,,,,,
2022037457,1546.0,2,0,0,0,0,0,0,0,0,1,0,,67,3,2022,6,39.9576,-75.1504,1527.0,6,0,0,0,0,0,1,0,0,,0,0,0.0,15,1,0,0,N,0,39 57:27.509,,0,75 09:01.593,0,0,0,0,67301,0,0,0,N,0,0,0,6,68K01,0,,1,1,,N,N,N,0,,0,0,0,0,0,,1524,0,2,0,0,0,0,0,3,4,0,2,3,3.0,N,,,,,,,,,,,
2022036288,626.0,1,0,0,0,0,0,0,0,0,7,0,,67,3,2022,3,39.8988,-75.1727,626.0,6,0,0,0,1,0,0,0,0,,0,0,0.0,6,3,0,0,N,2,39 53:55.614,1.0,0,75 10:21.635,0,0,0,0,67301,0,0,0,N,0,0,0,1,68K01,0,,5,1,700.0,N,N,N,0,,0,0,0,0,0,N,626,0,1,0,0,0,0,0,3,4,0,1,3,3.0,N,,,,,,,,,,,
2022014630,150.0,2,0,0,0,0,0,0,0,0,4,0,,67,1,2022,6,39.9377,-75.2284,141.0,6,0,0,0,0,0,0,0,0,,0,0,0.0,1,3,0,1,,0,39 56:15.824,,0,75 13:42.070,9,0,0,0,67301,0,0,0,N,0,0,0,2,67301,0,,1,1,,N,N,N,0,,0,0,0,3,2,,140,0,2,0,0,0,0,1,3,4,0,2,3,3.0,N,,,,,,,,,,,
2022014631,1600.0,1,0,0,0,0,0,0,0,0,4,0,,67,1,2022,6,39.8903,-75.2451,1555.0,6,0,0,0,0,0,1,0,0,,0,0,0.0,15,1,0,2,,0,39 53:25.676,,0,75 14:42.086,0,0,0,0,67301,0,0,0,N,0,0,0,2,67301,0,,1,1,,N,N,N,0,,0,0,1,0,0,,1540,0,2,0,0,0,0,0,3,4,0,2,3,3.0,N,,,,,,,,,,,
2022010885,455.0,1,0,0,0,0,0,0,0,0,4,0,,67,1,2022,6,39.9716,-75.1463,454.0,6,0,0,0,0,0,1,0,0,,0,0,0.0,4,3,1,1,,0,39 58:17.655,,0,75 08:46.741,3,0,0,0,67301,0,0,0,N,0,0,0,2,67301,0,,1,1,,N,N,N,0,,1,0,0,3,2,,445,1,2,0,0,0,0,0,3,4,0,2,3,3.0,N,,,,,,,,,,,
2022034499,617.0,2,0,0,0,0,0,0,0,0,5,0,,67,3,2022,1,39.9815,-75.207,617.0,6,0,0,0,0,0,0,0,0,,0,0,0.0,6,3,3,0,N,2,39 58:53.566,4.0,0,75 12:25.191,8,0,0,0,67301,0,0,0,N,0,0,0,3,68K01,0,,1,1,700.0,N,N,N,0,,0,0,0,0,0,N,617,3,2,0,0,1,3,0,3,4,0,2,3,3.0,N,,,,,,,,,,,
2022010834,1605.0,1,0,0,0,0,0,0,0,0,4,0,,67,1,2022,3,39.9595,-75.162,1559.0,6,0,0,0,0,0,1,0,1,,0,0,0.0,15,1,3,1,,1,39 57:34.154,2.0,0,75 09:43.529,3,0,0,0,67301,0,0,0,N,0,0,0,4,67301,0,,1,1,30.0,N,N,Y,0,,3,0,2,3,3,Y,1555,3,3,0,0,0,0,0,3,4,0,3,3,,N,,,,,,,,,,,
2022010866,1555.0,2,0,0,0,0,0,0,0,0,4,0,,67,1,2022,6,40.0085,-75.2107,1555.0,6,1,0,0,0,0,0,0,0,,0,0,0.0,15,1,0,1,,1,40 00:30.708,1.0,0,75 12:38.635,0,0,0,0,67301,0,0,0,N,0,0,0,3,67301,0,,1,1,1944.0,N,N,N,0,,0,0,0,3,2,N,1555,0,2,0,0,0,0,0,3,4,0,2,3,3.0,N,,,,,,,,,,,
2022014877,2000.0,2,0,0,0,0,0,0,0,0,1,0,,67,1,2022,6,40.0028,-75.1752,1250.0,6,0,0,0,0,0,0,0,0,,0,0,0.0,0,3,3,0,N,0,40 00:10.210,,0,75 10:30.870,3,0,0,0,67301,0,0,0,N,0,0,0,4,67301,0,,1,99,,N,N,N,0,,3,0,0,0,0,,45,3,2,0,0,0,0,0,3,4,0,2,3,3.0,N,,,,,,,,,,,
2022005735,132.0,1,0,0,0,0,0,0,0,0,1,0,,67,1,2022,6,39.9564,-75.2081,130.0,6,0,0,0,0,0,0,0,0,,0,0,0.0,1,3,0,0,N,2,39 57:22.888,3.0,0,75 12:29.071,0,0,0,0,67301,0,0,0,N,0,0,0,3,67504,0,,1,1,100.0,N,N,N,0,,0,0,1,0,0,Y,128,0,3,0,0,0,0,0,3,4,1,3,3,3.0,N,,,,,,,,,,,
2022011650,618.0,1,0,0,0,0,0,0,0,0,7,0,,67,1,2022,1,39.9649,-75.1855,610.0,6,0,0,0,0,0,0,0,0,,0,0,0.0,5,3,0,0,N,1,39 57:53.677,3.0,0,75 11:07.621,0,0,0,0,67301,0,0,0,N,0,0,0,1,68K01,0,,3,1,635.0,N,N,N,0,,0,0,0,0,0,N,559,0,1,0,0,0,0,0,3,4,0,1,3,3.0,N,,,,,,,,,,,
2022023703,312.0,1,0,0,0,0,0,0,0,0,4,0,,67,1,2022,1,40.0475,-75.0919,312.0,6,0,0,0,0,0,0,0,0,,0,0,0.0,3,3,2,1,,2,40 02:50.956,7.0,0,75 05:30.725,8,0,0,0,67301,0,0,0,N,0,0,0,3,67301,0,,1,2,312.0,N,N,Y,1,,0,0,0,3,2,Y,306,2,2,0,0,0,2,1,3,4,0,2,3,3.0,N,,,,,,,,,,,
2022014557,931.0,1,0,0,0,0,0,0,0,0,8,0,,67,2,2022,4,39.9172,-75.1712,928.0,6,0,0,0,0,0,0,1,0,,0,0,0.0,9,1,1,0,N,2,39 55:01.951,1.0,0,75 10:16.247,8,0,0,0,67301,1,0,0,N,1,0,0,2,67301,0,,1,9,1020.0,N,N,N,0,,0,0,0,0,0,Y,920,1,2,0,0,0,1,0,3,4,0,1,5,,N,,,,,,,,,,,
2022014846,738.0,0,0,0,0,0,0,0,0,0,7,0,,67,1,2022,7,40.0331,-75.1392,738.0,6,0,0,0,0,0,0,0,0,,0,0,0.0,16,3,0,0,N,0,40 01:59.190,,0,75 08:21.050,9,0,0,0,67301,0,0,0,N,0,0,0,1,67301,0,,4,99,,N,N,N,0,,0,0,1,0,0,,1646,0,2,0,0,0,0,1,3,4,0,2,99,98.0,N,,,,,,,,,,,
2022014715,1856.0,1,0,0,0,0,0,0,0,0,4,0,,67,1,2022,2,40.0532,-75.0441,1845.0,6,0,1,0,0,0,0,0,0,,0,0,0.0,17,4,0,1,,0,40 03:11.552,,0,75 02:38.781,0,0,0,0,67301,0,0,0,N,0,0,0,2,67301,0,,1,1,,N,N,N,0,,0,0,1,3,3,,1757,0,2,0,0,0,0,0,3,4,0,2,3,,N,,,,,,,,,,,
2022010858,1329.0,1,0,0,0,0,0,0,0,0,4,0,,67,1,2022,4,39.9502,-75.2372,1323.0,6,0,0,0,0,0,0,1,0,,0,0,0.0,13,1,0,1,,0,39 57:00.752,,0,75 14:13.837,0,0,0,0,67301,0,0,0,N,0,0,0,2,67301,0,,1,1,,N,N,N,0,,0,0,1,3,2,,1320,0,2,0,0,0,0,0,3,4,0,2,3,3.0,N,,,,,,,,,,,
2022014756,921.0,2,0,0,0,0,0,0,0,0,4,0,,67,1,2022,3,39.9604,-75.2411,912.0,6,0,0,0,0,0,1,0,0,,0,0,0.0,9,1,0,1,,0,39 57:37.591,,0,75 14:27.822,9,0,0,0,67301,0,0,0,N,0,0,0,2,67301,0,,1,1,,N,N,N,0,,0,0,0,2,2,,904,0,2,0,0,0,0,2,3,4,0,2,3,,N,,,,,,,,,,,
2022008117,1741.0,0,0,0,0,0,0,0,0,0,7,0,,67,1,2022,3,39.9588,-75.1647,1731.0,6,0,0,0,0,0,0,0,0,,0,0,0.0,17,3,0,0,N,2,39 57:31.592,1.0,2,75 09:52.899,9,0,0,0,67301,0,0,0,N,0,0,0,1,68K01,0,,4,1,30.0,N,N,N,0,,0,0,1,0,0,N,1725,0,1,0,0,0,0,1,3,4,0,1,3,3.0,N,,,,,,,,,,,
2022014885,1638.0,0,0,0,0,0,0,0,0,0,8,0,,67,1,2022,3,40.0313,-75.1794,1638.0,6,0,0,0,0,0,0,0,0,,0,0,0.0,15,1,1,0,N,0,40 01:52.600,,0,75 10:45.700,8,0,0,0,67301,1,0,0,N,1,0,0,2,67301,0,,1,99,,N,N,N,0,,0,0,0,0,0,,1540,1,2,0,0,0,1,0,3,4,1,1,3,,N,,,,,,,,,,,
2022014643,1830.0,1,0,0,0,0,0,0,0,0,6,0,,67,1,2022,3,39.9356,-75.223,1830.0,6,0,0,0,0,0,0,0,1,,0,0,0.0,17,3,1,1,,0,39 56:07.983,,0,75 13:22.832,4,0,0,0,67301,0,0,0,N,0,0,0,2,67301,1,,1,1,,N,N,N,0,,0,0,0,3,3,,1759,1,2,0,0,0,0,0,3,4,0,2,3,3.0,N,,,,,,,,,,,
2022010874,941.0,0,0,0,0,0,0,0,0,0,4,0,,67,1,2022,3,39.9753,-75.1683,941.0,6,0,0,0,0,0,1,0,0,,0,0,0.0,9,1,2,2,,0,39 58:31.037,,0,75 10:05.801,4,0,0,0,67301,0,0,0,N,0,0,0,2,67301,2,,1,1,,N,N,N,0,,0,0,2,3,3,,939,2,2,0,0,0,0,0,3,4,0,2,3,3.0,N,,,,,,,,,,,
2022014713,1845.0,1,0,0,0,0,0,0,0,0,4,0,,67,1,2022,1,40.0148,-75.0643,1842.0,6,1,0,0,0,0,0,0,0,,0,0,0.0,18,4,0,1,,0,40 00:53.100,,0,75 03:51.300,0,0,0,0,67301,0,0,0,N,0,0,0,2,67301,0,,1,1,,N,N,N,0,,0,0,1,0,0,,1823,0,2,0,0,0,0,0,3,4,0,2,3,3.0,N,,,,,,,,,,,
2022010896,227.0,0,0,0,0,0,0,0,0,0,4,0,,67,1,2022,6,40.0079,-75.1723,225.0,6,0,0,0,0,0,0,0,0,,0,0,0.0,2,3,0,1,,1,40 00:28.314,4.0,0,75 10:20.141,0,0,0,0,67301,0,0,0,N,0,0,0,2,67301,0,,1,1,258.0,N,N,N,0,,0,0,2,3,2,N,206,0,2,0,0,0,0,0,3,4,0,2,3,3.0,N,,,,,,,,,,,
2022035035,220.0,2,0,0,0,0,0,0,0,0,1,0,,67,4,2022,1,39.9991,-75.1953,230.0,6,0,0,0,0,0,0,0,0,,0,0,0.0,2,3,0,0,N,1,39 59:56.646,4.0,0,75 11:43.180,0,0,0,0,67301,0,0,0,N,0,0,0,4,68Z99,0,,1,1,30.0,N,N,Y,0,,0,0,0,0,0,N,200,0,2,0,0,0,0,0,3,4,0,2,3,3.0,N,,,,,,,,,,,
2022014712,425.0,1,0,0,0,0,0,0,0,0,5,0,,67,1,2022,1,40.0351,-75.0392,400.0,6,0,0,0,0,0,0,0,0,,0,0,0.0,3,3,0,0,N,0,40 02:06.436,,0,75 02:21.063,0,0,0,0,67301,0,0,0,N,0,0,0,2,67301,0,,1,1,,N,N,N,0,,0,0,1,0,0,,350,0,3,0,0,0,0,0,3,4,1,3,3,3.0,N,,,,,,,,,,,
2022010839,135.0,1,0,0,0,0,0,0,0,0,4,0,,67,1,2022,6,40.0774,-75.1755,135.0,6,0,0,0,0,0,1,0,0,,0,0,0.0,20,3,0,1,,0,40 04:38.684,,0,75 10:31.865,0,0,0,0,67301,0,0,0,N,0,0,0,2,67301,0,,1,1,,N,N,N,1,,0,0,0,3,2,,2000,0,2,0,0,2,0,0,3,4,0,2,3,3.0,N,,,,,,,,,,,
2022023158,2248.0,0,0,0,0,0,0,0,0,0,0,0,,67,1,2022,3,39.9223,-75.1478,2240.0,6,0,0,0,0,0,0,0,0,,0,0,0.0,22,3,1,0,N,2,39 55:20.423,2.0,3,75 08:52.197,8,0,0,0,67301,0,0,0,N,0,0,0,1,68K01,0,,1,1,2325.0,N,N,N,0,,0,0,1,0,0,N,2235,1,1,0,0,0,1,0,3,4,0,1,3,,N,,,,,,,,,,,
2022014538,15.0,0,0,0,0,0,0,0,0,0,1,0,,67,1,2022,7,40.0436,-75.0787,8.0,6,0,0,0,0,0,0,0,0,,0,0,0.0,0,3,1,0,N,0,40 02:36.900,,0,75 04:43.200,3,0,0,0,67301,0,0,0,N,0,0,0,1,67301,0,,6,1,,N,N,N,0,,1,0,2,0,0,,4,1,2,0,0,0,0,0,3,4,0,2,3,3.0,N,,,,,,,,,,,