CRN,ARRIVAL_TM,AUTOMOBILE_COUNT,BELTED_DEATH_COUNT,BELTED_SUSP_SERIOUS_INJ_COUNT,BICYCLE_COUNT,BICYCLE_DEATH_COUNT,BICYCLE_SUSP_SERIOUS_INJ_COUNT,BUS_COUNT,CHLDPAS_DEATH_COUNT,CHLDPAS_SUSP_SERIOUS_INJ_COUNT,COLLISION_TYPE,COMM_VEH_COUNT,CONS_ZONE_SPD_LIM,COUNTY,CRASH_MONTH,CRASH_YEAR,DAY_OF_WEEK,DEC_LAT,DEC_LONG,DISPATCH_TM,DISTRICT,DRIVER_COUNT_16YR,DRIVER_COUNT_17YR,DRIVER_COUNT_18YR,DRIVER_COUNT_19YR,DRIVER_COUNT_20YR,DRIVER_COUNT_50_64YR,DRIVER_COUNT_65_74YR,DRIVER_COUNT_75PLUS,EST_HRS_CLOSED,FATAL_COUNT,HEAVY_TRUCK_COUNT,HORSE_BUGGY_COUNT,HOUR_OF_DAY,ILLUMINATION,INJURY_COUNT,INTERSECT_TYPE,INTERSECTION_RELATED,LANE_CLOSED,LATITUDE,LN_CLOSE_DIR,LOCATION_TYPE,LONGITUDE,MAX_SEVERITY_LEVEL,MCYCLE_DEATH_COUNT,MCYCLE_SUSP_SERIOUS_INJ_COUNT,MOTORCYCLE_COUNT,MUNICIPALITY,NONMOTR_COUNT,NONMOTR_DEATH_COUNT,NONMOTR_SUSP_SERIOUS_INJ_COUNT,NTFY_HIWY_MAINT,PED_COUNT,PED_DEATH_COUNT,PED_SUSP_SERIOUS_INJ_COUNT,PERSON_COUNT,POLICE_AGCY,POSSIBLE_INJ_COUNT,RDWY_SURF_TYPE_CD,RELATION_TO_ROAD,ROAD_CONDITION,ROADWAY_CLEARED,SCH_BUS_IND,SCH_ZONE_IND,SECONDARY_CRASH,SMALL_TRUCK_COUNT,SPEC_JURIS_CD,SUSP_MINOR_INJ_COUNT,SUSP_SERIOUS_INJ_COUNT,SUV_COUNT,TCD_FUNC_CD,TCD_TYPE,TFC_DETOUR_IND,TIME_OF_DAY,TOT_INJ_COUNT,TOTAL_UNITS,UNB_DEATH_COUNT,UNB_SUSP_SERIOUS_INJ_COUNT,UNBELTED_OCC_COUNT,UNK_INJ_DEG_COUNT,UNK_INJ_PER_COUNT,URBAN_AREA,URBAN_RURAL,VAN_COUNT,VEHICLE_COUNT,WEATHER1,WEATHER2,WORK_ZONE_IND,WORK_ZONE_LOC,WORK_ZONE_TYPE,WORKERS_PRES,WZ_CLOSE_DETOUR,WZ_FLAGGER,WZ_LAW_OFFCR_IND,WZ_LN_CLOSURE,WZ_MOVING,WZ_OTHER,WZ_SHLDER_MDN,WZ_WORKERS_INJ_KILLED
2022004244,1000.0,2,0,0,0,0,0,0,0,0,4,0,,67,1,2022,3,40.0298,-75.0558,957.0,6,0,0,0,0,0,0,0,0,,0,0,0.0,9,1,1,0,N,0,40 01:47.239,,7,75 03:20.809,3,0,0,0,67301,0,0,0,N,0,0,0,2,67301,0,,1,1,,N,N,N,0,,1,0,0,0,0,,956,1,2,0,0,0,0,0,3,4,0,2,3,,N,,,,,,,,,,,
2022014831,1135.0,0,0,0,0,0,0,0,0,0,3,0,,67,1,2022,2,39.9879,-75.144,1135.0,6,0,0,0,0,0,1,0,0,,0,0,0.0,11,1,1,1,,0,39 59:16.375,,0,75 08:38.378,3,0,0,0,67301,0,0,0,N,0,0,0,2,67301,0,,1,99,,N,N,N,0,,1,0,1,3,3,,1150,1,2,0,0,0,0,0,3,4,1,2,4,4.0,N,,,,,,,,,,,
2022014852,130.0,1,0,0,0,0,0,0,0,0,5,0,,67,1,2022,1,40.0339,-75.1284,126.0,6,0,0,0,0,0,0,0,0,,0,0,0.0,1,3,0,0,N,1,40 02:02.110,4.0,0,75 07:42.180,0,0,0,0,67301,0,0,0,N,0,0,0,1,67301,0,,6,1,230.0,N,N,N,0,,0,0,1,0,0,N,120,0,2,0,0,0,0,0,3,4,0,2,3,3.0,N,,,,,,,,,,,
2022020649,1416.0,1,0,0,0,0,0,0,0,0,5,0,,67,1,2022,7,39.9722,-75.1936,1406.0,6,0,0,0,0,0,1,0,0,,0,0,0.0,13,1,0,0,N,1,39 58:19.775,3.0,0,75 11:36.987,0,0,0,0,67301,0,0,0,N,0,0,0,5,68K01,0,,1,1,1400.0,N,N,N,0,,0,0,2,0,0,Y,1352,0,3,0,0,0,0,0,3,4,0,3,3,,N,,,,,,,,,,,
2022014873,1720.0,2,0,0,0,0,0,0,0,0,4,0,,67,1,2022,5,40.0092,-75.1967,1711.0,6,0,0,0,0,0,0,1,0,,0,0,0.0,16,4,0,1,,2,40 00:32.988,5.0,0,75 11:48.705,0,0,0,0,67301,0,0,0,N,0,0,0,3,67301,0,,1,1,1800.0,N,N,N,0,,0,0,1,3,2,Y,1653,0,3,0,0,0,0,0,3,4,0,3,3,,N,,,,,,,,,,,
2022019588,39.0,1,0,0,0,0,0,0,0,0,4,0,,67,1,2022,6,40.0299,-75.0878,35.0,6,0,0,0,0,0,0,0,0,,0,0,0.0,0,3,2,1,,0,40 01:47.633,,0,75 05:16.085,3,0,0,0,67301,0,0,0,N,0,0,0,2,67301,1,,1,1,,N,N,Y,0,,1,0,1,3,2,,30,2,2,0,0,0,0,0,3,4,0,2,3,3.0,N,,,,,,,,,,,
2022010893,1849.0,1,0,0,0,0,0,0,0,0,4,0,,67,1,2022,7,40.0437,-75.1382,1849.0,6,0,0,0,0,0,0,0,0,,0,0,0.0,18,3,0,1,,0,40 02:37.449,,0,75 08:17.555,0,0,0,0,67301,0,0,0,N,0,0,0,2,67301,0,,1,1,,N,N,N,0,,0,0,1,3,3,,1800,0,2,0,0,0,0,0,3,4,0,2,3,,N,,,,,,,,,,,
2022016103,1452.0,0,0,0,0,0,0,0,0,0,7,0,,67,1,2022,1,39.9572,-75.1567,1452.0,6,0,0,0,0,0,0,0,0,,0,0,0.0,14,1,0,0,N,1,39 57:25.868,4.0,0,75 09:24.087,0,0,0,0,67301,0,0,0,N,0,0,0,2,68K01,0,,4,1,1520.0,N,N,N,0,,0,0,1,0,0,N,1438,0,1,0,0,0,0,0,3,4,0,1,3,3.0,N,,,,,,,,,,,
2022010815,218.0,1,0,0,0,0,0,0,0,0,6,0,,67,1,2022,6,40.034,-75.0893,201.0,6,0,0,0,0,0,0,0,0,,0,0,0.0,1,3,0,0,N,2,40 02:02.260,4.0,0,75 05:21.520,0,0,0,0,67301,0,0,0,N,0,0,0,1,67301,0,,6,1,334.0,N,N,N,1,,0,0,0,0,0,N,154,0,2,0,0,0,0,0,3,4,0,2,3,,N,,,,,,,,,,,
2022010300,1913.0,1,0,0,0,0,0,0,0,0,1,0,,67,1,2022,3,39.9045,-75.1503,1903.0,6,0,0,0,0,0,0,0,0,,0,0,0.0,19,3,1,0,N,0,39 54:16.161,,0,75 09:00.953,4,0,0,1,67301,0,0,0,N,0,0,0,2,68K01,1,,1,1,,N,N,N,0,,0,0,0,0,0,,1901,1,2,0,0,0,0,0,3,4,0,2,3,,N,,,,,,,,,,,
2022016860,506.0,2,0,0,0,0,0,0,0,0,4,0,,67,1,2022,5,39.9968,-75.116,505.0,6,0,0,0,0,0,0,0,0,,0,0,0.0,5,1,0,2,,0,39 59:48.419,,0,75 06:57.506,9,0,0,0,67301,0,0,0,N,0,0,0,3,67301,0,,1,1,,N,N,N,0,,0,0,0,0,0,,500,0,2,0,0,3,0,1,3,4,0,2,3,3.0,N,,,,,,,,,,,
2022014893,845.0,1,0,0,0,0,0,0,0,0,7,0,,67,1,2022,7,40.0131,-75.2015,822.0,6,0,0,0,0,0,0,0,0,,0,0,0.0,8,5,0,0,N,0,40 00:46.980,,0,75 12:05.370,0,0,0,0,67301,0,0,0,N,0,0,0,1,67301,0,,4,7,,N,N,N,0,,0,0,0,0,0,,814,0,1,0,0,0,0,0,3,4,0,1,10,10.0,N,,,,,,,,,,,
2022014543,845.0,0,0,0,0,0,0,0,0,0,6,0,,67,1,2022,4,40.0483,-75.0659,829.0,6,0,0,0,0,0,0,0,0,,0,0,0.0,7,1,2,1,,0,40 02:53.808,,0,75 03:57.412,3,0,0,0,67301,0,0,0,N,0,0,0,3,67301,0,,1,1,,N,N,N,0,,2,0,2,3,3,,731,2,3,0,0,0,0,1,3,4,1,3,3,,N,,,,,,,,,,,
2022010857,2149.0,2,0,0,0,0,0,0,0,0,4,0,,67,1,2022,3,39.955,-75.2382,2148.0,6,0,0,0,0,0,0,0,0,,0,0,0.0,21,3,2,1,,0,39 57:17.996,,0,75 14:17.404,3,0,0,0,67301,0,0,0,N,0,0,0,3,67301,0,,1,1,,N,N,N,0,,1,0,1,3,2,,2147,2,3,0,0,0,1,1,3,4,0,3,3,,N,,,,,,,,,,,
2022014536,230.0,3,0,0,0,0,0,0,0,0,5,0,,67,1,2022,6,40.0497,-75.0685,224.0,6,0,0,0,0,0,0,0,0,,0,0,0.0,2,2,0,0,N,1,40 02:58.930,6.0,0,75 04:06.630,9,0,0,0,67301,0,0,0,N,0,0,0,1,67301,0,,6,1,200.0,N,N,N,0,,0,0,1,0,0,N,214,0,4,0,0,1,0,1,3,4,0,4,3,,N,,,,,,,,,,,
2022004181,1800.0,1,0,0,0,0,0,0,0,0,5,0,,67,1,2022,2,39.9417,-75.1439,1800.0,6,0,0,0,0,0,0,0,0,,0,0,0.0,17,3,1,0,N,1,39 56:30.040,1.0,0,75 08:38.020,3,0,0,0,67301,0,0,0,N,0,0,0,1,67301,0,,6,1,1825.0,N,N,Y,0,,1,0,2,0,0,N,1726,1,3,0,0,0,0,0,3,4,0,3,3,3.0,N,,,,,,,,,,,
2022010840,900.0,3,0,0,0,0,0,0,0,0,3,0,,67,1,2022,1,40.0428,-75.1813,900.0,6,0,0,0,0,0,0,0,0,,0,0,0.0,0,8,0,0,N,0,40 02:34.177,,0,75 10:52.621,9,0,0,0,67301,0,0,0,N,0,0,0,1,67301,0,,6,1,,N,N,N,0,,0,0,0,0,0,,0,0,3,0,0,1,0,1,3,4,0,3,3,3.0,N,,,,,,,,,,,
2022014579,127.0,1,0,0,0,0,0,0,0,0,6,0,,67,1,2022,2,40.0648,-75.0546,123.0,6,0,0,0,0,0,0,0,0,,0,0,0.0,1,3,1,0,N,0,40 03:53.281,,0,75 03:16.503,8,0,0,0,67301,0,0,0,N,0,0,0,1,67301,0,,6,1,,N,N,N,0,,0,0,0,0,0,,123,1,2,0,0,0,1,0,3,4,1,2,3,3.0,N,,,,,,,,,,,
2022010838,943.0,1,0,1,0,0,0,0,0,0,6,0,,67,1,2022,6,40.0481,-75.158,938.0,6,0,0,0,0,0,0,0,0,,0,0,0.0,9,1,1,0,N,2,40 02:53.094,6.0,0,75 09:28.949,2,0,0,0,67301,0,0,0,N,0,0,0,1,67301,0,,4,1,1232.0,N,N,N,0,,0,1,1,0,0,Y,935,1,2,0,0,0,0,0,3,4,0,2,3,,N,,,,,,,,,,,
2022010892,541.0,0,0,0,0,0,0,0,0,0,4,0,,67,1,2022,7,40.045,-75.1235,540.0,6,0,0,0,0,0,0,1,0,,0,0,0.0,5,3,0,1,,0,40 02:42.011,,0,75 07:24.823,0,0,0,0,67301,0,0,0,N,0,0,0,3,67301,0,,1,1,,N,N,N,1,,0,0,1,3,2,,539,0,2,0,0,0,0,0,3,4,0,2,3,3.0,N,,,,,,,,,,,
2022015901,1118.0,1,0,0,0,0,0,0,0,0,4,0,,67,1,2022,3,40.013,-75.1194,1116.0,6,0,0,0,0,0,0,0,0,,0,0,0.0,11,1,2,1,,1,40 00:46.715,1.0,0,75 07:09.796,3,0,0,0,67301,0,0,0,N,0,0,0,2,67301,0,,1,1,1135.0,N,N,N,0,,2,0,1,3,2,N,1110,2,2,0,0,0,0,0,3,4,0,2,3,3.0,N,,,,,,,,,,,
2022014775,1159.0,0,0,0,0,0,0,0,0,0,1,0,,67,1,2022,3,39.9822,-75.2389,1151.0,6,0,0,0,0,0,1,0,0,,0,0,0.0,22,3,1,0,N,0,39 58:55.900,,3,75 14:20.200,3,0,0,0,67301,0,0,0,N,0,0,0,2,67301,0,,1,99,,N,N,N,0,,1,0,1,0,0,,2250,1,2,0,0,0,0,0,3,4,0,2,99,,N,,,,,,,,,,,
2022014762,1643.0,1,0,0,0,0,0,0,0,0,4,0,,67,1,2022,3,39.9558,-75.236,1638.0,6,0,0,0,0,0,0,0,1,,0,0,0.0,16,1,0,1,,0,39 57:20.995,,0,75 14:09.589,0,0,0,0,67301,0,0,0,N,0,0,0,5,67301,0,,1,1,,N,N,N,0,,0,0,1,3,2,,1615,0,2,0,0,2,0,0,3,4,0,2,3,98.0,N,,,,,,,,,,,
2022012279,2148.0,1,0,0,0,0,0,0,0,0,7,0,,67,1,2022,4,40.0013,-75.0791,2142.0,6,0,0,0,0,0,0,0,0,,0,0,0.0,21,3,1,0,N,0,40 00:04.692,,0,75 04:44.740,8,0,0,0,67301,0,0,0,N,0,0,0,1,68K01,0,,2,1,,N,N,N,0,,0,0,0,0,0,,2141,1,1,0,0,0,1,0,3,4,0,1,3,,N,,,,,,,,,,,
2022010901,854.0,1,0,0,0,0,0,0,0,0,4,0,,67,1,2022,3,40.0037,-75.1689,852.0,6,0,0,0,0,0,1,0,0,,0,0,0.0,8,1,0,5,,0,40 00:13.178,,0,75 10:08.095,0,0,0,0,67301,0,0,0,N,0,0,0,2,67301,0,,1,1,,N,N,N,0,,0,0,0,3,2,,851,0,2,0,0,2,0,0,3,4,1,2,3,3.0,N,,,,,,,,,,,
2022014537,1811.0,0,0,0,0,0,0,0,0,0,8,0,,67,1,2022,6,40.0661,-75.0895,1808.0,6,0,0,0,0,0,0,0,0,,0,0,0.0,18,3,2,0,N,2,40 03:58.080,5.0,0,75 05:22.230,2,0,0,0,67301,2,0,2,N,2,0,2,3,67301,0,,1,1,1811.0,N,N,N,0,,0,2,1,0,0,Y,1806,2,4,0,0,0,0,0,3,4,1,2,3,,N,,,,,,,,,,,
2022010828,1225.0,2,0,0,0,0,0,0,0,0,4,0,,67,1,2022,6,40.0523,-75.0164,1217.0,6,0,0,0,0,0,1,0,1,,0,0,0.0,11,1,0,2,,0,40 03:08.280,,0,75 00:59.068,0,0,0,0,67301,0,0,0,N,0,0,0,4,67301,0,,1,1,,N,N,N,0,,0,0,0,0,0,,1150,0,2,0,0,0,0,0,3,4,0,2,3,,N,,,,,,,,,,,
2022012283,1037.0,1,0,0,0,0,0,0,0,0,7,0,,67,1,2022,5,40.0028,-75.078,1018.0,6,0,0,0,0,0,0,0,1,,0,0,0.0,10,1,1,0,N,1,40 00:10.013,2.0,3,75 04:40.765,3,0,0,0,67301,0,0,0,N,0,0,0,2,68K01,0,,3,9,1100.0,N,N,N,0,,1,0,1,0,0,N,1016,1,2,0,0,0,0,0,3,4,0,2,6,10.0,N,,,,,,,,,,,
2022014818,1743.0,2,0,0,0,0,0,0,0,0,4,0,,67,1,2022,1,39.9988,-75.1313,1743.0,6,0,0,0,0,0,1,0,0,,0,0,0.0,14,1,1,1,,0,39 59:55.564,,0,75 07:52.533,3,0,0,0,67301,0,0,0,N,0,0,0,2,67301,0,,1,1,,N,N,N,0,,1,0,0,3,2,,1450,1,2,0,0,1,0,0,3,4,0,2,3,3.0,N,,,,,,,,,,,
2022014622,245.0,0,0,0,0,0,0,0,0,0,7,0,,67,1,2022,7,39.9538,-75.1666,245.0,6,0,0,0,0,0,0,0,0,,0,0,0.0,2,3,0,1,,0,39 57:13.704,,0,75 09:59.736,0,0,0,0,67301,0,0,0,N,0,0,0,1,67301,0,,4,1,,N,N,N,0,,0,0,1,3,2,,230,0,1,0,0,1,0,0,3,4,0,1,3,3.0,N,,,,,,,,,,,
2022014878,2.0,1,0,0,0,0,0,0,0,0,1,0,,67,1,2022,6,40.0097,-75.1872,2347.0,6,0,0,0,0,0,0,1,0,,0,0,0.0,23,3,2,7,,1,40 00:34.985,4.0,2,75 11:14.041,3,0,0,0,67301,0,0,0,N,0,0,0,3,67301,0,,1,1,140.0,N,N,N,0,,2,0,0,0,0,N,2346,2,2,0,0,0,0,0,3,4,1,2,3,3.0,N,,,,,,,,,,,
2022010854,1733.0,1,0,0,0,0,0,0,0,0,1,0,,67,1,2022,7,39.9867,-75.208,1733.0,6,0,0,0,0,0,0,0,0,,0,0,0.0,4,3,0,0,N,0,39 59:12.093,,1,75 12:28.890,0,0,0,0,67301,0,0,0,N,0,0,0,2,67301,0,,1,1,,N,N,N,0,,0,0,0,0,0,,400,0,2,0,0,0,0,0,3,4,0,2,3,3.0,N,,,,,,,,,,,
2022014854,1845.0,1,0,0,0,0,0,0,0,0,8,0,,67,1,2022,3,40.0506,-75.1421,1845.0,6,0,0,0,0,0,0,1,0,,0,0,0.0,17,8,1,1,,0,40 03:02.085,,0,75 08:31.586,8,0,0,0,67301,1,0,0,N,1,0,0,2,67301,0,,1,99,,N,N,N,0,,0,0,0,3,2,,1752,1,2,0,0,0,1,0,3,4,0,1,99,,N,,,,,,,,,,,
2022007163,1739.0,2,0,0,0,0,0,0,0,0,5,0,,67,1,2022,5,39.9076,-75.1436,1733.0,6,0,0,0,0,0,3,0,0,,0,0,0.0,17,3,1,0,N,2,39 54:27.300,3.0,3,75 08:36.900,4,0,0,0,67301,0,0,0,N,0,0,0,10,67501,1,,1,1,1818.0,N,N,Y,0,,0,0,2,0,0,N,1733,1,5,0,0,0,0,0,3,4,1,5,3,4.0,N,,,,,,,,,,,
2022004175,1516.0,1,0,0,0,0,0,0,0,0,5,0,,67,1,2022,3,40.0522,-75.051,1454.0,6,0,0,0,0,0,2,0,0,,0,0,0.0,14,1,1,0,Y,1,40 03:07.950,2.0,0,75 03:03.576,3,0,0,0,67301,0,0,0,N,0,0,0,6,67301,0,,1,1,1545.0,N,N,N,0,,1,0,2,3,2,N,1451,1,4,0,0,0,0,0,3,4,1,4,3,3.0,N,,,,,,,,,,,
2022004206,1710.0,2,0,0,0,0,0,0,0,0,4,0,,67,1,2022,3,40.0695,-74.9814,1708.0,6,0,0,0,0,0,0,1,0,,0,0,0.0,16,3,8,2,,1,40 04:10.183,2.0,7,74 58:53.562,4,0,0,0,67301,0,0,0,N,0,0,0,8,67301,8,,1,1,100.0,N,N,N,0,,0,0,0,3,2,N,1659,8,2,0,0,8,0,0,3,4,0,2,3,3.0,N,,,,,,,,,,,
2022022967,1953.0,3,0,0,0,0,0,0,0,0,5,0,,67,1,2022,5,39.9814,-75.207,1947.0,6,0,0,0,0,0,1,0,0,,0,0,0.0,19,3,0,0,N,0,39 58:52.926,,0,75 12:25.231,0,0,0,0,67301,0,0,0,N,0,0,0,3,68K01,0,,1,1,,N,N,Y,0,,0,0,0,0,0,,1941,0,3,0,0,0,0,0,3,4,0,3,3,3.0,N,,,,,,,,,,,
2022009101,1905.0,1,0,0,0,0,0,0,0,0,4,0,,67,1,2022,5,39.9499,-75.2041,1850.0,6,0,0,0,0,0,0,0,0,,0,0,0.0,18,3,0,0,N,2,39 56:59.664,6.0,7,75 12:14.605,9,0,0,0,67301,0,0,0,N,0,0,0,2,67508,0,,1,1,9999.0,,,N,0,,0,0,0,0,0,N,1845,0,2,0,0,0,0,1,3,4,0,2,3,3.0,N,,,,,,,,,,,
2022004205,729.0,1,0,0,0,0,0,0,0,0,5,0,,67,1,2022,3,40.0509,-75.0098,728.0,6,0,0,0,0,0,1,0,0,,0,0,0.0,7,1,0,0,N,0,40 03:03.362,,0,75 00:35.122,0,0,0,0,67301,0,0,0,N,0,0,0,1,67301,0,,6,1,,N,N,N,0,,0,0,1,0,0,,728,0,2,0,0,1,0,0,3,4,0,2,3,3.0,N,,,,,,,,,,,
2022014814,1116.0,2,0,0,0,0,0,0,0,0,1,0,,67,1,2022,4,39.998,-75.1254,1116.0,6,0,0,0,0,0,0,1,0,,0,0,0.0,11,1,1,1,,1,39 59:52.789,2.0,0,75 07:31.478,3,0,0,0,67301,0,0,0,N,0,0,0,3,67301,0,,1,1,1220.0,N,N,N,0,,1,0,0,3,2,N,1116,1,2,0,0,1,0,0,3,4,0,2,3,3.0,N,,,,,,,,,,,
2022014600,2305.0,1,0,0,0,0,0,0,0,0,4,0,,67,1,2022,6,40.072,-75.013,2300.0,6,0,0,0,0,0,0,0,0,,0,0,0.0,20,3,0,1,,0,40 04:19.373,,0,75 00:46.904,9,0,0,0,67301,0,0,0,N,0,0,0,2,67301,0,,1,1,,N,N,N,0,,0,0,1,3,2,,2045,0,2,0,0,0,0,2,3,4,0,2,3,3.0,N,,,,,,,,,,,
2022014841,1058.0,1,0,0,0,0,0,0,0,0,1,0,,67,1,2022,3,40.0243,-75.1332,1058.0,6,0,0,0,0,0,0,0,0,,0,0,0.0,10,1,1,5,,0,40 01:27.600,,0,75 07:59.380,8,0,0,0,67301,0,0,0,N,0,0,0,3,67301,0,,1,1,,N,N,N,0,,0,0,0,3,2,,1030,1,2,0,0,0,1,1,3,4,1,2,3,,N,,,,,,,,,,,
2022014577,2345.0,1,0,0,0,0,0,0,0,0,4,0,,67,1,2022,3,40.1053,-75.0399,2337.0,6,0,0,0,0,0,0,0,0,,0,0,0.0,22,3,0,2,,2,40 06:19.058,6.0,0,75 02:23.773,0,0,0,0,67301,0,0,0,N,0,0,0,1,67301,0,,1,1,215.0,N,N,N,0,,0,0,0,3,3,N,2240,0,2,0,0,0,0,0,3,4,1,2,3,3.0,N,,,,,,,,,,,
2022025077,135.0,1,0,0,0,0,0,0,0,0,4,0,,67,1,2022,2,39.9864,-75.1803,132.0,6,0,0,0,0,0,0,0,0,,0,0,0.0,1,3,1,1,,0,39 59:10.834,,0,75 10:48.850,3,0,0,0,67301,0,0,0,N,0,0,0,2,67301,0,,1,9,,N,N,N,0,,1,0,1,3,2,,126,1,2,0,0,2,0,0,3,4,0,2,4,7.0,N,,,,,,,,,,,
2022010898,1730.0,0,0,0,0,0,0,0,0,0,4,0,,67,1,2022,6,40.0245,-75.1661,1729.0,6,0,0,0,0,0,0,0,0,,0,0,0.0,17,3,2,2,,0,40 01:28.275,,0,75 09:57.888,3,0,0,0,67301,0,0,0,N,0,0,0,2,67301,0,,1,1,,N,N,N,0,,2,0,2,3,2,,1724,2,2,0,0,1,0,0,3,4,0,2,3,,N,,,,,,,,,,,
2022007436,1448.0,1,0,0,0,0,0,0,0,0,7,0,,67,1,2022,7,39.9104,-75.1512,1447.0,6,0,0,0,0,0,1,0,0,,0,0,0.0,14,1,1,3,,2,39 54:37.300,3.0,2,75 09:04.300,3,0,0,0,67301,0,0,0,N,0,0,0,3,68K01,0,,4,1,1528.0,N,N,N,0,,1,0,1,3,2,Y,1447,1,2,0,0,1,0,0,3,4,0,2,3,,N,,,,,,,,,,,
2022010861,1040.0,0,0,0,0,0,0,0,0,0,8,0,,67,1,2022,5,39.9546,-75.2159,1034.0,6,0,0,0,0,0,0,0,0,,0,0,0.0,22,3,1,1,,0,39 57:16.495,,0,75 12:57.142,2,0,0,0,67301,1,0,1,N,1,0,1,2,67301,0,,1,1,,N,N,N,0,,0,1,0,3,2,,2200,1,2,0,0,0,0,1,3,4,1,1,3,3.0,N,,,,,,,,,,,
2022014816,2340.0,1,0,0,0,0,0,0,0,0,5,0,,67,1,2022,6,40.0269,-75.1169,2330.0,6,0,0,0,0,0,0,0,0,,0,0,0.0,23,3,0,0,Y,0,40 01:36.702,,0,75 07:00.882,0,0,0,0,67301,0,0,0,N,0,0,0,2,67301,0,,1,1,,N,N,N,0,,0,0,1,3,2,,2320,0,2,0,0,0,0,0,3,4,0,2,3,3.0,N,,,,,,,,,,,
2022014608,1315.0,1,0,0,0,0,0,0,0,0,4,0,,67,1,2022,3,40.078,-75.0237,1304.0,6,0,0,0,0,0,0,0,0,,0,0,0.0,12,1,1,2,,0,40 04:41.204,,0,75 01:25.042,8,0,0,0,67301,0,0,0,N,0,0,0,2,67301,0,,1,1,,N,N,N,0,,0,0,1,3,2,,1256,1,2,0,0,0,1,0,3,4,0,2,4,4.0,N,,,,,,,,,,,
2022008119,1900.0,1,0,0,0,0,0,0,0,0,1,1,,67,1,2022,6,39.9003,-75.1579,1855.0,6,0,0,0,0,0,1,0,0,,0,1,0.0,18,3,1,0,N,0,39 54:01.237,,3,75 09:28.494,4,0,0,0,67301,0,0,0,N,0,0,0,4,68K01,1,,1,1,,N,N,N,0,,0,0,0,0,0,,1845,1,2,0,0,0,0,2,3,4,0,2,3,3.0,N,,,,,,,,,,,
2022014812,1850.0,1,0,0,0,0,0,0,0,0,3,0,,67,1,2022,5,39.9953,-75.152,1850.0,6,0,0,0,1,0,0,0,0,,0,0,0.0,18,3,1,1,,0,39 59:42.946,,0,75 09:07.372,8,0,0,1,67301,0,0,0,N,0,0,0,2,67301,0,,1,1,,N,N,N,0,,0,0,0,3,3,,1845,1,2,0,0,0,1,0,3,4,0,2,3,3.0,N,,,,,,,,,,,
2022032933,1143.0,2,0,0,0,0,0,0,0,0,5,0,,67,1,2022,4,40.0443,-75.1288,1142.0,6,0,0,0,0,0,0,1,0,,0,0,0.0,11,1,0,0,N,0,40 02:39.500,,0,75 07:43.500,0,0,0,0,67301,0,0,0,N,0,0,0,1,67301,0,,6,1,,N,N,N,0,,0,0,1,0,0,,1133,0,3,0,0,0,0,0,3,4,0,3,3,3.0,N,,,,,,,,,,,
2022025073,343.0,4,0,0,0,0,0,0,0,0,4,0,,67,1,2022,7,39.9764,-75.1513,341.0,6,0,0,0,0,0,0,0,0,,0,0,0.0,3,3,0,1,,0,39 58:34.993,,0,75 09:04.712,9,0,0,0,67301,0,0,0,N,0,0,0,5,67301,0,,1,1,,N,N,N,0,,0,0,2,3,2,,330,0,6,0,0,0,0,1,3,4,0,6,3,3.0,N,,,,,,,,,,,
2022014552,1045.0,2,0,0,0,0,0,0,0,0,4,0,,67,1,2022,6,39.9117,-75.1724,1045.0,6,0,0,0,0,0,0,0,0,,0,0,0.0,22,6,0,1,,0,39 54:42.148,,0,75 10:20.534,9,0,0,0,67301,0,0,0,N,0,0,0,2,67301,0,,1,1,,N,N,N,0,,0,0,0,9,2,,2215,0,2,0,0,1,0,1,3,4,0,2,3,3.0,N,,,,,,,,,,,
2022014604,751.0,1,0,0,0,0,0,0,0,0,4,0,,67,1,2022,4,40.0649,-75.0094,750.0,6,0,0,0,0,0,0,0,0,,0,0,0.0,7,1,1,2,,0,40 03:53.543,,7,75 00:33.914,3,0,0,0,67301,0,0,0,N,0,0,0,2,67301,0,,1,1,,N,N,N,0,,1,0,1,3,3,,742,1,2,0,0,0,0,0,3,4,0,2,3,3.0,N,,,,,,,,,,,
2022034191,1810.0,0,0,0,0,0,0,0,0,0,1,0,,67,3,2022,2,39.9957,-75.0833,1810.0,6,0,0,0,0,0,1,0,0,,0,0,0.0,17,1,1,0,N,1,39 59:44.635,2.0,0,75 04:59.723,4,0,0,0,67301,0,0,0,N,0,0,0,2,68K01,1,,1,1,1550.0,N,N,Y,1,,0,0,1,0,0,Y,1754,1,2,0,0,0,0,0,3,4,0,2,3,,N,,,,,,,,,,,
2022007433,1710.0,1,0,0,0,0,0,0,0,0,7,0,,67,1,2022,6,40.0454,-75.0006,1646.0,6,0,0,0,0,0,0,0,0,,0,0,0.0,16,1,0,0,N,0,40 02:43.332,,2,75 00:02.157,0,0,0,0,67301,0,0,0,Y,0,0,0,1,68K01,0,,4,1,,N,N,N,0,,0,0,0,0,0,,1640,0,1,0,0,1,0,0,3,4,0,1,3,3.0,N,,,,,,,,,,,
2022014752,804.0,2,0,0,0,0,0,0,0,0,5,0,,67,1,2022,1,39.931,-75.1921,804.0,6,0,0,0,0,0,0,0,0,,0,0,0.0,7,1,0,0,N,0,39 55:51.690,,0,75 11:31.430,0,0,0,0,67301,0,0,0,N,0,0,0,1,67301,0,,6,1,,N,N,N,0,,0,0,0,0,0,,722,0,2,0,0,0,0,0,3,4,0,2,3,3.0,N,,,,,,,,,,,