CRN,ARRIVAL_TM,AUTOMOBILE_COUNT,BELTED_DEATH_COUNT,BELTED_SUSP_SERIOUS_INJ_COUNT,BICYCLE_COUNT,BICYCLE_DEATH_COUNT,BICYCLE_SUSP_SERIOUS_INJ_COUNT,BUS_COUNT,CHLDPAS_DEATH_COUNT,CHLDPAS_SUSP_SERIOUS_INJ_COUNT,COLLISION_TYPE,COMM_VEH_COUNT,CONS_ZONE_SPD_LIM,COUNTY,CRASH_MONTH,CRASH_YEAR,DAY_OF_WEEK,DEC_LAT,DEC_LONG,DISPATCH_TM,DISTRICT,DRIVER_COUNT_16YR,DRIVER_COUNT_17YR,DRIVER_COUNT_18YR,DRIVER_COUNT_19YR,DRIVER_COUNT_20YR,DRIVER_COUNT_50_64YR,DRIVER_COUNT_65_74YR,DRIVER_COUNT_75PLUS,EST_HRS_CLOSED,FATAL_COUNT,HEAVY_TRUCK_COUNT,HORSE_BUGGY_COUNT,HOUR_OF_DAY,ILLUMINATION,INJURY_COUNT,INTERSECT_TYPE,INTERSECTION_RELATED,LANE_CLOSED,LATITUDE,LN_CLOSE_DIR,LOCATION_TYPE,LONGITUDE,MAX_SEVERITY_LEVEL,MCYCLE_DEATH_COUNT,MCYCLE_SUSP_SERIOUS_INJ_COUNT,MOTORCYCLE_COUNT,MUNICIPALITY,NONMOTR_COUNT,NONMOTR_DEATH_COUNT,NONMOTR_SUSP_SERIOUS_INJ_COUNT,NTFY_HIWY_MAINT,PED_COUNT,PED_DEATH_COUNT,PED_SUSP_SERIOUS_INJ_COUNT,PERSON_COUNT,POLICE_AGCY,POSSIBLE_INJ_COUNT,RDWY_SURF_TYPE_CD,RELATION_TO_ROAD,ROAD_CONDITION,ROADWAY_CLEARED,SCH_BUS_IND,SCH_ZONE_IND,SECONDARY_CRASH,SMALL_TRUCK_COUNT,SPEC_JURIS_CD,SUSP_MINOR_INJ_COUNT,SUSP_SERIOUS_INJ_COUNT,SUV_COUNT,TCD_FUNC_CD,TCD_TYPE,TFC_DETOUR_IND,TIME_OF_DAY,TOT_INJ_COUNT,TOTAL_UNITS,UNB_DEATH_COUNT,UNB_SUSP_SERIOUS_INJ_COUNT,UNBELTED_OCC_COUNT,UNK_INJ_DEG_COUNT,UNK_INJ_PER_COUNT,URBAN_AREA,URBAN_RURAL,VAN_COUNT,VEHICLE_COUNT,WEATHER1,WEATHER2,WORK_ZONE_IND,WORK_ZONE_LOC,WORK_ZONE_TYPE,WORKERS_PRES,WZ_CLOSE_DETOUR,WZ_FLAGGER,WZ_LAW_OFFCR_IND,WZ_LN_CLOSURE,WZ_MOVING,WZ_OTHER,WZ_SHLDER_MDN,WZ_WORKERS_INJ_KILLED
2022060039,1031.0,0,0,0,0,0,0,0,0,0,4,0,,67,3,2022,3,40.022,-75.0766,1030.0,6,0,0,0,0,0,0,0,0,,0,0,0.0,10,1,0,1,,0,40 01:19.232,,0,75 04:35.936,0,0,0,0,67301,0,0,0,N,0,0,0,2,67301,0,,1,1,,N,N,N,0,,0,0,2,3,3,,1025,0,2,0,0,1,0,0,3,4,0,2,3,3.0,N,,,,,,,,,,,
2022047191,129.0,1,0,0,0,0,0,0,0,0,5,0,,67,5,2022,6,39.9597,-75.2474,123.0,6,0,0,0,0,0,0,0,0,,0,0,0.0,1,3,2,2,,1,39 57:34.816,1.0,0,75 14:50.653,8,0,0,0,67301,0,0,0,N,0,0,0,4,67301,0,,1,1,326.0,N,N,Y,0,,0,0,2,3,2,N,121,2,4,0,0,0,2,0,3,4,0,4,3,3.0,N,,,,,,,,,,,
2022060139,915.0,0,0,0,0,0,0,0,0,0,8,0,,67,6,2022,3,39.9426,-75.1571,913.0,6,0,0,0,0,0,0,0,0,,1,0,0.0,9,1,0,1,,0,39 56:33.366,,0,75 09:25.422,1,0,0,0,67301,1,1,0,N,1,1,0,2,67301,0,2.0,1,1,,N,N,N,0,0.0,0,0,0,3,2,,905,0,2,0,0,0,0,0,3,4,1,1,3,3.0,N,,,,,,,,,,,
2022063055,915.0,2,0,0,0,0,0,0,0,0,4,0,,67,3,2022,4,39.9855,-75.2482,915.0,6,0,0,0,0,0,0,0,0,,0,0,0.0,9,1,0,1,,0,39 59:07.645,,0,75 14:53.387,0,0,0,0,67301,0,0,0,N,0,0,0,2,67301,0,,1,1,,N,Y,N,0,,0,0,0,3,2,,900,0,2,0,0,1,0,0,3,4,0,2,3,3.0,N,,,,,,,,,,,
2022049536,1636.0,0,0,0,0,0,0,0,0,0,4,0,,67,5,2022,5,39.9141,-75.2337,1636.0,6,0,0,0,0,0,1,0,0,,0,0,0.0,16,1,2,3,,0,39 54:50.752,,0,75 14:01.384,3,0,0,0,67301,0,0,0,N,0,0,0,3,67301,0,,1,1,,N,N,N,0,,2,0,2,3,3,,1612,2,2,0,0,0,0,0,3,4,0,2,3,3.0,N,,,,,,,,,,,
2022063925,23.0,1,1,0,0,0,0,0,0,0,98,0,,67,4,2022,6,39.8992,-75.1765,15.0,6,0,0,0,0,0,1,0,0,,1,0,0.0,0,3,0,0,N,1,39 53:56.999,2.0,3,75 10:35.529,1,0,0,0,67301,0,0,0,N,0,0,0,2,68K01,0,1.0,1,9,334.0,N,N,N,1,0.0,0,0,0,0,0,N,8,0,2,0,0,0,0,0,3,4,0,2,3,,N,,,,,,,,,,,
2022048716,1925.0,1,0,0,0,0,0,0,0,0,1,0,,67,5,2022,3,40.0933,-74.9669,1910.0,6,0,0,0,0,0,0,0,0,,0,0,0.0,18,1,1,0,N,0,40 05:35.814,,7,74 58:00.992,3,0,0,0,67301,0,0,0,N,0,0,0,2,67301,0,,1,1,,N,N,N,1,,1,0,0,0,0,,1829,1,2,0,0,0,0,0,3,4,0,2,4,4.0,N,,,,,,,,,,,
2022056857,208.0,1,0,0,0,0,0,0,0,0,5,0,,67,5,2022,7,39.996,-75.0827,155.0,6,0,0,0,0,0,0,0,0,,0,0,0.0,1,3,0,0,N,2,39 59:45.728,1.0,3,75 04:57.898,0,0,0,0,67301,0,0,0,N,0,0,0,2,68K01,0,,1,8,218.0,N,N,N,0,,0,0,1,0,0,N,152,0,2,0,0,0,0,0,3,4,0,2,7,7.0,N,,,,,,,,,,,
2022062302,1038.0,1,0,0,0,0,0,0,0,0,1,0,,67,5,2022,3,39.893,-75.1967,1028.0,6,0,0,0,0,0,0,0,0,,0,0,0.0,10,1,1,0,N,1,39 53:34.740,1.0,3,75 11:48.154,3,0,0,0,67301,0,0,0,N,0,0,0,2,68K02,0,,1,1,1127.0,N,N,N,0,,1,0,1,0,0,N,1028,1,2,0,0,1,0,0,3,4,0,2,3,3.0,N,,,,,,,,,,,
2022058306,1919.0,2,0,0,0,0,0,0,0,0,0,0,,67,5,2022,4,40.0231,-75.0347,1915.0,6,0,0,1,1,0,0,0,0,,0,0,0.0,19,1,0,0,N,0,40 01:23.187,,3,75 02:04.758,0,0,0,0,67301,0,0,0,N,0,0,0,5,68K01,0,,1,1,,N,N,N,3,,0,0,0,0,0,,1914,0,5,0,0,0,0,0,3,4,0,5,3,3.0,N,,,,,,,,,,,
2022045536,1933.0,1,0,0,0,0,0,0,0,0,5,0,,67,5,2022,7,40.016,-75.0917,1927.0,6,0,0,0,0,0,0,0,0,,0,0,0.0,16,1,0,0,N,0,40 00:57.440,,0,75 05:30.070,9,0,0,0,67301,0,0,0,N,0,0,0,1,67301,0,,4,9,,N,N,N,0,,0,0,1,0,0,,1600,0,2,0,0,0,0,1,3,4,0,2,4,7.0,N,,,,,,,,,,,
2022060433,1547.0,4,0,0,0,0,0,0,0,0,1,0,,67,6,2022,3,40.0202,-75.0435,1520.0,6,0,0,0,0,0,1,0,0,,0,0,0.0,15,1,1,0,N,0,40 01:12.613,,0,75 02:36.761,3,0,0,0,67301,0,0,0,N,0,0,0,6,68K01,0,,1,1,,N,N,N,2,,1,0,0,0,0,,1505,1,6,0,0,0,0,0,3,4,0,6,3,3.0,N,,,,,,,,,,,
2022046957,41.0,1,0,0,0,0,0,0,0,0,7,0,,67,5,2022,2,39.9055,-75.1316,40.0,6,0,0,0,0,0,0,0,0,,0,0,0.0,0,3,0,0,N,2,39 54:19.900,3.0,3,75 07:53.600,0,0,0,0,67301,0,0,0,N,0,0,0,1,67501,0,,3,1,120.0,N,N,N,0,,0,0,0,3,8,Y,40,0,1,0,0,0,0,0,3,4,0,1,3,3.0,N,,,,,,,,,,,
2022060059,856.0,2,0,0,0,0,0,0,0,0,4,0,,67,6,2022,3,39.9486,-75.2497,856.0,6,0,0,0,0,0,0,0,0,,0,0,0.0,7,1,0,0,N,1,39 56:55.056,3.0,7,75 14:58.913,9,0,0,0,67301,0,0,0,N,0,0,0,1,67301,0,,6,1,1000.0,N,N,N,0,,0,0,0,0,0,N,750,0,2,0,0,0,0,1,3,4,0,2,3,,N,,,,,,,,,,,
2022056890,2141.0,1,0,0,0,0,0,0,0,0,4,0,,67,5,2022,3,40.0026,-75.0997,2140.0,6,0,0,0,0,0,1,0,0,,0,0,0.0,19,3,0,5,,0,40 00:09.273,,0,75 05:59.019,0,0,0,0,67301,0,0,0,N,0,0,0,2,67301,0,,1,1,,N,N,N,0,,0,0,1,3,2,,1915,0,2,0,0,0,0,0,3,4,0,2,3,3.0,N,,,,,,,,,,,
2022048482,27.0,0,0,0,0,0,0,0,0,0,4,0,,67,5,2022,6,40.0553,-75.1929,20.0,6,0,0,0,0,0,0,0,0,,0,0,0.0,0,3,1,1,,1,40 03:19.015,4.0,0,75 11:34.594,4,0,0,1,67301,0,0,0,N,0,0,0,2,67301,1,,1,1,45.0,N,N,N,0,,0,0,1,3,2,N,11,1,2,0,0,0,0,0,3,4,0,2,3,,N,,,,,,,,,,,
2022059428,2357.0,1,0,0,0,0,0,0,0,0,4,0,,67,5,2022,6,39.9428,-75.1429,2353.0,6,0,0,0,0,1,0,0,0,,0,0,0.0,23,3,0,0,N,0,39 56:34.125,,0,75 08:34.333,0,0,0,0,67301,0,0,0,N,0,0,0,2,68K01,0,,1,1,,N,N,N,0,,0,0,0,0,0,,2353,0,2,0,0,1,0,0,3,4,1,2,3,3.0,N,,,,,,,,,,,
2022059107,350.0,1,0,0,0,0,0,0,0,0,7,0,,67,5,2022,7,39.9877,-75.2074,349.0,6,0,0,0,0,0,0,0,0,,0,0,0.0,3,3,0,0,N,0,39 59:15.888,,0,75 12:26.642,0,0,0,0,67301,0,0,0,N,0,0,0,1,68K01,0,,3,9,,N,N,N,0,,0,0,0,0,0,,346,0,1,0,0,0,0,0,3,4,0,1,3,,N,,,,,,,,,,,
2022046014,122.0,1,0,0,0,0,0,0,0,0,7,0,,67,5,2022,1,39.8991,-75.1741,116.0,6,0,0,0,0,0,0,0,0,,0,0,0.0,1,3,0,0,N,1,39 53:56.715,2.0,0,75 10:26.884,0,0,0,0,67301,0,0,0,N,0,0,0,4,68K01,0,,3,1,200.0,N,N,N,0,,0,0,0,0,0,N,115,0,1,0,0,4,0,0,3,4,0,1,3,3.0,N,,,,,,,,,,,
2022059108,130.0,2,0,0,0,0,0,0,0,0,1,0,,67,5,2022,3,39.9486,-75.1855,112.0,6,0,0,0,0,1,0,0,0,,0,0,0.0,1,3,4,0,N,2,39 56:55.104,4.0,0,75 11:07.750,8,0,0,0,67301,0,0,0,N,0,0,0,4,68K01,0,,1,1,215.0,N,N,N,0,,0,0,0,0,0,N,111,4,2,0,0,1,4,0,3,4,0,2,3,3.0,N,,,,,,,,,,,
2022050573,629.0,0,0,0,0,0,0,0,0,0,1,0,,67,5,2022,4,40.0339,-75.1407,616.0,6,0,0,0,0,0,0,0,0,,0,0,0.0,5,1,0,0,N,0,40 02:01.880,,0,75 08:26.650,9,0,0,0,67301,0,0,0,N,0,0,0,1,67301,0,,6,1,,N,N,N,0,,0,0,2,0,0,,551,0,2,0,0,0,0,1,3,4,0,2,3,3.0,N,,,,,,,,,,,
2022063030,1530.0,2,0,1,0,0,0,0,0,0,4,0,,67,5,2022,3,39.904,-75.2401,1524.0,6,0,0,0,0,0,1,0,0,,0,0,0.0,13,1,1,1,,0,39 54:14.563,,0,75 14:24.409,2,0,0,0,67301,0,0,0,N,0,0,0,3,67301,0,,1,1,,N,N,N,0,,0,1,0,3,2,,1348,1,2,0,0,0,0,0,3,4,0,2,3,3.0,N,,,,,,,,,,,
2022060184,1300.0,1,0,0,0,0,0,0,0,0,7,0,,67,6,2022,3,40.0157,-75.1869,1258.0,6,0,0,0,0,0,0,0,0,,0,0,0.0,12,1,1,0,N,1,40 00:56.516,2.0,0,75 11:12.969,8,0,0,0,67301,0,0,0,N,0,0,0,2,67301,0,,5,98,1322.0,N,N,N,0,,0,0,0,0,0,N,1219,1,1,0,0,0,1,1,3,4,0,1,3,3.0,N,,,,,,,,,,,
2022049642,1550.0,2,0,0,0,0,0,0,0,0,5,0,,67,5,2022,4,39.9873,-75.1594,1534.0,6,0,0,0,0,0,0,0,0,,0,0,0.0,15,1,2,0,N,0,39 59:14.280,,0,75 09:33.750,3,0,0,0,67301,2,0,0,N,0,0,0,3,67301,0,,6,1,,N,N,N,0,,2,0,0,0,0,,1529,2,2,0,0,0,0,1,3,4,0,2,3,3.0,N,,,,,,,,,,,
2022045446,1258.0,1,0,0,0,0,0,0,0,0,4,0,,67,5,2022,7,39.9949,-75.1618,1252.0,6,0,0,0,0,0,0,0,0,,0,0,0.0,12,1,1,0,N,1,39 59:41.541,3.0,0,75 09:42.421,2,0,1,1,67301,0,0,0,N,0,0,0,2,67301,0,,1,9,1355.0,N,N,N,0,,0,1,0,0,0,Y,1245,1,2,0,0,0,0,0,3,4,0,2,7,4.0,N,,,,,,,,,,,
2022059117,2134.0,2,0,0,0,0,0,0,0,0,1,0,,67,6,2022,5,39.9611,-75.1404,2120.0,6,0,0,0,0,0,1,0,0,,0,0,0.0,21,3,0,0,N,0,39 57:40.041,,0,75 08:25.299,0,0,0,0,67301,0,0,0,N,0,0,0,3,68K01,0,,1,1,,N,N,N,0,,0,0,1,0,0,,2119,0,3,0,0,0,0,0,3,4,0,3,3,3.0,N,,,,,,,,,,,
2022045186,230.0,2,0,0,0,0,0,0,0,0,1,0,,67,5,2022,7,40.0756,-75.0403,223.0,6,0,0,0,0,0,0,1,0,,0,0,0.0,2,3,0,0,N,0,40 04:32.000,,0,75 02:25.200,0,0,0,0,67301,0,0,0,N,0,0,0,1,67301,0,,6,1,,N,N,N,0,,0,0,0,0,0,,215,0,2,0,0,0,0,0,3,4,0,2,3,3.0,N,,,,,,,,,,,
2022057906,326.0,1,0,0,0,0,0,0,0,0,7,0,,67,5,2022,5,39.9818,-75.2074,320.0,6,0,0,0,0,0,0,0,0,,0,0,0.0,3,3,0,0,N,1,39 58:54.481,3.0,0,75 12:26.654,0,0,0,0,67301,0,0,0,N,0,0,0,1,68K01,0,,4,9,341.0,N,N,N,0,,0,0,0,0,0,N,319,0,1,0,0,0,0,0,3,4,0,1,7,7.0,N,,,,,,,,,,,
2022046812,1550.0,1,0,0,0,0,0,0,0,0,2,0,,67,5,2022,4,39.9829,-75.1523,1548.0,6,0,0,0,0,0,0,0,0,,0,0,0.0,15,1,0,0,N,2,39 58:58.500,2.0,0,75 09:08.300,0,0,0,0,67301,0,0,0,N,0,0,0,2,67505,0,,1,1,1630.0,N,N,N,0,,0,0,0,0,0,Y,1535,0,2,0,0,0,0,0,3,4,0,2,3,3.0,N,,,,,,,,,,,
2022045391,820.0,1,0,0,0,0,0,0,0,0,8,0,,67,5,2022,6,39.9969,-75.1412,814.0,6,0,0,0,0,0,0,0,0,,0,0,0.0,8,1,1,1,,0,39 59:48.940,,0,75 08:28.230,2,0,0,0,67301,1,0,1,N,1,0,1,2,67301,0,,1,1,,N,Y,N,0,,0,1,0,3,2,,811,1,2,0,0,0,0,0,3,4,0,1,4,4.0,N,,,,,,,,,,,
2022047220,1816.0,2,0,0,0,0,0,0,0,0,6,0,,67,5,2022,3,39.9913,-75.1484,1815.0,6,0,0,0,0,0,0,0,0,,0,0,0.0,18,1,3,0,Y,0,39 59:28.700,,0,75 08:54.100,3,0,0,0,67301,0,0,0,N,0,0,0,3,67301,1,,6,1,,N,N,N,1,,2,0,0,3,2,,1815,3,4,0,0,0,0,0,3,4,1,4,3,,N,,,,,,,,,,,
2022047159,223.0,2,0,0,0,0,0,0,0,0,1,0,,67,5,2022,4,40.0392,-75.11,219.0,6,0,0,0,0,0,1,0,0,,0,0,0.0,2,3,0,1,,0,40 02:20.942,,0,75 06:36.006,9,0,0,0,67301,0,0,0,N,0,0,0,2,67301,0,,1,1,,N,N,N,0,,0,0,0,3,2,,215,0,2,0,0,0,0,1,3,4,0,2,3,3.0,N,,,,,,,,,,,
2022056501,2040.0,3,0,0,0,0,0,0,0,0,1,0,,67,5,2022,1,39.9784,-75.2027,2031.0,6,0,0,0,0,0,1,0,0,,0,0,0.0,20,3,1,0,N,0,39 58:42.377,,0,75 12:09.616,4,0,0,0,67301,0,0,0,N,0,0,0,4,68K01,1,,1,1,,N,N,N,0,,0,0,1,0,0,,2030,1,4,0,0,0,0,0,3,4,0,4,3,3.0,N,,,,,,,,,,,
2022058733,859.0,1,0,0,0,0,0,0,0,0,1,1,,67,6,2022,4,39.999,-75.1956,846.0,6,0,0,0,0,0,0,0,0,,0,1,0.0,8,1,0,0,N,1,39 59:56.505,3.0,0,75 11:44.004,0,0,0,0,67301,0,0,0,N,0,0,0,2,68K01,0,,1,1,935.0,N,N,N,0,,0,0,0,0,0,N,838,0,2,0,0,0,0,0,3,4,0,2,3,3.0,N,,,,,,,,,,,
2022059811,715.0,2,0,0,0,0,0,0,0,0,1,0,,67,4,2022,3,39.9823,-75.1001,655.0,6,0,0,0,0,0,0,0,0,,0,0,0.0,6,1,0,0,N,0,39 58:56.347,,0,75 06:00.504,0,0,0,0,67301,0,0,0,N,0,0,0,4,68K01,0,,1,1,,N,N,N,0,,0,0,2,0,0,,652,0,4,0,0,0,0,0,3,4,0,4,3,,N,,,,,,,,,,,
2022051224,1742.0,1,0,0,0,0,0,0,0,0,7,0,,67,5,2022,6,39.9294,-75.1975,1727.0,6,0,0,0,0,0,0,0,0,,0,0,0.0,17,1,1,6,,2,39 55:45.779,3.0,2,75 11:51.176,4,0,0,0,67301,0,0,0,N,0,0,0,1,68K01,1,,7,9,1810.0,N,N,N,0,,0,0,0,3,3,Y,1724,1,1,0,0,0,0,0,3,4,0,1,3,,N,,,,,,,,,,,
2022064088,315.0,2,0,0,0,0,0,0,0,0,4,0,,67,7,2022,1,39.9383,-75.1554,310.0,6,0,0,0,0,0,0,0,0,,0,0,0.0,2,3,0,0,N,0,39 56:17.920,,0,75 09:19.380,0,0,0,0,67301,0,0,0,N,0,0,0,0,67301,0,,1,1,,N,N,N,0,,0,0,1,0,0,,215,0,3,0,0,0,0,0,3,4,0,3,3,3.0,N,,,,,,,,,,,
2022039426,,2,0,0,0,0,0,0,0,0,4,0,,67,3,2022,5,40.0443,-75.1485,,6,0,0,0,0,0,0,0,0,,0,0,0.0,21,1,1,1,,0,40 02:39.595,,0,75 08:54.564,8,0,0,0,67301,0,0,0,N,0,0,0,2,00000,0,,1,1,,,,N,0,,0,0,0,3,3,,2100,1,2,0,0,0,1,0,3,4,0,2,3,,N,,,,,,,,,,,
2022064866,1423.0,0,0,0,0,0,0,0,0,0,8,0,,67,7,2022,4,40.0869,-75.0454,1417.0,6,0,0,0,0,0,0,0,1,,0,0,0.0,14,1,1,0,N,0,40 05:12.990,,0,75 02:43.600,3,0,0,0,67301,1,0,0,N,1,0,0,2,67301,0,,5,1,,N,N,N,1,,1,0,0,0,0,,1417,1,2,0,0,0,0,0,3,4,0,1,3,3.0,N,,,,,,,,,,,
2022063027,1725.0,1,0,0,0,0,0,0,0,0,2,0,,67,7,2022,4,40.059,-75.0441,1706.0,6,0,0,0,0,0,0,0,0,,0,0,0.0,17,1,1,1,,0,40 03:32.389,,0,75 02:38.685,3,0,0,0,67301,0,0,0,N,0,0,0,2,67301,0,,1,1,,N,N,N,0,,1,0,1,3,2,,1701,1,2,0,0,0,0,0,3,4,0,2,3,3.0,N,,,,,,,,,,,
2022050517,2325.0,0,0,0,0,0,0,0,0,0,8,0,,67,5,2022,1,39.9139,-75.1588,2334.0,6,0,0,0,0,0,0,0,0,,0,0,0.0,16,1,1,0,N,0,39 54:49.900,,0,75 09:31.700,4,0,0,0,67301,1,0,0,N,1,0,0,2,67301,1,,1,1,,N,N,N,0,,0,0,0,0,0,,1630,1,2,0,0,0,0,0,3,4,0,1,3,3.0,N,,,,,,,,,,,
2022058734,914.0,0,0,0,0,0,0,0,0,0,4,1,,67,6,2022,4,39.9624,-75.1829,900.0,6,0,0,0,0,0,1,0,0,,0,1,0.0,8,1,1,0,N,1,39 57:44.663,4.0,0,75 10:58.372,8,0,0,0,67301,0,0,0,N,0,0,0,2,68K01,0,,1,1,952.0,N,N,N,1,,0,0,0,0,0,N,859,1,2,0,0,0,1,0,3,4,0,2,3,3.0,N,,,,,,,,,,,
2022047215,1936.0,0,0,0,0,0,0,0,0,0,7,0,,67,5,2022,7,40.0161,-75.1306,1936.0,6,0,0,0,0,0,0,1,0,,0,0,0.0,19,4,1,0,N,1,40 00:58.000,7.0,0,75 07:50.000,3,0,0,0,67301,0,0,0,N,0,0,0,1,67301,0,,4,9,2359.0,N,N,N,1,,1,0,0,0,0,Y,1920,1,1,0,0,0,0,0,3,4,0,1,7,4.0,N,,,,,,,,,,,
2022059111,1026.0,1,0,0,0,0,0,0,0,0,7,0,,67,6,2022,6,40.0394,-75.0077,1023.0,6,0,0,0,0,0,0,0,0,,0,0,0.0,10,1,1,0,N,1,40 02:21.781,2.0,0,75 00:27.765,3,0,0,0,67301,0,0,0,N,0,0,0,2,68K01,0,,4,1,1054.0,N,N,N,0,,1,0,0,0,0,N,1019,1,1,0,0,0,0,0,3,4,0,1,3,,N,,,,,,,,,,,
2022026659,,1,0,0,0,0,0,0,0,0,1,1,,67,2,2022,3,40.0126,-75.1609,,6,0,0,0,0,0,0,0,0,,0,1,0.0,19,2,2,1,,0,40 00:45.376,,0,75 09:39.277,8,0,0,0,67301,0,0,0,N,0,0,0,3,00000,0,,1,1,,N,N,N,0,,0,0,0,3,2,,1945,2,2,0,0,0,2,0,3,4,0,2,3,3.0,N,,,,,,,,,,,
2022060072,2025.0,1,0,0,0,0,0,0,0,0,8,0,,67,6,2022,4,39.9898,-75.1255,2020.0,6,0,0,0,0,0,0,0,0,,0,0,0.0,20,4,1,1,,0,39 59:23.311,,0,75 07:31.914,8,0,0,0,67301,1,0,0,N,1,0,0,2,67301,0,,1,1,,N,N,N,0,,0,0,0,0,0,,2000,1,2,0,0,0,1,0,3,4,0,1,3,3.0,N,,,,,,,,,,,
2022048899,900.0,0,0,0,0,0,0,0,0,0,8,0,,67,5,2022,2,40.0118,-75.1102,836.0,6,0,0,0,0,0,0,0,0,,0,0,0.0,8,1,1,0,N,0,40 00:42.510,,0,75 06:36.560,3,0,0,0,67301,1,0,0,N,1,0,0,3,67301,0,,1,1,,N,Y,N,0,,1,0,1,0,0,,830,1,2,0,0,0,0,0,3,4,0,1,4,4.0,N,,,,,,,,,,,
2022060037,835.0,0,0,0,0,0,0,0,0,0,6,1,,67,6,2022,4,40.0406,-75.1699,833.0,6,0,0,0,0,0,0,0,0,,0,1,0.0,8,1,2,5,,0,40 02:26.008,,0,75 10:11.517,3,0,0,0,67301,1,0,0,N,0,0,0,3,67301,0,,1,1,,N,N,Y,0,,1,0,1,3,2,,833,1,3,0,0,0,0,1,3,4,1,3,3,3.0,N,,,,,,,,,,,
2022059086,825.0,3,0,0,0,0,0,0,0,0,1,0,,67,5,2022,3,39.9574,-75.1509,745.0,6,0,0,0,0,0,0,0,0,,0,0,0.0,7,1,0,0,N,1,39 57:26.699,3.0,0,75 09:03.401,0,0,0,0,67301,0,0,0,N,0,0,0,4,68K01,0,,1,1,928.0,N,N,N,0,,0,0,1,0,0,N,745,0,4,0,0,0,0,0,3,4,0,4,3,3.0,N,,,,,,,,,,,
2022045286,2110.0,1,0,0,0,0,0,0,0,0,8,0,,67,5,2022,6,39.9754,-75.1619,2108.0,6,0,0,0,0,0,0,0,0,,0,0,0.0,21,3,1,0,N,0,39 58:31.590,,0,75 09:42.960,3,0,0,0,67301,1,0,0,N,1,0,0,2,67301,0,,1,1,,N,N,N,0,,1,0,0,0,0,,2106,1,2,0,0,0,0,0,3,4,0,1,3,3.0,N,,,,,,,,,,,
2022048644,1422.0,0,0,0,0,0,0,0,0,0,1,0,,67,5,2022,1,40.0152,-75.0537,1413.0,6,0,0,0,0,0,1,0,0,,0,0,0.0,14,1,1,0,N,2,40 00:54.652,1.0,0,75 03:13.421,8,0,0,1,67301,0,0,0,N,0,0,0,7,68K01,0,,1,1,1435.0,N,N,N,1,,0,0,1,0,0,N,1413,1,3,0,0,0,1,0,3,4,0,3,3,,N,,,,,,,,,,,
2022026658,,1,0,0,0,0,0,0,0,0,1,0,,67,2,2022,1,39.9265,-75.2331,,6,0,0,0,0,0,0,0,0,,0,0,0.0,15,1,1,1,,0,39 55:35.252,,0,75 13:59.106,8,0,0,0,67301,0,0,0,N,0,0,0,2,00000,0,,1,1,,,,N,0,,0,0,0,3,2,,1525,1,2,0,0,0,1,0,3,4,0,2,3,,N,,,,,,,,,,,
2022046585,1635.0,0,0,0,0,0,0,0,0,0,8,0,,67,5,2022,4,39.9797,-75.1538,1630.0,6,0,0,1,0,0,0,0,0,,0,0,0.0,16,1,1,1,,0,39 58:47.067,,0,75 09:13.733,8,0,0,0,67301,1,0,0,N,1,0,0,2,67505,0,,1,1,,N,N,N,0,,0,0,1,3,3,,1625,1,2,0,0,0,1,1,3,4,0,1,3,3.0,N,,,,,,,,,,,
2022060027,1645.0,2,0,0,0,0,0,0,0,0,4,0,,67,6,2022,7,39.935,-75.2352,1645.0,6,0,0,0,0,0,1,0,0,,0,0,0.0,16,1,1,1,,0,39 56:06.028,,0,75 14:06.874,3,0,0,0,67301,0,0,0,N,0,0,0,2,67301,0,,1,1,,N,N,N,0,,1,0,0,3,2,,1600,1,2,0,0,0,0,0,3,4,0,2,3,3.0,N,,,,,,,,,,,
2022060063,1025.0,0,0,0,1,0,0,0,0,0,4,0,,67,6,2022,2,39.9508,-75.2072,1020.0,6,0,0,0,0,0,0,0,0,,0,0,0.0,10,1,1,0,N,0,39 57:02.750,,7,75 12:25.830,3,0,0,0,67301,1,0,0,N,0,0,0,2,67301,0,,5,1,,N,N,N,0,,1,0,0,0,0,,1005,1,2,0,0,0,0,0,3,4,1,1,3,,N,,,,,,,,,,,
2022060015,253.0,3,0,0,0,0,0,0,0,0,1,0,,67,6,2022,5,40.1138,-75.0262,248.0,6,0,0,0,0,0,1,0,0,,0,0,0.0,2,3,0,0,N,0,40 06:49.760,,0,75 01:34.170,0,0,0,0,67301,0,0,0,N,0,0,0,1,67301,0,,1,1,,N,N,N,0,,0,0,0,0,0,,240,0,3,0,0,0,0,0,3,4,0,3,3,,N,,,,,,,,,,,
2022055626,1950.0,1,0,0,1,0,0,0,0,0,4,0,,67,5,2022,3,39.9458,-75.1831,1941.0,6,0,0,0,0,0,0,0,0,,0,0,0.0,18,1,1,1,,0,39 56:44.977,,0,75 10:59.307,3,0,0,0,67301,1,0,0,N,0,0,0,2,67301,0,,1,1,,N,N,N,0,,1,0,0,3,2,,1830,1,2,0,0,0,0,1,3,4,0,1,3,,N,,,,,,,,,,,
2022045445,2151.0,2,0,0,0,0,0,0,0,0,4,0,,67,5,2022,6,39.9738,-75.2064,2151.0,6,0,0,0,0,0,0,0,0,,0,0,0.0,21,3,0,1,,0,39 58:25.797,,0,75 12:23.198,0,0,0,0,67301,0,0,0,N,0,0,0,2,67301,0,,1,1,,N,N,N,0,,0,0,0,3,2,,2100,0,2,0,0,0,0,0,3,4,0,2,3,3.0,N,,,,,,,,,,,