CRN,ARRIVAL_TM,AUTOMOBILE_COUNT,BELTED_DEATH_COUNT,BELTED_SUSP_SERIOUS_INJ_COUNT,BICYCLE_COUNT,BICYCLE_DEATH_COUNT,BICYCLE_SUSP_SERIOUS_INJ_COUNT,BUS_COUNT,CHLDPAS_DEATH_COUNT,CHLDPAS_SUSP_SERIOUS_INJ_COUNT,COLLISION_TYPE,COMM_VEH_COUNT,CONS_ZONE_SPD_LIM,COUNTY,CRASH_MONTH,CRASH_YEAR,DAY_OF_WEEK,DEC_LAT,DEC_LONG,DISPATCH_TM,DISTRICT,DRIVER_COUNT_16YR,DRIVER_COUNT_17YR,DRIVER_COUNT_18YR,DRIVER_COUNT_19YR,DRIVER_COUNT_20YR,DRIVER_COUNT_50_64YR,DRIVER_COUNT_65_74YR,DRIVER_COUNT_75PLUS,EST_HRS_CLOSED,FATAL_COUNT,HEAVY_TRUCK_COUNT,HORSE_BUGGY_COUNT,HOUR_OF_DAY,ILLUMINATION,INJURY_COUNT,INTERSECT_TYPE,INTERSECTION_RELATED,LANE_CLOSED,LATITUDE,LN_CLOSE_DIR,LOCATION_TYPE,LONGITUDE,MAX_SEVERITY_LEVEL,MCYCLE_DEATH_COUNT,MCYCLE_SUSP_SERIOUS_INJ_COUNT,MOTORCYCLE_COUNT,MUNICIPALITY,NONMOTR_COUNT,NONMOTR_DEATH_COUNT,NONMOTR_SUSP_SERIOUS_INJ_COUNT,NTFY_HIWY_MAINT,PED_COUNT,PED_DEATH_COUNT,PED_SUSP_SERIOUS_INJ_COUNT,PERSON_COUNT,POLICE_AGCY,POSSIBLE_INJ_COUNT,RDWY_SURF_TYPE_CD,RELATION_TO_ROAD,ROAD_CONDITION,ROADWAY_CLEARED,SCH_BUS_IND,SCH_ZONE_IND,SECONDARY_CRASH,SMALL_TRUCK_COUNT,SPEC_JURIS_CD,SUSP_MINOR_INJ_COUNT,SUSP_SERIOUS_INJ_COUNT,SUV_COUNT,TCD_FUNC_CD,TCD_TYPE,TFC_DETOUR_IND,TIME_OF_DAY,TOT_INJ_COUNT,TOTAL_UNITS,UNB_DEATH_COUNT,UNB_SUSP_SERIOUS_INJ_COUNT,UNBELTED_OCC_COUNT,UNK_INJ_DEG_COUNT,UNK_INJ_PER_COUNT,URBAN_AREA,URBAN_RURAL,VAN_COUNT,VEHICLE_COUNT,WEATHER1,WEATHER2,WORK_ZONE_IND,WORK_ZONE_LOC,WORK_ZONE_TYPE,WORKERS_PRES,WZ_CLOSE_DETOUR,WZ_FLAGGER,WZ_LAW_OFFCR_IND,WZ_LN_CLOSURE,WZ_MOVING,WZ_OTHER,WZ_SHLDER_MDN,WZ_WORKERS_INJ_KILLED
2022054577,2325.0,3,0,0,0,0,0,0,0,0,1,0,,67,5,2022,6,39.9676,-75.1896,2319.0,6,0,0,0,0,0,0,0,0,,0,0,0.0,23,3,1,0,N,2,39 58:03.481,3.0,0,75 11:22.721,8,0,0,0,67301,0,0,0,N,0,0,0,4,68K01,0,,1,1,2345.0,N,N,N,0,,0,0,0,0,0,N,2313,1,3,0,0,1,1,0,3,4,0,3,3,,N,,,,,,,,,,,
2022045324,33.0,3,0,0,0,0,0,0,0,0,4,0,,67,5,2022,7,39.9719,-75.1487,27.0,6,0,0,0,0,0,0,0,0,,0,0,0.0,23,3,0,1,,0,39 58:18.717,,0,75 08:55.168,0,0,0,0,67301,0,0,0,N,0,0,0,2,67301,0,,1,9,,N,N,N,0,,0,0,1,3,3,,2349,0,4,0,0,0,0,0,3,4,0,4,7,5.0,N,,,,,,,,,,,
2022060432,1516.0,1,0,0,0,0,0,0,0,0,7,0,,67,6,2022,3,39.9605,-75.1813,1450.0,6,0,0,0,0,0,1,0,0,,0,0,0.0,14,1,1,0,N,1,39 57:37.698,4.0,0,75 10:52.591,8,0,0,0,67301,0,0,0,N,0,0,0,2,68K01,0,,4,1,100.0,N,N,N,0,,0,0,0,0,0,Y,1444,1,1,0,0,0,1,0,3,4,0,1,3,3.0,N,,,,,,,,,,,
2022045535,1857.0,1,0,0,0,0,0,0,0,0,4,0,,67,5,2022,7,40.0385,-75.0518,1853.0,6,0,0,0,0,1,0,0,0,,0,0,0.0,18,1,0,1,,0,40 02:18.549,,0,75 03:06.494,0,0,0,0,67301,0,0,0,N,0,0,0,2,67301,0,,1,9,,N,N,Y,1,,0,0,1,3,2,,1836,0,4,0,0,2,0,0,3,4,1,4,7,,N,,,,,,,,,,,
2022047183,831.0,0,0,0,0,0,0,0,0,0,4,0,,67,5,2022,3,40.0363,-75.0564,831.0,6,0,0,0,0,0,1,0,0,,0,0,0.0,6,5,1,1,,0,40 02:10.593,,0,75 03:22.939,3,0,0,0,67301,0,0,0,N,0,0,0,2,67301,0,,1,1,,N,N,N,0,,1,0,1,3,3,,631,1,2,0,0,1,0,1,3,4,1,2,3,,N,,,,,,,,,,,
2022047188,2020.0,1,0,0,0,0,0,0,0,0,5,0,,67,5,2022,4,39.9628,-75.2243,2010.0,6,0,0,0,0,0,0,0,0,,0,0,0.0,19,1,1,0,N,0,39 57:46.111,,0,75 13:27.413,3,0,0,1,67301,0,0,0,N,0,0,0,2,67301,0,,1,1,,N,N,N,0,,1,0,0,0,0,,1924,1,2,0,0,0,0,1,3,4,0,2,3,,N,,,,,,,,,,,
2022060016,1249.0,1,0,0,0,0,0,0,0,0,7,0,,67,6,2022,5,40.1309,-75.0145,1230.0,6,0,0,0,0,0,0,1,0,,0,0,0.0,12,1,0,0,N,0,40 07:51.175,,0,75 00:52.158,0,0,0,0,67301,0,0,0,N,0,0,0,1,67301,0,,2,9,,N,N,N,0,,0,0,0,0,0,,1228,0,1,0,0,0,0,0,3,4,0,1,7,7.0,N,,,,,,,,,,,
2022060067,1830.0,0,0,0,0,0,0,0,0,0,8,0,,67,6,2022,4,39.9783,-75.1662,1824.0,6,0,0,0,0,0,0,1,0,,1,0,0.0,18,1,0,1,,2,39 58:41.851,4.0,0,75 09:58.208,1,0,0,0,67301,1,1,0,N,1,1,0,2,67301,0,2.0,1,1,2209.0,N,N,N,1,0.0,0,0,0,0,0,N,1824,0,2,0,0,0,0,0,3,4,0,1,3,,N,,,,,,,,,,,
2022060049,1728.0,2,0,0,0,0,0,0,0,0,4,0,,67,6,2022,6,40.0241,-75.0649,1724.0,6,0,0,0,0,0,0,0,0,,0,0,0.0,17,1,2,1,,0,40 01:26.608,,0,75 03:53.762,4,0,0,0,67301,0,0,0,N,0,0,0,6,67301,2,,1,1,,N,N,N,0,,0,0,0,3,3,,1720,2,2,0,0,1,0,0,3,4,0,2,3,,N,,,,,,,,,,,
2022063068,1956.0,0,0,0,0,0,0,0,0,0,6,0,,67,5,2022,6,39.976,-75.2316,1955.0,6,0,0,0,0,0,0,0,0,,0,0,0.0,19,1,1,0,N,2,39 58:33.510,5.0,0,75 13:53.820,3,0,0,1,67301,0,0,0,N,0,0,0,2,67301,0,,1,1,2147.0,N,N,N,1,,1,0,1,0,0,Y,1948,1,3,0,0,0,0,0,3,4,0,3,3,3.0,N,,,,,,,,,,,
2022063384,1548.0,1,0,0,0,0,0,0,0,0,1,0,,67,7,2022,7,39.9627,-75.1835,1534.0,6,0,0,0,0,0,0,0,0,,0,0,0.0,15,1,1,0,N,0,39 57:45.819,,0,75 11:00.593,3,0,0,0,67301,0,0,0,N,0,0,0,2,68K01,0,,1,1,,N,N,N,0,,1,0,1,0,0,,1532,1,2,0,0,0,0,0,3,4,0,2,4,,N,,,,,,,,,,,
2022053378,,1,0,0,0,0,0,0,0,0,4,0,,67,3,2022,5,39.9217,-75.1902,,6,0,0,0,0,0,1,0,0,,0,0,0.0,18,1,1,1,,0,39 55:17.970,,2,75 11:24.724,8,0,0,0,67301,0,0,0,N,0,0,0,2,00000,0,,1,1,,,,N,0,,0,0,0,3,2,,1845,1,2,0,0,0,1,0,3,4,0,2,3,,N,,,,,,,,,,,
2022045228,1700.0,1,0,0,0,0,0,0,0,0,1,0,,67,5,2022,6,40.0165,-75.1752,1656.0,6,0,0,0,0,0,1,0,0,,0,0,0.0,16,1,0,0,N,2,40 00:59.346,2.0,0,75 10:30.580,0,0,0,0,67301,0,0,0,N,0,0,0,4,67301,0,,1,9,1810.0,N,N,N,0,,0,0,1,0,0,N,1650,0,3,0,0,0,0,0,3,4,1,3,7,4.0,N,,,,,,,,,,,
2022059127,758.0,1,0,0,0,0,0,0,0,0,5,0,,67,6,2022,5,39.9857,-75.0931,754.0,6,0,0,0,0,0,0,0,0,,0,0,0.0,7,1,1,0,N,1,39 59:08.435,1.0,0,75 05:35.324,8,0,0,0,67301,0,0,0,N,0,0,0,2,68K01,0,,1,1,840.0,N,N,N,0,,0,0,1,0,0,N,754,1,2,0,0,0,1,0,3,4,0,2,3,,N,,,,,,,,,,,
2022045088,148.0,0,0,0,0,0,0,0,0,0,5,0,,67,5,2022,7,40.0311,-75.1251,145.0,6,0,0,0,0,0,0,0,0,,0,0,0.0,1,3,0,0,N,1,40 01:51.800,3.0,0,75 07:30.230,0,0,0,0,67301,1,0,0,N,0,0,0,2,67301,0,,6,1,300.0,N,N,N,0,,0,0,2,0,0,N,116,0,2,0,0,0,0,0,3,4,0,2,3,3.0,N,,,,,,,,,,,
2022059825,1955.0,1,0,0,0,0,0,0,0,0,7,0,,67,5,2022,2,40.0347,-75.0186,1955.0,6,0,0,0,0,0,0,0,0,,0,0,0.0,19,1,1,0,N,0,40 02:04.974,,0,75 01:06.935,8,0,0,0,67301,0,0,0,N,0,0,0,1,68K01,0,,4,9,,N,N,Y,0,,0,0,0,0,0,,1955,1,1,0,0,0,1,0,3,4,0,1,3,3.0,N,,,,,,,,,,,
2022060155,1330.0,2,0,0,0,0,0,0,0,0,6,0,,67,6,2022,4,39.9898,-75.1142,1330.0,6,0,0,0,0,0,0,0,0,,0,0,0.0,22,3,0,0,N,9,39 59:23.300,,0,75 06:51.030,0,0,0,0,67301,0,0,0,N,0,0,0,1,67301,0,,1,1,,N,N,N,0,,0,0,0,0,0,,2212,0,2,0,0,1,0,0,3,4,0,2,3,3.0,N,,,,,,,,,,,
2022049202,1317.0,3,0,0,0,0,0,0,0,0,2,0,,67,5,2022,4,40.0806,-75.0281,1314.0,6,0,0,0,0,0,0,1,0,,1,0,0.0,13,1,0,0,N,0,40 04:50.233,,0,75 01:41.075,1,0,0,0,67301,0,0,0,N,0,0,0,1,67301,0,2.0,5,1,,N,N,N,0,0.0,0,0,0,0,0,,1301,0,3,0,0,0,0,0,3,4,0,3,3,3.0,N,,,,,,,,,,,
2022063045,0.0,3,0,0,0,0,0,0,0,0,5,0,,67,5,2022,7,39.9506,-75.2148,2358.0,6,0,0,0,0,0,0,0,0,,0,0,0.0,23,3,1,0,N,0,39 57:02.010,,0,75 12:53.230,8,0,0,0,67301,0,0,0,N,0,0,0,2,67301,0,,6,1,,N,N,N,0,,0,0,0,0,0,,2325,1,3,0,0,0,1,0,3,4,0,3,3,3.0,N,,,,,,,,,,,
2022063926,623.0,0,1,0,0,0,0,0,0,0,1,0,,67,4,2022,1,39.8909,-75.1995,611.0,6,0,0,0,0,0,1,0,0,,1,0,0.0,5,2,2,0,N,2,39 53:27.417,1.0,3,75 11:58.162,1,0,0,0,67301,0,0,0,N,0,0,0,3,68K01,0,1.0,1,1,835.0,N,N,N,0,0.0,0,1,2,0,0,N,551,2,2,0,1,1,1,0,3,4,0,2,3,,N,,,,,,,,,,,
2022064533,1452.0,1,0,0,0,0,0,0,0,0,5,0,,67,3,2022,3,39.9675,-75.1315,1441.0,6,0,0,0,0,0,0,0,0,,0,0,0.0,14,1,0,0,N,0,39 58:03.154,,0,75 07:53.342,9,0,0,0,67301,0,0,0,N,0,0,0,2,68K03,0,,1,1,,N,N,N,0,,0,0,1,0,0,,1439,0,2,0,0,0,0,1,3,4,0,2,3,,N,,,,,,,,,,,
2022031070,,1,0,0,0,0,0,0,0,0,4,0,,67,3,2022,3,39.9895,-75.1564,,6,0,0,0,0,0,0,0,0,,0,0,0.0,15,1,1,1,,0,39 59:22.124,,0,75 09:23.205,8,0,0,0,67301,0,0,0,N,0,0,0,2,00000,0,,1,1,,,,N,0,,0,0,0,3,3,,1500,1,2,0,0,0,1,0,3,4,1,2,3,,N,,,,,,,,,,,
2022060031,1723.0,1,0,0,0,0,0,0,0,0,4,0,,67,6,2022,3,39.9095,-75.2464,1716.0,6,0,0,0,0,0,0,0,0,,0,0,0.0,15,1,0,0,N,2,39 54:34.050,2.0,0,75 14:47.140,0,0,0,0,67301,0,0,0,N,0,0,0,1,67301,0,,6,1,1800.0,N,N,N,1,,0,0,0,0,0,N,1555,0,2,0,0,0,0,0,3,4,0,2,3,4.0,N,,,,,,,,,,,
2022047904,2232.0,0,0,0,0,0,0,0,0,0,1,0,,67,5,2022,6,40.0453,-75.0939,2224.0,6,0,0,0,0,0,0,0,0,,0,0,0.0,22,3,1,0,N,0,40 02:43.070,,0,75 05:38.090,3,0,0,1,67301,0,0,0,N,0,0,0,3,67301,0,,1,1,,N,N,N,0,,1,0,1,0,0,,2224,1,2,0,0,1,0,1,3,4,0,2,3,,N,,,,,,,,,,,
2022059114,1501.0,1,0,0,0,0,0,0,0,0,1,0,,67,6,2022,4,40.04,-75.0066,1501.0,6,0,0,0,1,1,0,0,0,,0,0,0.0,14,1,4,0,N,0,40 02:23.876,,0,75 00:23.813,4,0,0,0,67301,0,0,0,N,0,0,0,8,68K01,1,,1,1,,N,N,N,0,,0,0,2,0,0,,1458,4,3,0,0,1,3,0,3,4,0,3,3,3.0,N,,,,,,,,,,,
2022033212,,0,0,0,0,0,0,0,0,0,1,0,,67,3,2022,2,39.9977,-75.1255,,6,0,0,0,0,0,1,0,0,,0,0,0.0,14,1,3,0,Y,0,39 59:51.736,,0,75 07:31.701,8,0,0,0,67301,0,0,0,N,0,0,0,4,00000,0,,1,1,,,,N,0,,0,0,1,3,2,,1415,3,2,0,0,0,3,0,3,4,1,2,3,,N,,,,,,,,,,,
2022045390,1640.0,3,0,0,0,0,0,0,0,0,6,0,,67,5,2022,7,40.118,-75.0185,1635.0,6,0,1,0,0,0,0,0,0,,0,0,0.0,16,4,3,0,N,2,40 07:04.844,5.0,0,75 01:06.636,3,0,0,0,67301,0,0,0,N,0,0,0,6,67301,2,,1,9,1945.0,N,N,N,0,,1,0,1,0,0,Y,1628,3,4,0,0,0,0,1,3,4,0,4,7,4.0,N,,,,,,,,,,,
2022046579,1757.0,1,0,0,0,0,0,0,0,0,8,0,,67,5,2022,4,39.9616,-75.1897,1756.0,6,0,0,0,0,0,0,0,0,,0,0,0.0,17,1,1,1,,0,39 57:41.795,,0,75 11:22.786,3,0,0,0,67301,1,0,0,N,1,0,0,2,67507,0,,1,1,,N,N,N,0,,1,0,0,3,3,,1756,1,2,0,0,0,0,0,3,4,0,1,3,3.0,N,,,,,,,,,,,
2022049296,1611.0,0,0,0,0,0,0,0,0,0,8,0,,67,5,2022,5,39.9795,-75.2484,1609.0,6,0,0,0,0,0,0,0,0,,0,0,0.0,16,1,1,0,N,0,39 58:46.030,,0,75 14:54.070,2,0,0,0,67301,1,0,1,N,1,0,1,4,67301,0,,1,1,,N,N,N,0,,0,1,1,0,0,,1607,1,2,0,0,0,0,0,3,4,0,1,3,3.0,N,,,,,,,,,,,
2022060023,1756.0,1,0,0,0,0,0,0,0,0,2,0,,67,6,2022,7,40.0448,-75.0175,1753.0,6,0,0,0,0,0,0,1,0,,0,0,0.0,17,1,1,0,N,0,40 02:41.417,,7,75 01:02.899,3,0,0,0,67301,4,0,0,N,0,0,0,6,67301,0,,6,1,,N,N,N,0,,1,0,1,0,0,,1740,1,2,0,0,0,0,0,3,4,0,2,3,3.0,N,,,,,,,,,,,
2022047549,1313.0,0,0,0,0,0,0,0,0,0,8,0,,67,5,2022,6,39.9521,-75.1615,1258.0,6,0,0,0,0,0,1,0,0,,0,0,0.0,12,1,2,1,,0,39 57:07.661,,0,75 09:41.216,8,0,0,0,67301,2,0,0,N,2,0,0,3,67301,0,,1,1,,N,N,N,0,,0,0,0,3,2,,1256,2,3,0,0,0,2,0,3,4,1,1,3,3.0,N,,,,,,,,,,,
2022047307,957.0,1,0,0,0,0,0,0,0,0,4,0,,67,5,2022,2,39.9858,-75.1563,955.0,6,0,0,0,0,0,0,0,0,,0,0,0.0,9,1,1,0,N,0,39 59:08.798,,7,75 09:22.516,8,0,0,0,67301,0,0,0,N,0,0,0,2,67301,0,,1,1,,N,N,Y,0,,0,0,1,0,0,,950,1,2,0,0,0,1,1,3,4,0,2,3,3.0,N,,,,,,,,,,,
2022063159,1612.0,2,0,0,0,0,0,0,0,0,1,0,,67,7,2022,2,39.9664,-75.1872,1612.0,6,0,0,0,0,0,0,0,0,,0,0,0.0,16,1,0,0,N,0,39 57:58.902,,0,75 11:13.874,0,0,0,0,67301,0,0,0,N,0,0,0,3,68K01,0,,1,1,,N,N,N,0,,0,0,0,0,0,,1610,0,2,0,0,0,0,0,3,4,0,2,3,,N,,,,,,,,,,,
2022064681,917.0,0,0,0,0,0,0,0,0,0,7,0,,67,6,2022,1,40.0434,-75.0031,843.0,6,0,0,0,0,0,0,0,0,,0,0,0.0,8,8,0,0,N,0,40 02:36.175,,0,75 00:11.276,0,0,0,0,67301,0,0,0,Y,0,0,0,1,68K01,0,,4,8,,N,N,N,1,,0,0,0,0,0,,842,0,1,0,0,0,0,0,3,4,0,1,7,,N,,,,,,,,,,,
2022063041,2210.0,0,0,0,0,0,0,0,0,0,7,1,,67,7,2022,5,40.0241,-75.0756,2116.0,6,0,0,0,0,0,0,0,0,,0,1,0.0,21,3,0,2,,2,40 01:26.757,3.0,0,75 04:32.112,0,0,0,0,67301,0,0,0,N,0,0,0,1,67301,0,,5,1,5.0,N,N,N,0,,0,0,0,0,0,Y,2104,0,1,0,0,0,0,0,3,4,0,1,3,3.0,N,,,,,,,,,,,
2022064466,2059.0,1,0,0,0,0,0,0,0,0,4,0,,67,7,2022,2,40.0319,-75.1086,2059.0,6,0,0,0,0,0,0,0,1,,0,0,0.0,15,1,0,0,N,0,40 01:54.830,,7,75 06:31.120,9,0,0,0,67301,0,0,0,N,0,0,0,1,67301,0,,6,1,,N,N,N,0,,0,0,1,3,2,,1500,0,2,0,0,0,0,1,3,4,0,2,3,3.0,N,,,,,,,,,,,
2022049779,1801.0,1,0,0,0,0,0,0,0,0,5,0,,67,5,2022,6,39.9114,-75.2307,1755.0,6,0,0,0,0,1,1,0,0,,0,0,0.0,17,1,1,0,N,0,39 54:41.140,,0,75 13:50.540,2,0,0,0,67301,0,0,0,N,0,0,0,3,67301,0,,1,9,,N,N,N,0,,0,1,0,0,0,,1745,1,2,0,1,2,0,0,3,4,1,2,3,3.0,N,,,,,,,,,,,
2022063049,48.0,0,0,0,0,0,0,0,0,0,4,0,,67,2,2022,5,39.9897,-75.2508,47.0,6,0,0,1,0,0,0,0,0,,0,0,0.0,0,3,0,2,,0,39 59:23.096,,0,75 15:02.818,0,0,0,0,67301,0,0,0,N,0,0,0,2,67301,0,,1,1,,N,N,N,0,,0,0,2,3,2,,40,0,2,0,0,0,0,0,3,4,0,2,3,3.0,N,,,,,,,,,,,
2022049747,1036.0,1,0,0,0,0,0,0,0,0,5,0,,67,5,2022,6,40.0339,-75.0463,1033.0,6,0,0,0,0,0,0,0,0,,0,0,0.0,10,1,0,0,N,0,40 02:02.190,,0,75 02:46.716,0,0,0,0,67301,0,0,0,N,0,0,0,1,67301,0,,6,1,,N,N,N,0,,0,0,1,0,0,,1024,0,2,0,0,0,0,0,3,4,0,2,4,,N,,,,,,,,,,,
2022049432,1310.0,1,0,0,0,0,0,0,0,0,8,0,,67,5,2022,4,39.9863,-75.1561,1300.0,6,0,0,0,0,0,0,0,0,,0,0,0.0,14,1,1,1,,0,39 59:10.572,,0,75 09:22.129,3,0,0,0,67301,1,0,0,N,1,0,0,2,67301,0,,1,1,,N,N,N,0,,1,0,0,3,2,,1400,1,2,0,0,0,0,0,3,4,0,1,3,3.0,N,,,,,,,,,,,
2022047203,1950.0,1,0,0,0,0,0,0,0,0,4,0,,67,5,2022,3,39.9794,-75.2253,1957.0,6,0,0,0,0,0,0,1,0,,0,0,0.0,17,1,1,1,,0,39 58:45.886,,0,75 13:31.197,4,0,0,0,67301,0,0,0,N,0,0,0,2,67301,1,,1,1,,N,N,N,0,,0,0,0,3,2,,1700,1,2,0,0,1,0,0,3,4,0,2,3,3.0,N,,,,,,,,,,,
2022059823,237.0,2,0,0,0,0,0,0,0,0,2,0,,67,5,2022,2,39.9668,-75.1879,235.0,6,0,0,0,0,0,0,0,0,,0,0,0.0,2,3,1,0,N,1,39 58:00.576,3.0,0,75 11:16.381,8,0,0,0,67301,0,0,0,N,0,0,0,3,68K01,0,,1,1,305.0,N,N,N,0,,0,0,0,0,0,N,229,1,2,0,0,0,1,0,3,4,0,2,3,,N,,,,,,,,,,,
2022045162,1556.0,1,0,0,0,0,0,0,0,0,4,0,,67,4,2022,7,40.039,-75.1446,1546.0,6,0,0,0,0,0,0,0,0,,0,0,0.0,15,1,1,1,,0,40 02:20.682,,0,75 08:41.109,8,0,0,0,67301,0,0,0,N,0,0,0,2,67508,0,,1,1,,N,N,Y,0,,0,0,1,3,2,,1546,1,2,0,0,0,1,0,3,4,0,2,3,3.0,N,,,,,,,,,,,
2022055630,51.0,1,0,0,0,0,0,0,0,0,5,0,,67,4,2022,3,39.9574,-75.2165,51.0,6,0,0,0,0,0,0,0,0,,0,0,0.0,22,3,1,0,N,0,39 57:26.652,,0,75 12:59.292,8,0,0,0,67301,0,0,0,N,0,0,0,3,67301,0,,1,1,,N,N,N,0,,0,0,1,0,0,,2241,1,2,0,0,2,1,0,3,4,0,2,3,3.0,N,,,,,,,,,,,
2022044041,1229.0,0,0,0,0,0,0,0,0,0,8,0,,67,4,2022,6,39.9923,-75.12,1228.0,6,0,0,0,0,0,0,0,0,,0,0,0.0,12,1,1,1,,0,39 59:32.200,,0,75 07:11.866,3,0,0,0,67301,1,0,0,N,1,0,0,2,67301,0,,1,1,,N,N,N,0,,1,0,0,3,3,,1225,1,2,0,0,0,0,0,3,4,1,1,3,3.0,N,,,,,,,,,,,
2022043198,2059.0,1,0,0,0,0,0,0,0,0,5,0,,67,5,2022,3,40.0052,-75.1954,2058.0,6,0,0,0,0,0,2,0,0,,0,0,0.0,20,3,0,7,,2,40 00:05.200,4.0,2,75 11:40.800,0,0,0,0,67301,0,0,0,N,0,0,0,2,68K01,0,,7,1,100.0,N,N,N,0,,0,0,1,0,0,Y,2056,0,2,0,0,0,0,0,3,4,0,2,3,3.0,N,,,,,,,,,,,
2022037147,,1,0,0,0,0,0,0,0,0,4,0,,67,2,2022,6,39.9825,-75.1516,,6,0,0,0,0,0,0,0,0,,0,0,0.0,15,1,2,1,,0,39 58:57.061,,0,75 09:05.731,8,0,0,0,67301,0,0,0,N,0,0,0,3,00000,0,,1,1,,N,N,N,0,,0,0,0,3,2,,1500,2,2,0,0,0,2,0,3,4,1,2,3,,N,,,,,,,,,,,
2022047681,2313.0,1,0,0,0,0,0,0,0,0,3,0,,67,5,2022,2,39.9257,-75.1802,2310.0,6,0,0,0,0,0,0,0,0,,0,0,0.0,23,3,0,0,N,1,39 55:32.630,4.0,0,75 10:48.723,9,0,0,0,67301,0,0,0,N,0,0,0,1,67301,0,,6,1,100.0,N,N,N,0,,0,0,3,0,0,N,2300,0,4,0,0,0,0,1,3,4,0,4,3,3.0,N,,,,,,,,,,,
2022050563,1200.0,0,0,0,0,0,0,0,0,0,8,0,,67,5,2022,6,39.9631,-75.2281,1200.0,6,0,0,0,0,0,0,0,0,,0,0,0.0,21,8,1,0,N,0,39 57:47.060,,0,75 13:41.060,8,0,0,0,67301,1,0,0,N,1,0,0,2,67301,0,,1,99,,N,N,N,0,,0,0,0,0,0,,2100,1,2,0,0,0,1,1,3,4,0,1,99,,N,,,,,,,,,,,
2022059815,1035.0,2,0,0,0,0,0,0,0,0,1,0,,67,5,2022,1,39.9852,-75.0944,1035.0,6,0,0,0,0,0,2,0,0,,0,0,0.0,10,1,0,0,N,1,39 59:06.740,2.0,0,75 05:39.924,0,0,0,0,67301,0,0,0,N,0,0,0,4,68K01,0,,1,1,1110.0,N,N,N,0,,0,0,0,0,0,N,1035,0,2,0,0,0,0,0,3,4,0,2,3,,N,,,,,,,,,,,
2022046394,,0,0,0,0,0,0,0,0,0,1,0,,67,3,2022,1,,,,6,0,0,0,0,0,2,0,0,,0,0,0.0,14,1,1,0,N,0,,,0,,8,0,0,0,67301,0,0,0,N,0,0,0,2,00000,0,,1,1,,,,N,0,,0,0,1,0,0,,1400,1,2,0,0,0,1,0,3,3,1,2,3,,N,,,,,,,,,,,
2022063659,1645.0,0,0,0,0,0,0,0,0,0,4,0,,67,5,2022,4,39.9789,-75.1473,1641.0,6,0,0,0,0,0,0,0,0,,0,0,0.0,15,1,1,1,,0,39 58:44.040,,0,75 08:50.377,4,0,0,0,67301,0,0,0,N,0,0,0,2,67301,1,,1,1,,N,N,N,0,,0,0,2,3,3,,1557,1,2,0,0,0,0,0,3,4,0,2,3,3.0,N,,,,,,,,,,,
2022063047,1222.0,1,0,0,0,0,0,0,0,0,1,0,,67,1,2022,3,39.9781,-75.267,1218.0,6,0,0,0,0,0,1,0,0,,0,0,0.0,12,1,2,1,,0,39 58:41.307,,0,75 16:01.268,3,0,0,0,67301,0,0,0,N,0,0,0,3,67301,0,,1,1,,N,N,Y,0,,2,0,1,3,2,,1213,2,3,0,0,0,0,0,3,4,1,3,3,3.0,N,,,,,,,,,,,
2022049635,1707.0,0,0,0,0,0,0,0,0,0,4,0,,67,5,2022,3,39.9356,-75.179,1706.0,6,0,0,0,0,0,1,0,0,,0,0,0.0,17,1,0,1,,0,39 56:08.298,,0,75 10:44.471,0,0,0,0,67301,0,0,0,N,0,0,0,2,67301,0,,1,1,,N,N,N,0,,0,0,2,3,2,,1705,0,2,0,0,0,0,0,3,4,0,2,3,3.0,N,,,,,,,,,,,
2022045901,1539.0,2,0,0,0,0,0,0,0,0,5,0,,67,5,2022,2,40.0417,-75.0578,1539.0,6,0,0,0,0,0,0,0,1,,0,0,0.0,15,1,0,2,,1,40 02:30.251,3.0,0,75 03:27.958,0,0,0,0,67301,0,0,0,N,0,0,0,4,67301,0,,1,1,1559.0,N,N,N,0,,0,0,0,0,0,Y,1529,0,2,0,0,0,0,0,3,4,0,2,3,3.0,N,,,,,,,,,,,
2022047367,2300.0,1,0,0,0,0,0,0,0,0,1,0,,67,5,2022,5,39.9606,-75.1414,2300.0,6,0,0,0,0,0,0,0,0,,0,0,0.0,3,3,0,1,,0,39 57:38.047,,0,75 08:28.964,9,0,0,0,67301,0,0,0,N,0,0,0,2,67301,0,,1,9,,N,N,N,0,,0,0,1,3,2,,300,0,2,0,0,0,0,2,3,4,0,2,7,7.0,N,,,,,,,,,,,
2022045485,2146.0,2,0,0,0,0,0,0,0,0,5,0,,67,5,2022,7,40.0832,-75.026,2139.0,6,0,0,0,0,0,1,0,0,,0,0,0.0,21,3,2,0,N,1,40 04:59.213,1.0,7,75 01:33.890,4,0,0,0,67301,0,0,0,N,0,0,0,5,67301,2,,1,9,2320.0,N,N,N,0,,0,0,0,3,2,Y,2117,2,2,0,0,0,0,0,3,4,0,2,7,,N,,,,,,,,,,,
2022060105,1600.0,2,0,0,0,0,0,0,0,0,2,0,,67,6,2022,3,40.0594,-75.1328,1550.0,6,0,0,0,0,1,0,0,0,,0,0,0.0,14,1,2,0,N,0,40 03:33.759,,0,75 07:57.920,3,0,0,0,67301,0,0,0,N,0,0,0,3,67301,0,,1,1,,N,N,N,0,,2,0,0,0,0,,1430,2,2,0,0,0,0,1,3,4,0,2,3,,N,,,,,,,,,,,