CRN,ARRIVAL_TM,AUTOMOBILE_COUNT,BELTED_DEATH_COUNT,BELTED_SUSP_SERIOUS_INJ_COUNT,BICYCLE_COUNT,BICYCLE_DEATH_COUNT,BICYCLE_SUSP_SERIOUS_INJ_COUNT,BUS_COUNT,CHLDPAS_DEATH_COUNT,CHLDPAS_SUSP_SERIOUS_INJ_COUNT,COLLISION_TYPE,COMM_VEH_COUNT,CONS_ZONE_SPD_LIM,COUNTY,CRASH_MONTH,CRASH_YEAR,DAY_OF_WEEK,DEC_LAT,DEC_LONG,DISPATCH_TM,DISTRICT,DRIVER_COUNT_16YR,DRIVER_COUNT_17YR,DRIVER_COUNT_18YR,DRIVER_COUNT_19YR,DRIVER_COUNT_20YR,DRIVER_COUNT_50_64YR,DRIVER_COUNT_65_74YR,DRIVER_COUNT_75PLUS,EST_HRS_CLOSED,FATAL_COUNT,HEAVY_TRUCK_COUNT,HORSE_BUGGY_COUNT,HOUR_OF_DAY,ILLUMINATION,INJURY_COUNT,INTERSECT_TYPE,INTERSECTION_RELATED,LANE_CLOSED,LATITUDE,LN_CLOSE_DIR,LOCATION_TYPE,LONGITUDE,MAX_SEVERITY_LEVEL,MCYCLE_DEATH_COUNT,MCYCLE_SUSP_SERIOUS_INJ_COUNT,MOTORCYCLE_COUNT,MUNICIPALITY,NONMOTR_COUNT,NONMOTR_DEATH_COUNT,NONMOTR_SUSP_SERIOUS_INJ_COUNT,NTFY_HIWY_MAINT,PED_COUNT,PED_DEATH_COUNT,PED_SUSP_SERIOUS_INJ_COUNT,PERSON_COUNT,POLICE_AGCY,POSSIBLE_INJ_COUNT,RDWY_SURF_TYPE_CD,RELATION_TO_ROAD,ROAD_CONDITION,ROADWAY_CLEARED,SCH_BUS_IND,SCH_ZONE_IND,SECONDARY_CRASH,SMALL_TRUCK_COUNT,SPEC_JURIS_CD,SUSP_MINOR_INJ_COUNT,SUSP_SERIOUS_INJ_COUNT,SUV_COUNT,TCD_FUNC_CD,TCD_TYPE,TFC_DETOUR_IND,TIME_OF_DAY,TOT_INJ_COUNT,TOTAL_UNITS,UNB_DEATH_COUNT,UNB_SUSP_SERIOUS_INJ_COUNT,UNBELTED_OCC_COUNT,UNK_INJ_DEG_COUNT,UNK_INJ_PER_COUNT,URBAN_AREA,URBAN_RURAL,VAN_COUNT,VEHICLE_COUNT,WEATHER1,WEATHER2,WORK_ZONE_IND,WORK_ZONE_LOC,WORK_ZONE_TYPE,WORKERS_PRES,WZ_CLOSE_DETOUR,WZ_FLAGGER,WZ_LAW_OFFCR_IND,WZ_LN_CLOSURE,WZ_MOVING,WZ_OTHER,WZ_SHLDER_MDN,WZ_WORKERS_INJ_KILLED
2022055612,1648.0,1,0,0,0,0,0,0,0,0,8,0,,67,6,2022,5,40.0359,-75.0424,1646.0,6,0,0,0,0,0,1,0,0,,0,0,0.0,16,1,2,1,,0,40 02:09.385,,0,75 02:32.575,3,0,0,0,67301,2,0,0,N,2,0,0,3,67301,0,,1,1,,N,N,N,0,,2,0,0,3,2,,1640,2,3,0,0,1,0,0,3,4,0,1,3,3.0,N,,,,,,,,,,,
2022045323,2358.0,0,0,0,1,0,0,0,0,0,1,0,,67,5,2022,7,39.9892,-75.1268,2348.0,6,0,0,0,0,0,0,0,0,,0,0,0.0,23,3,1,0,N,0,39 59:21.000,,1,75 07:36.300,3,0,0,0,67301,1,0,0,N,0,0,0,2,67301,0,,1,1,,N,N,N,0,,1,0,0,0,0,,2340,1,2,0,0,0,0,0,3,4,0,1,3,3.0,N,,,,,,,,,,,
2022046272,653.0,2,0,0,0,0,0,0,0,0,5,0,,67,5,2022,1,39.9739,-75.1941,649.0,6,0,0,0,0,1,0,0,0,,0,0,0.0,6,1,0,0,N,0,39 58:26.132,,0,75 11:38.921,0,0,0,0,67301,0,0,0,N,0,0,0,2,68K01,0,,1,1,,N,N,N,0,,0,0,0,0,0,,647,0,2,0,0,0,0,0,3,4,0,2,3,3.0,N,,,,,,,,,,,
2022048285,950.0,2,0,0,0,0,0,0,0,0,5,0,,67,5,2022,3,39.9522,-75.1598,945.0,6,0,0,0,0,0,1,0,0,,0,0,0.0,9,1,1,0,N,0,39 57:08.010,,0,75 09:35.450,8,0,0,0,67301,0,0,0,N,0,0,0,3,67301,0,,1,1,,N,N,N,0,,0,0,0,0,0,,930,1,2,0,0,0,1,0,3,4,0,2,3,3.0,N,,,,,,,,,,,
2022047184,1740.0,2,0,0,0,0,0,0,0,0,3,0,,67,5,2022,3,40.0399,-75.0324,1740.0,6,0,0,0,0,0,0,0,1,,0,0,0.0,17,1,1,0,N,2,40 02:23.668,2.0,0,75 01:56.494,4,0,0,0,67301,0,0,0,N,0,0,0,2,67301,1,,1,1,1817.0,N,N,N,0,,0,0,0,0,0,N,1737,1,2,0,0,0,0,0,3,4,0,2,3,,N,,,,,,,,,,,
2022047185,1711.0,1,0,0,0,0,0,0,0,0,8,0,,67,5,2022,3,39.963,-75.2106,1710.0,6,0,0,0,0,0,0,0,0,,0,0,0.0,17,1,1,0,N,0,39 57:46.920,,0,75 12:38.230,8,0,0,0,67301,1,0,0,N,1,0,0,4,67301,0,,1,1,,N,N,N,0,,0,0,0,0,0,,1700,1,2,0,0,0,1,0,3,4,0,1,3,3.0,N,,,,,,,,,,,
2022060073,1726.0,2,0,0,0,0,0,0,0,0,4,0,,67,6,2022,3,39.9866,-75.1046,1630.0,6,0,0,0,0,0,0,1,0,,0,0,0.0,16,1,1,0,N,0,39 59:11.713,,0,75 06:16.710,2,0,0,0,67301,0,0,0,N,0,0,0,2,67301,0,,1,1,,N,N,N,0,,0,1,0,3,2,,1627,1,2,0,0,0,0,0,3,4,0,2,3,4.0,N,,,,,,,,,,,
2022045190,1202.0,5,0,0,0,0,0,0,0,0,6,0,,67,5,2022,6,39.9201,-75.2325,1202.0,6,0,0,0,0,0,0,0,0,,0,0,0.0,12,1,1,0,N,0,39 55:12.280,,0,75 13:57.030,3,0,0,0,67301,0,0,0,N,0,0,0,3,67301,0,,6,1,,N,N,N,0,,1,0,1,0,0,,1202,1,6,0,0,1,0,0,3,4,0,6,3,3.0,N,,,,,,,,,,,
2022045560,26.0,2,0,0,0,0,0,0,0,0,6,0,,67,5,2022,7,40.0334,-75.0932,7.0,6,0,0,0,0,0,0,0,0,,0,0,0.0,19,1,0,0,N,0,40 02:00.190,,0,75 05:35.540,0,0,0,0,67301,0,0,0,N,0,0,0,1,67301,0,,6,1,,N,N,N,0,,0,0,0,0,0,,1919,0,2,0,0,0,0,0,3,4,0,2,3,,N,,,,,,,,,,,
2022047227,1757.0,1,0,0,0,0,0,0,0,0,7,0,,67,5,2022,3,40.0598,-75.1334,1748.0,6,0,0,0,0,0,0,0,0,,0,0,0.0,3,8,0,1,,0,40 03:35.262,,0,75 08:00.324,9,0,0,0,67301,0,0,0,N,0,0,0,1,67301,0,,5,99,,N,N,N,0,,0,0,0,3,2,,358,0,1,0,0,0,0,1,3,4,0,1,99,,N,,,,,,,,,,,
2022046409,,1,0,0,0,0,0,0,0,0,4,0,,67,3,2022,4,40.0131,-75.12,,6,0,0,0,0,0,1,0,0,,0,0,0.0,16,1,1,0,N,0,40 00:47.200,,7,75 07:11.900,8,0,0,0,67301,0,0,0,N,0,0,0,3,00000,0,,1,1,,,,N,0,,0,0,0,0,0,,1615,1,2,0,0,0,1,0,3,4,0,2,3,,N,,,,,,,,,,,
2022060070,2032.0,1,0,0,0,0,0,0,0,0,8,0,,67,5,2022,2,40.0003,-75.1065,2031.0,6,0,0,0,0,0,0,0,0,,0,0,0.0,23,3,1,5,,0,40 00:01.147,,0,75 06:23.257,8,0,0,0,67301,1,0,0,N,1,0,0,2,67301,0,,1,1,,N,N,N,0,,0,0,0,3,2,,2300,1,2,0,0,0,1,0,3,4,0,1,99,,N,,,,,,,,,,,
2022047168,752.0,0,0,0,0,0,0,0,0,0,4,0,,67,5,2022,4,40.0578,-75.0087,745.0,6,0,0,0,0,0,1,0,0,,0,0,0.0,7,1,2,1,,1,40 03:28.059,1.0,0,75 00:31.473,3,0,0,0,67301,0,0,0,N,0,0,0,2,67301,0,,1,1,855.0,N,N,N,0,,2,0,2,3,2,N,730,2,2,0,0,0,0,0,3,4,0,2,3,3.0,N,,,,,,,,,,,
2022048653,44.0,2,0,0,0,0,0,0,0,0,5,0,55.0,67,5,2022,3,39.9599,-75.1404,44.0,6,0,0,0,0,0,0,0,0,,0,0,0.0,0,3,2,6,,0,39 57:35.650,,2,75 08:25.416,8,0,0,0,67301,0,0,0,N,0,0,0,3,68K01,0,,7,1,,N,N,N,0,,0,0,0,4,8,,44,2,2,0,0,0,2,0,3,4,0,2,3,,Y,8.0,2.0,N,,,Y,Y,,,,N
2022059099,1514.0,0,0,0,0,0,0,0,0,0,1,1,,67,5,2022,4,39.9587,-75.1691,1458.0,6,0,0,0,0,0,0,0,0,,0,1,0.0,14,1,0,0,N,0,39 57:31.176,,0,75 10:08.837,0,0,0,0,67301,0,0,0,N,0,0,0,3,68K01,0,,1,1,,N,N,N,1,,0,0,0,0,0,,1454,0,2,0,0,1,0,0,3,4,0,2,3,,N,,,,,,,,,,,
2022060054,145.0,2,0,0,0,0,0,0,0,0,1,0,,67,6,2022,2,39.9665,-75.222,145.0,6,0,0,0,0,0,0,0,0,,0,0,0.0,1,3,1,0,N,0,39 57:59.420,,0,75 13:19.080,3,0,0,0,67301,0,0,0,N,0,0,0,1,67301,0,,1,1,,N,N,N,0,,1,0,0,0,0,,108,1,2,0,0,0,0,0,3,4,0,2,3,3.0,N,,,,,,,,,,,
2022047174,2011.0,0,0,0,0,0,0,0,0,0,8,0,,67,5,2022,5,40.0497,-75.1605,2011.0,6,0,0,0,0,0,0,0,0,,0,0,0.0,17,1,1,1,,0,40 02:58.808,,0,75 09:37.897,3,0,0,0,67301,1,0,0,N,1,0,0,2,67301,0,,1,1,,N,N,N,0,,1,0,1,3,2,,1757,1,2,0,0,0,0,1,3,4,0,1,3,3.0,N,,,,,,,,,,,
2022063660,840.0,1,0,0,0,0,0,0,0,0,5,1,,67,6,2022,6,39.9679,-75.1344,840.0,6,0,0,0,0,0,0,0,0,,0,1,0.0,8,1,0,0,N,0,39 58:04.281,,0,75 08:03.904,0,0,0,0,67301,0,0,0,N,0,0,0,1,67301,0,,6,1,,N,N,N,0,,0,0,0,0,0,,815,0,2,0,0,1,0,0,3,4,0,2,3,,N,,,,,,,,,,,
2022059128,1141.0,0,0,0,0,0,0,0,0,0,7,0,,67,6,2022,5,40.0414,-75.0043,1128.0,6,0,0,0,0,0,1,0,0,,0,0,0.0,11,1,0,0,N,0,40 02:29.112,,0,75 00:15.644,0,0,0,0,67301,0,0,0,N,0,0,0,1,68K01,0,,4,9,,N,N,N,0,,0,0,1,0,0,,1126,0,1,0,0,0,0,0,3,4,0,1,7,,N,,,,,,,,,,,
2022060025,1530.0,2,0,0,0,0,0,0,0,0,1,1,,67,6,2022,4,39.9454,-75.1712,1523.0,6,0,0,0,0,0,0,1,0,,0,0,0.0,13,1,2,0,N,0,39 56:43.460,,0,75 10:16.320,8,0,0,0,67301,0,0,0,N,0,0,0,2,67301,0,,1,1,,N,N,N,0,,0,0,0,0,0,,1343,2,2,0,0,1,2,0,3,4,0,2,3,3.0,N,,,,,,,,,,,
2022045265,1556.0,2,0,0,0,0,0,0,0,0,4,0,,67,5,2022,7,40.0116,-75.163,1551.0,6,0,0,0,0,0,0,1,0,,0,0,0.0,14,1,0,1,,0,40 00:41.869,,0,75 09:46.863,0,0,0,0,67301,0,0,0,N,0,0,0,2,67301,0,,1,9,,N,N,N,0,,0,0,1,0,0,,1413,0,3,0,0,0,0,0,3,4,0,3,7,,N,,,,,,,,,,,
2022045290,1627.0,0,0,0,0,0,0,0,0,0,1,0,,67,5,2022,7,39.8946,-75.2367,1624.0,6,0,0,0,0,0,0,2,0,,0,0,0.0,16,1,2,1,,1,39 53:40.603,2.0,0,75 14:12.181,4,0,0,0,67301,0,0,0,N,0,0,0,3,67301,2,,1,9,100.0,N,N,N,0,,0,0,2,3,2,N,1622,2,2,0,0,0,0,0,3,4,0,2,7,4.0,N,,,,,,,,,,,
2022045905,1725.0,1,0,0,0,0,0,0,0,0,5,0,,67,5,2022,2,39.9582,-75.1641,1720.0,6,0,0,0,0,0,0,0,0,,0,0,0.0,17,1,1,0,N,1,39 57:29.500,2.0,3,75 09:50.720,3,0,0,0,67301,0,0,0,N,0,0,0,3,67301,0,,1,1,1800.0,N,N,N,0,,1,0,1,0,0,N,1715,1,2,0,0,0,0,0,3,4,0,2,3,,N,,,,,,,,,,,
2022059813,2353.0,1,0,0,0,0,0,0,0,0,7,0,,67,4,2022,6,39.9308,-75.1989,2345.0,6,0,0,0,0,0,1,0,0,,0,0,0.0,23,3,2,0,N,1,39 55:51.025,4.0,0,75 11:55.930,8,0,0,0,67301,0,0,0,N,0,0,0,2,68K01,0,,3,1,115.0,N,N,N,0,,0,0,0,0,0,N,2341,2,1,0,0,1,2,0,3,4,0,1,3,3.0,N,,,,,,,,,,,
2022047632,508.0,1,0,0,0,0,0,0,0,0,5,0,,67,5,2022,4,39.9495,-75.2194,507.0,6,0,0,0,0,0,0,0,0,,0,0,0.0,1,3,0,0,N,0,39 56:58.300,,0,75 13:09.700,0,0,0,0,67301,0,0,0,N,0,0,0,1,67301,0,,6,1,,N,N,N,0,,0,0,1,0,0,,149,0,2,0,0,0,0,0,3,4,0,2,3,3.0,N,,,,,,,,,,,
2022045918,30.0,1,0,0,0,0,0,0,0,0,4,0,,67,5,2022,2,40.0444,-75.0726,30.0,6,0,0,0,0,0,0,0,0,,0,0,0.0,0,3,1,1,,0,40 02:39.831,,0,75 04:21.681,3,0,0,0,67301,0,0,0,N,0,0,0,2,67301,0,,1,1,,N,N,N,0,,1,0,1,3,2,,30,1,2,0,0,0,0,0,3,4,0,2,3,,N,,,,,,,,,,,
2022063022,515.0,0,0,0,0,0,0,0,0,0,5,1,,67,7,2022,6,40.0546,-75.0541,510.0,6,0,0,0,0,0,0,0,0,,0,1,0.0,4,5,0,0,N,0,40 03:16.555,,0,75 03:14.690,0,0,0,0,67301,0,0,0,N,0,0,0,1,67301,0,,6,1,,N,N,N,0,,0,0,2,0,0,,455,0,3,0,0,0,0,0,3,4,0,3,3,3.0,N,,,,,,,,,,,
2022063021,1139.0,1,0,0,0,0,0,0,0,0,7,0,,67,7,2022,3,39.9199,-75.2014,1139.0,6,0,0,0,0,0,0,0,0,,0,0,0.0,17,1,1,0,N,9,39 55:11.477,,3,75 12:04.940,3,0,0,0,67301,0,0,0,N,0,0,0,1,67301,0,,2,9,,N,N,N,0,,1,0,0,0,0,,1710,1,1,0,0,0,0,0,3,4,0,1,7,,N,,,,,,,,,,,
2022047667,2200.0,1,0,0,0,0,0,0,0,0,8,0,,67,5,2022,6,40.0224,-75.1336,2200.0,6,0,0,0,0,0,0,0,0,,0,0,0.0,20,3,1,0,N,0,40 01:20.570,,0,75 08:00.900,3,0,0,0,67301,1,0,0,N,1,0,0,2,67301,0,,1,1,,N,N,N,0,,1,0,0,0,0,,2030,1,2,0,0,0,0,1,3,4,0,1,3,,N,,,,,,,,,,,
2022047551,1942.0,1,0,0,0,0,0,0,0,0,5,0,,67,5,2022,4,39.957,-75.1574,1942.0,6,0,0,0,0,0,0,0,0,,0,0,0.0,19,4,0,0,N,0,39 57:25.252,,0,75 09:26.485,0,0,0,0,67301,0,0,0,N,0,0,0,2,67301,0,,1,1,,N,N,N,0,,0,0,1,0,0,,1941,0,2,0,0,0,0,0,3,4,0,2,3,3.0,N,,,,,,,,,,,
2022047169,933.0,0,0,0,0,0,0,0,0,0,1,0,,67,5,2022,4,40.0853,-74.9732,933.0,6,0,0,0,0,0,1,0,0,,0,0,0.0,9,1,1,0,N,0,40 05:06.925,,0,74 58:23.473,4,0,0,0,67301,0,0,0,N,0,0,0,2,67301,1,,1,1,,N,N,N,0,,0,0,2,0,0,,930,1,2,0,0,0,0,0,3,4,0,2,3,3.0,N,,,,,,,,,,,
2022047933,1844.0,0,0,0,0,0,0,0,0,0,4,0,,67,5,2022,5,40.0198,-75.2153,1834.0,6,0,0,0,0,0,0,0,0,,0,0,0.0,18,1,1,0,N,0,40 01:11.300,,7,75 12:54.900,3,0,0,1,67301,0,0,0,N,0,0,0,2,67301,0,,1,1,,N,N,N,0,,1,0,0,0,0,,1814,1,2,0,0,0,0,0,3,4,1,2,3,3.0,N,,,,,,,,,,,
2022050556,1505.0,0,0,0,0,0,0,0,0,0,8,0,,67,5,2022,6,39.9678,-75.2314,1447.0,6,0,0,0,0,0,0,0,0,,0,0,0.0,14,8,1,0,N,0,39 58:04.030,,0,75 13:53.070,2,0,0,0,67301,1,0,1,N,1,0,1,2,67301,0,,1,9,,N,N,N,0,,0,1,1,0,0,,1420,1,2,0,0,0,0,0,3,4,0,1,7,7.0,N,,,,,,,,,,,
2022047186,39.0,2,0,0,0,0,0,0,0,0,1,0,,67,5,2022,3,39.9751,-75.195,33.0,6,0,0,0,0,0,0,0,0,,0,0,0.0,21,3,1,1,,0,39 58:30.316,,0,75 11:41.875,3,0,0,0,67301,0,0,0,N,0,0,0,4,67301,0,,1,1,,N,N,N,0,,1,0,0,3,2,,2150,1,2,0,0,0,0,0,3,4,0,2,3,3.0,N,,,,,,,,,,,
2022047627,819.0,1,0,0,0,0,0,0,0,0,3,0,,67,5,2022,4,39.9967,-75.177,811.0,6,0,0,0,0,0,0,1,0,,0,0,0.0,7,1,0,0,N,0,39 59:47.980,,0,75 10:37.150,0,0,0,0,67301,0,0,0,N,0,0,0,1,67301,0,,6,1,,N,N,N,0,,0,0,1,0,0,,750,0,2,0,0,1,0,0,3,4,0,2,3,3.0,N,,,,,,,,,,,
2022045631,1618.0,0,0,0,0,0,0,0,0,0,1,0,,67,5,2022,6,39.9599,-75.1404,1602.0,6,0,0,0,0,0,1,0,0,,0,0,0.0,15,1,1,6,,0,39 57:35.650,,2,75 08:25.416,8,0,0,0,67301,0,0,0,N,0,0,0,2,68K01,0,,7,9,,N,N,N,0,,0,0,2,0,0,,1554,1,2,0,0,0,1,0,3,4,0,2,7,,N,,,,,,,,,,,
2022050555,1506.0,0,0,0,0,0,0,0,0,0,4,0,,67,5,2022,5,39.9668,-75.2418,1504.0,6,0,0,0,0,0,0,0,0,,0,0,0.0,15,1,0,1,,0,39 58:00.577,,0,75 14:30.400,0,0,0,0,67301,0,0,0,N,0,0,0,5,67301,0,,1,1,,N,N,N,0,,0,0,1,3,3,,1504,0,2,0,0,0,0,0,3,4,1,2,3,3.0,N,,,,,,,,,,,
2022024071,,2,0,0,0,0,0,0,0,0,1,0,,67,2,2022,3,39.9577,-75.1624,,6,0,0,0,0,0,0,0,0,,0,0,0.0,19,3,1,1,,0,39 57:27.649,,8,75 09:44.521,8,0,0,0,67301,0,0,0,N,0,0,0,2,00000,0,,1,1,,,,N,0,,0,0,0,0,0,,1920,1,2,0,0,1,1,0,3,4,0,2,3,,N,,,,,,,,,,,
2022060034,1610.0,2,0,0,0,0,0,0,0,0,4,0,,67,6,2022,6,39.9275,-75.2298,1610.0,6,0,0,0,0,0,1,1,0,,0,0,0.0,16,1,1,0,N,0,39 55:39.060,,7,75 13:47.370,3,0,0,0,67301,0,0,0,N,0,0,0,3,67301,0,,1,1,,N,N,N,0,,1,0,0,0,0,,1610,1,2,0,0,0,0,0,3,4,0,2,3,3.0,N,,,,,,,,,,,
2022059129,1148.0,2,0,0,0,0,0,0,0,0,1,0,,67,6,2022,5,40.0414,-75.0043,1148.0,6,0,0,0,0,0,0,0,0,,0,0,0.0,11,1,0,0,N,0,40 02:29.171,,0,75 00:15.587,0,0,0,0,67301,0,0,0,N,0,0,0,2,68K01,0,,1,9,,N,N,N,0,,0,0,0,0,0,,1148,0,2,0,0,0,0,0,3,4,0,2,7,,N,,,,,,,,,,,
2022047922,2339.0,1,0,0,0,0,0,0,0,0,1,0,,67,5,2022,6,39.9541,-75.1408,2339.0,6,0,0,0,0,0,1,0,0,,0,0,0.0,23,3,0,0,N,2,39 57:14.700,4.0,3,75 08:27.000,0,0,0,0,67301,0,0,0,N,0,0,0,4,67501,0,,1,1,2351.0,N,N,N,0,,0,0,0,0,0,Y,2339,0,2,0,0,1,0,0,3,4,1,2,3,3.0,N,,,,,,,,,,,
2022060041,1821.0,2,0,0,0,0,0,0,0,0,1,0,,67,6,2022,2,40.0379,-75.0609,1811.0,6,0,0,0,0,0,1,0,0,,0,0,0.0,18,1,1,2,,0,40 02:16.489,,0,75 03:39.358,4,0,0,0,67301,0,0,0,N,0,0,0,2,67301,1,,1,1,,N,N,N,0,,0,0,0,0,0,,1800,1,2,0,0,0,0,0,3,4,0,2,3,,N,,,,,,,,,,,
2022048952,2135.0,2,0,0,0,0,0,0,0,0,4,0,,67,5,2022,6,39.9704,-75.15,2129.0,6,0,0,0,0,0,1,0,0,,0,0,0.0,21,3,0,1,,1,39 58:13.542,4.0,0,75 08:59.953,0,0,0,0,67301,0,0,0,N,0,0,0,3,67301,0,,1,1,2250.0,N,N,N,0,,0,0,0,3,2,N,2100,0,2,0,0,1,0,0,3,4,0,2,3,3.0,N,,,,,,,,,,,
2022059119,1824.0,1,0,0,0,0,0,0,0,0,1,0,,67,6,2022,1,39.9577,-75.1604,1806.0,6,0,0,0,0,0,0,0,0,,0,0,0.0,18,1,0,0,N,1,39 57:27.658,4.0,0,75 09:37.551,0,0,0,0,67301,0,0,0,N,0,0,0,2,68K01,0,,1,1,1810.0,N,N,N,0,,0,0,1,0,0,N,1801,0,2,0,0,0,0,0,3,4,0,2,3,,N,,,,,,,,,,,
2022059997,1954.0,1,0,0,0,0,0,0,0,0,8,0,,67,6,2022,6,39.9204,-75.1705,1945.0,6,0,0,0,0,0,0,0,0,,0,0,0.0,19,1,1,0,N,0,39 55:13.412,,0,75 10:13.736,3,0,0,0,67301,1,0,0,N,1,0,0,2,67301,0,,1,1,,N,N,N,0,,1,0,0,0,0,,1940,1,2,0,0,0,0,0,3,4,0,1,3,3.0,N,,,,,,,,,,,
2022060553,1519.0,1,0,0,0,0,0,0,0,0,1,1,,67,6,2022,2,39.9724,-75.2174,1504.0,6,0,0,0,0,0,0,0,0,,0,1,0.0,15,1,4,3,,0,39 58:20.619,,0,75 13:02.585,8,0,0,0,67301,0,0,0,N,0,0,0,5,67301,0,,1,9,,N,N,N,0,,0,0,0,3,2,,1503,4,2,0,0,0,4,0,3,4,0,2,7,7.0,N,,,,,,,,,,,
2022057145,2359.0,0,0,0,0,0,0,0,0,0,8,0,,67,5,2022,3,39.9563,-75.2442,2359.0,6,0,0,0,0,0,0,0,0,,0,0,0.0,20,4,1,0,N,0,39 57:22.600,,0,75 14:39.000,3,0,0,0,67301,1,0,0,N,1,0,0,2,67301,0,,1,1,,N,N,N,0,,1,0,1,0,0,,2030,1,2,0,0,0,0,0,3,4,0,1,3,98.0,N,,,,,,,,,,,
2022059090,1402.0,2,0,0,0,0,0,0,0,0,1,0,,67,5,2022,6,39.9599,-75.178,1352.0,6,0,0,0,0,0,1,0,0,,0,0,0.0,13,1,0,0,N,0,39 57:35.658,,3,75 10:40.964,9,0,0,0,67301,0,0,0,N,0,0,0,2,68K01,0,,1,1,,N,N,N,0,,0,0,0,0,0,,1346,0,2,0,0,0,0,1,3,4,0,2,3,,N,,,,,,,,,,,
2022037142,,2,0,0,0,0,0,0,0,0,4,0,,67,3,2022,3,39.957,-75.2194,,6,0,0,0,0,0,0,0,0,,0,0,0.0,9,1,1,1,,0,39 57:25.138,,0,75 13:09.994,8,0,0,0,67301,0,0,0,N,0,0,0,2,00000,0,,1,1,,,,N,0,,0,0,0,3,3,,945,1,2,0,0,0,1,0,3,4,0,2,3,,N,,,,,,,,,,,
2022045495,2125.0,1,0,0,0,0,0,0,0,0,5,0,,67,5,2022,7,39.9421,-75.1602,2120.0,6,0,0,0,0,0,0,0,0,,0,0,0.0,21,3,0,0,N,0,39 56:31.600,,0,75 09:36.700,0,0,0,0,67301,0,0,0,N,0,0,0,1,67301,0,,6,9,,N,N,N,1,,0,0,0,0,0,,2119,0,2,0,0,0,0,0,3,4,0,2,4,4.0,N,,,,,,,,,,,
2022058514,920.0,1,0,0,0,0,0,1,0,0,4,1,,67,6,2022,1,40.0244,-75.1469,910.0,6,0,0,0,0,0,0,0,0,,0,0,0.0,9,1,8,1,,0,40 01:27.969,,0,75 08:48.893,3,0,0,0,67301,0,0,0,N,0,0,0,9,67508,7,,1,1,,N,N,N,0,,1,0,0,3,2,,905,8,2,0,0,0,0,0,3,4,0,2,3,3.0,N,,,,,,,,,,,
2022060256,1123.0,0,0,0,0,0,0,0,0,0,8,0,,67,2,2022,3,39.9463,-75.1971,1120.0,6,0,0,0,0,0,1,0,0,,0,0,0.0,11,1,1,2,,0,39 56:46.759,,0,75 11:49.532,3,0,0,0,67301,1,0,0,N,1,0,0,2,67504,0,,1,1,,N,N,N,0,,1,0,1,3,2,,1120,1,2,0,0,0,0,0,3,4,0,1,4,4.0,N,,,,,,,,,,,
2022047177,1810.0,0,0,0,0,0,0,0,0,0,1,0,,67,5,2022,7,40.0565,-75.0464,1759.0,6,0,0,0,0,0,1,0,0,,0,0,0.0,17,1,1,1,,0,40 03:23.345,,0,75 02:47.046,3,0,0,0,67301,0,0,0,N,0,0,0,3,67301,0,,1,9,,N,N,N,1,,1,0,2,3,2,,1707,1,3,0,0,0,0,0,3,4,0,3,7,,N,,,,,,,,,,,
2022055652,1325.0,0,0,0,0,0,0,0,0,0,8,0,,67,5,2022,5,40.0227,-75.1335,1505.0,6,0,0,0,0,0,0,0,0,,0,0,0.0,15,1,1,1,,0,40 01:21.738,,0,75 08:00.643,2,0,0,0,67301,1,0,1,N,1,0,1,2,67301,0,,1,1,,N,N,N,0,,0,1,1,3,1,,1500,1,2,0,0,0,0,1,3,4,0,1,3,,N,,,,,,,,,,,
2022045912,1317.0,0,0,0,0,0,0,0,0,0,8,0,99.0,67,5,2022,6,40.0043,-75.1738,1314.0,6,0,0,0,0,0,1,0,0,,0,0,0.0,13,1,1,2,,0,40 00:15.464,,0,75 10:25.814,2,0,0,0,67301,1,0,1,N,1,0,1,2,67301,0,,1,1,,N,N,N,0,,0,1,1,3,2,,1307,1,2,0,0,0,0,0,3,4,0,1,4,4.0,Y,4.0,3.0,Y,,,Y,Y,,,,N
2022045945,2345.0,1,0,0,0,0,0,0,0,0,8,0,,67,5,2022,2,39.9611,-75.1461,2336.0,6,0,0,0,0,0,0,1,0,,0,0,0.0,23,3,1,0,N,0,39 57:39.819,,0,75 08:45.836,3,0,0,0,67301,1,0,0,N,1,0,0,2,67301,0,,1,1,,N,N,N,0,,1,0,0,0,0,,2330,1,2,0,0,0,0,0,3,4,0,1,3,3.0,N,,,,,,,,,,,
2022045947,2332.0,2,0,0,0,0,0,0,0,0,4,0,,67,5,2022,2,40.0808,-75.2027,2322.0,6,0,0,0,1,0,1,0,0,,0,0,0.0,22,3,0,1,,1,40 04:51.446,2.0,0,75 12:09.698,0,0,0,0,67301,0,0,0,N,0,0,0,2,67301,0,,1,1,8.0,N,N,N,0,,0,0,0,3,2,N,2222,0,2,0,0,0,0,0,3,4,0,2,3,3.0,N,,,,,,,,,,,
2022060020,448.0,1,0,0,0,0,0,0,0,0,8,0,,67,6,2022,6,40.0797,-74.9656,448.0,6,0,0,0,0,0,0,0,0,,1,0,0.0,4,3,0,0,N,2,40 04:46.882,3.0,0,74 57:56.182,1,0,0,0,67301,1,1,0,N,1,1,0,2,67301,0,2.0,2,1,800.0,N,N,Y,0,0.0,0,0,0,0,0,Y,440,0,2,0,0,0,0,0,3,4,0,1,4,4.0,N,,,,,,,,,,,