CRN,ARRIVAL_TM,AUTOMOBILE_COUNT,BELTED_DEATH_COUNT,BELTED_SUSP_SERIOUS_INJ_COUNT,BICYCLE_COUNT,BICYCLE_DEATH_COUNT,BICYCLE_SUSP_SERIOUS_INJ_COUNT,BUS_COUNT,CHLDPAS_DEATH_COUNT,CHLDPAS_SUSP_SERIOUS_INJ_COUNT,COLLISION_TYPE,COMM_VEH_COUNT,CONS_ZONE_SPD_LIM,COUNTY,CRASH_MONTH,CRASH_YEAR,DAY_OF_WEEK,DEC_LAT,DEC_LONG,DISPATCH_TM,DISTRICT,DRIVER_COUNT_16YR,DRIVER_COUNT_17YR,DRIVER_COUNT_18YR,DRIVER_COUNT_19YR,DRIVER_COUNT_20YR,DRIVER_COUNT_50_64YR,DRIVER_COUNT_65_74YR,DRIVER_COUNT_75PLUS,EST_HRS_CLOSED,FATAL_COUNT,HEAVY_TRUCK_COUNT,HORSE_BUGGY_COUNT,HOUR_OF_DAY,ILLUMINATION,INJURY_COUNT,INTERSECT_TYPE,INTERSECTION_RELATED,LANE_CLOSED,LATITUDE,LN_CLOSE_DIR,LOCATION_TYPE,LONGITUDE,MAX_SEVERITY_LEVEL,MCYCLE_DEATH_COUNT,MCYCLE_SUSP_SERIOUS_INJ_COUNT,MOTORCYCLE_COUNT,MUNICIPALITY,NONMOTR_COUNT,NONMOTR_DEATH_COUNT,NONMOTR_SUSP_SERIOUS_INJ_COUNT,NTFY_HIWY_MAINT,PED_COUNT,PED_DEATH_COUNT,PED_SUSP_SERIOUS_INJ_COUNT,PERSON_COUNT,POLICE_AGCY,POSSIBLE_INJ_COUNT,RDWY_SURF_TYPE_CD,RELATION_TO_ROAD,ROAD_CONDITION,ROADWAY_CLEARED,SCH_BUS_IND,SCH_ZONE_IND,SECONDARY_CRASH,SMALL_TRUCK_COUNT,SPEC_JURIS_CD,SUSP_MINOR_INJ_COUNT,SUSP_SERIOUS_INJ_COUNT,SUV_COUNT,TCD_FUNC_CD,TCD_TYPE,TFC_DETOUR_IND,TIME_OF_DAY,TOT_INJ_COUNT,TOTAL_UNITS,UNB_DEATH_COUNT,UNB_SUSP_SERIOUS_INJ_COUNT,UNBELTED_OCC_COUNT,UNK_INJ_DEG_COUNT,UNK_INJ_PER_COUNT,URBAN_AREA,URBAN_RURAL,VAN_COUNT,VEHICLE_COUNT,WEATHER1,WEATHER2,WORK_ZONE_IND,WORK_ZONE_LOC,WORK_ZONE_TYPE,WORKERS_PRES,WZ_CLOSE_DETOUR,WZ_FLAGGER,WZ_LAW_OFFCR_IND,WZ_LN_CLOSURE,WZ_MOVING,WZ_OTHER,WZ_SHLDER_MDN,WZ_WORKERS_INJ_KILLED
2022060052,2115.0,0,0,0,0,0,0,0,0,0,7,0,,67,6,2022,1,40.0298,-75.0601,2110.0,6,0,0,0,0,0,0,0,0,,1,0,0.0,21,3,1,1,,2,40 01:47.237,4.0,0,75 03:36.393,1,0,0,0,67301,0,0,0,N,0,0,0,2,67301,0,2.0,4,1,102.0,N,N,N,0,0.0,0,0,1,3,2,Y,2109,1,1,0,0,0,1,0,3,4,0,1,3,,N,,,,,,,,,,,
2022020748,859.0,0,0,0,0,0,0,0,0,0,5,0,,67,2,2022,6,40.0411,-75.0758,858.0,6,0,0,0,0,0,0,0,0,,0,0,0.0,8,1,1,2,,1,40 02:27.863,1.0,0,75 04:32.844,3,0,0,0,67301,0,0,0,N,0,0,0,2,67301,0,,1,9,944.0,N,N,N,0,,1,0,2,0,0,N,856,1,2,0,0,1,0,0,3,4,0,2,7,7.0,N,,,,,,,,,,,
2022041828,1446.0,2,0,0,0,0,0,0,0,0,5,0,,67,3,2022,7,40.0405,-75.0055,1425.0,6,0,0,0,0,0,0,0,0,,0,0,0.0,14,1,0,0,N,1,40 02:25.664,1.0,0,75 00:19.647,0,0,0,0,67301,0,0,0,N,0,0,0,2,68K01,0,,1,1,1510.0,N,N,N,0,,0,0,0,0,0,Y,1420,0,2,0,0,0,0,0,3,4,0,2,3,,N,,,,,,,,,,,
2022053020,1048.0,0,0,0,0,0,0,1,0,0,1,1,,67,6,2022,2,39.9633,-75.1613,1021.0,6,0,0,0,0,0,0,0,0,,0,0,0.0,10,1,1,0,N,1,39 57:47.862,2.0,0,75 09:40.575,8,0,0,0,67301,0,0,0,N,0,0,0,1,67301,0,,1,1,1200.0,Y,N,N,1,,0,0,0,0,0,N,1014,1,2,0,0,0,1,0,3,4,0,2,3,3.0,N,,,,,,,,,,,
2022021857,918.0,3,0,0,0,0,0,0,0,0,4,0,,67,2,2022,5,39.9248,-75.2286,910.0,6,0,0,0,0,0,0,0,0,,0,0,0.0,9,1,1,2,,0,39 55:29.344,,0,75 13:43.078,3,0,0,0,67301,0,0,0,N,0,0,0,4,67301,0,,1,1,,N,N,N,0,,1,0,0,3,3,,900,1,3,0,0,0,0,2,3,4,0,3,4,4.0,N,,,,,,,,,,,
2022039720,659.0,1,0,0,0,0,0,0,0,0,7,0,,67,3,2022,1,39.9436,-75.143,659.0,6,0,0,0,0,0,0,0,0,,0,0,0.0,6,1,1,0,N,0,39 56:37.011,,0,75 08:34.816,3,0,0,0,67301,0,0,0,N,0,0,0,1,68K01,0,,4,1,,N,N,N,0,,1,0,0,0,0,,659,1,1,0,0,0,0,0,3,4,0,1,3,3.0,N,,,,,,,,,,,
2022024132,813.0,0,0,0,0,0,0,0,0,0,1,0,,67,3,2022,4,39.8946,-75.2367,812.0,6,0,0,0,0,0,1,0,0,,0,0,0.0,8,1,0,1,,1,39 53:40.603,1.0,0,75 14:12.181,0,0,0,0,67301,0,0,0,N,0,0,0,3,67301,0,,1,9,45.0,N,N,N,0,,0,0,1,3,2,N,809,0,2,0,0,0,0,0,3,4,1,2,7,7.0,N,,,,,,,,,,,
2022043966,112.0,2,0,0,0,0,0,0,0,0,5,0,,67,3,2022,2,39.9609,-75.2445,110.0,6,0,0,0,0,0,0,0,0,,0,0,0.0,1,3,1,0,N,0,39 57:39.107,,0,75 14:40.147,3,0,0,0,67301,0,0,0,N,0,0,0,1,67301,0,,6,1,,N,N,N,0,,1,0,2,0,0,,105,1,4,0,0,0,0,0,3,4,0,4,3,3.0,N,,,,,,,,,,,
2022029337,1812.0,1,0,0,0,0,0,0,0,0,5,0,,67,3,2022,2,40.0236,-75.1794,1805.0,6,0,0,0,0,0,0,0,1,,0,0,0.0,17,1,2,0,N,0,40 01:25.073,,0,75 10:45.700,3,0,0,0,67301,0,0,0,N,0,0,0,2,67301,0,,1,1,,N,N,N,0,,2,0,2,0,0,,1750,2,3,0,0,0,0,0,3,4,0,3,3,,N,,,,,,,,,,,
2022049292,2114.0,0,0,0,1,0,0,0,0,0,4,0,,67,4,2022,3,39.9709,-75.2409,2113.0,6,0,0,0,0,0,0,0,0,,0,0,0.0,21,3,1,1,,0,39 58:15.274,,0,75 14:27.291,3,0,0,0,67301,1,0,0,N,0,0,0,2,67301,0,,1,1,,N,N,N,0,,1,0,1,3,2,,2112,1,2,0,0,0,0,0,3,4,0,1,3,,N,,,,,,,,,,,
2022036153,2237.0,2,0,0,0,0,0,0,0,0,1,0,,67,4,2022,6,39.9537,-75.1393,2237.0,6,0,0,0,0,1,0,0,0,,0,0,0.0,22,3,1,0,N,0,39 57:13.409,,3,75 08:21.537,8,0,0,0,67301,0,0,0,N,0,0,0,4,67501,0,,1,1,,N,N,N,0,,0,0,0,3,1,,2234,1,2,0,0,0,1,0,3,4,0,2,3,,N,,,,,,,,,,,
2022046717,438.0,1,0,0,0,0,0,0,0,0,5,0,,67,3,2022,7,39.923,-75.1912,416.0,6,0,0,0,0,0,0,0,0,,0,0,0.0,4,3,0,0,N,0,39 55:22.663,,2,75 11:28.455,9,0,0,0,67301,0,0,0,N,0,0,0,2,68K01,0,,1,1,,N,N,N,0,,0,0,0,0,0,,403,0,2,0,0,0,0,1,3,4,0,2,3,,N,,,,,,,,,,,
2022043864,1415.0,0,0,0,0,0,0,0,0,0,8,0,,67,5,2022,2,39.9471,-75.1834,1409.0,6,0,0,0,0,0,0,0,0,,0,0,0.0,12,1,1,0,N,9,39 56:49.470,,0,75 11:00.300,3,0,0,0,67301,1,0,0,N,1,0,0,2,67301,0,,1,1,,N,N,N,0,,1,0,1,0,0,,1255,1,2,0,0,0,0,0,3,4,0,1,3,,N,,,,,,,,,,,
2022043825,1910.0,2,0,0,0,0,0,0,0,0,5,0,,67,4,2022,1,39.9481,-75.1494,1906.0,6,0,0,0,0,0,0,0,0,,0,0,0.0,18,1,1,0,N,2,39 56:53.101,1.0,0,75 08:57.811,3,0,0,0,67301,0,0,0,N,0,0,0,1,67301,0,,6,1,200.0,N,N,N,0,,1,0,0,0,0,N,1850,1,2,0,0,1,0,0,3,4,0,2,3,3.0,N,,,,,,,,,,,
2022050591,1900.0,0,0,0,0,0,0,0,0,0,4,0,,67,5,2022,3,39.9084,-75.1735,1855.0,6,0,0,0,0,0,0,0,0,,1,0,0.0,18,1,0,0,N,2,39 54:30.283,2.0,7,75 10:24.560,1,1,0,1,67301,0,0,0,N,0,0,0,2,67301,0,2.0,1,1,100.0,N,N,N,0,0.0,0,0,1,0,0,N,1840,0,2,0,0,0,0,0,3,4,0,2,3,,N,,,,,,,,,,,
2022045682,1710.0,0,0,0,1,1,0,0,0,0,99,0,,67,5,2022,5,39.919,-75.241,1703.0,6,0,0,0,0,0,0,0,0,,1,0,0.0,17,1,0,0,N,0,39 55:08.440,,0,75 14:27.660,1,0,0,0,67301,1,1,0,N,0,0,0,2,67301,0,2.0,1,1,,N,N,N,0,0.0,0,0,1,0,0,,1701,0,2,0,0,0,0,0,3,4,0,1,3,3.0,N,,,,,,,,,,,
2022048298,1401.0,1,0,0,0,0,0,0,0,0,8,0,,67,5,2022,1,40.0006,-75.1698,1349.0,6,0,0,0,0,0,0,0,0,,0,0,0.0,13,1,1,1,,0,40 00:02.203,,0,75 10:11.143,3,0,0,0,67301,1,0,0,N,1,0,0,2,67301,0,,1,1,,N,N,N,0,,1,0,0,0,0,,1340,1,2,0,0,0,0,0,3,4,0,1,3,,N,,,,,,,,,,,
2022029177,1049.0,1,0,0,0,0,0,0,0,0,4,0,,67,3,2022,1,40.0341,-75.2083,1049.0,6,0,0,0,0,0,0,0,0,,0,0,0.0,10,1,0,2,,0,40 02:02.689,,0,75 12:30.292,0,0,0,0,67301,0,0,0,N,0,0,0,4,67301,0,,1,1,,N,N,N,0,,0,0,1,3,2,,1046,0,2,0,0,0,0,0,3,4,0,2,3,3.0,N,,,,,,,,,,,
2022020887,358.0,2,0,0,0,0,0,0,0,0,5,0,,67,2,2022,1,40.0322,-75.0816,358.0,6,0,0,0,0,0,0,0,0,,0,0,0.0,3,3,0,0,N,1,40 01:55.950,1.0,0,75 04:53.937,0,0,0,0,67301,0,0,0,N,0,0,0,2,67301,0,,1,1,530.0,N,N,N,0,,0,0,0,0,0,N,350,0,2,0,0,0,0,0,3,4,0,2,3,3.0,N,,,,,,,,,,,
2022016265,2210.0,0,0,0,0,0,0,0,0,0,8,0,,67,2,2022,3,39.9666,-75.2135,2200.0,6,0,0,0,0,0,0,0,0,,0,0,0.0,22,3,1,1,,0,39 57:59.705,,0,75 12:48.690,3,0,0,0,67301,1,0,0,N,1,0,0,2,67301,0,,1,1,,N,N,N,0,,1,0,1,3,2,,2256,1,2,0,0,0,0,0,3,4,0,1,3,3.0,N,,,,,,,,,,,
2022051513,832.0,2,0,0,0,0,0,0,0,0,5,0,,67,5,2022,2,39.9367,-75.2342,820.0,6,0,0,0,0,0,0,0,0,,0,0,0.0,7,1,0,0,N,0,39 56:11.946,,0,75 14:03.215,0,0,0,0,67301,0,0,0,N,0,0,0,1,67301,0,,1,1,,N,N,N,0,,0,0,0,0,0,,742,0,2,0,0,0,0,0,3,4,0,2,3,3.0,N,,,,,,,,,,,
2022042347,1824.0,0,0,0,0,0,0,0,0,0,7,0,,67,4,2022,3,39.9013,-75.1525,1824.0,6,0,0,0,0,0,0,0,0,,0,0,0.0,18,1,0,0,N,0,39 54:04.531,,0,75 09:08.848,0,0,0,0,67301,0,0,0,N,0,0,0,1,68K01,0,,4,9,,N,N,N,1,,0,0,0,0,0,,1824,0,1,0,0,0,0,0,3,4,0,1,7,,N,,,,,,,,,,,
2022029214,2030.0,1,0,0,0,0,0,0,0,0,4,0,,67,3,2022,2,40.0263,-75.0973,2026.0,6,0,0,0,0,0,1,0,0,,0,0,0.0,19,3,1,1,,0,40 01:34.637,,0,75 05:50.189,4,0,0,0,67301,0,0,0,N,0,0,0,2,67301,1,,1,1,,N,N,N,0,,0,0,1,3,2,,1950,1,2,0,0,0,0,0,3,4,0,2,3,,N,,,,,,,,,,,
2022031578,1143.0,0,0,0,1,0,0,1,0,0,4,1,,67,2,2022,4,39.9453,-75.1786,9999.0,6,0,0,0,0,0,1,0,0,,0,0,0.0,99,1,1,1,,0,39 56:42.961,,0,75 10:42.830,8,0,0,0,67301,1,0,0,N,0,0,0,2,67508,0,,1,1,,,,N,0,,0,0,0,3,2,,9999,1,2,0,0,0,1,0,3,4,0,1,3,3.0,N,,,,,,,,,,,
2022022914,1816.0,0,0,0,0,0,0,0,0,0,7,0,,67,2,2022,2,39.9144,-75.1887,1816.0,6,0,0,0,0,0,0,0,0,,0,0,0.0,18,4,1,0,N,2,39 54:52.000,4.0,3,75 11:19.200,3,0,0,0,67301,0,0,0,N,0,0,0,1,67501,0,,3,1,1830.0,N,N,N,0,,1,0,0,0,0,N,1816,1,1,0,0,0,0,0,3,4,1,1,3,3.0,N,,,,,,,,,,,
2022019671,1945.0,2,0,0,0,0,0,0,0,0,4,0,,67,2,2022,4,40.0146,-75.1567,1945.0,6,0,0,0,0,0,0,0,0,,0,0,0.0,19,3,7,1,,1,40 00:52.752,1.0,0,75 09:24.063,3,0,0,0,67301,0,0,0,N,0,0,0,7,67301,0,,1,1,2145.0,N,N,N,0,,7,0,0,3,2,Y,1942,7,2,0,0,0,0,0,3,4,0,2,3,3.0,N,,,,,,,,,,,
2022043971,241.0,2,0,0,0,0,0,0,0,0,5,0,,67,4,2022,4,39.9608,-75.2442,237.0,6,0,0,0,0,0,0,0,0,,0,0,0.0,2,3,0,0,N,1,39 57:39.002,3.0,0,75 14:39.298,0,0,0,0,67301,0,0,0,N,0,0,0,1,67301,0,,6,1,338.0,N,N,N,0,,0,0,1,0,0,N,232,0,3,0,0,0,0,0,3,4,0,3,3,3.0,N,,,,,,,,,,,
2022044027,742.0,1,0,0,0,0,0,0,0,0,4,0,,67,4,2022,2,39.993,-75.1103,734.0,6,0,0,0,0,0,0,0,0,,0,0,0.0,7,1,2,1,,0,39 59:34.645,,0,75 06:36.928,3,0,0,0,67301,0,0,0,N,0,0,0,3,67301,0,,1,1,,N,N,N,0,,2,0,1,1,2,,728,2,2,0,0,2,0,0,3,4,0,2,4,,N,,,,,,,,,,,
2022020102,821.0,1,0,0,0,0,0,0,0,0,5,0,45.0,67,2,2022,4,40.0122,-75.0594,821.0,6,0,0,0,0,0,0,0,0,,0,0,0.0,8,1,0,0,N,0,40 00:44.017,,0,75 03:33.908,0,0,0,0,67301,0,0,0,N,0,0,0,3,68K01,0,,1,1,,N,N,N,0,,0,0,1,0,0,,820,0,3,0,0,0,0,0,3,4,1,3,3,,Y,4.0,1.0,N,,,N,Y,,,Y,N
2022033767,1926.0,0,0,0,0,0,0,0,0,0,5,0,,67,4,2022,5,39.9097,-75.1564,1925.0,6,0,0,0,0,0,0,0,0,,0,0,0.0,19,3,0,0,N,0,39 54:35.000,,3,75 09:23.000,0,0,0,0,67301,0,0,0,N,0,0,0,2,67501,0,,1,9,,N,N,N,0,,0,0,1,0,0,,1925,0,2,0,0,0,0,0,3,4,0,2,7,,N,,,,,,,,,,,
2022043835,1610.0,1,0,0,0,0,0,0,0,0,4,0,,67,1,2022,4,40.1224,-74.9989,1600.0,6,0,1,0,0,0,0,0,0,,0,0,0.0,15,1,1,2,,1,40 07:20.686,6.0,0,74 59:56.111,3,0,0,0,67301,0,0,0,N,0,0,0,2,67301,0,,1,1,1640.0,N,N,N,0,,1,0,0,3,3,N,1555,1,2,0,0,0,0,0,3,4,1,2,3,,N,,,,,,,,,,,
2022032917,1631.0,0,0,0,0,0,0,0,0,0,7,0,,67,2,2022,3,39.9888,-75.1244,1631.0,6,0,0,0,0,0,0,0,0,,0,0,0.0,16,1,0,2,,0,39 59:19.628,,0,75 07:27.958,0,0,0,0,67301,0,0,0,N,0,0,0,3,67301,0,,4,9,,N,N,N,0,,0,0,1,0,0,,1631,0,1,0,0,0,0,0,3,4,0,1,7,7.0,N,,,,,,,,,,,
2022043843,2325.0,1,0,0,0,0,0,0,0,0,4,0,,67,3,2022,7,40.0423,-75.0256,2319.0,6,0,0,0,0,0,0,0,0,,0,0,0.0,22,3,0,1,,0,40 02:32.362,,0,75 01:32.162,0,0,0,0,67301,0,0,0,N,0,0,0,3,67301,0,,1,1,,N,N,N,1,,0,0,0,3,2,,2230,0,2,0,0,0,0,0,3,4,0,2,3,3.0,N,,,,,,,,,,,
2022016843,1418.0,1,0,0,0,0,0,0,0,0,2,0,,67,2,2022,2,39.9946,-75.1596,1418.0,6,0,0,0,0,0,0,0,0,,0,0,0.0,14,1,1,0,N,0,39 59:40.496,,0,75 09:34.613,3,0,0,0,67301,0,0,0,N,0,0,0,2,67301,0,,1,1,,N,N,N,1,,1,0,1,0,0,,1404,1,3,0,0,1,0,0,3,4,0,3,3,3.0,N,,,,,,,,,,,
2022019558,1805.0,0,0,0,0,0,0,0,0,0,4,0,,67,2,2022,7,40.0292,-75.2183,1757.0,6,0,0,0,0,0,1,0,0,,0,0,0.0,17,3,1,2,,0,40 01:45.084,,0,75 13:05.923,8,0,0,0,67301,0,0,0,N,0,0,0,2,67301,0,,1,1,,N,N,N,0,,0,0,2,3,3,,1755,1,2,0,0,0,1,0,3,4,0,2,3,3.0,N,,,,,,,,,,,
2022047195,2000.0,0,0,0,0,0,0,0,0,0,8,0,,67,4,2022,2,39.9796,-75.2688,2000.0,6,0,0,0,0,0,0,0,0,,0,0,0.0,15,1,1,0,N,0,39 58:46.640,,7,75 16:07.729,8,0,0,0,67301,1,0,0,N,1,0,0,2,67301,0,,1,99,,N,N,N,0,,0,0,1,0,0,,1500,1,2,0,0,0,1,1,3,4,0,1,99,,N,,,,,,,,,,,
2022052963,32.0,0,0,0,0,0,0,0,0,0,8,0,,67,2,2022,6,40.0179,-75.1497,23.0,6,0,0,0,0,0,0,0,0,,0,0,0.0,0,3,1,0,N,2,40 01:04.303,6.0,0,75 08:58.834,2,0,0,0,67301,1,0,1,N,1,0,1,4,67301,0,,1,9,355.0,N,N,Y,0,,0,1,1,0,0,Y,16,1,2,0,0,0,0,0,3,4,0,1,7,4.0,N,,,,,,,,,,,
2022049283,1500.0,1,0,0,0,0,0,0,0,0,4,0,,67,5,2022,5,40.071,-75.201,1554.0,6,0,0,0,0,0,0,1,1,,0,0,0.0,14,1,1,0,N,0,40 04:15.692,,0,75 12:03.760,8,0,0,0,67301,0,0,0,N,0,0,0,2,67301,0,,1,1,,N,N,N,0,,0,0,1,0,0,,1430,1,2,0,0,0,1,0,3,4,0,2,3,3.0,N,,,,,,,,,,,
2022047935,1902.0,0,0,0,0,0,0,0,0,0,7,0,,67,5,2022,1,40.0954,-74.9597,1848.0,6,0,0,0,0,0,0,0,0,,0,0,0.0,18,1,2,5,,0,40 05:43.369,,0,74 57:34.849,3,0,0,0,67301,0,0,0,N,0,0,0,3,67301,0,,5,9,,N,N,N,0,,2,0,1,0,0,,1822,2,1,0,0,0,0,0,3,4,0,1,7,,N,,,,,,,,,,,
2022033239,834.0,1,0,0,0,0,0,0,0,0,1,0,,67,4,2022,3,39.9726,-75.1445,833.0,6,0,0,0,0,0,0,0,0,,0,0,0.0,8,1,2,1,,1,39 58:21.475,1.0,0,75 08:40.059,3,0,0,0,67301,0,0,0,N,0,0,0,3,67301,1,,1,1,930.0,N,N,N,0,,1,0,2,3,2,N,830,2,3,0,0,0,0,0,3,4,0,3,4,4.0,N,,,,,,,,,,,
2022033157,45.0,1,0,0,0,0,0,0,0,0,5,0,,67,4,2022,1,39.9978,-75.1599,39.0,6,0,0,0,0,0,0,0,0,,0,0,0.0,0,3,0,0,N,0,39 59:52.110,,0,75 09:35.750,0,0,0,0,67301,2,0,0,N,0,0,0,3,67301,0,,6,1,,N,N,N,0,,0,0,1,0,0,,25,0,2,0,0,0,0,0,3,4,0,2,3,3.0,N,,,,,,,,,,,
2022044103,1120.0,1,0,0,0,0,0,0,0,0,5,0,,67,5,2022,4,40.041,-75.1442,1120.0,6,0,0,0,0,0,0,0,0,,0,1,0.0,4,6,1,0,N,0,40 02:27.559,,0,75 08:39.116,4,0,0,0,67301,0,0,0,N,0,0,0,2,67301,1,,1,99,,N,N,N,0,,0,0,0,0,0,,400,1,2,0,0,1,0,1,3,4,0,2,99,,N,,,,,,,,,,,
2022030745,1817.0,1,0,0,0,0,0,0,0,0,2,0,,67,3,2022,5,40.0253,-75.0444,1759.0,6,0,0,0,0,0,1,0,0,,0,0,0.0,17,1,0,0,N,1,40 01:31.244,1.0,0,75 02:39.836,0,0,0,0,67301,0,0,0,N,0,0,0,2,67301,0,,1,9,1845.0,N,N,N,0,,0,0,0,0,0,N,1757,0,2,0,0,1,0,0,3,4,1,2,7,,N,,,,,,,,,,,
2022034289,1458.0,1,0,0,0,0,0,0,0,0,7,0,,67,4,2022,5,39.9812,-75.2068,1456.0,6,0,0,0,0,0,0,0,0,,0,0,0.0,14,1,0,0,N,2,39 58:52.365,3.0,0,75 12:24.608,0,0,0,0,67301,0,0,0,N,0,0,0,2,68K01,0,,3,9,45.0,N,N,N,0,,0,0,0,0,0,Y,1449,0,1,0,0,1,0,0,3,4,0,1,7,7.0,N,,,,,,,,,,,
2022032929,303.0,4,0,0,0,0,0,0,0,0,4,0,,67,4,2022,6,39.9834,-75.1294,303.0,6,0,0,0,0,0,0,0,0,,0,0,0.0,3,3,0,1,,0,39 59:00.236,,0,75 07:45.663,0,0,0,0,67301,0,0,0,N,0,0,0,2,67301,0,,1,9,,N,N,N,0,,0,0,3,3,3,,303,0,7,0,0,0,0,0,3,4,0,7,7,7.0,N,,,,,,,,,,,
2022039361,2325.0,3,0,0,0,0,0,0,0,0,5,0,,67,4,2022,1,40.0318,-75.0214,2315.0,6,0,0,0,0,1,0,0,0,,0,0,0.0,22,2,0,0,N,1,40 01:54.455,2.0,3,75 01:17.144,0,0,0,0,67301,0,0,0,N,0,0,0,4,68K01,0,,1,1,2330.0,N,N,N,0,,0,0,0,0,0,N,2245,0,3,0,0,0,0,0,3,4,0,3,3,3.0,N,,,,,,,,,,,
2022034308,804.0,2,0,0,0,0,0,0,0,0,5,0,,67,4,2022,1,39.9602,-75.1909,755.0,6,0,0,0,0,0,0,0,0,,0,0,0.0,7,1,1,1,,0,39 57:36.745,,0,75 11:27.211,8,0,0,0,67301,0,0,0,N,0,0,0,3,67507,0,,1,1,,N,N,N,0,,0,0,0,3,2,,755,1,2,0,0,0,1,0,3,4,0,2,3,,N,,,,,,,,,,,
2022029277,201.0,1,0,0,0,0,0,0,0,0,8,0,,67,3,2022,2,40.0319,-75.1315,155.0,6,0,0,0,0,0,0,0,0,,0,0,0.0,1,3,2,1,,0,40 01:54.746,,0,75 07:53.410,4,0,0,0,67301,2,0,0,N,2,0,0,3,67301,2,,1,1,,N,N,N,0,,0,0,0,3,2,,140,2,3,0,0,0,0,1,3,4,0,1,3,3.0,N,,,,,,,,,,,
2022046226,2135.0,2,0,0,0,0,0,0,0,0,5,0,,67,5,2022,1,40.009,-75.0678,2120.0,6,0,0,0,0,0,0,0,0,,0,0,0.0,21,3,0,0,N,0,40 00:32.443,,0,75 04:04.098,0,0,0,0,67301,0,0,0,N,0,0,0,4,68K01,0,,2,1,,N,N,N,0,,0,0,0,0,0,,2111,0,2,0,0,0,0,0,3,4,0,2,3,3.0,N,,,,,,,,,,,
2022048194,728.0,0,0,0,0,0,0,0,0,0,7,0,,67,5,2022,5,39.8891,-75.202,718.0,6,0,0,0,0,0,0,0,0,,0,0,0.0,7,1,1,0,N,1,39 53:20.713,1.0,3,75 12:07.292,3,0,0,0,67301,0,0,0,N,0,0,0,1,68K01,0,,2,1,800.0,N,N,N,1,,1,0,0,0,0,N,717,1,1,0,0,1,0,0,3,4,0,1,3,3.0,N,,,,,,,,,,,
2022020747,1350.0,0,0,0,0,0,0,0,0,0,1,0,,67,2,2022,2,40.0317,-75.1028,1355.0,6,0,0,0,0,0,0,0,0,,0,0,0.0,13,1,0,0,N,1,40 01:54.120,4.0,0,75 06:10.070,0,0,0,0,67301,0,0,0,N,0,0,0,2,67301,0,,1,1,1430.0,N,N,N,0,,0,0,0,0,0,N,1300,0,2,0,0,0,0,0,3,4,2,2,3,3.0,N,,,,,,,,,,,
2022019610,1859.0,1,0,0,0,0,0,0,0,0,4,0,,67,2,2022,6,40.0228,-75.0638,1854.0,6,0,0,0,0,0,1,0,0,,0,0,0.0,18,3,1,1,,0,40 01:22.119,,0,75 03:49.791,8,0,0,0,67301,0,0,0,N,0,0,0,3,67301,0,,1,1,,N,N,N,0,,0,0,1,3,3,,1850,1,2,0,0,0,1,0,3,4,0,2,3,3.0,N,,,,,,,,,,,
2022043830,1945.0,1,0,0,0,0,0,0,0,0,8,0,,67,5,2022,4,39.9506,-75.1406,1935.0,6,0,0,0,0,0,0,0,0,,0,0,0.0,19,1,1,0,N,0,39 57:02.190,,7,75 08:26.103,8,0,0,0,67301,1,0,0,N,1,0,0,2,67301,0,,5,1,,N,N,N,0,,0,0,0,0,0,,1930,1,2,0,0,0,1,0,3,4,0,1,3,3.0,N,,,,,,,,,,,
2022029971,1520.0,3,0,0,0,0,0,0,0,0,4,0,,67,3,2022,6,39.9249,-75.1642,1519.0,6,0,0,0,0,0,0,0,1,,0,0,0.0,15,1,3,1,,0,39 55:29.719,,0,75 09:51.102,4,0,0,0,67301,0,0,0,N,0,0,0,3,67301,3,,1,1,,N,N,Y,0,,0,0,1,3,3,,1515,3,5,0,0,0,0,0,3,4,1,5,3,3.0,N,,,,,,,,,,,
2022051921,550.0,1,0,0,0,0,0,0,0,0,7,0,,67,5,2022,6,39.9329,-75.2,542.0,6,0,0,0,0,0,0,0,0,,0,0,0.0,5,5,1,0,N,2,39 55:58.358,4.0,0,75 12:00.126,3,0,0,0,67301,0,0,0,N,0,0,0,1,68K01,0,,3,9,616.0,N,N,N,0,,1,0,0,0,0,N,537,1,1,0,0,0,0,0,3,4,0,1,7,,N,,,,,,,,,,,
2022024351,1933.0,1,0,0,0,0,0,0,0,0,4,0,,67,3,2022,1,40.0595,-75.052,1923.0,6,0,0,0,0,0,0,1,0,,0,0,0.0,19,3,2,1,,1,40 03:34.390,1.0,0,75 03:07.429,3,0,0,0,67301,0,0,0,N,0,0,0,3,67301,0,,1,1,1933.0,N,N,N,0,,2,0,1,3,2,N,1915,2,2,0,0,0,0,0,3,4,0,2,3,,N,,,,,,,,,,,
2022044022,335.0,2,0,0,0,0,0,0,0,0,4,0,,67,3,2022,4,39.993,-75.1197,330.0,6,0,0,0,0,0,0,0,0,,0,0,0.0,20,3,2,2,,9,39 59:34.915,,0,75 07:11.063,4,0,0,0,67301,0,0,0,N,0,0,0,2,67301,2,,1,1,,N,N,N,0,,0,0,0,3,3,,2053,2,2,0,0,0,0,0,3,4,0,2,3,3.0,N,,,,,,,,,,,
2022045613,525.0,1,0,0,0,0,0,0,0,0,7,0,,67,5,2022,1,39.9462,-75.1425,518.0,6,0,0,0,0,0,0,0,0,,0,0,0.0,5,3,1,0,N,0,39 56:46.279,,0,75 08:32.887,3,0,0,0,67301,0,0,0,N,0,0,0,1,68K01,0,,2,9,,N,N,N,0,,1,0,0,0,0,,513,1,1,0,0,0,0,0,3,4,0,1,7,,N,,,,,,,,,,,