CRN,ARRIVAL_TM,AUTOMOBILE_COUNT,BELTED_DEATH_COUNT,BELTED_SUSP_SERIOUS_INJ_COUNT,BICYCLE_COUNT,BICYCLE_DEATH_COUNT,BICYCLE_SUSP_SERIOUS_INJ_COUNT,BUS_COUNT,CHLDPAS_DEATH_COUNT,CHLDPAS_SUSP_SERIOUS_INJ_COUNT,COLLISION_TYPE,COMM_VEH_COUNT,CONS_ZONE_SPD_LIM,COUNTY,CRASH_MONTH,CRASH_YEAR,DAY_OF_WEEK,DEC_LAT,DEC_LONG,DISPATCH_TM,DISTRICT,DRIVER_COUNT_16YR,DRIVER_COUNT_17YR,DRIVER_COUNT_18YR,DRIVER_COUNT_19YR,DRIVER_COUNT_20YR,DRIVER_COUNT_50_64YR,DRIVER_COUNT_65_74YR,DRIVER_COUNT_75PLUS,EST_HRS_CLOSED,FATAL_COUNT,HEAVY_TRUCK_COUNT,HORSE_BUGGY_COUNT,HOUR_OF_DAY,ILLUMINATION,INJURY_COUNT,INTERSECT_TYPE,INTERSECTION_RELATED,LANE_CLOSED,LATITUDE,LN_CLOSE_DIR,LOCATION_TYPE,LONGITUDE,MAX_SEVERITY_LEVEL,MCYCLE_DEATH_COUNT,MCYCLE_SUSP_SERIOUS_INJ_COUNT,MOTORCYCLE_COUNT,MUNICIPALITY,NONMOTR_COUNT,NONMOTR_DEATH_COUNT,NONMOTR_SUSP_SERIOUS_INJ_COUNT,NTFY_HIWY_MAINT,PED_COUNT,PED_DEATH_COUNT,PED_SUSP_SERIOUS_INJ_COUNT,PERSON_COUNT,POLICE_AGCY,POSSIBLE_INJ_COUNT,RDWY_SURF_TYPE_CD,RELATION_TO_ROAD,ROAD_CONDITION,ROADWAY_CLEARED,SCH_BUS_IND,SCH_ZONE_IND,SECONDARY_CRASH,SMALL_TRUCK_COUNT,SPEC_JURIS_CD,SUSP_MINOR_INJ_COUNT,SUSP_SERIOUS_INJ_COUNT,SUV_COUNT,TCD_FUNC_CD,TCD_TYPE,TFC_DETOUR_IND,TIME_OF_DAY,TOT_INJ_COUNT,TOTAL_UNITS,UNB_DEATH_COUNT,UNB_SUSP_SERIOUS_INJ_COUNT,UNBELTED_OCC_COUNT,UNK_INJ_DEG_COUNT,UNK_INJ_PER_COUNT,URBAN_AREA,URBAN_RURAL,VAN_COUNT,VEHICLE_COUNT,WEATHER1,WEATHER2,WORK_ZONE_IND,WORK_ZONE_LOC,WORK_ZONE_TYPE,WORKERS_PRES,WZ_CLOSE_DETOUR,WZ_FLAGGER,WZ_LAW_OFFCR_IND,WZ_LN_CLOSURE,WZ_MOVING,WZ_OTHER,WZ_SHLDER_MDN,WZ_WORKERS_INJ_KILLED
2022024923,2026.0,1,0,0,0,0,0,0,0,0,1,0,,67,3,2022,2,39.9799,-75.1182,2018.0,6,0,0,0,0,0,0,0,0,,0,0,0.0,19,3,1,0,N,0,39 58:47.568,,0,75 07:05.521,3,0,0,0,67301,1,0,0,N,0,0,0,2,67301,0,,6,9,,N,N,N,0,,1,0,1,0,0,,1957,1,2,0,0,0,0,0,3,4,0,2,7,,N,,,,,,,,,,,
2022030860,1015.0,1,0,0,0,0,0,0,0,0,99,0,,67,3,2022,1,39.9729,-75.1708,1015.0,6,0,0,0,0,0,0,0,0,,0,0,0.0,9,5,0,0,N,0,39 58:22.522,,0,75 10:14.747,9,0,0,0,67301,0,0,0,N,0,0,0,1,67301,0,,9,1,,N,N,N,0,,0,0,0,0,0,,900,0,1,0,0,0,0,1,3,4,0,1,4,4.0,N,,,,,,,,,,,
2022026257,6.0,2,0,0,0,0,0,0,0,0,4,0,,67,3,2022,4,39.9473,-75.1479,6.0,6,0,0,0,0,0,0,0,0,,0,0,0.0,0,3,2,1,,0,39 56:50.249,,0,75 08:52.614,3,0,0,0,67301,0,0,0,N,0,0,0,2,67301,0,,1,1,,N,N,N,0,,2,0,0,3,2,,6,2,2,0,0,0,0,0,3,4,0,2,3,3.0,N,,,,,,,,,,,
2022016152,1055.0,1,0,0,0,0,0,0,0,0,4,0,,67,2,2022,6,39.885,-75.2502,1055.0,6,0,0,0,0,0,0,0,0,,0,0,0.0,8,1,1,2,,0,39 53:06.592,,0,75 15:00.311,4,0,0,0,67301,0,0,0,N,0,0,0,2,67301,1,,1,99,,N,N,N,0,,0,0,1,3,1,,815,1,2,0,0,0,0,1,3,4,0,2,3,3.0,N,,,,,,,,,,,
2022020703,2000.0,1,0,0,0,0,0,0,0,0,4,0,,67,2,2022,5,39.9776,-75.2109,2000.0,6,0,0,0,0,0,1,0,0,,0,0,0.0,16,1,1,1,,0,39 58:39.216,,0,75 12:39.261,8,0,0,0,67301,0,0,0,N,0,0,0,2,67301,0,,1,1,,N,N,N,0,,0,0,1,3,3,,1600,1,2,0,0,0,1,1,3,4,0,2,3,,N,,,,,,,,,,,
2022032899,28.0,2,0,0,0,0,0,0,0,0,4,0,,67,3,2022,5,39.97,-75.2082,25.0,6,0,0,0,0,0,0,0,0,,0,0,0.0,0,3,0,1,,0,39 58:12.104,,0,75 12:29.649,9,0,0,0,67301,0,0,0,N,0,0,0,3,67301,0,,1,1,,N,N,N,0,,0,0,1,3,3,,1,0,3,0,0,0,0,2,3,4,0,3,3,,N,,,,,,,,,,,
2022020129,1953.0,1,0,0,0,0,0,0,0,0,1,0,,67,2,2022,4,39.9395,-75.2227,1953.0,6,0,0,0,0,0,0,0,0,,0,0,0.0,19,3,0,0,N,0,39 56:22.090,,0,75 13:21.730,0,0,0,0,67301,0,0,0,N,0,0,0,1,67301,0,,6,1,,N,N,N,0,,0,0,1,0,0,,1952,0,2,0,0,0,0,0,3,4,0,2,3,3.0,N,,,,,,,,,,,
2022023770,2230.0,1,0,0,0,0,0,0,0,0,1,0,,67,3,2022,5,39.9747,-75.1843,2230.0,6,0,0,0,0,0,0,0,0,,0,0,0.0,22,3,0,0,N,1,39 58:28.789,4.0,0,75 11:03.493,0,0,0,0,67301,0,0,0,N,0,0,0,1,67301,0,,1,1,2350.0,N,N,N,0,,0,0,1,0,0,Y,2230,0,2,0,0,1,0,0,3,4,0,2,3,3.0,N,,,,,,,,,,,
2022027439,2322.0,1,0,0,0,0,0,0,0,0,4,0,,67,2,2022,5,39.9513,-75.1991,2322.0,6,0,0,0,0,0,0,0,0,,0,0,0.0,23,3,1,1,,1,39 57:04.584,2.0,0,75 11:56.878,3,0,0,0,67301,0,0,0,N,0,0,0,2,67504,0,,1,9,2345.0,N,N,N,0,,1,0,1,3,2,N,2322,1,2,0,0,0,0,0,3,4,0,2,7,,N,,,,,,,,,,,
2022019663,534.0,1,0,0,0,0,0,0,0,0,1,0,,67,2,2022,4,40.0437,-75.126,529.0,6,0,0,0,0,0,1,0,0,,0,0,0.0,5,3,2,1,,0,40 02:37.443,,0,75 07:33.463,3,0,0,0,67301,1,0,0,N,0,0,0,3,67301,0,,1,1,,N,N,Y,0,,2,0,1,3,3,,525,2,3,0,0,0,0,0,3,4,1,3,3,,N,,,,,,,,,,,
2022023729,1930.0,1,0,0,0,0,0,0,0,0,4,0,,67,3,2022,6,40.0947,-74.9687,1920.0,6,0,1,0,0,0,0,0,0,,0,0,0.0,19,3,0,1,,0,40 05:41.399,,0,74 58:07.319,0,0,0,0,67301,0,0,0,N,0,0,0,2,67301,0,,1,1,,N,N,N,0,,0,0,1,3,1,,1910,0,2,0,0,0,0,0,3,4,0,2,3,3.0,N,,,,,,,,,,,
2022029710,1311.0,1,0,0,0,0,0,0,0,0,8,0,,67,3,2022,5,39.9544,-75.1714,1307.0,6,0,0,0,0,0,0,0,0,,0,0,0.0,13,1,1,1,,0,39 57:15.792,,0,75 10:16.917,3,0,0,0,67301,1,0,0,N,1,0,0,2,67301,0,,1,9,,N,N,N,0,,1,0,0,3,2,,1307,1,2,0,0,0,0,0,3,4,0,1,4,,N,,,,,,,,,,,
2022043903,40.0,3,0,0,0,0,0,0,0,0,4,0,,67,5,2022,1,40.0548,-75.1769,38.0,6,0,0,0,0,0,0,0,0,,0,0,0.0,0,3,1,0,N,0,40 03:17.146,,0,75 10:36.684,3,0,0,0,67301,0,0,0,N,0,0,0,2,67301,0,,1,1,,N,N,Y,0,,1,0,0,0,0,,30,1,3,0,0,0,0,1,3,4,0,3,3,,N,,,,,,,,,,,
2022016842,908.0,1,0,0,0,0,0,0,0,0,5,0,,67,2,2022,3,40.036,-75.1862,902.0,6,0,0,0,0,0,1,0,0,,0,0,0.0,8,1,1,0,N,0,40 02:09.549,,0,75 11:10.423,8,0,0,0,67301,0,0,0,N,0,0,0,3,67301,0,,1,1,,N,N,N,0,,0,0,0,0,0,,836,1,2,0,0,2,1,0,3,4,1,2,3,3.0,N,,,,,,,,,,,
2022030313,1626.0,0,0,0,0,0,0,0,0,0,4,0,,67,3,2022,3,40.0272,-75.0645,1625.0,6,0,0,0,0,0,0,1,0,,0,0,0.0,16,1,0,0,N,0,40 01:37.937,,7,75 03:52.284,0,0,0,0,67301,0,0,0,N,0,0,0,2,67301,0,,1,1,,N,N,N,0,,0,0,2,0,0,,1620,0,2,0,0,1,0,0,3,4,0,2,3,3.0,N,,,,,,,,,,,
2022024930,40.0,1,0,0,0,0,0,0,0,0,4,0,,67,3,2022,6,39.9573,-75.1523,36.0,6,0,0,0,0,0,0,0,0,,0,0,0.0,0,3,0,1,,0,39 57:26.357,,2,75 09:08.042,0,0,0,0,67301,0,0,0,N,0,0,0,2,67301,0,,1,1,,N,N,N,0,,0,0,1,3,2,,32,0,2,0,0,0,0,0,3,4,0,2,3,3.0,N,,,,,,,,,,,
2022029233,701.0,1,0,0,0,0,0,0,0,0,4,0,,67,3,2022,6,39.9509,-75.2307,700.0,6,0,0,0,0,0,2,0,0,,0,0,0.0,6,1,1,1,,0,39 57:03.330,,0,75 13:50.354,8,0,0,0,67301,0,0,0,N,0,0,0,2,67301,0,,1,1,,N,N,N,0,,0,0,1,3,2,,659,1,2,0,0,0,1,0,3,4,0,2,5,5.0,N,,,,,,,,,,,
2022015584,2123.0,2,0,0,0,0,0,0,0,0,1,0,,67,2,2022,2,40.0266,-75.1508,2123.0,6,0,0,1,0,0,0,0,0,,0,0,0.0,20,3,1,5,,0,40 01:35.652,,0,75 09:02.847,8,0,0,0,67301,0,0,0,N,0,0,0,3,67301,0,,1,1,,N,N,Y,0,,0,0,0,3,2,,2000,1,3,0,0,0,1,2,3,4,0,3,3,3.0,N,,,,,,,,,,,
2022047518,1245.0,4,0,0,0,0,0,0,0,0,4,0,,67,5,2022,6,40.0296,-75.1752,1240.0,6,0,0,0,0,0,0,1,0,,0,0,0.0,11,1,1,0,N,0,40 01:46.477,,0,75 10:30.592,8,0,0,0,67301,0,0,0,N,0,0,0,1,67301,0,,6,1,,N,N,N,1,,0,0,0,0,0,,1130,1,5,0,0,0,1,0,3,4,0,5,3,3.0,N,,,,,,,,,,,
2022048346,1813.0,2,0,0,0,0,0,0,0,0,1,0,,67,5,2022,7,39.9449,-75.1427,1813.0,6,0,0,0,0,0,0,0,0,,0,0,0.0,18,8,0,0,N,0,39 56:41.518,,0,75 08:33.890,9,0,0,0,67301,0,0,0,N,0,0,0,5,68K01,0,,1,9,,N,N,N,0,,0,0,1,0,0,,1812,0,4,0,0,0,0,1,3,4,0,4,7,,N,,,,,,,,,,,
2022048643,1411.0,0,0,0,0,0,0,0,0,0,1,0,,67,5,2022,1,40.0145,-75.0551,1355.0,6,0,0,0,0,0,1,0,0,,0,0,0.0,13,1,3,0,N,0,40 00:52.139,,0,75 03:18.470,3,0,0,0,67301,0,0,0,N,0,0,0,4,68K01,0,,1,1,,N,N,N,0,,1,0,2,0,0,,1351,3,2,0,0,0,2,0,3,4,0,2,3,3.0,N,,,,,,,,,,,
2022038724,933.0,1,0,0,0,0,0,0,0,0,8,0,,67,4,2022,2,39.9599,-75.1938,931.0,6,0,0,0,0,0,0,0,0,,0,0,0.0,9,1,1,1,,0,39 57:35.571,,0,75 11:37.629,3,0,0,0,67301,1,0,0,N,1,0,0,2,67507,0,,1,1,,N,N,N,0,,1,0,0,3,2,,925,1,2,0,0,0,0,0,3,4,0,1,3,3.0,N,,,,,,,,,,,
2022033734,2135.0,1,0,0,0,0,0,0,0,0,7,0,,67,4,2022,6,39.9578,-75.161,2135.0,6,0,0,0,0,0,0,0,0,,0,0,0.0,21,3,0,0,N,2,39 57:27.934,4.0,0,75 09:39.625,0,0,0,0,67301,0,0,0,N,0,0,0,1,68T07,0,,3,1,2200.0,N,N,N,0,,0,0,0,0,0,N,2135,0,1,0,0,1,0,0,3,4,0,1,3,,N,,,,,,,,,,,
2022039356,1843.0,2,0,0,0,0,0,0,0,0,5,0,,67,3,2022,5,39.9595,-75.181,1843.0,6,0,0,0,0,0,0,0,0,,0,0,0.0,18,3,1,0,N,2,39 57:34.330,3.0,0,75 10:51.474,4,0,0,0,67301,0,0,0,N,0,0,0,10,68K01,1,,1,1,1945.0,N,N,N,1,,0,0,1,0,0,N,1843,1,5,0,0,0,0,1,3,4,1,5,3,3.0,N,,,,,,,,,,,
2022045597,1504.0,2,0,0,0,0,0,0,0,0,5,0,,67,4,2022,3,39.8993,-75.1771,1436.0,6,0,0,0,0,0,0,0,0,,0,0,0.0,14,1,2,0,N,1,39 53:57.351,2.0,0,75 10:37.637,3,0,0,0,67301,0,0,0,N,0,0,0,3,68K01,0,,1,1,1550.0,N,N,N,0,,2,0,0,0,0,N,1433,2,2,0,0,0,0,0,3,4,0,2,3,3.0,N,,,,,,,,,,,
2022021537,757.0,1,0,0,0,0,0,0,0,0,4,0,,67,2,2022,4,40.0899,-74.9842,756.0,6,0,0,0,0,0,0,0,0,,0,0,0.0,7,1,2,1,,1,40 05:23.612,3.0,0,74 59:03.258,3,0,0,0,67301,0,0,0,N,0,0,0,2,67301,0,,1,9,910.0,N,N,N,0,,2,0,1,3,2,Y,754,2,2,0,0,0,0,0,3,4,0,2,4,4.0,N,,,,,,,,,,,
2022049518,1415.0,1,0,0,0,0,0,0,0,0,4,1,,67,5,2022,4,39.9919,-75.1093,1355.0,6,0,0,0,1,0,1,0,0,,0,1,0.0,13,1,1,2,,0,39 59:30.833,,0,75 06:33.594,4,0,0,0,67301,0,0,0,N,0,0,0,2,67508,1,,1,1,,N,N,Y,0,,0,0,0,3,3,,1355,1,2,0,0,0,0,0,3,4,0,2,3,3.0,N,,,,,,,,,,,
2022000513,853.0,1,0,0,0,0,0,0,0,0,1,0,,67,1,2022,7,39.9822,-75.1705,845.0,6,0,0,0,0,0,0,0,0,,0,0,0.0,7,1,0,0,N,0,39 58:55.860,,0,75 10:13.890,0,0,0,0,67301,0,0,0,N,0,0,0,1,67301,0,,6,9,,N,N,N,2,,0,0,0,0,0,,753,0,3,0,0,0,0,0,3,4,0,3,4,7.0,N,,,,,,,,,,,
2022000591,1335.0,1,0,0,0,0,0,0,0,0,4,0,,67,1,2022,2,39.9824,-75.1628,1333.0,6,0,0,0,0,1,1,0,0,,0,0,0.0,13,1,0,2,,0,39 58:56.805,,0,75 09:46.227,0,0,0,0,67301,0,0,0,N,0,0,0,2,67505,0,,1,9,,N,N,N,0,,0,0,2,3,3,,1325,0,3,0,0,0,0,0,3,4,0,3,10,7.0,N,,,,,,,,,,,
2022005495,831.0,0,0,0,0,0,0,0,0,0,7,0,,67,1,2022,7,39.9885,-75.0883,826.0,6,0,0,0,0,0,0,0,0,,0,0,0.0,8,1,4,0,N,1,39 59:18.662,1.0,0,75 05:17.884,8,0,0,0,67301,0,0,0,Y,0,0,0,4,68K01,0,,4,1,900.0,N,N,N,0,,0,0,1,0,0,N,819,4,1,0,0,0,4,0,3,4,0,1,3,,N,,,,,,,,,,,
2022004274,428.0,4,0,0,0,0,0,0,0,0,4,0,,67,1,2022,2,40.0014,-75.1273,421.0,6,0,0,0,0,0,0,0,0,,0,0,0.0,3,3,0,2,,0,40 00:05.158,,0,75 07:38.326,0,0,0,0,67301,0,0,0,N,0,0,0,2,67301,0,,1,1,,N,N,N,0,,0,0,1,3,3,,341,0,5,0,0,0,0,0,3,4,0,5,3,3.0,N,,,,,,,,,,,
2022004299,1353.0,2,0,0,0,0,0,0,0,0,5,0,,67,1,2022,5,40.0275,-75.1656,1350.0,6,0,0,0,0,0,1,0,0,,0,0,0.0,13,1,1,0,N,1,40 01:38.830,5.0,0,75 09:56.040,3,0,0,0,67301,0,0,0,N,0,0,0,1,67301,0,,6,1,1425.0,N,N,N,0,,1,0,1,0,0,N,1345,1,3,0,0,0,0,0,3,4,0,3,3,3.0,N,,,,,,,,,,,
2022032846,2033.0,2,0,0,0,0,0,0,0,0,4,0,,67,4,2022,1,40.0631,-75.0866,2033.0,6,0,1,0,0,0,0,0,0,,0,0,0.0,20,3,0,2,,1,40 03:47.162,4.0,0,75 05:11.542,0,0,0,0,67301,0,0,0,N,0,0,0,2,67301,0,,1,1,2100.0,N,N,N,0,,0,0,0,3,2,N,2033,0,2,0,0,0,0,0,3,4,0,2,3,,N,,,,,,,,,,,
2022000226,208.0,2,0,0,0,0,0,0,0,0,1,0,,67,1,2022,7,40.0348,-75.1311,208.0,6,0,0,0,0,0,0,0,0,,0,0,0.0,2,3,0,0,N,0,40 02:05.400,,0,75 07:51.800,9,0,0,0,67301,0,0,0,N,0,0,0,1,67301,0,,6,9,,N,N,N,0,,0,0,1,0,0,,200,0,3,0,0,0,0,1,3,4,0,3,4,4.0,N,,,,,,,,,,,
2022000185,1745.0,2,0,0,0,0,0,0,0,0,5,0,,67,1,2022,7,40.0512,-75.1187,1745.0,6,0,0,0,0,0,0,0,0,,0,0,0.0,15,1,1,1,,0,40 03:04.174,,0,75 07:07.232,4,0,0,0,67301,0,0,0,N,0,0,0,6,67301,1,,1,9,,N,N,N,0,,0,0,1,3,2,,1530,1,3,0,0,4,0,5,3,4,0,3,7,,N,,,,,,,,,,,
2022004281,225.0,2,0,0,0,0,0,0,0,0,4,0,,67,1,2022,7,39.9715,-75.1456,222.0,6,0,0,0,0,1,0,0,0,,0,0,0.0,2,3,1,2,,0,39 58:17.396,,0,75 08:44.239,8,0,0,0,67301,0,0,0,N,0,0,0,2,67301,0,,1,9,,N,N,N,0,,0,0,0,3,3,,220,1,2,0,0,0,1,0,3,4,0,2,7,7.0,N,,,,,,,,,,,
2022004196,1640.0,1,0,0,0,0,0,0,0,0,5,0,,67,1,2022,2,40.126,-75.0059,1630.0,6,0,0,0,0,0,1,0,0,,0,0,0.0,16,1,0,0,N,0,40 07:33.500,,0,75 00:21.220,0,0,0,0,67301,0,0,0,N,0,0,0,1,67301,0,,6,1,,N,N,N,0,,0,0,1,0,0,,1610,0,2,0,0,0,0,0,3,4,0,2,3,,N,,,,,,,,,,,
2022004217,1847.0,2,0,0,0,0,0,0,0,0,4,0,,67,1,2022,6,39.9364,-75.219,1845.0,6,0,1,0,0,0,1,0,0,,0,0,0.0,18,3,2,1,,0,39 56:10.978,,0,75 13:08.360,4,0,0,0,67301,0,0,0,N,0,0,0,2,67301,2,,1,2,,N,N,N,0,,0,0,1,3,2,,1845,2,3,0,0,0,0,0,3,4,0,3,3,3.0,N,,,,,,,,,,,
2022004184,224.0,2,0,0,0,0,0,0,0,0,5,0,,67,1,2022,7,39.9488,-75.1603,224.0,6,0,0,0,0,0,0,0,0,,0,0,0.0,2,3,0,0,N,0,39 56:55.854,,0,75 09:36.922,0,0,0,0,67301,0,0,0,N,0,0,0,6,67301,0,,1,6,,N,N,N,0,,0,0,0,0,0,,220,0,3,0,0,3,0,0,3,4,0,3,3,,N,,,,,,,,,,,
2022004284,135.0,0,0,0,0,0,0,0,0,0,5,0,,67,1,2022,6,39.9873,-75.1408,131.0,6,0,0,0,0,1,0,0,0,,0,0,0.0,1,3,0,0,N,0,39 59:14.170,,0,75 08:26.730,0,0,0,0,67301,0,0,0,N,0,0,0,3,67301,0,,1,9,,N,N,N,1,,0,0,1,0,0,,120,0,2,0,0,0,0,0,3,4,0,2,10,,N,,,,,,,,,,,
2022004268,10.0,1,0,0,0,0,0,0,0,0,5,0,,67,1,2022,2,39.9871,-75.1753,6.0,6,0,0,0,0,0,0,0,0,,0,0,0.0,0,3,1,0,N,0,39 59:13.700,,0,75 10:31.000,4,0,0,0,67301,0,0,0,N,0,0,0,1,67301,1,,6,9,,N,Y,N,1,,0,0,0,0,0,,0,1,2,0,0,0,0,0,3,4,0,2,4,4.0,N,,,,,,,,,,,
2022019619,2247.0,0,0,0,0,0,0,0,0,0,4,0,,67,1,2022,7,39.9517,-75.2369,2243.0,6,0,0,0,0,0,1,0,0,,0,0,0.0,22,3,2,1,,0,39 57:06.123,,0,75 14:12.685,3,0,0,0,67301,0,0,0,N,0,0,0,3,67301,1,,1,9,,N,N,N,0,,1,0,2,3,2,,2227,2,2,0,0,0,0,0,3,4,0,2,7,,N,,,,,,,,,,,
2022032535,955.0,0,0,0,0,0,0,0,0,0,4,2,,67,3,2022,3,39.9506,-75.1617,945.0,6,0,0,0,0,0,0,0,0,,0,2,0.0,9,1,0,1,,0,39 57:02.084,,0,75 09:42.068,0,0,0,0,67301,1,0,0,N,0,0,0,2,67508,0,,1,1,,N,N,Y,0,,0,0,0,3,2,,945,0,2,0,0,1,0,0,3,4,0,2,3,3.0,N,,,,,,,,,,,
2022032052,156.0,0,0,0,0,0,0,1,0,0,4,1,,67,3,2022,1,39.9939,-75.1545,146.0,6,0,0,0,0,0,0,0,0,,0,0,0.0,1,3,2,1,,0,39 59:38.150,,0,75 09:16.063,4,0,0,0,67301,0,0,0,N,0,0,0,4,67508,2,,1,1,,N,N,Y,0,,0,0,0,3,2,,146,2,2,0,0,0,0,0,3,4,0,2,3,3.0,N,,,,,,,,,,,
2022001494,1505.0,1,0,0,1,0,0,0,0,0,4,0,,67,1,2022,4,40.0062,-75.1518,1500.0,6,0,0,0,0,0,0,0,0,,0,0,0.0,15,1,1,1,,0,40 00:22.276,,0,75 09:06.943,3,0,0,0,67301,1,0,0,N,0,0,0,2,67505,0,,1,1,,N,N,N,0,,1,0,0,3,2,,1500,1,2,0,0,0,0,0,3,4,0,1,3,3.0,N,,,,,,,,,,,
2022004173,2152.0,1,0,0,0,0,0,0,0,0,4,0,,67,1,2022,7,40.0422,-75.0802,2152.0,6,0,0,0,0,0,0,0,0,,0,0,0.0,17,1,1,1,,0,40 02:32.010,,0,75 04:48.588,3,0,0,0,67301,0,0,0,N,0,0,0,2,67301,0,,1,99,,N,N,N,0,,1,0,0,3,3,,1750,1,2,0,0,0,0,0,3,4,1,2,3,3.0,N,,,,,,,,,,,
2022004214,1749.0,2,0,0,0,0,0,0,0,0,4,0,,67,1,2022,3,39.9261,-75.2424,1748.0,6,0,0,0,0,0,0,0,0,,0,0,0.0,17,3,1,1,,0,39 55:33.920,,0,75 14:32.499,3,0,0,0,67301,0,0,0,N,0,0,0,3,67301,0,,1,1,,N,N,N,0,,1,0,0,3,2,,1737,1,2,0,0,1,0,0,3,4,0,2,3,3.0,N,,,,,,,,,,,
2022004212,1721.0,1,0,0,0,0,0,0,0,0,7,0,,67,1,2022,2,39.9418,-75.2257,1721.0,6,0,0,0,0,0,0,0,0,,0,0,0.0,17,3,1,0,N,0,39 56:30.400,,0,75 13:32.600,3,0,0,0,67301,0,0,0,N,0,0,0,1,67301,0,,5,1,,N,N,N,0,,1,0,0,0,0,,1715,1,1,0,0,0,0,0,3,4,0,1,3,3.0,N,,,,,,,,,,,
2022004537,35.0,1,0,0,0,0,0,0,0,0,7,0,,67,1,2022,6,40.0152,-75.1699,33.0,6,0,0,0,0,0,0,1,0,,0,0,0.0,0,3,1,1,,0,40 00:54.888,,0,75 10:11.461,3,0,0,0,67301,0,0,0,N,0,0,0,1,67301,0,,4,1,,N,N,N,0,,1,0,0,3,2,,5,1,1,0,0,0,0,0,3,4,0,1,3,3.0,N,,,,,,,,,,,
2022004273,1815.0,2,0,0,0,0,0,0,0,0,4,0,,67,1,2022,7,40.012,-75.1358,1813.0,6,0,0,0,0,0,0,0,0,,0,0,0.0,18,3,1,1,,0,40 00:43.128,,0,75 08:09.038,8,0,0,0,67301,0,0,0,N,0,0,0,2,67301,0,,1,9,,N,N,N,0,,0,0,0,3,2,,1800,1,2,0,0,0,1,0,3,4,0,2,7,,N,,,,,,,,,,,
2022004176,2055.0,1,0,0,0,0,0,0,0,0,8,0,,67,1,2022,1,39.9233,-75.1612,2051.0,6,0,0,0,0,0,0,0,0,,0,0,0.0,20,2,1,1,,0,39 55:23.877,,0,75 09:40.743,3,0,0,0,67301,1,0,0,N,1,0,0,2,67301,0,,1,1,,N,N,N,0,,1,0,0,3,2,,2035,1,2,0,0,0,0,0,3,4,0,1,3,3.0,N,,,,,,,,,,,
2022012033,2250.0,0,0,0,0,0,0,1,0,0,1,1,,67,1,2022,3,40.0633,-74.9855,2230.0,6,0,0,0,0,0,0,0,0,,0,0,0.0,22,3,0,2,,0,40 03:48.178,,0,74 59:08.084,0,0,0,0,67301,0,0,0,N,0,0,0,2,67508,0,,1,1,,N,N,Y,0,,0,0,1,3,2,,2233,0,2,0,0,0,0,0,3,4,0,2,3,3.0,N,,,,,,,,,,,
2022032412,740.0,1,0,0,0,0,0,0,0,0,1,0,,67,3,2022,3,39.9685,-75.1292,730.0,6,0,0,0,0,0,0,0,0,,0,0,0.0,7,1,0,0,N,1,39 58:06.552,2.0,0,75 07:45.118,0,0,0,0,67301,0,0,0,N,0,0,0,2,68K01,0,,1,1,745.0,N,N,N,0,,0,0,1,0,0,N,726,0,2,0,0,0,0,0,3,4,0,2,3,3.0,N,,,,,,,,,,,
2022004188,938.0,1,0,0,0,0,0,0,0,0,1,0,,67,1,2022,3,40.1184,-75.0184,924.0,6,0,0,0,0,0,1,0,0,,0,0,0.0,9,1,1,0,N,0,40 07:06.237,,7,75 01:06.089,4,0,0,0,67301,0,0,0,N,0,0,0,4,67301,1,,1,1,,N,N,Y,0,,0,0,2,0,0,,920,1,3,0,0,0,0,0,3,4,0,3,3,,N,,,,,,,,,,,
2022002551,1409.0,1,0,0,0,0,0,0,0,0,1,0,,67,1,2022,2,39.9082,-75.1469,1409.0,6,0,0,0,0,0,1,0,0,,0,0,0.0,14,1,1,0,N,1,39 54:29.400,3.0,3,75 08:48.900,8,0,0,0,67301,0,0,0,N,0,0,0,2,67501,0,,1,1,1425.0,N,N,N,1,,0,0,0,0,0,N,1409,1,2,0,0,0,1,0,3,4,0,2,3,3.0,N,,,,,,,,,,,
2022004280,2256.0,2,0,0,0,0,0,0,0,0,4,0,,67,1,2022,2,39.9955,-75.1415,2255.0,6,0,0,0,0,0,0,0,0,,0,0,0.0,22,3,1,1,,0,39 59:43.630,,0,75 08:29.400,8,0,0,0,67301,0,0,0,N,0,0,0,2,67301,0,,1,1,,N,N,N,0,,0,0,2,3,2,,2250,1,4,0,0,0,1,0,3,4,0,4,3,3.0,N,,,,,,,,,,,
2022004191,1927.0,1,0,0,0,0,0,0,0,0,4,0,,67,1,2022,4,40.0984,-75.0471,1915.0,6,0,0,0,0,0,0,0,0,,0,0,0.0,19,3,1,1,,0,40 05:54.066,,0,75 02:49.469,3,0,0,0,67301,0,0,0,N,0,0,0,3,67301,0,,1,1,,N,N,N,0,,1,0,2,3,2,,1914,1,3,0,0,0,0,0,3,4,0,3,3,3.0,N,,,,,,,,,,,
2022033160,215.0,1,0,0,0,0,0,0,0,0,4,1,,67,4,2022,1,40.019,-75.1601,213.0,6,0,0,0,0,0,0,0,0,,0,1,0.0,2,3,0,2,,0,40 01:08.450,,0,75 09:36.287,9,0,0,0,67301,0,0,0,N,0,0,0,2,67301,0,,1,1,,N,N,N,0,,0,0,1,3,3,,200,0,3,0,0,0,0,2,3,4,0,3,3,3.0,N,,,,,,,,,,,