CRN,ARRIVAL_TM,AUTOMOBILE_COUNT,BELTED_DEATH_COUNT,BELTED_SUSP_SERIOUS_INJ_COUNT,BICYCLE_COUNT,BICYCLE_DEATH_COUNT,BICYCLE_SUSP_SERIOUS_INJ_COUNT,BUS_COUNT,CHLDPAS_DEATH_COUNT,CHLDPAS_SUSP_SERIOUS_INJ_COUNT,COLLISION_TYPE,COMM_VEH_COUNT,CONS_ZONE_SPD_LIM,COUNTY,CRASH_MONTH,CRASH_YEAR,DAY_OF_WEEK,DEC_LAT,DEC_LONG,DISPATCH_TM,DISTRICT,DRIVER_COUNT_16YR,DRIVER_COUNT_17YR,DRIVER_COUNT_18YR,DRIVER_COUNT_19YR,DRIVER_COUNT_20YR,DRIVER_COUNT_50_64YR,DRIVER_COUNT_65_74YR,DRIVER_COUNT_75PLUS,EST_HRS_CLOSED,FATAL_COUNT,HEAVY_TRUCK_COUNT,HORSE_BUGGY_COUNT,HOUR_OF_DAY,ILLUMINATION,INJURY_COUNT,INTERSECT_TYPE,INTERSECTION_RELATED,LANE_CLOSED,LATITUDE,LN_CLOSE_DIR,LOCATION_TYPE,LONGITUDE,MAX_SEVERITY_LEVEL,MCYCLE_DEATH_COUNT,MCYCLE_SUSP_SERIOUS_INJ_COUNT,MOTORCYCLE_COUNT,MUNICIPALITY,NONMOTR_COUNT,NONMOTR_DEATH_COUNT,NONMOTR_SUSP_SERIOUS_INJ_COUNT,NTFY_HIWY_MAINT,PED_COUNT,PED_DEATH_COUNT,PED_SUSP_SERIOUS_INJ_COUNT,PERSON_COUNT,POLICE_AGCY,POSSIBLE_INJ_COUNT,RDWY_SURF_TYPE_CD,RELATION_TO_ROAD,ROAD_CONDITION,ROADWAY_CLEARED,SCH_BUS_IND,SCH_ZONE_IND,SECONDARY_CRASH,SMALL_TRUCK_COUNT,SPEC_JURIS_CD,SUSP_MINOR_INJ_COUNT,SUSP_SERIOUS_INJ_COUNT,SUV_COUNT,TCD_FUNC_CD,TCD_TYPE,TFC_DETOUR_IND,TIME_OF_DAY,TOT_INJ_COUNT,TOTAL_UNITS,UNB_DEATH_COUNT,UNB_SUSP_SERIOUS_INJ_COUNT,UNBELTED_OCC_COUNT,UNK_INJ_DEG_COUNT,UNK_INJ_PER_COUNT,URBAN_AREA,URBAN_RURAL,VAN_COUNT,VEHICLE_COUNT,WEATHER1,WEATHER2,WORK_ZONE_IND,WORK_ZONE_LOC,WORK_ZONE_TYPE,WORKERS_PRES,WZ_CLOSE_DETOUR,WZ_FLAGGER,WZ_LAW_OFFCR_IND,WZ_LN_CLOSURE,WZ_MOVING,WZ_OTHER,WZ_SHLDER_MDN,WZ_WORKERS_INJ_KILLED
2022005295,152.0,1,0,0,0,0,0,0,0,0,7,0,50.0,67,1,2022,1,40.0121,-75.0597,140.0,6,0,0,0,0,0,0,0,0,,0,0,0.0,1,3,0,0,N,2,40 00:43.499,1.0,0,75 03:34.844,0,0,0,0,67301,0,0,0,N,0,0,0,1,68K01,0,,2,9,230.0,N,N,N,0,,0,0,0,0,0,Y,140,0,1,0,0,0,0,0,3,4,0,1,7,,Y,4.0,1.0,N,,,N,,,,Y,N
2022000453,140.0,1,0,0,0,0,0,0,0,0,4,0,,67,1,2022,7,40.0392,-75.0668,130.0,6,0,0,0,0,0,0,0,0,,0,0,0.0,1,3,1,1,,1,40 02:21.254,4.0,0,75 04:00.550,3,0,0,0,67301,0,0,0,N,0,0,0,3,67301,0,,1,9,256.0,N,N,N,0,,1,0,1,3,2,N,128,1,2,0,0,0,0,0,3,4,0,2,3,5.0,N,,,,,,,,,,,
2022032530,2340.0,0,0,0,0,0,0,1,0,0,4,1,,67,3,2022,5,39.9496,-75.1539,2330.0,6,0,0,0,0,0,0,0,0,,0,0,0.0,23,3,3,1,,0,39 56:58.614,,0,75 09:14.075,8,0,0,0,67301,0,0,0,N,0,0,0,3,67508,0,,1,98,,N,N,Y,0,,0,0,1,9,2,N,2325,3,2,0,0,0,3,0,3,4,0,2,98,98.0,N,,,,,,,,,,,
2022004269,2120.0,3,0,0,0,0,0,0,0,0,4,0,,67,1,2022,2,39.972,-75.1637,2106.0,6,0,0,0,0,0,0,0,0,,0,0,0.0,20,3,1,0,N,0,39 58:19.251,,7,75 09:49.452,4,0,0,0,67301,0,0,0,N,0,0,0,3,67301,1,,1,1,,N,N,N,0,,0,0,0,0,0,,2042,1,3,0,0,0,0,0,3,4,0,3,3,3.0,N,,,,,,,,,,,
2022004219,50.0,1,0,0,0,0,0,0,0,0,4,0,,67,1,2022,7,39.9228,-75.2441,50.0,6,0,0,0,0,0,0,0,0,,0,0,0.0,21,3,0,1,,0,39 55:22.148,,0,75 14:38.641,9,0,0,0,67301,0,0,0,N,0,0,0,2,67301,0,,1,99,,N,N,N,0,,0,0,0,3,3,,2145,0,2,0,0,0,0,1,3,4,1,2,3,3.0,N,,,,,,,,,,,
2022033167,957.0,0,0,0,0,0,0,0,0,0,5,0,,67,3,2022,3,39.9345,-75.1999,942.0,6,0,0,1,0,0,0,0,0,,0,0,0.0,9,1,1,0,N,0,39 56:04.049,,0,75 11:59.588,4,0,0,0,67301,0,0,0,N,0,0,0,3,68K01,1,,1,1,,N,N,N,0,,0,0,1,0,0,,940,1,2,0,0,0,0,1,3,4,0,2,3,3.0,N,,,,,,,,,,,
2022004230,1850.0,1,0,0,0,0,0,0,0,0,3,0,,67,1,2022,7,40.0298,-75.1647,1840.0,6,0,0,0,0,0,0,0,1,,0,0,0.0,18,3,0,0,N,0,40 01:47.236,,0,75 09:52.837,0,0,0,0,67301,0,0,0,N,0,0,0,1,67301,0,,6,2,,N,N,N,0,,0,0,1,0,0,,1820,0,3,0,0,0,0,0,3,4,1,3,3,,N,,,,,,,,,,,
2022006634,1840.0,2,0,0,0,0,0,0,0,0,5,0,,67,1,2022,6,40.0029,-75.2228,1816.0,6,1,0,0,0,0,0,0,0,,0,0,0.0,18,3,1,0,N,0,40 00:10.400,,0,75 13:22.140,3,0,0,0,67301,0,0,0,N,0,0,0,6,68K01,0,,1,1,,N,N,N,0,,1,0,0,0,0,,1815,1,2,0,0,0,0,0,3,4,0,2,3,,N,,,,,,,,,,,
2022032317,1852.0,2,0,0,0,0,0,0,0,0,1,0,,67,3,2022,4,39.9681,-75.1304,1852.0,6,0,0,0,0,0,0,0,0,,0,0,0.0,18,1,0,0,N,0,39 58:05.299,,0,75 07:49.378,0,0,0,0,67301,0,0,0,N,0,0,0,2,68K01,0,,1,1,,N,N,N,0,,0,0,0,0,0,,1822,0,2,0,0,0,0,0,3,4,0,2,3,3.0,N,,,,,,,,,,,
2022004260,448.0,2,0,0,0,0,0,0,0,0,4,0,,67,1,2022,7,39.9764,-75.2458,445.0,6,0,0,0,0,0,0,0,0,,0,0,0.0,4,3,0,0,N,0,39 58:34.882,,7,75 14:44.926,0,0,0,0,67301,0,0,0,N,0,0,0,2,67301,0,,1,9,,N,N,N,0,,0,0,3,0,0,,428,0,5,0,0,0,0,0,3,4,0,5,7,7.0,N,,,,,,,,,,,
2022008585,1859.0,1,0,0,0,0,0,0,0,0,7,0,,67,1,2022,7,39.9407,-75.1431,1859.0,6,0,0,0,0,0,0,0,0,,0,0,0.0,18,3,0,0,N,1,39 56:26.661,1.0,0,75 08:35.212,0,0,0,0,67301,0,0,0,N,0,0,0,1,68K01,0,,4,9,1902.0,N,N,N,0,,0,0,0,0,0,N,1859,0,1,0,0,0,0,0,3,4,0,1,7,,N,,,,,,,,,,,
2022004489,2048.0,2,0,0,0,0,0,0,0,0,5,0,,67,1,2022,1,39.9357,-75.1998,2042.0,6,0,0,0,0,0,0,0,0,,0,0,0.0,20,3,0,0,N,1,39 56:08.355,3.0,0,75 11:59.320,0,0,0,0,67301,0,0,0,N,0,0,0,3,68K01,0,,1,9,2115.0,N,N,N,0,,0,0,0,0,0,N,2040,0,2,0,0,0,0,0,3,4,0,2,7,7.0,N,,,,,,,,,,,
2022032939,418.0,2,0,0,0,0,0,0,0,0,4,0,,67,4,2022,1,40.0528,-75.1318,415.0,6,0,0,0,0,0,0,0,0,,0,0,0.0,4,3,0,0,N,0,40 03:10.200,,0,75 07:54.330,0,0,0,0,67301,0,0,0,N,0,0,0,1,67301,0,,1,1,,N,N,N,0,,0,0,0,0,0,,400,0,2,0,0,0,0,0,3,4,0,2,3,,N,,,,,,,,,,,
2022004190,739.0,0,0,0,0,0,0,0,0,0,1,0,,67,1,2022,4,40.059,-75.0446,720.0,6,0,0,0,0,0,0,0,0,,0,0,0.0,7,1,1,0,Y,2,40 03:32.497,3.0,3,75 02:40.411,4,0,0,0,67301,0,0,0,N,0,0,0,2,67301,1,,1,2,810.0,N,N,N,0,,0,0,1,3,2,N,715,1,2,0,0,0,0,0,3,4,1,2,6,98.0,N,,,,,,,,,,,
2022032902,540.0,0,0,0,0,0,0,0,0,0,7,0,,67,1,2022,7,39.9388,-75.2103,538.0,6,0,0,0,0,0,0,0,0,,0,0,0.0,4,3,1,3,,0,39 56:19.790,,0,75 12:37.075,2,0,0,0,67301,0,0,0,N,0,0,0,1,67301,0,,4,9,,N,N,N,0,,0,1,0,0,0,,420,1,1,0,0,0,0,0,3,4,1,1,7,7.0,N,,,,,,,,,,,
2022004162,1302.0,0,0,0,0,0,0,0,0,0,1,0,,67,1,2022,7,39.9106,-75.1856,1301.0,6,0,0,0,0,0,2,1,0,,0,0,0.0,13,1,1,2,,0,39 54:38.006,,0,75 11:08.321,8,0,0,0,67301,0,0,0,N,0,0,0,4,67301,0,,1,1,,N,N,N,1,,0,0,3,3,2,,1300,1,4,0,0,0,1,0,3,4,0,4,3,3.0,N,,,,,,,,,,,
2022004247,802.0,2,0,0,0,0,0,0,0,0,4,0,,67,1,2022,4,39.9675,-75.1939,759.0,6,0,0,0,0,0,0,0,0,,0,0,0.0,7,8,0,0,N,2,39 58:03.100,6.0,0,75 11:38.200,0,0,0,0,67301,0,0,0,N,0,0,0,3,67301,0,,1,2,840.0,N,N,N,1,,0,0,0,0,0,Y,755,0,3,0,0,0,0,0,3,4,0,3,6,,N,,,,,,,,,,,
2022004656,2339.0,1,0,0,0,0,0,0,0,0,7,0,,67,1,2022,7,39.9478,-75.1418,2333.0,6,0,0,0,0,0,0,0,0,,0,0,0.0,23,3,1,0,N,1,39 56:52.117,1.0,1,75 08:30.620,8,0,0,0,67301,0,0,0,N,0,0,0,1,68K01,0,,3,9,2359.0,N,N,N,0,,0,0,0,0,0,N,2332,1,1,0,0,1,1,0,3,4,0,1,4,4.0,N,,,,,,,,,,,
2022004463,1239.0,2,0,0,0,0,0,0,0,0,5,0,,67,1,2022,7,39.9834,-75.2081,1236.0,6,0,0,0,0,0,0,0,0,,0,0,0.0,12,1,2,0,N,0,39 59:00.155,,0,75 12:28.984,4,0,0,0,67301,0,0,0,N,0,0,0,3,68K01,2,,1,9,,N,N,N,0,,0,0,0,0,0,,1234,2,2,0,0,2,0,0,3,4,0,2,7,,N,,,,,,,,,,,
2022005771,2346.0,1,0,0,0,0,0,0,0,0,6,0,,67,1,2022,7,39.9223,-75.1476,2346.0,6,0,0,0,0,0,0,0,0,,0,0,0.0,23,3,2,0,N,2,39 55:20.351,1.0,3,75 08:51.329,3,0,0,0,67301,0,0,0,N,0,0,0,6,68K01,0,,1,9,15.0,N,N,Y,0,,1,0,1,0,0,N,2346,2,2,0,0,1,1,1,3,4,0,2,7,7.0,N,,,,,,,,,,,
2022032844,18.0,1,0,0,0,0,0,0,0,0,1,0,,67,4,2022,6,40.0299,-75.1031,15.0,6,0,0,0,0,0,0,0,0,,0,0,0.0,0,3,1,2,,9,40 01:47.679,,0,75 06:11.073,3,0,0,0,67301,0,0,0,N,0,0,0,2,67301,0,,1,1,,N,N,N,0,,1,0,0,3,2,,5,1,2,0,0,0,0,0,3,4,0,2,4,4.0,N,,,,,,,,,,,
2022033730,2133.0,1,0,0,0,0,0,0,0,0,4,0,,67,3,2022,5,40.0319,-75.0214,2125.0,6,0,0,0,0,0,0,0,0,,0,0,0.0,21,4,0,0,N,2,40 01:54.933,2.0,0,75 01:16.946,0,0,0,0,67301,0,0,0,N,0,0,0,1,68T07,0,,5,9,2150.0,N,N,N,0,,0,0,0,0,0,N,2125,0,1,0,0,0,0,0,3,4,0,1,7,,N,,,,,,,,,,,
2022004270,2321.0,2,0,0,0,0,0,0,0,0,4,0,,67,1,2022,1,39.9972,-75.1193,2320.0,6,0,0,0,0,0,0,0,0,,0,0,0.0,21,3,2,1,,0,39 59:49.981,,0,75 07:09.644,8,0,0,0,67301,0,0,0,N,0,0,0,3,67301,0,,1,1,,N,N,N,0,,0,0,0,3,2,,2125,2,2,0,0,1,2,0,3,4,0,2,99,3.0,N,,,,,,,,,,,
2022032405,740.0,1,0,0,0,0,0,0,0,0,7,0,,67,3,2022,7,39.8898,-75.2404,720.0,6,0,1,0,0,0,0,0,0,,0,0,0.0,7,1,0,0,N,0,39 53:23.188,,0,75 14:25.463,0,0,0,0,67301,0,0,0,N,0,0,0,1,68K01,0,,2,1,,N,N,N,0,,0,0,0,0,0,,717,0,1,0,0,0,0,0,3,4,0,1,3,3.0,N,,,,,,,,,,,
2022032723,1110.0,0,0,0,0,0,0,0,0,0,1,0,,67,3,2022,5,39.9481,-75.1421,1110.0,6,0,0,0,0,0,0,0,0,,0,0,0.0,11,1,0,0,N,0,39 56:53.228,,0,75 08:31.626,9,0,0,0,67301,0,0,0,N,0,0,0,2,68K01,0,,3,9,,N,N,N,0,,0,0,0,0,0,,1106,0,2,0,0,0,0,1,3,4,1,2,7,,N,,,,,,,,,,,
2022004252,1225.0,0,0,0,0,0,0,0,0,0,8,0,,67,1,2022,2,39.9344,-75.1692,1219.0,6,0,0,0,0,0,0,1,0,,0,0,0.0,12,1,1,1,,0,39 56:03.703,,0,75 10:09.296,4,0,0,0,67301,1,0,0,N,1,0,0,2,67301,1,,1,99,,N,N,N,0,,0,0,0,3,3,,1217,1,2,0,0,0,0,0,3,4,1,1,10,10.0,N,,,,,,,,,,,
2022032888,1559.0,0,0,0,0,0,0,0,0,0,4,0,,67,4,2022,2,40.0613,-75.1721,1555.0,6,0,0,0,0,0,2,0,0,,0,0,0.0,15,1,1,1,,0,40 03:40.629,,0,75 10:19.427,3,0,0,0,67301,0,0,0,N,0,0,0,3,67301,0,,1,1,,N,N,N,0,,1,0,2,3,3,,1527,1,2,0,0,0,0,2,3,4,0,2,3,,N,,,,,,,,,,,
2022024373,2355.0,1,0,0,0,0,0,0,0,0,1,0,,67,1,2022,2,39.9894,-75.1677,2354.0,6,0,0,0,0,0,0,0,0,,0,0,0.0,23,3,1,0,N,0,39 59:21.834,,0,75 10:03.701,3,0,0,0,67301,0,0,0,N,0,0,0,1,67301,0,,6,9,,N,N,N,1,,1,0,0,0,0,,2305,1,3,0,0,0,0,0,3,4,1,3,7,9.0,N,,,,,,,,,,,
2022004172,347.0,1,0,0,0,0,0,0,0,0,5,0,,67,1,2022,7,40.0339,-75.085,344.0,6,0,0,0,0,0,0,0,0,,0,0,0.0,3,3,1,0,N,0,40 02:01.960,,0,75 05:05.920,3,0,0,0,67301,0,0,0,N,0,0,0,1,67301,0,,1,1,,N,N,N,0,,1,0,1,0,0,,344,1,2,0,0,0,0,0,3,4,0,2,3,,N,,,,,,,,,,,
2022032870,2041.0,0,0,0,0,0,0,0,0,0,8,0,,67,4,2022,2,40.0783,-74.9904,2039.0,6,0,0,0,0,0,1,0,0,,0,0,0.0,20,3,1,0,N,0,40 04:41.970,,0,74 59:25.490,3,0,0,0,67301,1,0,0,N,1,0,0,2,67301,0,,1,1,,N,N,N,0,,1,0,1,0,0,,2030,1,2,0,0,0,0,0,3,4,0,1,3,,N,,,,,,,,,,,
2022033731,1312.0,1,0,0,0,0,0,0,0,0,1,0,,67,4,2022,6,39.952,-75.141,1302.0,6,0,0,0,1,0,0,0,0,,0,0,0.0,12,1,0,0,N,1,39 57:07.147,1.0,3,75 08:27.594,0,0,0,0,67301,0,0,0,N,0,0,0,2,68T07,0,,1,99,1350.0,N,N,N,1,,0,0,0,0,0,N,1259,0,2,0,0,0,0,0,3,4,0,2,7,7.0,N,,,,,,,,,,,
2022014530,1355.0,0,0,0,0,0,0,0,0,0,8,0,,67,1,2022,1,40.0525,-75.0511,1345.0,6,0,0,0,0,0,0,0,0,,0,0,0.0,13,1,1,0,N,0,40 03:09.096,,7,75 03:03.780,3,0,0,0,67301,1,0,0,N,1,0,0,2,67301,0,,1,9,,N,N,N,1,,1,0,0,0,0,,1335,1,2,0,0,0,0,0,3,4,0,1,7,7.0,N,,,,,,,,,,,
2022032877,744.0,1,0,0,0,0,0,0,0,0,4,0,,67,4,2022,6,39.8923,-75.2227,744.0,6,0,0,0,0,0,2,0,0,,0,0,0.0,7,1,0,0,N,0,39 53:32.390,,0,75 13:21.700,0,0,0,0,67301,0,0,0,N,0,0,0,3,67301,0,,1,9,,N,N,N,1,,0,0,0,3,2,,740,0,2,0,0,0,0,0,3,4,0,2,4,,N,,,,,,,,,,,
2022004171,1112.0,0,0,0,0,0,0,0,0,0,4,0,,67,1,2022,5,40.0561,-75.064,1111.0,6,0,0,0,0,0,0,1,1,,0,0,0.0,11,1,2,1,,1,40 03:21.873,3.0,0,75 03:50.497,3,0,0,0,67301,0,0,0,N,0,0,0,2,67301,0,,1,1,22.0,N,N,N,0,,2,0,2,3,2,N,1107,2,2,0,0,0,0,0,3,4,0,2,3,,N,,,,,,,,,,,
2022004245,147.0,1,0,0,0,0,0,0,0,0,5,0,,67,1,2022,1,39.9647,-75.1965,141.0,6,0,0,0,0,0,0,0,0,,0,0,0.0,0,3,0,0,N,0,39 57:52.970,,0,75 11:47.290,0,0,0,0,67301,0,0,0,N,0,0,0,1,67301,0,,6,9,,N,N,N,1,,0,0,1,0,0,,3,0,3,0,0,0,0,0,3,4,0,3,7,,N,,,,,,,,,,,
2022004224,855.0,2,0,0,0,0,0,0,0,0,5,0,,67,1,2022,1,40.0662,-75.1847,843.0,6,0,0,0,0,0,0,0,0,,0,0,0.0,7,5,0,0,N,2,40 03:58.220,3.0,0,75 11:04.768,9,0,0,0,67301,0,0,0,N,0,0,0,1,67301,0,,6,9,1000.0,N,N,N,0,,0,0,0,0,0,N,730,0,2,0,0,0,0,1,3,4,0,2,3,3.0,N,,,,,,,,,,,
2022032875,1810.0,1,0,0,0,0,0,0,0,0,6,0,,67,3,2022,4,39.9347,-75.2243,1800.0,6,0,0,0,0,0,0,0,0,,0,0,0.0,17,1,1,0,N,0,39 56:04.750,,0,75 13:27.450,8,0,0,0,67301,0,0,0,N,0,0,0,1,67301,0,,1,1,,N,N,N,0,,0,0,0,0,0,,1755,1,2,0,0,0,1,0,3,4,0,2,3,3.0,N,,,,,,,,,,,
2022004302,245.0,2,0,0,0,0,0,0,0,0,4,0,,67,1,2022,6,40.0223,-75.162,239.0,6,0,0,0,0,0,0,0,0,,0,0,0.0,2,3,0,1,,0,40 01:20.289,,0,75 09:43.290,9,0,0,0,67301,0,0,0,N,0,0,0,2,67301,0,,1,7,,N,N,N,0,,0,0,0,3,2,,220,0,2,0,0,1,0,1,3,4,0,2,10,3.0,N,,,,,,,,,,,
2022004180,1615.0,2,0,0,0,0,0,0,0,0,1,0,,67,1,2022,6,39.904,-75.1738,1604.0,6,0,0,0,0,0,1,0,0,,0,0,0.0,16,1,0,0,Y,0,39 54:14.471,,0,75 10:25.555,0,0,0,0,67301,0,0,0,N,0,0,0,2,67301,0,,1,1,,N,N,N,0,,0,0,0,3,2,,1600,0,2,0,0,0,0,0,3,4,0,2,3,3.0,N,,,,,,,,,,,
2022003977,1625.0,1,0,0,0,0,0,0,0,0,5,0,,67,1,2022,1,40.0433,-75.0029,1612.0,6,0,0,0,0,1,0,0,0,,0,0,0.0,16,1,1,0,N,1,40 02:35.955,1.0,0,75 00:10.391,3,0,0,1,67301,0,0,0,N,0,0,0,3,68K01,0,,1,1,1725.0,N,N,N,0,,1,0,0,0,0,N,1610,1,2,0,0,0,0,0,3,4,0,2,3,3.0,N,,,,,,,,,,,
2022000037,200.0,0,0,0,0,0,0,0,0,0,7,0,,67,1,2022,7,40.1049,-75.0277,200.0,6,0,0,0,0,0,0,0,0,,0,0,0.0,1,3,0,0,N,0,40 06:17.591,,0,75 01:39.772,0,0,0,0,67301,0,0,0,N,0,0,0,1,67301,0,,4,9,,N,N,N,0,,0,0,1,0,0,,155,0,1,0,0,0,0,0,3,4,0,1,7,,N,,,,,,,,,,,
2022004286,1630.0,2,0,0,0,0,0,0,0,0,4,0,,67,1,2022,1,39.9742,-75.1333,1629.0,6,0,0,0,0,0,0,0,0,,0,0,0.0,16,4,0,5,,0,39 58:26.987,,1,75 07:59.978,9,0,0,0,67301,0,0,0,N,0,0,0,2,67301,0,,1,9,,N,N,N,0,,0,0,0,3,3,,1600,0,2,0,0,0,0,1,3,4,0,2,7,,N,,,,,,,,,,,
2022032892,2008.0,1,0,0,0,0,0,0,0,0,8,0,,67,3,2022,4,40.0246,-75.0459,2001.0,6,0,0,0,0,0,0,0,0,,0,0,0.0,20,3,1,0,N,0,40 01:28.464,,0,75 02:45.207,8,0,0,0,67301,1,0,0,N,1,0,0,2,67301,0,,1,1,,N,N,N,0,,0,0,0,0,0,,2000,1,2,0,0,0,1,0,3,4,0,1,3,3.0,N,,,,,,,,,,,
2022033511,1237.0,1,0,0,0,0,0,0,0,0,5,0,,67,3,2022,5,39.9586,-75.169,1224.0,6,0,0,0,0,0,0,0,0,,0,0,0.0,12,1,0,0,N,1,39 57:31.125,3.0,0,75 10:08.427,9,0,0,0,67301,0,0,0,N,0,0,0,2,68K01,0,,1,1,1309.0,N,N,N,0,,0,0,1,0,0,N,1222,0,2,0,0,0,0,1,3,4,0,2,3,3.0,N,,,,,,,,,,,
2022004165,1112.0,2,0,0,0,0,0,0,0,0,4,0,,67,1,2022,3,40.0588,-75.0506,1112.0,6,0,0,0,0,0,1,0,0,,0,0,0.0,10,1,0,1,,0,40 03:31.504,,0,75 03:02.099,0,0,0,0,67301,0,0,0,N,0,0,0,3,67301,0,,1,1,,N,N,N,0,,0,0,0,0,0,,1030,0,2,0,0,3,0,0,3,4,0,2,3,3.0,N,,,,,,,,,,,
2022032041,2225.0,1,0,0,0,0,0,1,0,0,1,1,,67,3,2022,6,40.0654,-75.0835,2214.0,6,0,0,0,0,0,0,0,0,,0,0,0.0,22,6,0,1,,1,40 03:55.506,1.0,0,75 05:00.696,0,0,0,0,67301,0,0,0,N,0,0,0,2,67508,0,,1,1,9999.0,N,N,Y,0,,0,0,0,0,0,N,2214,0,2,0,0,0,0,0,3,4,0,2,3,3.0,N,,,,,,,,,,,
2022004211,1635.0,1,0,0,0,0,0,0,0,0,5,0,,67,1,2022,1,39.8975,-75.2525,1630.0,6,0,0,0,0,0,1,0,0,,0,0,0.0,16,3,1,1,,0,39 53:51.445,,0,75 15:08.556,3,0,0,0,67301,0,0,0,N,0,0,0,2,67301,0,,1,1,,N,N,N,0,,1,0,1,3,2,,1625,1,2,0,0,0,0,0,3,4,0,2,3,4.0,N,,,,,,,,,,,
2022032932,1600.0,2,0,0,0,0,0,0,0,0,4,0,,67,4,2022,7,39.9705,-75.1525,1600.0,6,0,0,0,0,0,1,1,0,,0,0,0.0,9,1,0,0,N,9,39 58:13.808,,7,75 09:08.969,9,0,0,0,67301,0,0,0,N,0,0,0,3,67301,0,,1,1,,N,N,N,0,,0,0,0,0,0,,900,0,2,0,0,0,0,3,3,4,0,2,3,3.0,N,,,,,,,,,,,
2022005136,1705.0,2,0,0,0,0,0,0,0,0,4,0,,67,1,2022,6,40.0047,-75.1521,1700.0,6,0,0,0,0,1,0,0,0,,0,0,0.0,16,3,0,1,,0,40 00:16.937,,0,75 09:08.069,0,0,0,0,67301,0,0,0,N,0,0,0,2,67505,0,,1,1,,N,N,N,0,,0,0,0,3,2,,1655,0,2,0,0,0,0,0,3,4,0,2,3,,N,,,,,,,,,,,
2022034501,1832.0,1,0,0,0,0,0,0,0,0,1,0,,67,3,2022,6,39.8817,-75.2461,1818.0,6,0,0,0,0,0,0,1,0,,0,0,0.0,18,1,2,0,N,2,39 52:54.072,2.0,0,75 14:46.090,8,0,0,0,67301,0,0,0,N,0,0,0,2,68K01,0,,1,1,1932.0,N,N,N,0,,0,0,1,0,0,N,1818,2,2,0,0,0,2,0,3,4,0,2,3,3.0,N,,,,,,,,,,,
2022010831,1144.0,2,0,0,0,0,0,0,0,0,7,0,,67,1,2022,4,40.0933,-74.9621,1136.0,6,0,0,0,0,0,0,0,0,,0,0,0.0,11,1,1,2,,0,40 05:36.005,,7,74 57:43.465,8,0,0,0,67301,0,0,0,N,0,0,0,2,67301,0,,3,1,,N,N,N,0,,0,0,0,3,2,,1136,1,2,0,0,0,1,0,3,4,0,2,3,3.0,N,,,,,,,,,,,
2022002980,1934.0,0,0,0,0,0,0,0,0,0,1,0,,67,1,2022,6,39.8926,-75.2249,1921.0,6,0,0,0,0,0,1,0,0,,0,0,0.0,18,3,0,0,N,1,39 53:33.205,2.0,3,75 13:29.570,0,0,0,0,67301,0,0,0,N,0,0,0,4,68K01,0,,1,1,2000.0,N,N,N,1,,0,0,1,0,0,N,1828,0,2,0,0,0,0,0,3,4,0,2,3,3.0,N,,,,,,,,,,,
2022004161,1209.0,0,0,0,0,0,0,0,0,0,7,0,,67,1,2022,4,39.9017,-75.203,1200.0,6,0,0,0,0,0,0,0,0,,0,0,0.0,11,1,0,0,N,0,39 54:06.013,,3,75 12:10.810,0,0,0,0,67301,0,0,0,N,0,0,0,1,67301,0,,3,9,,N,N,N,1,,0,0,0,0,0,,1140,0,1,0,0,0,0,0,3,4,0,1,3,3.0,N,,,,,,,,,,,
2022032303,1614.0,0,0,0,0,0,0,0,0,0,1,0,,67,3,2022,6,40.0553,-74.9843,1611.0,6,0,0,0,0,0,0,0,0,,0,0,0.0,16,1,0,0,N,1,40 03:19.254,1.0,0,74 59:03.578,0,0,0,0,67301,0,0,0,N,0,0,0,4,68K01,0,,1,1,1627.0,N,N,N,1,,0,0,1,0,0,N,1606,0,3,0,0,0,0,0,3,4,1,3,3,,N,,,,,,,,,,,
2022032290,830.0,1,0,0,0,0,0,0,0,0,4,0,,67,3,2022,7,39.996,-75.0828,829.0,6,0,0,1,0,0,0,0,0,,0,0,0.0,8,1,0,0,N,1,39 59:45.607,1.0,0,75 04:57.986,0,0,0,0,67301,0,0,0,N,0,0,0,1,68K01,0,,2,9,900.0,N,N,N,0,,0,0,0,0,0,N,828,0,1,0,0,0,0,0,3,4,0,1,7,5.0,N,,,,,,,,,,,
2022032296,1221.0,1,0,0,0,0,0,0,0,0,5,1,,67,3,2022,7,39.9736,-75.1193,1210.0,6,0,0,0,0,0,1,0,0,,0,1,0.0,12,1,1,0,N,1,39 58:24.916,1.0,0,75 07:09.502,8,0,0,0,67301,0,0,0,N,0,0,0,2,68K01,0,,1,9,1245.0,N,N,N,0,,0,0,0,0,0,N,1208,1,2,0,0,0,1,0,3,4,0,2,7,,N,,,,,,,,,,,
2022033989,1404.0,1,0,0,0,0,0,0,0,0,1,0,,67,3,2022,5,39.9572,-75.1575,1353.0,6,0,0,0,0,0,1,0,0,,0,0,0.0,13,1,3,0,N,2,39 57:25.932,3.0,0,75 09:27.068,4,0,0,0,67301,0,0,0,N,0,0,0,4,68T07,1,,1,1,1425.0,N,N,N,1,,0,0,0,0,0,N,1348,3,2,0,0,0,2,0,3,4,0,2,3,,N,,,,,,,,,,,