CRN,ARRIVAL_TM,AUTOMOBILE_COUNT,BELTED_DEATH_COUNT,BELTED_SUSP_SERIOUS_INJ_COUNT,BICYCLE_COUNT,BICYCLE_DEATH_COUNT,BICYCLE_SUSP_SERIOUS_INJ_COUNT,BUS_COUNT,CHLDPAS_DEATH_COUNT,CHLDPAS_SUSP_SERIOUS_INJ_COUNT,COLLISION_TYPE,COMM_VEH_COUNT,CONS_ZONE_SPD_LIM,COUNTY,CRASH_MONTH,CRASH_YEAR,DAY_OF_WEEK,DEC_LAT,DEC_LONG,DISPATCH_TM,DISTRICT,DRIVER_COUNT_16YR,DRIVER_COUNT_17YR,DRIVER_COUNT_18YR,DRIVER_COUNT_19YR,DRIVER_COUNT_20YR,DRIVER_COUNT_50_64YR,DRIVER_COUNT_65_74YR,DRIVER_COUNT_75PLUS,EST_HRS_CLOSED,FATAL_COUNT,HEAVY_TRUCK_COUNT,HORSE_BUGGY_COUNT,HOUR_OF_DAY,ILLUMINATION,INJURY_COUNT,INTERSECT_TYPE,INTERSECTION_RELATED,LANE_CLOSED,LATITUDE,LN_CLOSE_DIR,LOCATION_TYPE,LONGITUDE,MAX_SEVERITY_LEVEL,MCYCLE_DEATH_COUNT,MCYCLE_SUSP_SERIOUS_INJ_COUNT,MOTORCYCLE_COUNT,MUNICIPALITY,NONMOTR_COUNT,NONMOTR_DEATH_COUNT,NONMOTR_SUSP_SERIOUS_INJ_COUNT,NTFY_HIWY_MAINT,PED_COUNT,PED_DEATH_COUNT,PED_SUSP_SERIOUS_INJ_COUNT,PERSON_COUNT,POLICE_AGCY,POSSIBLE_INJ_COUNT,RDWY_SURF_TYPE_CD,RELATION_TO_ROAD,ROAD_CONDITION,ROADWAY_CLEARED,SCH_BUS_IND,SCH_ZONE_IND,SECONDARY_CRASH,SMALL_TRUCK_COUNT,SPEC_JURIS_CD,SUSP_MINOR_INJ_COUNT,SUSP_SERIOUS_INJ_COUNT,SUV_COUNT,TCD_FUNC_CD,TCD_TYPE,TFC_DETOUR_IND,TIME_OF_DAY,TOT_INJ_COUNT,TOTAL_UNITS,UNB_DEATH_COUNT,UNB_SUSP_SERIOUS_INJ_COUNT,UNBELTED_OCC_COUNT,UNK_INJ_DEG_COUNT,UNK_INJ_PER_COUNT,URBAN_AREA,URBAN_RURAL,VAN_COUNT,VEHICLE_COUNT,WEATHER1,WEATHER2,WORK_ZONE_IND,WORK_ZONE_LOC,WORK_ZONE_TYPE,WORKERS_PRES,WZ_CLOSE_DETOUR,WZ_FLAGGER,WZ_LAW_OFFCR_IND,WZ_LN_CLOSURE,WZ_MOVING,WZ_OTHER,WZ_SHLDER_MDN,WZ_WORKERS_INJ_KILLED
2022032288,1419.0,1,0,0,0,0,0,0,0,0,5,1,,67,3,2022,4,39.9909,-75.0866,1358.0,6,0,0,0,0,0,0,0,0,,0,1,0.0,13,1,0,0,N,1,39 59:27.404,2.0,0,75 05:11.888,0,0,0,0,67301,0,0,0,N,0,0,0,2,68K01,0,,1,9,1430.0,N,N,N,0,,0,0,0,0,0,N,1357,0,2,0,0,0,0,0,3,4,0,2,7,5.0,N,,,,,,,,,,,
2022004207,1601.0,0,0,0,0,0,0,0,0,0,4,0,,67,1,2022,1,39.9613,-75.1752,1600.0,6,0,0,0,0,0,0,0,0,,0,0,0.0,15,1,2,1,,0,39 57:40.634,,0,75 10:30.866,2,0,1,1,67301,0,0,0,N,0,0,0,3,67301,0,,1,1,,N,N,N,0,,1,1,1,3,2,,1553,2,2,0,0,0,0,0,3,4,0,2,3,3.0,N,,,,,,,,,,,
2022004250,1752.0,2,0,0,0,0,0,0,0,0,4,0,,67,1,2022,6,39.9738,-75.2064,1752.0,6,0,0,0,0,0,1,0,0,,0,0,0.0,17,3,4,1,,0,39 58:25.797,,0,75 12:23.198,4,0,0,0,67301,0,0,0,N,0,0,0,4,67301,4,,1,2,,N,N,N,0,,0,0,0,3,2,,1740,4,2,0,0,0,0,0,3,4,0,2,3,3.0,N,,,,,,,,,,,
2022033175,1352.0,3,0,0,0,0,0,0,0,0,1,0,,67,3,2022,5,39.9586,-75.1676,1342.0,6,0,0,0,0,0,0,0,0,,0,0,0.0,13,1,0,0,N,1,39 57:30.952,4.0,0,75 10:03.267,0,0,0,0,67301,0,0,0,N,0,0,0,5,68K01,0,,1,1,1448.0,N,N,N,0,,0,0,2,0,0,N,1341,0,5,0,0,0,0,0,3,4,0,5,3,,N,,,,,,,,,,,
2022004204,1720.0,1,0,0,0,0,0,0,0,0,4,0,,67,1,2022,7,40.1,-75.0083,1717.0,6,0,0,0,0,1,0,0,0,,0,0,0.0,17,3,0,2,,0,40 05:59.946,,0,75 00:29.876,0,0,0,0,67301,0,0,0,N,0,0,0,2,67301,0,,1,1,,N,N,N,0,,0,0,0,3,2,,1715,0,2,0,0,0,0,0,3,4,1,2,3,3.0,N,,,,,,,,,,,
2022004199,1551.0,2,0,0,0,0,0,0,0,0,1,0,,67,1,2022,3,40.0949,-74.9782,1546.0,6,0,0,0,0,0,0,0,0,,0,0,0.0,15,1,1,2,,0,40 05:41.817,,0,74 58:41.601,3,0,0,0,67301,0,0,0,N,0,0,0,2,67301,0,,1,1,,N,N,N,0,,1,0,0,3,2,,1542,1,2,0,0,0,0,0,3,4,0,2,3,3.0,N,,,,,,,,,,,
2022008856,2231.0,2,0,0,0,0,0,0,0,0,6,0,,67,1,2022,1,40.0403,-75.006,2219.0,6,0,0,0,0,0,0,0,0,,0,0,0.0,22,3,0,0,N,2,40 02:25.164,2.0,0,75 00:21.754,0,0,0,0,67301,0,0,0,N,0,0,0,1,68K01,0,,1,9,2241.0,N,N,N,0,,0,0,0,0,0,N,2208,0,2,0,0,0,0,0,3,4,0,2,7,,N,,,,,,,,,,,
2022014542,1845.0,0,0,0,0,0,0,0,0,0,4,0,,67,1,2022,3,40.0367,-75.0645,1835.0,6,0,0,0,0,0,0,0,0,,0,0,0.0,17,3,1,1,,0,40 02:12.235,,0,75 03:52.193,8,0,0,0,67301,0,0,0,N,0,0,0,2,67301,0,,1,1,,N,N,N,0,,0,0,2,3,2,,1755,1,2,0,0,0,1,0,3,4,0,2,3,3.0,N,,,,,,,,,,,
2022014711,2237.0,1,0,0,0,0,0,0,0,0,1,0,,67,1,2022,7,40.0541,-75.049,2237.0,6,0,0,0,0,0,0,0,0,,0,0,0.0,1,3,0,1,,0,40 03:14.733,,0,75 02:56.553,9,0,0,0,67301,0,0,0,N,0,0,0,4,67301,0,,1,1,,N,N,N,0,,0,0,1,3,2,,115,0,2,0,0,0,0,4,3,4,0,2,3,,N,,,,,,,,,,,
2022010888,1240.0,1,0,0,0,0,0,0,0,0,5,0,,67,1,2022,4,39.9691,-75.1396,1235.0,6,0,0,0,0,0,0,0,0,,0,0,0.0,12,1,0,0,N,2,39 58:08.640,1.0,0,75 08:22.720,0,0,0,0,67301,0,0,0,N,0,0,0,1,67301,0,,6,1,1334.0,N,N,N,0,,0,0,0,0,0,Y,1210,0,3,0,0,0,0,0,3,4,2,3,3,3.0,N,,,,,,,,,,,
2022014820,2121.0,2,0,0,0,0,0,0,0,0,5,0,,67,1,2022,2,40.0223,-75.1372,2119.0,6,0,0,0,0,0,0,0,0,,0,0,0.0,21,3,1,0,N,0,40 01:20.372,,0,75 08:13.932,8,0,0,0,67301,0,0,0,N,0,0,0,2,67301,0,,6,1,,N,N,N,0,,0,0,1,0,0,,2116,1,3,0,0,0,1,1,3,4,0,3,3,3.0,N,,,,,,,,,,,
2022004241,1000.0,1,0,0,0,0,0,0,0,0,1,0,,67,1,2022,7,40.0003,-75.0837,956.0,6,0,0,0,0,0,2,0,0,,0,0,0.0,9,1,0,2,,1,40 00:01.228,2.0,2,75 05:01.679,0,0,0,0,67301,0,0,0,N,0,0,0,3,67301,0,,1,1,1030.0,N,N,N,0,,0,0,1,3,2,N,930,0,2,0,0,0,0,0,3,4,0,2,3,,N,,,,,,,,,,,
2022002056,36.0,3,0,0,0,0,0,0,0,0,4,0,,67,1,2022,1,39.9559,-75.2048,35.0,6,0,0,0,0,0,0,0,0,,0,0,0.0,0,3,0,2,,1,39 57:21.408,3.0,0,75 12:17.190,0,0,0,0,67301,1,0,0,N,0,0,0,5,67504,0,,1,9,106.0,N,N,N,0,,0,0,0,3,2,Y,34,0,3,0,0,0,0,0,3,4,0,3,7,4.0,N,,,,,,,,,,,
2022012275,1220.0,1,0,0,0,0,0,0,0,0,5,0,,67,1,2022,7,40.0122,-75.0598,1207.0,6,0,0,0,0,0,0,1,0,,0,0,0.0,12,1,2,0,N,1,40 00:43.990,2.0,0,75 03:35.449,3,0,0,0,67301,0,0,0,N,0,0,0,8,68K01,0,,1,1,1235.0,N,N,N,0,,1,0,1,0,0,N,1204,2,2,0,0,0,1,0,3,4,0,2,3,,N,,,,,,,,,,,
2022032701,1613.0,1,0,0,0,0,0,0,0,0,7,0,,67,3,2022,7,39.897,-75.1894,1606.0,6,0,0,0,0,0,0,0,0,,0,0,0.0,16,1,2,0,N,1,39 53:49.302,1.0,0,75 11:21.788,4,0,0,0,67301,0,0,0,N,0,0,0,2,68K01,1,,4,2,1630.0,N,N,N,0,,0,0,0,0,0,N,1602,2,1,0,0,0,1,0,3,4,0,1,2,2.0,N,,,,,,,,,,,
2022006138,141.0,1,0,0,0,0,0,0,0,0,5,0,,67,1,2022,1,39.9815,-75.2071,141.0,6,0,0,0,1,0,0,0,0,,0,0,0.0,1,3,0,0,N,2,39 58:53.374,3.0,0,75 12:25.690,0,0,0,0,67301,0,0,0,N,0,0,0,1,68K01,0,,2,9,158.0,N,N,Y,0,,0,0,1,0,0,N,141,0,2,0,0,0,0,0,3,4,0,2,7,,N,,,,,,,,,,,
2022032399,903.0,1,0,0,0,0,0,0,0,0,1,0,,67,3,2022,3,40.0192,-75.0455,857.0,6,0,0,0,0,0,0,0,0,,0,0,0.0,8,1,0,0,N,1,40 01:09.142,1.0,0,75 02:43.915,0,0,0,0,67301,0,0,0,N,0,0,0,3,68K01,0,,1,1,900.0,N,N,N,0,,0,0,2,0,0,N,855,0,3,0,0,0,0,0,3,4,0,3,3,3.0,N,,,,,,,,,,,
2022004225,1755.0,2,0,0,0,0,0,0,0,0,4,0,,67,1,2022,2,40.0549,-75.1845,1746.0,6,0,0,0,0,0,0,0,0,,0,0,0.0,17,3,1,1,,0,40 03:17.729,,0,75 11:04.052,3,0,0,0,67301,0,0,0,N,0,0,0,2,67301,0,,1,1,,N,N,N,0,,1,0,0,3,3,,1702,1,2,0,0,0,0,1,3,4,0,2,3,3.0,N,,,,,,,,,,,
2022010285,2039.0,0,0,0,0,0,0,0,0,0,5,0,,67,1,2022,2,39.9788,-75.203,2029.0,6,0,0,0,0,0,0,1,0,,0,0,0.0,20,3,0,6,,0,39 58:43.695,,2,75 12:10.830,9,0,0,0,67301,0,0,0,N,0,0,0,2,68K01,0,,7,1,,N,N,N,0,,0,0,1,0,0,,2026,0,2,0,0,0,0,1,3,4,0,2,3,,N,,,,,,,,,,,
2022005420,1142.0,1,0,0,0,0,0,0,0,0,1,0,,67,1,2022,6,39.9451,-75.1908,1134.0,6,0,0,0,0,0,0,1,0,,0,0,0.0,11,1,3,0,N,1,39 56:42.254,4.0,3,75 11:26.821,3,0,0,0,67301,0,0,0,N,0,0,0,4,68K01,0,,1,1,1145.0,N,N,N,0,,3,0,0,0,0,N,1133,3,2,0,0,1,0,0,3,4,1,2,3,,N,,,,,,,,,,,
2022014803,1029.0,1,0,0,0,0,0,0,0,0,5,0,,67,1,2022,1,40.0008,-75.1055,1029.0,6,0,0,0,0,0,0,0,1,,0,0,0.0,10,1,0,0,N,1,40 00:02.980,2.0,1,75 06:19.970,9,0,0,0,67301,0,0,0,N,0,0,0,2,67301,0,,1,1,1200.0,N,N,N,0,,0,0,0,0,0,Y,1027,0,2,0,0,0,0,2,3,4,1,2,3,4.0,N,,,,,,,,,,,
2022010881,727.0,4,0,0,0,0,0,0,0,0,2,0,,67,1,2022,7,40.0209,-75.1263,724.0,6,0,0,0,0,0,0,0,0,,0,0,0.0,7,5,1,0,N,1,40 01:15.140,1.0,0,75 07:34.660,3,0,0,0,67301,0,0,0,N,0,0,0,3,67301,0,,1,1,815.0,N,N,N,0,,1,0,2,0,0,N,709,1,6,0,0,0,0,1,3,4,0,6,3,3.0,N,,,,,,,,,,,
2022014636,2325.0,2,0,0,0,0,0,0,0,0,4,0,,67,1,2022,6,39.928,-75.2193,2324.0,6,0,0,0,0,0,1,0,0,,0,0,0.0,23,3,1,1,,0,39 55:40.869,,0,75 13:09.477,3,0,0,0,67301,0,0,0,N,0,0,0,5,67301,0,,1,1,,N,N,N,0,,1,0,1,3,2,,2324,1,3,0,0,0,0,0,3,4,0,3,3,3.0,N,,,,,,,,,,,
2022014529,1833.0,1,0,0,0,0,0,0,0,0,1,0,,67,1,2022,3,39.9057,-75.1939,1820.0,6,0,0,0,0,0,0,0,0,,0,0,0.0,17,3,1,1,,0,39 54:20.655,,0,75 11:38.126,3,0,0,0,67301,0,0,0,N,0,0,0,2,67301,0,,1,1,,N,N,N,0,,1,0,0,3,2,,1706,1,2,0,0,0,0,1,3,4,0,2,3,,N,,,,,,,,,,,
2022034196,1246.0,1,0,0,0,0,0,0,0,0,5,0,,67,3,2022,3,39.921,-75.1479,1233.0,6,0,0,0,0,0,1,0,0,,0,0,0.0,12,1,1,0,N,1,39 55:15.527,1.0,0,75 08:52.378,3,0,0,0,67301,0,0,0,N,0,0,0,2,68K01,0,,1,1,1300.0,N,N,N,0,,1,0,0,0,0,Y,1231,1,2,0,0,0,0,0,3,4,0,2,3,,N,,,,,,,,,,,
2022032301,2057.0,1,0,0,0,0,0,0,0,0,7,0,,67,3,2022,5,40.0345,-75.0189,2042.0,6,0,0,0,0,0,0,0,0,,0,0,0.0,20,3,0,0,N,0,40 02:04.231,,0,75 01:08.081,0,0,0,0,67301,0,0,0,N,0,0,0,1,68K01,0,,2,9,,N,N,N,0,,0,0,0,0,0,,2041,0,1,0,0,0,0,0,3,4,0,1,7,,N,,,,,,,,,,,
2022005776,428.0,1,0,0,0,0,0,0,0,0,7,0,,67,1,2022,1,39.9568,-75.1533,425.0,6,0,0,0,0,0,0,0,0,,0,0,0.0,4,3,1,0,N,1,39 57:24.601,3.0,0,75 09:11.982,3,0,0,0,67301,0,0,0,N,0,0,0,1,68K01,0,,3,9,445.0,N,N,N,0,,1,0,0,0,0,N,424,1,1,0,0,0,0,0,3,4,0,1,7,,N,,,,,,,,,,,
2022032634,1305.0,0,0,0,0,0,0,0,0,0,1,0,,67,4,2022,7,40.0079,-75.2021,1305.0,6,0,0,0,0,0,2,0,0,,0,0,0.0,13,1,1,0,N,2,40 00:28.278,3.0,0,75 12:07.543,3,0,0,0,67301,0,0,0,N,0,0,0,3,68T07,0,,1,1,1345.0,N,N,N,1,,1,0,2,0,0,N,1305,1,3,0,0,0,0,0,3,4,0,3,3,,N,,,,,,,,,,,
2022004294,1030.0,2,0,0,0,0,0,0,0,0,5,0,,67,1,2022,3,40.0228,-75.1976,1008.0,6,0,0,0,0,0,0,0,0,,0,0,0.0,9,1,0,0,N,0,40 01:22.020,,0,75 11:51.510,0,0,0,0,67301,0,0,0,N,0,0,0,2,67301,0,,1,1,,N,N,N,0,,0,0,0,0,0,,922,0,2,0,0,0,0,0,3,4,0,2,3,3.0,N,,,,,,,,,,,
2022032851,2110.0,3,0,0,0,0,0,0,0,0,5,0,,67,4,2022,2,39.9216,-75.1577,2108.0,6,0,0,0,0,0,0,0,0,,0,0,0.0,20,3,0,0,N,1,39 55:17.620,4.0,0,75 09:27.770,0,0,0,0,67301,0,0,0,N,0,0,0,1,67301,0,,6,1,2155.0,N,N,N,0,,0,0,1,0,0,Y,2053,0,4,0,0,1,0,0,3,4,0,4,3,,N,,,,,,,,,,,
2022032924,1336.0,3,0,0,0,0,0,0,0,0,2,0,,67,3,2022,6,39.9867,-75.0978,1336.0,6,0,0,0,0,1,0,0,0,,0,0,0.0,12,1,1,1,,0,39 59:11.950,,0,75 05:51.943,3,0,0,0,67301,0,0,0,N,0,0,0,2,67301,0,,1,1,,N,N,N,0,,1,0,0,3,3,,1200,1,3,0,0,0,0,0,3,4,0,3,3,,N,,,,,,,,,,,
2022004278,1120.0,1,0,0,0,0,0,0,0,0,7,0,,67,1,2022,6,40.0204,-75.1414,1113.0,6,0,0,0,0,0,0,0,0,,0,0,0.0,11,1,1,0,N,1,40 01:13.383,1.0,0,75 08:29.037,3,0,0,0,67301,0,0,0,N,0,0,0,1,67301,0,,3,9,1200.0,N,N,N,0,,1,0,0,0,0,Y,1110,1,1,0,0,0,0,0,3,4,0,1,10,4.0,N,,,,,,,,,,,
2022006641,1817.0,1,0,0,0,0,0,0,0,0,7,0,,67,1,2022,6,39.9939,-75.2184,1817.0,6,1,0,0,0,0,0,0,0,,0,0,0.0,18,3,1,0,N,2,39 59:38.020,2.0,0,75 13:06.360,3,0,0,0,67301,0,0,0,N,0,0,0,5,68K01,0,,4,1,2300.0,N,N,N,0,,1,0,0,0,0,Y,1817,1,1,0,0,0,0,0,3,4,0,1,3,,N,,,,,,,,,,,
2022005773,312.0,1,0,0,0,0,0,0,0,0,5,0,,67,1,2022,1,40.0352,-75.0184,250.0,6,0,0,0,0,1,0,0,0,,0,0,0.0,0,3,2,0,N,0,40 02:06.566,,3,75 01:06.181,3,0,0,0,67301,0,0,0,N,0,0,0,4,68K01,0,,1,9,,N,N,N,0,,2,0,1,0,0,,46,2,2,0,0,0,0,0,3,4,0,2,7,,N,,,,,,,,,,,
2022034302,1840.0,1,0,0,0,0,0,0,0,0,7,0,,67,1,2022,1,39.9023,-75.1513,1827.0,6,0,1,0,0,0,0,0,0,,0,0,0.0,18,3,0,0,N,1,39 54:08.249,2.0,0,75 09:04.683,0,0,0,0,67301,0,0,0,N,0,0,0,1,68K01,0,,4,7,1900.0,N,N,N,0,,0,0,0,0,0,N,1803,0,1,0,0,0,0,0,3,4,0,1,2,,N,,,,,,,,,,,
2022014751,213.0,0,0,0,0,0,0,0,0,0,4,0,,67,1,2022,5,39.9328,-75.1865,212.0,6,0,0,0,0,0,1,0,0,,0,0,0.0,2,6,0,1,,0,39 55:58.131,,1,75 11:11.252,0,0,0,0,67301,0,0,0,N,0,0,0,2,67301,0,,1,1,,N,N,N,0,,0,0,2,3,3,,212,0,2,0,0,2,0,0,3,4,0,2,4,,N,,,,,,,,,,,
2022014839,1954.0,1,0,0,0,0,0,0,0,0,5,0,,67,1,2022,7,40.0258,-75.1235,1954.0,6,0,0,0,0,0,0,0,0,,0,0,0.0,16,1,0,1,,0,40 01:32.799,,0,75 07:24.504,9,0,0,0,67301,0,0,0,N,0,0,0,2,67301,0,,1,1,,N,N,N,1,,0,0,0,3,2,,1610,0,2,0,0,0,0,2,3,4,0,2,3,3.0,N,,,,,,,,,,,
2022014578,1242.0,1,0,0,0,0,0,0,0,0,1,0,,67,1,2022,7,40.0867,-75.036,1230.0,6,0,0,0,0,0,0,0,1,,0,0,0.0,12,1,1,0,N,0,40 05:12.150,,0,75 02:09.657,3,0,0,0,67301,0,0,0,N,0,0,0,1,67301,0,,6,1,,N,N,N,0,,1,0,1,0,0,,1204,1,2,0,0,0,0,0,3,4,0,2,3,,N,,,,,,,,,,,
2022014844,911.0,2,0,0,0,0,0,0,0,0,4,0,,67,1,2022,5,40.0303,-75.1318,858.0,6,0,0,0,0,0,0,0,0,,0,0,0.0,8,1,0,1,,0,40 01:49.195,,0,75 07:54.642,0,0,0,0,67301,0,0,0,N,0,0,0,3,67301,0,,1,9,,N,N,N,0,,0,0,0,2,2,,853,0,2,0,0,0,0,0,3,4,0,2,7,,N,,,,,,,,,,,
2022014599,1548.0,1,0,0,0,0,0,0,0,0,4,0,,67,1,2022,6,40.0764,-75.0326,1540.0,6,0,0,0,0,0,1,0,0,,0,0,0.0,15,1,1,1,,0,40 04:35.200,,0,75 01:57.222,3,0,0,0,67301,0,0,0,N,0,0,0,4,67301,0,,1,1,,N,N,N,0,,1,0,1,3,2,,1500,1,2,0,0,0,0,0,3,4,0,2,3,3.0,N,,,,,,,,,,,
2022034296,1552.0,1,0,0,0,0,0,0,0,0,1,0,,67,4,2022,6,40.013,-75.058,1514.0,6,0,0,0,0,0,0,0,0,,0,0,0.0,15,1,1,0,N,0,40 00:46.952,,0,75 03:28.753,3,0,0,0,67301,0,0,0,N,0,0,0,2,68K01,0,,1,1,,N,N,N,1,,1,0,0,0,0,,1511,1,2,0,0,1,0,0,3,4,0,2,3,,N,,,,,,,,,,,
2022004164,1533.0,3,0,0,0,0,0,0,0,0,1,0,,67,1,2022,2,39.928,-75.1882,1531.0,6,0,0,0,0,0,0,0,0,,0,0,0.0,15,1,1,0,N,0,39 55:40.800,,0,75 11:17.540,3,0,0,0,67301,0,0,0,N,0,0,0,4,67301,0,,6,1,,N,N,N,0,,1,0,0,0,0,,1512,1,3,0,0,2,0,3,3,4,0,3,3,,N,,,,,,,,,,,
2022000079,1107.0,1,0,0,0,0,0,0,0,0,4,0,,67,1,2022,7,39.9578,-75.1911,1107.0,6,0,0,0,0,1,0,0,0,,0,0,0.0,11,1,0,2,,0,39 57:28.256,,0,75 11:27.798,0,0,0,0,67301,0,0,0,N,0,0,0,2,67507,0,,1,9,,N,N,N,0,,0,0,1,0,0,,1105,0,2,0,0,0,0,0,3,4,0,2,7,,N,,,,,,,,,,,
2022004202,1645.0,2,0,0,0,0,0,0,0,0,1,0,,67,1,2022,5,40.08,-74.9973,1635.0,6,0,0,0,0,0,1,1,0,,0,0,0.0,15,1,1,2,,0,40 04:47.959,,0,74 59:50.241,4,0,0,0,67301,0,0,0,N,0,0,0,3,67301,1,,1,1,,N,N,N,0,,0,0,0,3,2,,1540,1,2,0,0,0,0,0,3,4,0,2,3,,N,,,,,,,,,,,
2022014706,1854.0,1,0,0,0,0,0,0,0,0,4,0,,67,1,2022,1,40.0289,-75.106,1854.0,6,0,0,0,0,0,1,0,0,,0,0,0.0,18,3,3,1,,1,40 01:43.967,1.0,0,75 06:21.632,4,0,0,0,67301,0,0,0,N,0,0,0,3,67301,1,,1,9,1920.0,N,N,N,0,,0,0,1,3,2,Y,1844,3,2,0,0,0,2,0,3,4,0,2,7,7.0,N,,,,,,,,,,,
2022004264,1810.0,0,0,0,0,0,0,0,0,0,8,0,,67,1,2022,7,39.9863,-75.1688,1805.0,6,0,0,0,0,0,0,0,0,,0,0,0.0,18,3,1,1,,0,39 59:10.654,,0,75 10:07.654,2,0,0,0,67301,1,0,1,N,1,0,1,2,67301,0,,1,1,,N,N,N,0,,0,1,0,3,3,,1800,1,2,0,0,0,0,0,3,4,0,1,3,3.0,N,,,,,,,,,,,
2022032394,1723.0,1,0,0,0,0,0,0,0,0,5,0,,67,3,2022,4,39.9876,-75.0896,1701.0,6,0,0,0,0,1,0,0,0,,0,0,0.0,16,1,1,0,N,1,39 59:15.300,1.0,0,75 05:22.439,3,0,0,0,67301,0,0,0,N,0,0,0,5,68K01,0,,1,1,1755.0,N,N,N,0,,1,0,3,0,0,N,1657,1,4,0,0,0,0,0,3,4,0,4,3,3.0,N,,,,,,,,,,,
2022014523,1630.0,1,0,0,0,0,0,0,0,0,5,0,,67,1,2022,7,39.9229,-75.1836,1618.0,6,0,0,0,0,0,0,0,0,,0,0,0.0,13,1,0,1,,0,39 55:22.618,,0,75 11:00.312,0,0,0,0,67301,0,0,0,N,0,0,0,2,67301,0,,1,8,,N,N,N,0,,0,0,1,3,2,,1343,0,2,0,0,0,0,0,3,4,0,2,7,7.0,N,,,,,,,,,,,
2022032893,2010.0,2,0,0,0,0,0,0,0,0,1,0,,67,3,2022,4,40.0258,-75.0947,2010.0,6,0,0,0,0,0,1,0,0,,0,0,0.0,17,1,1,1,,0,40 01:32.815,,0,75 05:40.819,3,0,0,0,67301,0,0,0,N,0,0,0,2,67301,0,,1,1,,N,N,N,0,,1,0,0,3,3,,1715,1,2,0,0,0,0,1,3,4,0,2,3,,N,,,,,,,,,,,
2022032911,1100.0,1,0,0,0,0,0,0,0,0,1,0,,67,3,2022,2,39.9748,-75.1851,1056.0,6,0,0,0,0,0,1,1,0,,1,0,0.0,10,1,2,1,,0,39 58:29.144,,0,75 11:06.298,1,0,0,0,67301,2,1,0,N,2,1,0,4,67301,1,2.0,1,1,,N,N,Y,0,0.0,1,0,1,0,0,,1050,2,4,0,0,0,0,0,3,4,0,2,3,3.0,N,,,,,,,,,,,
2022032613,641.0,1,0,0,0,0,0,0,0,0,4,0,,67,3,2022,5,39.9372,-75.1443,635.0,6,0,0,0,0,0,0,0,0,,0,0,0.0,6,1,1,0,N,0,39 56:13.864,,0,75 08:39.597,3,0,0,0,67301,0,0,0,N,0,0,0,3,68T07,0,,1,1,,N,N,N,0,,1,0,1,0,0,,632,1,2,0,0,0,0,0,3,4,0,2,3,,N,,,,,,,,,,,
2022010844,600.0,3,0,0,0,0,0,0,0,0,6,0,,67,1,2022,7,40.0284,-75.0528,550.0,6,0,0,0,0,0,0,0,0,,0,0,0.0,4,3,0,0,N,2,40 01:42.100,6.0,0,75 03:10.150,9,0,0,0,67301,0,0,0,N,0,0,0,1,67301,0,,6,1,40.0,N,N,N,0,,0,0,0,0,0,Y,400,0,3,0,0,0,0,1,3,4,0,3,3,,N,,,,,,,,,,,
2022021039,759.0,3,0,0,0,0,0,0,0,0,5,0,,67,1,2022,2,40.0326,-75.1242,756.0,6,0,0,0,0,0,0,0,0,,0,0,0.0,7,1,2,1,,0,40 01:57.237,,1,75 07:27.069,3,0,0,0,67301,0,0,0,N,0,0,0,3,67301,0,,1,1,,N,N,N,0,,2,0,2,3,2,,754,2,6,0,0,0,0,0,3,4,1,6,4,4.0,N,,,,,,,,,,,
2022032310,1848.0,3,0,0,0,0,0,0,0,0,1,0,,67,3,2022,7,39.9437,-75.1922,1841.0,6,0,0,0,0,0,0,0,0,,0,0,0.0,18,4,1,0,N,2,39 56:37.438,4.0,3,75 11:32.080,4,0,0,0,67301,0,0,0,N,0,0,0,4,68K01,1,,1,1,20.0,N,N,N,0,,0,0,0,0,0,N,1835,1,4,0,0,0,0,1,3,4,0,4,3,,N,,,,,,,,,,,
2022004256,1626.0,1,0,0,0,0,0,0,0,0,5,0,,67,1,2022,2,39.9516,-75.2266,1626.0,6,0,0,0,0,0,0,0,0,,0,0,0.0,16,1,0,0,N,0,39 57:05.841,,0,75 13:35.808,0,0,0,0,67301,0,0,0,N,0,0,0,3,67301,0,,1,1,,N,N,N,1,,0,0,0,0,0,,1615,0,2,0,0,0,0,0,3,4,0,2,3,,N,,,,,,,,,,,
2022033225,1205.0,1,0,0,0,0,0,0,0,0,8,0,,67,4,2022,3,39.9225,-75.1459,1146.0,6,0,0,0,0,0,0,0,0,,0,0,0.0,11,1,1,2,,0,39 55:21.057,,0,75 08:45.092,8,0,0,0,67301,1,0,0,N,1,0,0,2,67301,0,,1,1,,N,N,N,0,,0,0,0,3,3,,1119,1,2,0,0,0,1,1,3,4,0,1,3,,N,,,,,,,,,,,
2022032864,255.0,1,0,0,0,0,0,0,0,0,5,0,,67,3,2022,5,40.0637,-75.0528,252.0,6,0,0,0,0,0,0,0,0,,0,0,0.0,2,3,0,0,N,0,40 03:49.320,,0,75 03:09.900,0,0,0,0,67301,0,0,0,N,0,0,0,1,67301,0,,5,1,,N,N,N,2,,0,0,0,0,0,,245,0,3,0,0,0,0,0,3,4,0,3,3,,N,,,,,,,,,,,
2022004242,1044.0,1,0,0,0,0,0,0,0,0,1,0,,67,1,2022,1,40.0086,-75.0911,1033.0,6,0,0,0,0,0,0,0,0,,0,0,0.0,10,1,0,0,Y,1,40 00:31.040,2.0,1,75 05:28.070,0,0,0,0,67301,0,0,0,N,0,0,0,2,67301,0,,1,8,1117.0,N,N,N,0,,0,0,1,3,2,N,1031,0,2,0,0,0,0,0,3,4,0,2,6,,N,,,,,,,,,,,