CRN,ARRIVAL_TM,AUTOMOBILE_COUNT,BELTED_DEATH_COUNT,BELTED_SUSP_SERIOUS_INJ_COUNT,BICYCLE_COUNT,BICYCLE_DEATH_COUNT,BICYCLE_SUSP_SERIOUS_INJ_COUNT,BUS_COUNT,CHLDPAS_DEATH_COUNT,CHLDPAS_SUSP_SERIOUS_INJ_COUNT,COLLISION_TYPE,COMM_VEH_COUNT,CONS_ZONE_SPD_LIM,COUNTY,CRASH_MONTH,CRASH_YEAR,DAY_OF_WEEK,DEC_LAT,DEC_LONG,DISPATCH_TM,DISTRICT,DRIVER_COUNT_16YR,DRIVER_COUNT_17YR,DRIVER_COUNT_18YR,DRIVER_COUNT_19YR,DRIVER_COUNT_20YR,DRIVER_COUNT_50_64YR,DRIVER_COUNT_65_74YR,DRIVER_COUNT_75PLUS,EST_HRS_CLOSED,FATAL_COUNT,HEAVY_TRUCK_COUNT,HORSE_BUGGY_COUNT,HOUR_OF_DAY,ILLUMINATION,INJURY_COUNT,INTERSECT_TYPE,INTERSECTION_RELATED,LANE_CLOSED,LATITUDE,LN_CLOSE_DIR,LOCATION_TYPE,LONGITUDE,MAX_SEVERITY_LEVEL,MCYCLE_DEATH_COUNT,MCYCLE_SUSP_SERIOUS_INJ_COUNT,MOTORCYCLE_COUNT,MUNICIPALITY,NONMOTR_COUNT,NONMOTR_DEATH_COUNT,NONMOTR_SUSP_SERIOUS_INJ_COUNT,NTFY_HIWY_MAINT,PED_COUNT,PED_DEATH_COUNT,PED_SUSP_SERIOUS_INJ_COUNT,PERSON_COUNT,POLICE_AGCY,POSSIBLE_INJ_COUNT,RDWY_SURF_TYPE_CD,RELATION_TO_ROAD,ROAD_CONDITION,ROADWAY_CLEARED,SCH_BUS_IND,SCH_ZONE_IND,SECONDARY_CRASH,SMALL_TRUCK_COUNT,SPEC_JURIS_CD,SUSP_MINOR_INJ_COUNT,SUSP_SERIOUS_INJ_COUNT,SUV_COUNT,TCD_FUNC_CD,TCD_TYPE,TFC_DETOUR_IND,TIME_OF_DAY,TOT_INJ_COUNT,TOTAL_UNITS,UNB_DEATH_COUNT,UNB_SUSP_SERIOUS_INJ_COUNT,UNBELTED_OCC_COUNT,UNK_INJ_DEG_COUNT,UNK_INJ_PER_COUNT,URBAN_AREA,URBAN_RURAL,VAN_COUNT,VEHICLE_COUNT,WEATHER1,WEATHER2,WORK_ZONE_IND,WORK_ZONE_LOC,WORK_ZONE_TYPE,WORKERS_PRES,WZ_CLOSE_DETOUR,WZ_FLAGGER,WZ_LAW_OFFCR_IND,WZ_LN_CLOSURE,WZ_MOVING,WZ_OTHER,WZ_SHLDER_MDN,WZ_WORKERS_INJ_KILLED
2022000405,1215.0,2,0,0,0,0,0,0,0,0,4,0,,67,1,2022,1,40.1343,-75.0091,1211.0,6,0,1,0,0,0,0,1,0,,0,0,0.0,11,1,0,1,,0,40 08:03.571,,0,75 00:32.634,0,0,0,0,67301,0,0,0,N,0,0,0,2,67301,0,,1,9,,N,N,N,0,,0,0,0,3,2,,1155,0,2,0,0,0,0,0,3,4,0,2,3,3.0,N,,,,,,,,,,,
2022010830,1902.0,0,0,0,0,0,0,0,0,0,8,0,,67,1,2022,3,40.1006,-74.9797,1902.0,6,0,0,0,0,0,1,0,0,,0,0,0.0,19,2,1,2,,1,40 06:02.145,3.0,0,74 58:46.930,2,0,0,0,67301,1,0,1,N,1,0,1,3,67301,0,,1,1,2130.0,N,N,N,0,,0,1,0,3,3,Y,1901,1,2,0,0,0,0,0,3,4,1,1,3,3.0,N,,,,,,,,,,,
2022035503,1641.0,2,0,0,0,0,0,0,0,0,1,0,,67,4,2022,2,39.9793,-75.204,1641.0,6,0,0,0,0,0,1,0,0,,0,0,0.0,16,1,0,0,N,1,39 58:45.393,3.0,0,75 12:14.235,0,0,0,0,67301,0,0,0,N,0,0,0,2,68K01,0,,1,1,1650.0,N,N,N,0,,0,0,0,0,0,N,1641,0,2,0,0,0,0,0,3,4,0,2,3,3.0,N,,,,,,,,,,,
2022005769,726.0,1,0,0,0,0,0,0,0,0,7,0,,67,1,2022,3,40.0079,-75.0715,718.0,6,0,0,0,0,0,0,0,0,,0,0,0.0,7,1,1,0,N,1,40 00:28.331,1.0,0,75 04:17.425,3,0,0,0,67301,0,0,0,N,0,0,0,1,68K01,0,,3,1,750.0,N,N,N,0,,1,0,0,0,0,N,718,1,1,0,0,1,0,0,3,4,0,1,3,,N,,,,,,,,,,,
2022014709,854.0,1,0,0,0,0,0,0,0,0,7,0,,67,1,2022,7,40.0084,-75.0918,847.0,6,0,0,0,0,0,0,0,0,,0,0,0.0,8,1,1,0,N,0,40 00:30.140,,1,75 05:30.530,8,0,0,0,67301,0,0,0,N,0,0,0,1,67301,0,,4,1,,N,N,N,0,,0,0,0,0,0,,835,1,1,0,0,0,1,0,3,4,0,1,3,,N,,,,,,,,,,,
2022014607,1202.0,1,0,0,0,0,0,0,0,0,2,0,,67,1,2022,1,40.0793,-75.0251,1200.0,6,0,0,0,0,0,1,0,0,,0,0,0.0,11,1,1,0,N,1,40 04:45.390,1.0,0,75 01:30.180,3,0,0,0,67301,0,0,0,N,0,0,0,2,67301,0,,1,1,20.0,N,N,N,0,,1,0,1,0,0,N,1138,1,2,0,0,1,0,1,3,4,0,2,3,3.0,N,,,,,,,,,,,
2022004461,1800.0,1,0,0,0,0,0,0,0,0,1,0,,67,1,2022,4,39.9576,-75.1601,1748.0,6,0,0,0,0,0,0,0,0,,0,0,0.0,17,3,0,0,N,1,39 57:27.492,4.0,0,75 09:36.298,0,0,0,0,67301,0,0,0,N,0,0,0,2,68K01,0,,1,1,1845.0,N,N,N,0,,0,0,1,0,0,Y,1745,0,2,0,0,0,0,0,3,4,0,2,3,,N,,,,,,,,,,,
2022032847,1112.0,2,0,0,0,0,0,0,0,0,1,0,,67,3,2022,5,39.9168,-75.1713,1112.0,6,0,0,0,0,0,0,0,0,,0,0,0.0,9,1,1,2,,0,39 55:00.583,,7,75 10:16.768,8,0,0,0,67301,0,0,0,N,0,0,0,2,67301,0,,1,99,,N,N,N,0,,0,0,0,9,2,,900,1,2,0,0,0,1,0,3,4,0,2,99,,N,,,,,,,,,,,
2022011382,311.0,2,0,0,0,0,0,0,0,0,5,0,,67,1,2022,7,39.9013,-75.1523,256.0,6,0,0,0,0,0,0,0,0,,0,0,0.0,2,3,0,0,N,2,39 54:04.806,1.0,3,75 09:08.317,0,0,0,0,67301,0,0,0,N,0,0,0,6,68K01,0,,1,9,30.0,N,N,N,0,,0,0,1,0,0,N,255,0,3,0,0,0,0,0,3,4,0,3,7,7.0,N,,,,,,,,,,,
2022032292,917.0,1,0,0,0,0,0,0,0,0,7,0,,67,3,2022,7,39.9947,-75.0838,912.0,6,0,0,0,0,0,0,0,0,,0,0,0.0,9,1,1,0,N,1,39 59:40.814,1.0,0,75 05:01.539,8,0,0,0,67301,0,0,0,Y,0,0,0,3,68K01,0,,4,9,930.0,N,N,N,0,,0,0,0,0,0,N,907,1,1,0,0,0,1,0,3,4,0,1,7,,N,,,,,,,,,,,
2022010889,1859.0,1,0,0,0,0,0,0,0,0,8,0,,67,1,2022,1,40.0354,-75.1328,1857.0,6,0,0,0,0,0,0,0,0,,0,0,0.0,18,3,1,1,,0,40 02:07.263,,0,75 07:57.982,3,0,0,0,67301,1,0,0,N,1,0,0,2,67301,0,,1,1,,N,N,N,0,,1,0,0,3,3,,1855,1,2,0,0,0,0,1,3,4,0,1,3,3.0,N,,,,,,,,,,,
2022008845,1740.0,2,0,0,0,0,0,0,0,0,1,0,,67,1,2022,5,39.9603,-75.1817,1735.0,6,0,0,0,0,1,0,0,0,,0,0,0.0,17,3,0,0,N,0,39 57:37.050,,0,75 10:53.958,0,0,0,0,67301,0,0,0,N,0,0,0,2,68K01,0,,1,1,,N,N,N,0,,0,0,0,0,0,,1734,0,2,0,0,0,0,0,3,4,0,2,3,3.0,N,,,,,,,,,,,
2022009217,431.0,1,0,0,0,0,0,0,0,0,7,0,,67,1,2022,7,40.0017,-75.1949,417.0,6,0,0,0,0,0,0,0,0,,0,0,0.0,4,3,1,0,N,2,40 00:06.034,3.0,0,75 11:41.816,3,0,0,0,67301,0,0,0,N,0,0,0,1,68K01,0,,3,1,435.0,N,N,N,0,,1,0,0,0,0,N,413,1,1,0,0,0,0,0,3,4,0,1,3,,N,,,,,,,,,,,
2022032898,1145.0,0,0,0,0,0,0,0,0,0,4,0,,67,4,2022,7,40.029,-75.0567,1145.0,6,0,0,0,0,0,1,0,0,,2,0,0.0,11,1,0,2,,0,40 01:44.487,,0,75 03:23.945,1,1,0,1,67301,1,1,0,N,1,1,0,3,67301,0,2.0,1,1,,N,N,N,1,0.0,0,0,0,3,3,,1145,0,3,0,0,0,0,0,3,4,0,2,3,3.0,N,,,,,,,,,,,
2022004168,1355.0,0,0,0,0,0,0,0,0,0,1,0,,67,1,2022,2,40.0368,-75.064,1347.0,6,0,0,0,0,0,1,0,0,,0,0,0.0,13,1,0,0,N,0,40 02:12.620,,0,75 03:50.479,0,0,0,0,67301,0,0,0,N,0,0,0,2,67301,0,,1,9,,N,N,N,0,,0,0,2,0,0,,1313,0,2,0,0,0,0,0,3,4,0,2,10,4.0,N,,,,,,,,,,,
2022014755,614.0,1,0,0,0,0,0,0,0,0,4,0,,67,1,2022,1,39.9494,-75.2373,612.0,6,0,0,0,0,0,1,0,0,,0,0,0.0,6,3,2,1,,2,39 56:57.976,7.0,0,75 14:14.398,4,0,0,0,67301,0,0,0,N,0,0,0,2,67301,2,,1,1,745.0,N,N,N,0,,0,0,1,3,3,Y,610,2,2,0,0,1,0,0,3,4,0,2,3,3.0,N,,,,,,,,,,,
2022032852,2124.0,2,0,0,0,0,0,0,0,0,4,0,,67,1,2022,7,40.0259,-75.2089,2109.0,6,0,0,0,0,0,0,0,0,,0,0,0.0,20,3,0,2,,0,40 01:33.137,,0,75 12:31.864,9,0,0,0,67301,0,0,0,N,0,0,0,2,67301,0,,1,1,,N,N,N,0,,0,0,2,0,0,,2028,0,4,0,0,0,0,1,3,4,0,4,3,3.0,N,,,,,,,,,,,
2022004266,30.0,1,0,0,0,0,0,0,0,0,4,0,,67,1,2022,4,39.9707,-75.1541,30.0,6,0,0,0,0,0,0,0,0,,0,0,0.0,13,1,1,1,,0,39 58:15.009,,0,75 09:14.884,3,0,0,0,67301,0,0,0,N,0,0,0,2,67301,0,,1,99,,N,N,N,0,,1,0,1,3,2,,1300,1,2,0,0,0,0,0,3,4,0,2,99,,N,,,,,,,,,,,
2022032869,2032.0,0,0,0,0,0,0,0,0,0,8,0,,67,4,2022,6,40.0489,-75.0123,2027.0,6,0,0,0,0,0,0,1,0,,0,0,0.0,20,3,1,2,,1,40 02:55.985,3.0,0,75 00:44.349,3,0,0,0,67301,1,0,0,N,1,0,0,2,67301,0,,1,1,2105.0,N,N,N,0,,1,0,0,3,3,N,2025,1,2,0,0,0,0,0,3,4,1,1,3,3.0,N,,,,,,,,,,,
2022014790,1628.0,2,0,0,0,0,0,0,0,0,4,0,,67,1,2022,3,39.9877,-75.167,1622.0,6,0,0,0,0,0,0,0,0,,0,0,0.0,16,1,2,1,,0,39 59:15.698,,0,75 10:01.131,4,0,0,0,67301,0,0,0,N,0,0,0,5,67301,1,,1,1,,N,N,N,0,,0,0,1,3,3,,1615,2,3,0,0,2,1,1,3,4,0,3,3,3.0,N,,,,,,,,,,,
2022010821,1923.0,1,0,0,0,0,0,0,0,0,7,0,,67,1,2022,1,40.064,-75.2492,1920.0,6,0,0,0,0,0,1,0,0,,0,0,0.0,19,3,0,2,,0,40 03:50.349,,0,75 14:57.065,0,0,0,0,67301,0,0,0,N,0,0,0,1,67301,0,,4,7,,N,N,N,0,,0,0,0,3,3,,1918,0,1,0,0,0,0,0,3,4,0,1,10,,N,,,,,,,,,,,
2022004921,2348.0,1,0,0,0,0,0,0,0,0,5,0,,67,1,2022,5,39.9832,-75.1568,2348.0,6,0,0,0,0,0,1,0,0,,0,0,0.0,23,3,2,1,,2,39 58:59.480,1.0,0,75 09:24.548,2,0,0,0,67301,0,0,0,N,0,0,0,2,67505,0,,1,1,230.0,N,N,N,0,,0,1,1,3,2,Y,2347,2,2,0,0,0,1,0,3,4,0,2,3,3.0,N,,,,,,,,,,,
2022014845,1745.0,3,0,0,0,0,0,0,0,0,4,0,,67,1,2022,6,40.0415,-75.1584,1740.0,6,0,0,0,0,0,1,0,1,,0,0,0.0,17,3,2,5,,0,40 02:29.398,,0,75 09:30.121,3,0,0,0,67301,0,0,0,N,0,0,0,5,67301,0,,1,1,,N,N,N,0,,2,0,1,3,1,,1730,2,4,0,0,0,0,0,3,4,0,4,3,3.0,N,,,,,,,,,,,
2022014740,1535.0,1,0,0,0,0,0,0,0,0,6,0,,67,1,2022,5,39.9891,-75.2031,1524.0,6,0,0,0,0,0,1,0,0,,0,0,0.0,15,1,2,0,N,2,39 59:20.880,5.0,0,75 12:11.120,2,0,0,0,67301,0,0,0,N,0,0,0,3,67301,0,,1,1,1640.0,N,N,N,1,,0,2,0,0,0,Y,1524,2,2,0,1,1,0,0,3,4,0,2,3,3.0,N,,,,,,,,,,,
2022031992,1833.0,2,0,0,0,0,0,0,0,0,1,0,,67,2,2022,3,39.9241,-75.1472,1815.0,6,0,0,0,0,0,1,0,0,,0,0,0.0,18,3,2,0,N,0,39 55:26.924,,0,75 08:49.898,3,0,0,0,67301,0,0,0,N,0,0,0,2,68K01,1,,1,1,,N,N,N,0,,1,0,0,0,0,,1812,2,2,0,0,0,0,0,3,4,0,2,3,,N,,,,,,,,,,,
2022004235,1610.0,1,0,0,0,0,0,0,0,0,1,0,,67,1,2022,3,40.0042,-75.0773,1554.0,6,0,0,0,0,0,0,0,0,,0,0,0.0,14,1,2,1,,0,40 00:15.259,,0,75 04:38.425,3,0,0,0,67301,0,0,0,N,0,0,0,4,67301,0,,1,1,,N,N,N,0,,1,0,0,3,2,,1400,2,2,0,0,0,1,2,3,4,1,2,3,3.0,N,,,,,,,,,,,
2022002996,1023.0,1,0,0,0,0,0,0,0,0,7,0,,67,1,2022,1,39.9598,-75.1786,1018.0,6,0,0,0,0,0,0,0,0,,0,0,0.0,10,1,0,0,N,1,39 57:35.452,3.0,3,75 10:42.902,0,0,0,0,67301,0,0,0,N,0,0,0,1,68K01,0,,3,9,1131.0,N,N,N,0,,0,0,0,0,0,N,1016,0,1,0,0,1,0,0,3,4,0,1,3,3.0,N,,,,,,,,,,,
2022000243,835.0,1,0,0,0,0,0,0,0,0,4,0,,67,1,2022,7,39.9981,-75.1389,807.0,6,0,0,0,0,0,0,0,0,,0,0,0.0,7,1,1,1,,0,39 59:53.293,,0,75 08:19.899,4,0,0,0,67301,0,0,0,N,0,0,0,2,67301,1,,1,9,,N,N,N,0,,0,0,1,3,2,,745,1,2,0,0,0,0,0,3,4,0,2,7,4.0,N,,,,,,,,,,,
2022004303,1650.0,1,0,0,0,0,0,0,0,0,4,0,,67,1,2022,7,40.0031,-75.1773,1647.0,6,0,0,0,0,0,0,0,0,,0,0,0.0,16,1,2,1,,0,40 00:11.177,,0,75 10:38.108,3,0,0,0,67301,0,0,0,N,0,0,0,2,67301,1,,1,2,,N,Y,N,0,,1,0,1,3,2,,1640,2,2,0,0,0,0,0,3,4,0,2,3,,N,,,,,,,,,,,
2022004179,1635.0,1,0,0,0,0,0,0,0,0,8,0,,67,1,2022,5,39.9206,-75.1704,1604.0,6,0,0,0,0,0,0,0,0,,0,0,0.0,14,1,1,1,,0,39 55:14.279,,0,75 10:13.546,3,0,0,0,67301,1,0,0,N,1,0,0,2,67301,0,,1,1,,N,N,N,0,,1,0,0,3,2,,1449,1,2,0,0,0,0,0,3,4,0,1,3,3.0,N,,,,,,,,,,,
2022033173,619.0,1,0,0,0,0,0,0,0,0,1,0,,67,3,2022,5,40.0389,-75.009,619.0,6,0,0,0,0,0,0,0,0,,0,0,0.0,5,3,1,0,N,0,40 02:19.990,,0,75 00:32.243,3,0,0,0,67301,0,0,0,N,0,0,0,2,68K01,0,,1,9,,N,N,N,0,,1,0,0,0,0,,558,1,2,0,0,0,0,1,3,4,0,2,7,,N,,,,,,,,,,,
2022032309,1756.0,0,0,0,0,0,0,0,0,0,1,0,,67,3,2022,7,39.9675,-75.1325,1750.0,6,0,0,0,0,0,0,0,0,,0,0,0.0,17,1,0,0,N,0,39 58:03.037,,0,75 07:57.007,0,0,0,0,67301,0,0,0,N,0,0,0,3,68K01,0,,1,1,,N,N,N,1,,0,0,0,0,0,,1748,0,2,0,0,0,0,0,3,4,1,2,3,,N,,,,,,,,,,,
2022004238,2030.0,1,0,0,0,0,0,0,0,0,5,0,,67,1,2022,5,40.0089,-75.0719,2028.0,6,0,0,0,0,0,0,0,0,,0,0,0.0,20,3,1,5,,1,40 00:31.996,2.0,0,75 04:18.728,8,0,0,0,67301,0,0,0,N,0,0,0,3,67301,0,,1,1,30.0,N,N,N,0,,0,0,2,3,2,N,2015,1,3,0,0,0,1,0,3,4,0,3,3,,N,,,,,,,,,,,
2022004295,1030.0,2,0,0,0,0,0,0,0,0,1,0,,67,1,2022,3,40.0216,-75.1999,1008.0,6,0,0,0,0,0,0,0,0,,0,0,0.0,9,1,0,0,N,0,40 01:17.650,,0,75 11:59.730,0,0,0,0,67301,0,0,0,N,0,0,0,2,67301,0,,1,1,,N,N,N,0,,0,0,0,0,0,,922,0,2,0,0,0,0,0,3,4,0,2,3,3.0,N,,,,,,,,,,,
2022004166,1905.0,1,0,0,0,0,0,0,0,0,5,0,,67,1,2022,1,40.0394,-75.1097,1905.0,6,0,0,0,0,0,0,0,0,,0,0,0.0,18,6,1,0,N,0,40 02:21.686,,0,75 06:34.881,4,0,0,0,67301,0,0,0,N,0,0,0,4,67301,1,,1,99,,N,N,N,0,,0,0,0,0,0,,1840,1,2,0,0,2,0,3,3,4,1,2,99,,N,,,,,,,,,,,
2022032925,2103.0,0,0,0,0,0,0,0,0,0,8,0,,67,3,2022,7,40.0056,-75.1025,2103.0,6,0,0,0,0,0,0,0,0,,0,0,0.0,19,4,1,1,,0,40 00:20.239,,0,75 06:08.896,3,0,0,0,67301,1,0,0,N,1,0,0,1,67301,0,,9,1,,N,N,N,0,,1,0,0,0,0,,1930,1,2,0,0,0,0,0,3,4,0,1,3,,N,,,,,,,,,,,
2022010846,225.0,0,0,0,0,0,0,0,0,0,5,0,,67,1,2022,2,39.9994,-75.0749,220.0,6,0,0,0,0,0,0,0,0,,0,0,0.0,1,3,0,0,N,0,39 59:58.000,,0,75 04:29.700,0,0,0,0,67301,0,0,0,N,0,0,0,1,67301,0,,6,1,,N,N,N,0,,0,0,4,0,0,,134,0,4,0,0,0,0,0,3,4,0,4,3,3.0,N,,,,,,,,,,,
2022014810,800.0,1,0,0,0,0,0,0,0,0,5,0,,67,1,2022,7,40.0241,-75.1307,800.0,6,0,0,0,0,0,0,0,0,,0,0,0.0,0,6,0,0,N,0,40 01:26.764,,0,75 07:50.525,9,0,0,0,67301,0,0,0,N,0,0,0,1,67301,0,,6,99,,N,N,N,0,,0,0,0,0,0,,0,0,2,0,0,0,0,1,3,4,0,2,99,,N,,,,,,,,,,,
2022000586,926.0,1,0,0,0,0,0,0,0,0,7,0,,67,1,2022,1,39.9844,-75.2082,926.0,6,0,0,0,0,0,0,0,0,,0,0,0.0,9,1,1,0,N,1,39 59:03.813,4.0,0,75 12:29.522,3,0,0,0,67301,0,0,0,N,0,0,0,1,68K01,0,,3,9,1000.0,N,N,N,0,,1,0,0,0,0,N,924,1,1,0,0,0,0,0,3,4,0,1,7,,N,,,,,,,,,,,
2022004277,1755.0,1,0,0,0,0,0,0,0,0,8,0,,67,1,2022,4,40.0135,-75.1355,1752.0,6,0,0,0,0,0,0,0,0,,0,0,0.0,17,3,1,2,,0,40 00:48.437,,0,75 08:07.886,4,0,0,0,67301,1,0,0,N,1,0,0,2,67301,1,,1,1,,N,N,N,0,,0,0,0,3,2,,1748,1,2,0,0,0,0,0,3,4,0,1,3,3.0,N,,,,,,,,,,,
2022010843,141.0,1,0,0,0,0,0,0,0,0,7,0,,67,1,2022,2,40.0138,-75.0706,137.0,6,0,0,0,0,0,0,0,0,,0,0,0.0,1,3,0,0,N,1,40 00:49.596,6.0,0,75 04:14.323,0,0,0,0,67301,0,0,0,N,0,0,0,1,67301,0,,4,1,230.0,N,N,N,0,,0,0,0,0,0,Y,120,0,1,0,0,0,0,0,3,4,0,1,3,3.0,N,,,,,,,,,,,
2022005415,2241.0,1,0,0,0,0,0,0,0,0,5,0,,67,1,2022,7,40.0441,-75.0028,2241.0,6,0,0,0,0,0,0,1,0,,0,0,0.0,22,3,1,0,N,0,40 02:38.689,,0,75 00:10.073,3,0,0,0,67301,0,0,0,N,0,0,0,4,68K01,0,,1,9,,N,N,Y,0,,1,0,2,0,0,,2241,1,3,0,0,0,0,0,3,4,0,3,7,,N,,,,,,,,,,,
2022032757,1950.0,2,0,0,0,0,0,0,0,0,5,0,,67,4,2022,1,39.9851,-75.0946,1937.0,6,0,0,0,0,0,0,0,0,,0,0,0.0,19,3,0,0,N,0,39 59:06.319,,0,75 05:40.731,0,0,0,0,67301,0,0,0,N,0,0,0,3,68K01,0,,3,1,,N,N,N,0,,0,0,0,0,0,,1925,0,2,0,0,0,0,0,3,4,0,2,3,,N,,,,,,,,,,,
2022004234,1912.0,1,0,0,0,0,0,0,0,0,1,0,,67,1,2022,1,40.0249,-75.0311,1907.0,6,0,0,0,0,0,0,0,0,,0,0,0.0,18,3,0,3,,2,40 01:29.786,4.0,0,75 01:51.854,9,0,0,0,67301,0,0,0,N,0,0,0,2,67301,0,,1,1,1945.0,N,N,N,1,,0,0,0,0,0,N,1856,0,2,0,0,0,0,1,3,4,0,2,3,,N,,,,,,,,,,,
2022004221,0.0,1,0,0,0,0,0,0,0,0,4,0,,67,1,2022,7,40.037,-75.1785,46.0,6,0,0,0,0,0,1,0,0,,0,0,0.0,0,3,0,2,,0,40 02:13.131,,0,75 10:42.574,0,0,0,0,67301,0,0,0,N,0,0,0,1,67301,0,,1,9,,N,N,N,0,,0,0,1,3,3,,0,0,2,0,0,1,0,0,3,4,0,2,3,3.0,N,,,,,,,,,,,
2022014597,1432.0,2,0,0,0,0,0,0,0,0,1,0,,67,1,2022,7,40.112,-74.9905,1421.0,6,0,0,0,0,0,1,1,0,,0,0,0.0,14,1,2,2,,1,40 06:43.320,1.0,0,74 59:25.838,8,0,0,0,67301,0,0,0,N,0,0,0,5,67301,0,,1,1,1530.0,N,N,N,0,,0,0,2,3,2,N,1420,2,5,0,0,0,2,0,3,4,1,5,3,3.0,N,,,,,,,,,,,
2022010877,850.0,1,0,0,0,0,0,0,0,0,1,0,,67,1,2022,4,39.9966,-75.1338,834.0,6,0,0,0,0,0,1,1,0,,0,0,0.0,8,1,1,0,N,2,39 59:47.620,2.0,0,75 08:01.560,3,0,0,0,67301,0,0,0,N,0,0,0,2,67301,0,,1,2,1039.0,N,N,Y,0,,1,0,2,0,0,Y,802,1,3,0,0,0,0,0,3,4,0,3,6,,N,,,,,,,,,,,
2022004152,57.0,2,0,0,0,0,0,0,0,0,1,0,,67,1,2022,1,39.9654,-75.1404,55.0,6,0,0,0,0,0,1,0,0,,0,0,0.0,0,3,1,0,N,2,39 57:55.600,2.0,0,75 08:25.500,3,0,0,0,67301,0,0,0,N,0,0,0,2,67301,0,,1,1,200.0,N,N,N,0,,1,0,0,0,0,Y,45,1,2,0,0,0,0,1,3,4,0,2,3,3.0,N,,,,,,,,,,,
2022004296,1345.0,2,0,0,0,0,0,0,0,0,1,0,,67,1,2022,7,40.0098,-75.1557,1345.0,6,0,0,0,0,0,0,0,0,,0,0,0.0,18,3,4,0,N,0,40 00:35.377,,0,75 09:20.538,3,0,0,0,67301,0,0,0,N,0,0,0,6,67301,0,,1,1,,N,N,Y,0,,4,0,1,0,0,,1830,4,3,0,0,0,0,0,3,4,0,3,7,,N,,,,,,,,,,,
2022032304,1721.0,1,0,0,0,0,0,0,0,0,1,0,,67,3,2022,6,40.042,-75.0038,1658.0,6,0,0,0,0,0,1,0,0,,0,0,0.0,16,1,0,0,N,0,40 02:31.151,,0,75 00:13.741,0,0,0,0,67301,0,0,0,N,0,0,0,2,68K01,0,,1,1,,N,N,N,1,,0,0,0,0,0,,1655,0,2,0,0,0,0,0,3,4,0,2,3,,N,,,,,,,,,,,
2022004292,2015.0,0,0,0,0,0,0,0,0,0,8,0,,67,1,2022,7,40.0037,-75.1691,2004.0,6,0,0,0,0,0,0,0,0,,0,0,0.0,20,3,2,5,,0,40 00:13.253,,0,75 10:08.679,3,0,0,0,67301,1,0,0,N,1,0,0,2,67301,0,,1,9,,N,N,N,0,,1,0,0,3,2,,2000,2,2,0,0,0,1,0,3,4,0,1,3,,N,,,,,,,,,,,
2022004288,517.0,1,0,0,0,0,0,0,0,0,7,0,,67,1,2022,2,40.0475,-75.1428,513.0,6,0,0,0,0,0,0,0,0,,0,0,0.0,5,3,0,1,,0,40 02:51.028,,0,75 08:34.417,0,0,0,0,67301,0,0,0,N,0,0,0,1,67301,0,,4,1,,N,N,N,0,,0,0,0,3,2,,512,0,1,0,0,1,0,0,3,4,0,1,3,3.0,N,,,,,,,,,,,
2022014865,1215.0,1,0,0,0,0,0,0,0,0,4,0,,67,1,2022,1,40.0258,-75.1235,12.0,6,0,0,0,0,0,1,0,0,,0,0,0.0,20,3,1,1,,0,40 01:32.799,,0,75 07:24.504,8,0,0,0,67301,0,0,0,N,0,0,0,3,67301,0,,1,9,,N,N,N,0,,0,0,1,3,2,,2045,1,2,0,0,0,1,1,3,4,0,2,5,5.0,N,,,,,,,,,,,
2022004163,317.0,0,0,0,0,0,0,0,0,0,5,0,,67,1,2022,2,39.9202,-75.1714,302.0,6,0,0,0,0,0,0,0,0,,0,0,0.0,3,3,0,0,N,0,39 55:12.710,,0,75 10:16.890,0,0,0,0,67301,0,0,0,N,0,0,0,1,67301,0,,6,1,,N,N,N,0,,0,0,2,0,0,,302,0,2,0,0,1,0,0,3,4,0,2,3,4.0,N,,,,,,,,,,,
2022040780,2324.0,0,0,0,0,0,0,0,0,0,1,1,,67,4,2022,3,39.9057,-75.1324,2323.0,6,0,0,0,0,0,0,0,0,,0,1,0.0,23,3,1,0,N,2,39 54:20.423,3.0,3,75 07:56.675,3,0,0,0,67301,0,0,0,N,0,0,0,2,67501,0,,1,1,2359.0,N,N,N,0,,1,0,1,3,8,N,2323,1,2,0,0,0,0,0,3,4,0,2,3,3.0,N,,,,,,,,,,,
2022048310,2020.0,1,0,0,0,0,0,0,0,0,1,0,,67,5,2022,7,40.1079,-75.0264,2015.0,6,0,0,0,0,0,1,0,1,,0,0,0.0,20,3,0,2,,0,40 06:28.483,,0,75 01:35.121,0,0,0,0,67301,0,0,0,N,0,0,0,2,67301,0,,1,1,,N,N,N,1,,0,0,0,3,2,,2000,0,2,0,0,0,0,0,3,4,0,2,3,3.0,N,,,,,,,,,,,
2022020669,1744.0,1,0,0,0,0,0,0,0,0,4,0,,67,2,2022,6,40.0242,-75.0955,1734.0,6,0,0,0,0,0,1,0,0,,0,0,0.0,17,1,1,1,,0,40 01:26.990,,0,75 05:43.929,3,0,0,0,67301,0,0,0,N,0,0,0,2,67301,0,,1,1,,N,N,N,0,,1,0,1,3,2,,1733,1,2,0,0,0,0,0,3,4,0,2,3,,N,,,,,,,,,,,
2022045954,329.0,1,0,0,0,0,0,0,0,0,7,0,,67,2,2022,4,39.9824,-75.2076,129.0,6,0,0,0,0,0,0,0,0,,0,0,0.0,1,3,1,0,N,1,39 58:56.632,4.0,0,75 12:27.523,4,0,0,0,67301,0,0,0,N,0,0,0,1,68K01,1,,3,9,129.0,N,N,N,0,,0,0,0,0,0,N,128,1,1,0,0,0,0,0,3,4,0,1,3,,N,,,,,,,,,,,