CRN,ARRIVAL_TM,AUTOMOBILE_COUNT,BELTED_DEATH_COUNT,BELTED_SUSP_SERIOUS_INJ_COUNT,BICYCLE_COUNT,BICYCLE_DEATH_COUNT,BICYCLE_SUSP_SERIOUS_INJ_COUNT,BUS_COUNT,CHLDPAS_DEATH_COUNT,CHLDPAS_SUSP_SERIOUS_INJ_COUNT,COLLISION_TYPE,COMM_VEH_COUNT,CONS_ZONE_SPD_LIM,COUNTY,CRASH_MONTH,CRASH_YEAR,DAY_OF_WEEK,DEC_LAT,DEC_LONG,DISPATCH_TM,DISTRICT,DRIVER_COUNT_16YR,DRIVER_COUNT_17YR,DRIVER_COUNT_18YR,DRIVER_COUNT_19YR,DRIVER_COUNT_20YR,DRIVER_COUNT_50_64YR,DRIVER_COUNT_65_74YR,DRIVER_COUNT_75PLUS,EST_HRS_CLOSED,FATAL_COUNT,HEAVY_TRUCK_COUNT,HORSE_BUGGY_COUNT,HOUR_OF_DAY,ILLUMINATION,INJURY_COUNT,INTERSECT_TYPE,INTERSECTION_RELATED,LANE_CLOSED,LATITUDE,LN_CLOSE_DIR,LOCATION_TYPE,LONGITUDE,MAX_SEVERITY_LEVEL,MCYCLE_DEATH_COUNT,MCYCLE_SUSP_SERIOUS_INJ_COUNT,MOTORCYCLE_COUNT,MUNICIPALITY,NONMOTR_COUNT,NONMOTR_DEATH_COUNT,NONMOTR_SUSP_SERIOUS_INJ_COUNT,NTFY_HIWY_MAINT,PED_COUNT,PED_DEATH_COUNT,PED_SUSP_SERIOUS_INJ_COUNT,PERSON_COUNT,POLICE_AGCY,POSSIBLE_INJ_COUNT,RDWY_SURF_TYPE_CD,RELATION_TO_ROAD,ROAD_CONDITION,ROADWAY_CLEARED,SCH_BUS_IND,SCH_ZONE_IND,SECONDARY_CRASH,SMALL_TRUCK_COUNT,SPEC_JURIS_CD,SUSP_MINOR_INJ_COUNT,SUSP_SERIOUS_INJ_COUNT,SUV_COUNT,TCD_FUNC_CD,TCD_TYPE,TFC_DETOUR_IND,TIME_OF_DAY,TOT_INJ_COUNT,TOTAL_UNITS,UNB_DEATH_COUNT,UNB_SUSP_SERIOUS_INJ_COUNT,UNBELTED_OCC_COUNT,UNK_INJ_DEG_COUNT,UNK_INJ_PER_COUNT,URBAN_AREA,URBAN_RURAL,VAN_COUNT,VEHICLE_COUNT,WEATHER1,WEATHER2,WORK_ZONE_IND,WORK_ZONE_LOC,WORK_ZONE_TYPE,WORKERS_PRES,WZ_CLOSE_DETOUR,WZ_FLAGGER,WZ_LAW_OFFCR_IND,WZ_LN_CLOSURE,WZ_MOVING,WZ_OTHER,WZ_SHLDER_MDN,WZ_WORKERS_INJ_KILLED
2022029159,2000.0,1,0,0,0,0,0,0,0,0,4,0,,67,3,2022,6,40.0551,-75.0485,1952.0,6,0,1,0,0,0,0,0,0,,0,0,0.0,19,3,1,2,,0,40 03:18.277,,0,75 02:54.587,3,0,0,0,67301,0,0,0,N,0,0,0,2,67301,0,,1,1,,N,N,N,0,,1,0,1,3,2,,1945,1,2,0,0,0,0,0,3,4,0,2,3,,N,,,,,,,,,,,
2022024168,1307.0,0,0,0,0,0,0,0,0,0,8,0,,67,3,2022,1,40.0377,-75.0471,1259.0,6,0,0,0,0,0,0,0,0,,0,0,0.0,18,1,1,0,N,0,40 02:15.880,,0,75 02:49.670,8,0,0,0,67301,1,0,0,N,1,0,0,2,67301,0,,1,99,,N,N,N,0,,0,0,1,0,0,,1800,1,2,0,0,0,1,0,3,4,0,1,99,,N,,,,,,,,,,,
2022048412,347.0,1,0,0,0,0,0,0,0,0,7,0,,67,5,2022,3,39.9478,-75.2275,343.0,6,0,0,0,0,0,1,0,0,,0,0,0.0,3,3,1,0,N,0,39 56:52.001,,0,75 13:39.165,3,0,0,0,67301,0,0,0,N,0,0,0,1,67301,0,,9,9,,N,N,N,0,,1,0,0,3,2,,340,1,1,0,0,0,0,0,3,4,0,1,7,7.0,N,,,,,,,,,,,
2022047751,949.0,2,0,0,0,0,0,0,0,0,4,0,,67,1,2022,4,40.0088,-75.1224,950.0,6,0,0,0,0,0,0,0,0,,0,0,0.0,9,1,0,0,N,2,40 00:31.821,1.0,0,75 07:20.492,9,0,0,0,67301,0,0,0,N,0,0,0,1,67301,0,,6,1,1118.0,N,N,N,0,,0,0,1,0,0,Y,949,0,3,0,0,0,0,1,3,4,0,3,3,3.0,N,,,,,,,,,,,
2022044026,348.0,0,0,0,0,0,0,0,0,0,4,0,,67,4,2022,7,39.9871,-75.1223,345.0,6,0,0,0,0,0,0,0,0,,0,0,0.0,3,3,1,5,,0,39 59:13.382,,0,75 07:20.404,8,0,0,0,67301,0,0,0,N,0,0,0,2,67301,0,,1,9,,N,N,N,2,,0,0,0,3,2,,340,1,2,0,0,0,1,0,3,4,0,2,7,7.0,N,,,,,,,,,,,
2022039766,1808.0,0,0,0,0,0,0,0,0,0,1,0,,67,4,2022,7,39.8773,-75.2527,1753.0,6,0,0,0,0,0,1,0,0,,0,0,0.0,17,1,2,0,N,0,39 52:38.448,,0,75 15:09.831,8,0,0,0,67301,0,0,0,N,0,0,0,6,68K01,0,,1,1,,N,N,N,0,,0,0,2,0,0,,1748,2,2,0,0,0,2,0,3,4,0,2,3,3.0,N,,,,,,,,,,,
2022026201,1657.0,0,0,0,0,0,0,0,0,0,4,0,,67,3,2022,7,39.9361,-75.1753,1635.0,6,0,0,0,0,0,0,0,0,,0,0,0.0,16,4,1,2,,0,39 56:10.068,,0,75 10:31.184,3,0,0,0,67301,0,0,0,N,0,0,0,3,67301,0,,1,6,,N,N,N,0,,1,0,2,3,3,,1632,1,2,0,0,0,0,0,3,4,0,2,9,2.0,N,,,,,,,,,,,
2022014770,1115.0,0,0,0,1,0,0,0,0,0,4,0,,67,2,2022,2,39.9537,-75.209,1115.0,6,0,0,0,0,0,0,0,0,,0,0,0.0,9,1,1,1,,0,39 57:13.410,,0,75 12:32.421,8,0,0,0,67301,1,0,0,N,0,0,0,2,67301,0,,1,9,,N,N,N,0,,0,0,1,3,2,,945,1,2,0,0,0,1,0,3,4,0,1,4,7.0,N,,,,,,,,,,,
2022015973,642.0,1,0,0,0,0,0,0,0,0,1,0,,67,2,2022,7,40.0072,-75.16,636.0,6,0,0,0,0,0,0,0,0,,0,0,0.0,6,5,1,0,N,0,40 00:25.950,,0,75 09:36.080,3,0,0,0,67301,0,0,0,N,0,0,0,2,67301,0,,6,1,,N,N,N,0,,1,0,1,0,0,,630,1,2,0,0,0,0,1,3,4,0,2,3,,N,,,,,,,,,,,
2022033550,1508.0,0,0,0,0,0,0,0,0,0,0,0,,67,4,2022,3,39.9523,-75.1412,1449.0,6,0,0,0,0,0,1,0,0,,0,0,0.0,14,1,0,0,N,1,39 57:08.202,1.0,2,75 08:28.262,0,0,0,0,67301,0,0,0,N,0,0,0,1,68K01,0,,1,1,1533.0,N,N,N,0,,0,0,1,0,0,N,1440,0,1,0,0,0,0,0,3,4,0,1,3,3.0,N,,,,,,,,,,,
2022044908,930.0,0,0,0,0,0,0,1,0,0,5,1,,67,4,2022,6,40.0144,-75.1373,837.0,6,0,0,0,0,0,0,0,0,,0,0,0.0,8,1,0,0,N,2,40 00:51.960,5.0,0,75 08:14.440,0,0,0,0,67301,1,0,0,N,0,0,0,15,67301,0,,1,1,1155.0,Y,Y,N,1,,0,0,0,0,0,Y,835,0,2,0,0,0,0,0,3,4,0,2,3,3.0,N,,,,,,,,,,,
2022023705,2040.0,1,0,0,0,0,0,0,0,0,1,0,,67,2,2022,2,40.0504,-75.0576,2035.0,6,0,0,0,0,0,0,0,0,,0,0,0.0,20,3,3,2,,1,40 03:01.313,1.0,7,75 03:27.259,4,0,0,0,67301,0,0,0,N,0,0,0,5,67301,3,,1,1,100.0,N,N,N,0,,0,0,2,0,0,N,2012,3,3,0,0,0,0,0,3,4,0,3,3,,N,,,,,,,,,,,
2022044062,1700.0,1,0,0,0,0,0,0,0,0,4,0,,67,4,2022,6,39.9731,-75.1484,1700.0,6,0,0,0,0,0,0,0,0,,0,0,0.0,6,1,1,1,,0,39 58:23.293,,0,75 08:54.175,8,0,0,0,67301,0,0,0,N,0,0,0,2,67301,0,,1,1,,N,N,Y,0,,0,0,2,0,0,,645,1,3,0,0,0,1,0,3,4,0,3,3,3.0,N,,,,,,,,,,,
2022050820,1702.0,2,0,0,0,0,0,0,0,0,2,0,,67,5,2022,1,39.998,-75.1078,1702.0,6,0,0,0,0,0,1,0,0,,0,0,0.0,17,2,1,0,N,0,39 59:52.740,,0,75 06:28.010,3,0,0,0,67301,0,0,0,N,0,0,0,2,67301,0,,1,1,,N,N,N,0,,1,0,2,0,0,,1702,1,4,0,0,2,0,0,3,4,0,4,3,3.0,N,,,,,,,,,,,
2022032508,2345.0,2,0,0,0,0,0,0,0,0,1,0,,67,2,2022,6,40.0233,-75.0768,2345.0,6,0,0,0,0,0,1,0,0,,0,0,0.0,23,3,0,1,,0,40 01:23.700,,0,75 04:36.637,9,0,0,0,67301,0,0,0,N,0,0,0,5,67508,0,,1,1,,,,Y,0,,0,0,0,3,2,,2345,0,2,0,0,0,0,1,3,4,0,2,3,3.0,N,,,,,,,,,,,
2022015764,2251.0,3,0,0,0,0,0,0,0,0,3,0,,67,2,2022,3,39.9806,-75.1408,2245.0,6,0,0,0,0,0,0,0,0,,0,0,0.0,22,3,0,0,N,0,39 58:50.200,,0,75 08:26.900,0,0,0,0,67301,0,0,0,N,0,0,0,1,67301,0,,6,99,,N,N,N,0,,0,0,1,0,0,,2245,0,4,0,0,0,0,0,3,4,0,4,3,3.0,N,,,,,,,,,,,
2022035758,53.0,2,0,0,0,0,0,0,0,0,5,0,,67,3,2022,7,39.9923,-75.2013,44.0,6,0,0,0,0,0,1,0,0,,0,0,0.0,0,3,0,0,N,0,39 59:32.408,,0,75 12:04.734,0,0,0,0,67301,0,0,0,N,0,0,0,2,68K01,0,,1,1,,N,N,N,0,,0,0,0,0,0,,36,0,2,0,0,0,0,0,3,4,0,2,3,3.0,N,,,,,,,,,,,
2022049115,714.0,1,0,0,0,0,0,0,0,0,5,0,,67,5,2022,7,40.0344,-75.0191,706.0,6,0,0,0,0,0,0,0,0,,0,0,0.0,7,1,1,0,N,1,40 02:03.863,1.0,0,75 01:08.586,4,0,0,0,67301,0,0,0,N,0,0,0,2,68K01,1,,1,1,721.0,N,N,N,0,,0,0,0,0,0,N,700,1,2,0,0,1,0,1,3,4,0,2,3,5.0,N,,,,,,,,,,,
2022015762,2255.0,1,0,0,0,0,0,0,0,0,4,0,,67,2,2022,3,39.9773,-75.1581,2250.0,6,0,0,0,0,0,0,0,0,,0,0,0.0,22,3,0,1,,0,39 58:38.272,,0,75 09:29.666,0,0,0,0,67301,0,0,0,N,0,0,0,2,67301,0,,1,1,,N,N,N,0,,0,0,1,3,2,,2246,0,2,0,0,0,0,0,3,4,0,2,3,,N,,,,,,,,,,,
2022043722,1728.0,1,0,0,0,0,0,0,0,0,1,0,,67,5,2022,5,39.9917,-75.2025,1715.0,6,0,0,0,0,0,0,0,0,,0,0,0.0,16,1,0,0,N,0,39 59:30.115,,0,75 12:09.088,0,0,0,0,67301,0,0,0,N,0,0,0,2,68K01,0,,1,1,,N,N,N,0,,0,0,1,3,8,,1658,0,2,0,0,0,0,0,3,4,0,2,3,,N,,,,,,,,,,,
2022044017,135.0,1,0,0,0,0,0,0,0,0,8,0,,67,3,2022,4,39.9983,-75.1274,126.0,6,0,0,0,0,0,0,0,0,,0,0,0.0,20,3,1,1,,0,39 59:53.719,,0,75 07:38.508,8,0,0,0,67301,1,0,0,N,1,0,0,2,67301,0,,1,99,,N,N,N,0,,0,0,0,3,2,,2020,1,2,0,0,0,1,0,3,4,0,1,4,4.0,N,,,,,,,,,,,
2022044049,735.0,2,0,0,0,0,0,0,0,0,4,0,,67,4,2022,7,39.9985,-75.129,726.0,6,0,0,0,0,0,0,0,0,,0,0,0.0,7,1,1,0,N,0,39 59:54.516,,0,75 07:44.530,8,0,0,0,67301,0,0,0,N,0,0,0,3,67301,0,,1,1,,N,N,N,0,,0,0,0,0,0,,726,1,2,0,0,0,1,0,3,4,0,2,3,3.0,N,,,,,,,,,,,
2022019596,1830.0,0,0,0,0,0,0,0,0,0,4,0,,67,2,2022,6,40.0313,-75.0849,1825.0,6,0,0,0,0,0,1,0,0,,0,0,0.0,17,3,0,1,,0,40 01:52.852,,0,75 05:05.812,0,0,0,0,67301,0,0,0,N,0,0,0,2,67301,0,,1,1,,N,N,N,0,,0,0,1,3,2,,1758,0,2,0,0,0,0,0,3,4,1,2,3,3.0,N,,,,,,,,,,,
2022019595,1545.0,2,0,0,0,0,0,0,0,0,5,0,,67,2,2022,6,40.0144,-75.0648,1531.0,6,0,0,0,0,0,1,0,0,,0,0,0.0,15,1,1,0,N,0,40 00:51.840,,0,75 03:53.210,3,0,0,0,67301,0,0,0,N,0,0,0,1,67301,0,,6,1,,N,N,N,0,,1,0,1,0,0,,1516,1,3,0,0,0,0,0,3,4,0,3,3,,N,,,,,,,,,,,
2022029157,2030.0,0,0,0,0,0,0,0,0,0,1,0,,67,3,2022,1,40.0501,-75.0642,2022.0,6,0,0,0,0,0,1,0,0,,0,0,0.0,20,3,1,1,,0,40 03:00.396,,0,75 03:51.268,3,0,0,0,67301,0,0,0,N,0,0,0,2,67301,0,,1,1,,N,N,N,1,,1,0,1,3,2,,2017,1,2,0,0,0,0,0,3,4,0,2,4,,N,,,,,,,,,,,
2022018139,58.0,3,0,0,0,0,0,0,0,0,5,0,,67,2,2022,7,39.9796,-75.1626,58.0,6,0,0,0,0,0,0,0,0,,0,0,0.0,0,3,0,0,N,2,39 58:46.700,2.0,0,75 09:45.500,0,0,0,0,67301,0,0,0,N,0,0,0,1,67505,0,,6,1,125.0,N,N,N,0,,0,0,2,0,0,Y,58,0,5,0,0,1,0,0,3,4,0,5,3,3.0,N,,,,,,,,,,,
2022015931,945.0,1,0,0,0,0,0,0,0,0,4,0,,67,2,2022,7,40.0215,-75.1398,945.0,6,0,0,0,0,0,0,0,0,,0,0,0.0,9,1,0,1,,1,40 01:17.537,2.0,0,75 08:23.331,0,0,0,0,67301,0,0,0,N,0,0,0,2,67301,0,,1,1,1121.0,N,N,N,0,,0,0,1,3,2,N,945,0,2,0,0,0,0,0,3,4,0,2,3,,N,,,,,,,,,,,
2022030379,204.0,1,0,0,0,0,0,0,0,0,4,0,,67,3,2022,1,40.0374,-75.191,156.0,6,0,0,0,0,0,0,0,0,,0,0,0.0,1,3,4,1,,0,40 02:14.535,,0,75 11:27.538,3,0,0,0,67301,0,0,0,N,0,0,0,4,67301,2,,1,1,,N,N,N,0,,1,0,1,3,2,,142,4,2,0,0,0,1,0,3,4,0,2,3,,N,,,,,,,,,,,
2022018321,346.0,1,0,0,0,0,0,0,0,0,5,0,,67,2,2022,2,40.0312,-75.0214,346.0,6,0,0,0,1,0,0,0,0,,0,0,0.0,3,3,0,0,N,2,40 01:52.233,1.0,3,75 01:17.147,0,0,0,0,67301,0,0,0,N,0,0,0,2,68K01,0,,1,9,358.0,N,N,Y,0,,0,0,1,0,0,N,329,0,2,0,0,0,0,0,3,4,0,2,10,,N,,,,,,,,,,,
2022025801,2013.0,1,0,0,0,0,0,0,0,0,4,0,,67,3,2022,4,40.0075,-75.0943,2013.0,6,0,0,0,0,0,0,0,0,,0,0,0.0,20,3,0,1,,0,40 00:26.888,,0,75 05:39.498,0,0,0,0,67301,0,0,0,N,0,0,0,2,67301,0,,1,9,,N,N,N,0,,0,0,1,3,3,,2013,0,2,0,0,2,0,0,3,4,0,2,7,7.0,N,,,,,,,,,,,
2022050729,1312.0,1,0,0,0,0,0,0,0,0,4,0,,67,5,2022,1,40.0283,-75.0744,1303.0,6,0,0,0,0,0,0,0,0,,0,0,0.0,12,1,0,1,,1,40 01:41.740,1.0,0,75 04:27.919,9,0,0,0,67301,0,0,0,N,0,0,0,3,67301,0,,1,1,1409.0,N,N,N,0,,0,0,1,3,3,N,1250,0,2,0,0,0,0,3,3,4,0,2,3,3.0,N,,,,,,,,,,,
2022047167,1200.0,1,0,0,0,0,0,0,0,0,7,1,,67,5,2022,2,40.1179,-74.9925,1149.0,6,0,0,0,0,0,0,0,0,,0,1,0.0,11,1,1,0,N,2,40 07:04.320,6.0,0,74 59:32.870,8,0,0,0,67301,0,0,0,N,0,0,0,2,67301,0,,1,1,1250.0,N,N,N,0,,0,0,0,0,0,Y,1140,1,2,0,0,0,1,0,3,4,0,2,4,4.0,N,,,,,,,,,,,
2022044002,1900.0,2,0,0,0,0,0,0,0,0,4,0,,67,5,2022,6,39.9937,-75.1596,1852.0,6,0,0,0,0,0,0,0,0,,0,0,0.0,18,1,0,0,N,0,39 59:37.270,,0,75 09:34.460,9,0,0,0,67301,0,0,0,N,0,0,0,2,67301,0,,1,9,,N,N,N,0,,0,0,0,0,0,,1826,0,2,0,0,1,0,1,3,4,0,2,7,4.0,N,,,,,,,,,,,
2022050901,2018.0,2,0,0,0,0,0,0,0,0,1,0,,67,4,2022,2,39.9875,-75.0896,1947.0,6,0,0,0,0,0,0,0,0,,0,0,0.0,19,3,1,0,N,1,39 59:15.142,1.0,0,75 05:22.687,4,0,0,0,67301,0,0,0,N,0,0,0,3,68K01,1,,1,8,905.0,N,N,Y,0,,0,0,0,0,0,Y,1945,1,3,0,0,0,0,0,3,4,0,2,7,,N,,,,,,,,,,,
2022032854,840.0,2,0,0,0,0,0,0,0,0,5,0,,67,4,2022,6,39.9687,-75.16,835.0,6,0,0,0,0,0,1,0,0,,0,0,0.0,8,1,1,0,N,0,39 58:07.145,,0,75 09:35.961,4,0,0,0,67301,0,0,0,N,0,0,0,2,67301,1,,1,1,,N,N,N,0,,0,0,0,0,0,,828,1,2,0,0,0,0,0,3,4,0,2,4,4.0,N,,,,,,,,,,,
2022049632,23.0,3,0,0,0,0,0,0,0,0,5,0,,67,5,2022,5,40.1232,-74.998,19.0,6,0,0,0,0,0,0,0,0,,0,0,0.0,23,3,0,0,N,0,40 07:23.650,,0,74 59:52.910,0,0,0,0,67301,0,0,0,N,0,0,0,0,67301,0,,1,1,,N,N,N,0,,0,0,0,0,0,,2348,0,3,0,0,0,0,0,3,4,0,3,3,3.0,N,,,,,,,,,,,
2022043687,322.0,0,0,0,0,0,0,0,0,0,7,0,,67,4,2022,4,40.0464,-75.0011,305.0,6,0,0,0,0,0,0,0,0,,0,0,0.0,3,3,0,0,N,0,40 02:47.089,,0,75 00:03.987,0,0,0,0,67301,0,0,0,Y,0,0,0,1,68K01,0,,4,1,,N,N,N,0,,0,0,1,0,0,,304,0,1,0,0,0,0,0,3,4,0,1,3,3.0,N,,,,,,,,,,,
2022020341,1357.0,2,0,0,0,0,0,0,0,0,4,0,,67,2,2022,6,39.9535,-75.2262,1357.0,6,0,0,0,0,0,1,0,0,,0,0,0.0,13,1,0,1,,2,39 57:12.694,6.0,0,75 13:34.382,9,0,0,0,67301,0,0,0,N,0,0,0,2,67301,0,,1,1,1456.0,N,N,Y,0,,0,0,1,3,2,Y,1335,0,3,0,0,0,0,1,3,4,0,3,3,3.0,N,,,,,,,,,,,
2022030373,1548.0,3,0,0,0,0,0,0,0,0,1,0,,67,3,2022,3,39.9866,-75.2572,1541.0,6,0,0,0,0,0,0,0,0,,0,0,0.0,15,1,3,0,N,1,39 59:11.778,2.0,0,75 15:25.750,4,0,0,0,67301,0,0,0,N,0,0,0,4,46104,3,,1,1,1636.0,N,N,Y,0,,0,0,0,0,0,N,1541,3,3,0,0,1,0,0,3,4,0,3,3,,N,,,,,,,,,,,
2022044014,315.0,1,0,0,0,0,0,0,0,0,4,0,,67,2,2022,6,40.0026,-75.0997,313.0,6,0,0,0,0,0,0,0,0,,0,0,0.0,3,3,1,5,,0,40 00:09.273,,0,75 05:59.019,3,0,0,0,67301,0,0,0,N,0,0,0,2,67301,0,,1,9,,N,N,N,0,,1,0,1,3,2,,308,1,2,0,0,0,0,0,3,4,0,2,7,7.0,N,,,,,,,,,,,
2022016357,152.0,1,0,0,0,0,0,0,0,0,1,0,,67,2,2022,1,40.0566,-75.0466,148.0,6,0,0,0,0,0,0,0,0,,0,0,0.0,1,3,2,1,,1,40 03:23.636,1.0,0,75 02:47.581,3,0,0,0,67301,0,0,0,N,0,0,0,2,67301,1,,1,9,230.0,N,N,N,0,,1,0,1,3,2,N,145,2,2,0,0,0,0,0,3,4,0,2,6,9.0,N,,,,,,,,,,,
2022023697,325.0,3,0,0,0,0,0,0,0,0,5,0,,67,2,2022,1,39.9262,-75.1693,323.0,6,0,0,0,0,0,0,0,0,,0,0,0.0,3,3,0,0,N,2,39 55:34.455,2.0,0,75 10:09.593,0,0,0,0,67301,0,0,0,N,0,0,0,2,67301,0,,6,1,30.0,N,N,N,0,,0,0,1,0,0,N,320,0,4,0,0,0,0,0,3,4,0,4,3,3.0,N,,,,,,,,,,,
2022041826,914.0,2,0,0,0,0,0,0,0,0,1,0,,67,3,2022,6,39.9676,-75.1321,910.0,6,0,0,0,0,0,0,0,0,,0,0,0.0,8,1,0,0,N,0,39 58:03.432,,0,75 07:55.664,0,0,0,0,67301,0,0,0,N,0,0,0,2,68K01,0,,1,1,,N,N,N,0,,0,0,0,3,8,,859,0,2,0,0,0,0,0,3,4,0,2,3,,N,,,,,,,,,,,
2022023714,1045.0,2,0,0,0,0,0,0,0,0,4,0,,67,3,2022,6,39.9155,-75.1613,1044.0,6,0,0,0,0,0,0,0,0,,0,0,0.0,10,1,2,1,,2,39 54:56.168,7.0,0,75 09:41.282,3,0,0,0,67301,0,0,0,N,0,0,0,3,67301,0,,1,1,1200.0,N,N,N,0,,2,0,1,3,2,Y,1034,2,3,0,0,0,0,0,3,4,0,3,3,3.0,N,,,,,,,,,,,
2022032901,2220.0,3,0,0,0,0,0,0,0,0,4,0,,67,3,2022,5,39.9455,-75.1717,2215.0,6,0,0,0,0,1,0,0,0,,0,0,0.0,22,3,2,1,,1,39 56:43.651,4.0,0,75 10:18.048,3,0,0,0,67301,0,0,0,N,0,0,0,2,67301,0,,1,9,1115.0,N,N,N,0,,2,0,0,3,2,N,2205,2,3,0,0,0,0,0,3,4,0,3,4,,N,,,,,,,,,,,
2022026613,1735.0,1,0,0,0,0,0,0,0,0,5,0,,67,3,2022,3,39.9888,-75.1438,1733.0,6,0,0,0,0,0,0,0,0,,0,0,0.0,17,1,0,0,N,2,39 59:19.500,1.0,0,75 08:37.710,9,0,0,0,67301,0,0,0,N,0,0,0,1,67301,0,,6,1,130.0,N,N,N,0,,0,0,2,0,0,N,1733,0,3,0,0,0,0,1,3,4,0,3,3,3.0,N,,,,,,,,,,,
2022047193,1830.0,1,0,0,0,0,0,0,0,0,1,0,,67,5,2022,2,39.953,-75.1936,1821.0,6,0,0,0,0,0,1,0,0,,0,0,0.0,16,1,2,0,N,0,39 57:10.777,,0,75 11:36.880,3,0,0,0,67301,0,0,0,N,0,0,0,3,67301,0,,1,1,,N,N,N,0,,2,0,1,0,0,,1644,2,2,0,0,0,0,0,3,4,0,2,3,,N,,,,,,,,,,,
2022044073,1728.0,1,0,0,0,0,0,0,0,0,1,0,,67,5,2022,2,39.9762,-75.1199,1728.0,6,0,0,0,0,0,1,0,0,,0,0,0.0,17,1,2,0,N,0,39 58:34.395,,0,75 07:11.551,3,0,0,0,67301,0,0,0,N,0,0,0,2,67301,0,,1,1,,N,N,N,0,,2,0,1,0,0,,1723,2,2,0,0,0,0,0,3,4,0,2,4,3.0,N,,,,,,,,,,,
2022034606,1136.0,0,0,0,0,0,0,0,0,0,1,0,,67,3,2022,1,40.0012,-75.2264,1132.0,6,0,0,0,0,0,1,0,1,,0,0,0.0,11,1,1,1,,0,40 00:04.324,,0,75 13:34.993,4,0,0,0,67301,0,0,0,N,0,0,0,2,46104,1,,1,1,,N,N,N,1,,0,0,1,3,2,,1132,1,2,0,0,0,0,0,3,4,0,2,3,,N,,,,,,,,,,,
2022048318,1933.0,1,0,0,0,0,0,0,0,0,4,0,,67,5,2022,3,39.955,-75.1527,1930.0,6,0,0,0,0,0,0,0,0,,0,0,0.0,19,1,3,1,,0,39 57:18.170,,0,75 09:09.818,3,0,0,0,67301,0,0,0,N,0,0,0,4,67301,0,,1,1,,N,N,N,0,,2,0,1,3,2,,1930,3,2,0,0,0,1,0,3,4,0,2,3,,N,,,,,,,,,,,
2022023750,1723.0,0,0,0,0,0,0,0,0,0,8,0,,67,3,2022,1,40.0558,-75.1589,1718.0,6,0,0,0,0,0,0,0,0,,0,0,0.0,17,1,1,1,,0,40 03:20.759,,0,75 09:31.942,3,0,0,0,67301,1,0,0,N,1,0,0,2,67301,0,,1,1,,N,N,N,0,,1,0,1,3,2,,1710,1,2,0,0,0,0,0,3,4,0,1,3,98.0,N,,,,,,,,,,,
2022025296,1530.0,2,0,0,0,0,0,0,0,0,4,0,,67,3,2022,1,39.9954,-75.1408,1528.0,6,0,0,0,1,0,0,0,0,,0,0,0.0,15,1,3,1,,0,39 59:43.335,,0,75 08:27.045,3,0,0,0,67301,0,0,0,N,0,0,0,4,67301,1,,1,1,,N,N,N,0,,2,0,1,3,3,,1528,3,3,0,0,0,0,1,3,4,0,3,3,3.0,N,,,,,,,,,,,
2022036116,2030.0,3,0,0,0,0,0,0,0,0,4,0,,67,4,2022,7,39.9847,-75.1615,2020.0,6,0,0,0,0,0,0,0,0,,0,0,0.0,20,3,0,1,,2,39 59:04.959,2.0,0,75 09:41.497,0,0,0,0,67301,2,0,0,N,0,0,0,3,67505,0,,1,9,2115.0,N,N,N,0,,0,0,0,3,3,N,2000,0,3,0,0,0,0,0,3,4,0,3,7,7.0,N,,,,,,,,,,,
2022029757,1735.0,1,0,0,0,0,0,0,0,0,8,0,,67,3,2022,2,39.9714,-75.2418,1733.0,6,0,0,0,0,0,0,0,1,,0,0,0.0,17,4,1,2,,0,39 58:17.218,,0,75 14:30.546,3,0,0,0,67301,1,0,0,N,1,0,0,2,67301,0,,1,1,,N,N,N,0,,1,0,0,0,0,,1732,1,2,0,0,0,0,0,3,4,0,1,3,3.0,N,,,,,,,,,,,
2022029206,1518.0,0,0,0,0,0,0,0,0,0,8,0,,67,3,2022,3,39.9376,-75.2231,1518.0,6,0,0,1,0,0,0,0,0,,0,0,0.0,15,1,1,1,,0,39 56:15.501,,0,75 13:22.863,3,0,0,0,67301,2,0,0,N,2,0,0,3,67301,0,,1,1,,N,N,N,0,,1,0,1,3,2,,1500,1,3,0,0,1,0,0,3,4,0,1,3,3.0,N,,,,,,,,,,,
2022035417,2325.0,1,0,0,0,0,0,0,0,0,5,0,,67,4,2022,4,39.9778,-75.1598,2320.0,6,0,0,0,0,0,0,0,0,,0,0,0.0,23,6,0,0,N,0,39 58:40.100,,0,75 09:35.300,0,0,0,0,67301,0,0,0,N,0,0,0,3,67505,0,,1,1,,N,N,N,0,,0,0,0,0,0,,2320,0,2,0,0,0,0,0,3,4,0,2,3,3.0,N,,,,,,,,,,,
2022030010,2128.0,3,0,0,0,0,0,0,0,0,4,0,,67,3,2022,4,40.0121,-75.1122,2125.0,6,0,0,0,0,0,0,0,0,,0,0,0.0,21,3,0,1,,0,40 00:43.452,,0,75 06:43.833,9,0,0,0,67301,0,0,0,N,0,0,0,3,67301,0,,1,9,,N,N,N,0,,0,0,0,3,2,,2115,0,3,0,0,0,0,1,3,4,0,3,7,7.0,N,,,,,,,,,,,
2022053688,1015.0,0,0,0,0,0,0,0,0,0,5,0,,67,4,2022,4,40.0411,-75.1877,1004.0,6,0,0,0,0,0,0,0,0,,0,0,0.0,9,1,0,0,N,0,40 02:28.100,,0,75 11:15.600,0,0,0,0,67301,0,0,0,N,0,0,0,1,67301,0,,6,1,,N,N,Y,1,,0,0,1,0,0,,950,0,2,0,0,0,0,0,3,4,0,2,4,4.0,N,,,,,,,,,,,