CRN,ARRIVAL_TM,AUTOMOBILE_COUNT,BELTED_DEATH_COUNT,BELTED_SUSP_SERIOUS_INJ_COUNT,BICYCLE_COUNT,BICYCLE_DEATH_COUNT,BICYCLE_SUSP_SERIOUS_INJ_COUNT,BUS_COUNT,CHLDPAS_DEATH_COUNT,CHLDPAS_SUSP_SERIOUS_INJ_COUNT,COLLISION_TYPE,COMM_VEH_COUNT,CONS_ZONE_SPD_LIM,COUNTY,CRASH_MONTH,CRASH_YEAR,DAY_OF_WEEK,DEC_LAT,DEC_LONG,DISPATCH_TM,DISTRICT,DRIVER_COUNT_16YR,DRIVER_COUNT_17YR,DRIVER_COUNT_18YR,DRIVER_COUNT_19YR,DRIVER_COUNT_20YR,DRIVER_COUNT_50_64YR,DRIVER_COUNT_65_74YR,DRIVER_COUNT_75PLUS,EST_HRS_CLOSED,FATAL_COUNT,HEAVY_TRUCK_COUNT,HORSE_BUGGY_COUNT,HOUR_OF_DAY,ILLUMINATION,INJURY_COUNT,INTERSECT_TYPE,INTERSECTION_RELATED,LANE_CLOSED,LATITUDE,LN_CLOSE_DIR,LOCATION_TYPE,LONGITUDE,MAX_SEVERITY_LEVEL,MCYCLE_DEATH_COUNT,MCYCLE_SUSP_SERIOUS_INJ_COUNT,MOTORCYCLE_COUNT,MUNICIPALITY,NONMOTR_COUNT,NONMOTR_DEATH_COUNT,NONMOTR_SUSP_SERIOUS_INJ_COUNT,NTFY_HIWY_MAINT,PED_COUNT,PED_DEATH_COUNT,PED_SUSP_SERIOUS_INJ_COUNT,PERSON_COUNT,POLICE_AGCY,POSSIBLE_INJ_COUNT,RDWY_SURF_TYPE_CD,RELATION_TO_ROAD,ROAD_CONDITION,ROADWAY_CLEARED,SCH_BUS_IND,SCH_ZONE_IND,SECONDARY_CRASH,SMALL_TRUCK_COUNT,SPEC_JURIS_CD,SUSP_MINOR_INJ_COUNT,SUSP_SERIOUS_INJ_COUNT,SUV_COUNT,TCD_FUNC_CD,TCD_TYPE,TFC_DETOUR_IND,TIME_OF_DAY,TOT_INJ_COUNT,TOTAL_UNITS,UNB_DEATH_COUNT,UNB_SUSP_SERIOUS_INJ_COUNT,UNBELTED_OCC_COUNT,UNK_INJ_DEG_COUNT,UNK_INJ_PER_COUNT,URBAN_AREA,URBAN_RURAL,VAN_COUNT,VEHICLE_COUNT,WEATHER1,WEATHER2,WORK_ZONE_IND,WORK_ZONE_LOC,WORK_ZONE_TYPE,WORKERS_PRES,WZ_CLOSE_DETOUR,WZ_FLAGGER,WZ_LAW_OFFCR_IND,WZ_LN_CLOSURE,WZ_MOVING,WZ_OTHER,WZ_SHLDER_MDN,WZ_WORKERS_INJ_KILLED
2022045615,655.0,0,0,0,0,0,0,0,0,0,7,0,,67,5,2022,1,39.9603,-75.1813,650.0,6,0,0,0,0,0,0,0,0,,0,0,0.0,6,1,3,0,N,2,39 57:37.218,4.0,0,75 10:52.671,4,0,0,0,67301,0,0,0,N,0,0,0,4,68K01,2,,2,9,735.0,N,N,N,0,,0,0,1,0,0,Y,641,3,2,0,0,0,1,1,3,4,0,2,7,3.0,N,,,,,,,,,,,
2022027260,1048.0,0,0,0,0,0,0,0,0,0,2,0,,67,3,2022,4,39.9352,-75.2254,1046.0,6,0,0,0,0,0,0,0,0,,0,0,0.0,10,1,1,0,N,0,39 56:06.810,,0,75 13:31.400,3,0,0,0,67301,1,0,0,N,0,0,0,2,67301,0,,6,9,,N,N,N,1,,1,0,1,0,0,,1046,1,2,0,0,0,0,0,3,4,0,2,7,4.0,N,,,,,,,,,,,
2022023760,2112.0,0,0,0,0,0,0,0,0,0,4,0,,67,2,2022,2,39.9528,-75.2325,2112.0,6,0,0,0,0,0,0,0,0,,0,0,0.0,21,3,1,1,,0,39 57:09.900,,0,75 13:56.938,4,0,0,0,67301,0,0,0,N,0,0,0,2,67301,1,,1,1,,N,N,N,0,,0,0,2,3,3,,2112,1,2,0,0,2,0,1,3,4,0,2,3,3.0,N,,,,,,,,,,,
2022023800,410.0,2,0,0,0,0,0,0,0,0,1,0,,67,3,2022,6,39.9961,-75.1715,408.0,6,0,0,0,0,0,1,0,0,,0,0,0.0,4,3,1,0,N,2,39 59:46.064,6.0,0,75 10:17.457,8,0,0,0,67301,0,0,0,N,0,0,0,1,67301,0,,6,1,500.0,N,N,N,0,,0,0,0,0,0,Y,407,1,2,0,0,0,1,0,3,4,0,2,3,,N,,,,,,,,,,,
2022050584,1741.0,2,0,0,0,0,0,0,0,0,4,0,,67,5,2022,3,40.007,-75.1599,1740.0,6,0,0,0,0,0,1,0,0,,0,0,0.0,16,1,1,0,N,0,40 00:25.280,,0,75 09:35.610,8,0,0,0,67301,0,0,0,N,0,0,0,1,67301,0,,4,1,,N,N,N,0,,0,0,0,0,0,,1655,1,2,0,0,0,1,0,3,4,0,2,3,,N,,,,,,,,,,,
2022044906,1231.0,1,0,0,0,0,0,0,0,0,5,1,,67,5,2022,5,39.9631,-75.1792,1230.0,6,0,0,0,0,0,0,1,0,,0,1,0.0,11,1,0,2,,1,39 57:47.225,3.0,0,75 10:45.028,0,0,0,0,67301,0,0,0,N,0,0,0,2,67301,0,,1,1,1340.0,N,N,N,0,,0,0,0,3,8,N,1155,0,2,0,0,0,0,0,3,4,0,2,3,3.0,N,,,,,,,,,,,
2022041392,32.0,1,0,0,0,0,0,0,0,0,7,0,,67,4,2022,1,40.0312,-75.0214,19.0,6,0,0,0,0,0,0,0,0,,0,0,0.0,0,3,0,0,N,1,40 01:52.250,2.0,0,75 01:17.140,0,0,0,0,67301,0,0,0,N,0,0,0,1,68K01,0,,4,9,110.0,N,N,N,0,,0,0,0,0,0,Y,19,0,1,0,0,0,0,0,3,4,0,1,7,,N,,,,,,,,,,,
2022030012,255.0,3,0,0,0,0,0,0,0,0,1,0,,67,3,2022,2,40.0202,-75.1836,248.0,6,0,0,0,0,0,0,0,0,,0,0,0.0,2,3,0,0,N,0,40 01:12.726,,0,75 11:00.918,9,0,0,0,67301,0,0,0,N,0,0,0,1,67301,0,,6,1,,N,N,N,0,,0,0,0,0,0,,221,0,3,0,0,0,0,1,3,4,0,3,3,3.0,N,,,,,,,,,,,
2022015624,1720.0,0,0,0,0,0,0,0,0,0,8,0,,67,2,2022,6,39.9856,-75.1563,1718.0,6,0,0,0,0,1,0,0,0,,0,0,0.0,17,1,1,0,N,0,39 59:08.184,,0,75 09:22.650,8,0,0,0,67301,2,0,0,N,2,0,0,3,67505,0,,1,1,,N,N,N,0,,0,0,1,0,0,,1710,1,3,0,0,0,1,0,3,4,0,1,3,3.0,N,,,,,,,,,,,
2022049708,110.0,1,0,0,0,0,0,0,0,0,5,0,,67,5,2022,7,40.059,-75.1596,110.0,6,0,0,0,0,0,0,0,0,,0,0,0.0,1,3,0,0,N,0,40 03:32.460,,0,75 09:34.600,9,0,0,0,67301,0,0,0,N,0,0,0,1,67301,0,,1,9,,N,N,N,0,,0,0,5,0,0,,105,0,6,0,0,1,0,1,3,4,0,6,7,,N,,,,,,,,,,,
2022024525,1308.0,1,0,0,0,0,0,0,0,0,4,0,,67,3,2022,4,39.8975,-75.2525,1256.0,6,0,0,0,0,0,1,1,0,,0,0,0.0,10,1,1,1,,0,39 53:51.445,,0,75 15:08.556,3,0,0,0,67301,0,0,0,N,0,0,0,2,67301,0,,1,9,,N,N,N,0,,1,0,1,3,4,,1019,1,2,0,0,1,0,0,3,4,0,2,7,7.0,N,,,,,,,,,,,
2022043731,2244.0,1,0,0,0,0,0,0,0,0,7,0,,67,5,2022,6,39.96,-75.1785,2238.0,6,0,0,0,0,0,0,0,0,,0,0,0.0,22,3,0,0,N,2,39 57:35.853,4.0,0,75 10:42.529,9,0,0,0,67301,0,0,0,N,0,0,0,1,68K01,0,,2,9,2253.0,N,N,N,0,,0,0,0,0,0,Y,2227,0,1,0,0,0,0,1,3,4,0,1,7,,N,,,,,,,,,,,
2022015907,910.0,1,0,0,0,0,0,0,0,0,4,0,,67,2,2022,6,39.96,-75.2371,852.0,6,0,0,0,0,0,1,0,0,,0,0,0.0,8,1,1,1,,0,39 57:35.847,,0,75 14:13.645,3,0,0,0,67301,0,0,0,N,0,0,0,2,67301,0,,1,1,,N,N,N,0,,1,0,1,3,2,,830,1,2,0,0,0,0,0,3,4,0,2,3,,N,,,,,,,,,,,
2022044057,505.0,0,0,0,0,0,0,0,0,0,2,1,,67,5,2022,6,40.0126,-75.1159,545.0,6,0,0,0,0,0,2,0,0,,0,1,0.0,3,3,1,0,N,2,40 00:45.210,6.0,0,75 06:57.380,2,0,0,0,67301,0,0,0,N,0,0,0,2,67301,0,,1,1,930.0,N,N,N,0,,0,1,1,0,0,Y,326,1,2,0,0,0,0,0,3,4,0,2,4,4.0,N,,,,,,,,,,,
2022015506,2355.0,1,0,0,0,0,0,0,0,0,4,0,,67,2,2022,4,40.0581,-75.1658,2351.0,6,0,0,0,1,0,0,0,0,,0,0,0.0,21,3,0,0,N,0,40 03:29.228,,6,75 09:56.782,9,0,0,0,67301,0,0,0,N,0,0,0,2,67301,0,,1,1,,N,N,N,1,,0,0,0,3,3,,2159,0,2,0,0,0,0,1,3,4,0,2,3,,N,,,,,,,,,,,
2022047306,803.0,2,0,0,0,0,0,0,0,0,2,0,,67,5,2022,6,40.0808,-75.0286,757.0,6,0,0,0,0,0,0,0,0,,0,0,0.0,7,1,2,5,,2,40 04:50.725,1.0,0,75 01:42.964,3,0,0,0,67301,0,0,0,N,0,0,0,2,67301,0,,1,1,824.0,N,N,Y,0,,2,0,0,3,2,Y,754,2,2,0,0,0,0,0,3,4,0,2,3,,N,,,,,,,,,,,
2022023790,640.0,0,0,0,0,0,0,0,0,0,6,0,,67,2,2022,1,40.0438,-75.1448,640.0,6,0,0,0,0,0,1,0,0,,0,0,0.0,11,1,1,0,N,0,40 02:37.650,,0,75 08:41.260,8,0,0,0,67301,0,0,0,N,0,0,0,2,67301,0,,6,1,,N,N,N,0,,0,0,1,0,0,,1145,1,2,0,0,0,1,0,3,4,0,2,3,3.0,N,,,,,,,,,,,
2022029656,1600.0,1,0,0,0,0,0,0,0,0,8,0,,67,3,2022,2,40.0131,-75.1563,1600.0,6,0,0,0,0,0,0,0,0,,0,0,0.0,19,3,1,0,N,0,40 00:47.100,,0,75 09:22.700,3,0,0,0,67301,1,0,0,N,1,0,0,2,67301,0,,1,1,,N,N,N,0,,1,0,0,0,0,,1930,1,2,0,0,0,0,1,3,4,0,1,3,,N,,,,,,,,,,,
2022019556,2015.0,0,0,0,0,0,0,0,0,0,8,0,,67,2,2022,2,39.9144,-75.1531,2000.0,6,0,0,0,0,0,1,0,0,,0,0,0.0,18,3,1,2,,0,39 54:51.912,,0,75 09:11.017,3,0,0,0,67301,1,0,0,N,1,0,0,2,67301,0,,1,1,,N,N,N,0,,1,0,1,3,2,,1852,1,2,0,0,0,0,0,3,4,0,1,3,3.0,N,,,,,,,,,,,
2022045534,1638.0,2,0,0,0,0,0,0,0,0,4,0,,67,5,2022,7,40.0166,-75.0935,1608.0,6,0,0,0,0,0,0,0,0,,0,0,0.0,15,1,1,0,N,1,40 00:59.680,3.0,0,75 05:36.720,4,0,0,0,67301,0,0,0,N,0,0,0,6,67301,1,,1,9,1705.0,N,N,N,0,,0,0,0,0,0,Y,1555,1,2,0,0,0,0,5,3,4,0,2,4,7.0,N,,,,,,,,,,,
2022029187,1649.0,0,0,0,0,0,0,0,0,0,4,0,,67,3,2022,1,40.0593,-75.0446,1647.0,6,0,0,0,0,0,0,0,0,,0,0,0.0,16,1,2,1,,0,40 03:33.392,,0,75 02:40.479,3,0,0,0,67301,0,0,0,N,0,0,0,6,67301,0,,1,1,,N,N,N,0,,2,0,2,3,2,,1643,2,2,0,0,0,0,0,3,4,0,2,3,,N,,,,,,,,,,,
2022015920,730.0,1,0,0,0,0,0,0,0,0,1,0,,67,2,2022,6,40.117,-74.9913,723.0,6,0,0,0,0,0,1,0,0,,0,0,0.0,6,1,0,2,,0,40 07:01.226,,0,74 59:28.818,0,0,0,0,67301,0,0,0,N,0,0,0,2,67301,0,,1,1,,N,N,N,0,,0,0,1,3,2,,630,0,2,0,0,0,0,0,3,4,0,2,3,,N,,,,,,,,,,,
2022023740,2030.0,0,0,0,0,0,0,0,0,0,4,0,,67,3,2022,7,39.9177,-75.2296,2019.0,6,0,0,0,0,0,0,0,0,,0,0,0.0,20,3,1,1,,0,39 55:03.569,,0,75 13:46.605,8,0,0,1,67301,0,0,0,N,0,0,0,2,67301,0,,1,1,,N,N,N,1,,0,0,0,3,3,,2013,1,2,0,0,1,1,0,3,4,0,2,3,3.0,N,,,,,,,,,,,
2022051358,1803.0,0,0,0,0,0,0,0,0,0,4,0,,67,5,2022,3,40.0254,-75.0284,1732.0,6,0,0,0,0,0,0,0,0,,0,0,0.0,17,1,0,6,,0,40 01:31.554,,2,75 01:42.121,9,0,0,0,67301,0,0,0,N,0,0,0,2,68K01,0,,1,1,,N,N,N,1,,0,0,0,0,0,,1727,0,2,0,0,0,0,1,3,4,0,2,3,,N,,,,,,,,,,,
2022047926,2322.0,1,0,0,0,0,0,0,0,0,4,0,,67,5,2022,7,40.0441,-75.1381,2320.0,6,0,0,0,0,0,0,0,0,,0,0,0.0,23,3,1,0,N,0,40 02:38.710,,0,75 08:17.270,3,0,0,0,67301,0,0,0,N,0,0,0,1,67301,0,,1,1,,N,N,N,0,,1,0,1,0,0,,2307,1,2,0,0,0,0,0,3,4,0,2,3,3.0,N,,,,,,,,,,,
2022048197,1145.0,0,0,0,0,0,0,0,0,0,5,1,,67,5,2022,6,40.0403,-75.0061,1136.0,6,0,0,0,0,0,1,0,1,,0,1,0.0,11,1,0,0,N,1,40 02:25.001,2.0,0,75 00:22.009,0,0,0,0,67301,0,0,0,N,0,0,0,2,68K01,0,,1,8,1200.0,N,N,N,0,,0,0,1,0,0,N,1130,0,2,0,0,0,0,0,3,4,0,2,7,4.0,N,,,,,,,,,,,
2022049645,1524.0,0,0,0,0,0,0,0,0,0,4,0,,67,5,2022,2,40.0066,-75.1134,1519.0,6,0,0,0,0,0,0,0,0,,0,0,0.0,15,1,1,0,N,2,40 00:23.690,5.0,0,75 06:48.070,3,0,0,0,67301,0,0,0,N,0,0,0,1,67301,0,,1,1,1700.0,N,N,N,1,,1,0,1,0,0,Y,1519,1,2,0,0,0,0,0,3,4,0,2,3,3.0,N,,,,,,,,,,,
2022044030,900.0,2,0,0,0,0,0,0,0,0,4,0,,67,4,2022,5,40.0005,-75.0833,900.0,6,0,0,0,0,1,0,0,0,,0,0,0.0,8,1,1,2,,0,40 00:01.851,,2,75 05:00.146,3,0,0,0,67301,0,0,0,N,0,0,0,2,67301,0,,1,1,,N,N,N,0,,1,0,0,3,2,,830,1,2,0,0,0,0,0,3,4,0,2,3,3.0,N,,,,,,,,,,,
2022039425,,1,0,0,0,0,0,0,0,0,1,0,,67,1,2022,4,39.9763,-75.1394,,6,0,0,0,0,0,1,0,0,,0,0,0.0,8,1,1,1,,0,39 58:34.838,,0,75 08:21.883,8,0,0,0,67301,0,0,0,N,0,0,0,2,00000,0,,1,2,,N,N,N,1,,0,0,0,0,0,,800,1,2,0,0,0,1,1,3,4,0,2,99,,N,,,,,,,,,,,
2022029997,112.0,1,0,0,0,0,0,0,0,0,1,0,,67,3,2022,1,39.9424,-75.1506,110.0,6,0,0,0,0,0,0,0,0,,0,0,0.0,1,3,2,0,N,0,39 56:32.740,,0,75 09:02.280,4,0,0,0,67301,3,0,0,N,0,0,0,4,67301,2,,6,9,,N,N,Y,0,,0,0,2,0,0,,100,2,3,0,0,0,0,0,3,4,0,3,4,7.0,N,,,,,,,,,,,
2022043539,1907.0,2,0,0,0,0,0,0,0,0,5,0,,67,3,2022,7,40.0271,-75.0253,1851.0,6,0,0,0,0,0,0,0,0,,0,0,0.0,18,1,0,0,N,1,40 01:37.578,1.0,0,75 01:30.954,0,0,0,0,67301,0,0,0,N,0,0,0,4,68K01,0,,1,1,2000.0,N,N,N,0,,0,0,1,0,0,N,1849,0,3,0,0,0,0,0,3,4,0,3,3,,N,,,,,,,,,,,
2022029445,610.0,1,0,0,0,0,0,0,0,0,4,0,,67,3,2022,4,39.8924,-75.2228,558.0,6,0,0,0,0,0,0,0,0,,0,0,0.0,5,3,1,1,,0,39 53:32.691,,2,75 13:22.119,3,0,0,0,67301,0,0,0,N,0,0,0,3,67301,0,,1,1,,N,N,N,1,,1,0,0,3,2,,554,1,2,0,0,0,0,0,3,4,0,2,3,3.0,N,,,,,,,,,,,
2022029228,2120.0,0,0,0,0,0,0,0,0,0,8,0,,67,3,2022,7,39.9743,-75.2125,2114.0,6,0,0,0,0,0,0,0,0,,0,0,0.0,21,3,1,0,N,0,39 58:27.345,,0,75 12:44.909,8,0,0,0,67301,1,0,0,N,1,0,0,2,67301,0,,1,9,,N,N,N,0,,0,0,0,0,0,,2100,1,2,0,0,0,1,0,3,4,0,1,7,,N,,,,,,,,,,,
2022029252,1820.0,0,0,0,0,0,0,0,0,0,4,0,,67,3,2022,4,40.0156,-75.1395,1820.0,6,0,0,0,0,0,0,0,0,,0,0,0.0,18,1,0,1,,0,40 00:56.160,,0,75 08:22.070,0,0,0,0,67301,0,0,0,N,0,0,0,2,67301,0,,1,1,,N,N,N,1,,0,0,1,3,3,,1800,0,2,0,0,0,0,0,3,4,0,2,3,3.0,N,,,,,,,,,,,
2022024131,1633.0,2,0,0,0,0,0,0,0,0,4,0,,67,3,2022,4,39.9417,-75.2228,1631.0,6,0,0,0,0,0,0,0,0,,0,0,0.0,16,1,3,1,,0,39 56:29.979,,0,75 13:22.008,3,0,0,0,67301,0,0,0,N,0,0,0,4,67301,0,,1,1,,N,N,N,0,,3,0,0,2,2,,1630,3,2,0,0,0,0,0,3,4,0,2,3,3.0,N,,,,,,,,,,,
2022030041,2043.0,2,0,0,0,0,0,0,0,0,4,0,,67,3,2022,6,39.8947,-75.2294,2038.0,6,0,0,0,0,0,0,0,0,,0,0,0.0,20,3,1,0,N,1,39 53:41.031,2.0,0,75 13:45.899,3,0,0,0,67301,0,0,0,N,0,0,0,2,67301,0,,1,1,2130.0,N,N,N,0,,1,0,0,0,0,N,2025,1,2,0,0,0,0,0,3,4,0,2,3,3.0,N,,,,,,,,,,,
2022030295,215.0,1,0,0,0,0,0,0,0,0,7,0,,67,3,2022,7,39.958,-75.2335,209.0,6,0,0,0,0,0,0,0,0,,0,0,0.0,2,3,0,1,,0,39 57:28.630,,0,75 14:00.608,0,0,0,0,67301,0,0,0,N,0,0,0,1,67301,0,,5,1,,N,N,N,0,,0,0,0,3,2,,205,0,1,0,0,0,0,0,3,4,0,1,3,,N,,,,,,,,,,,
2022030171,1235.0,1,0,0,0,0,0,0,0,0,4,0,,67,3,2022,6,40.0129,-75.0718,1230.0,6,0,0,0,0,0,0,0,0,,0,0,0.0,12,1,0,1,,0,40 00:46.319,,0,75 04:18.532,0,0,0,0,67301,0,0,0,N,0,0,0,1,67301,0,,1,1,,N,N,N,1,,0,0,0,3,3,,1220,0,2,0,0,1,0,0,3,4,0,2,3,3.0,N,,,,,,,,,,,
2022030158,758.0,1,0,0,0,0,0,0,0,0,7,0,,67,3,2022,1,40.001,-75.0678,758.0,6,0,0,0,0,0,0,0,0,,0,0,0.0,7,1,1,0,N,0,40 00:03.480,,0,75 04:04.150,3,0,0,0,67301,0,0,0,N,0,0,0,1,67301,0,,2,1,,N,N,N,0,,1,0,0,0,0,,755,1,1,0,0,1,0,0,3,4,0,1,3,,N,,,,,,,,,,,
2022029260,150.0,2,0,0,0,0,0,0,0,0,4,0,,67,3,2022,1,39.9644,-75.1343,150.0,6,0,0,0,0,0,0,0,0,,0,0,0.0,1,3,1,3,,1,39 57:52.333,1.0,7,75 08:03.809,3,0,0,0,67301,0,0,0,N,0,0,0,2,67301,0,,1,1,300.0,N,N,N,0,,1,0,0,3,2,N,150,1,2,0,0,0,0,0,3,4,0,2,3,3.0,N,,,,,,,,,,,
2022043677,1258.0,2,0,0,0,0,0,0,0,0,1,1,,67,4,2022,2,40.0219,-75.0395,1240.0,6,0,0,0,0,0,1,0,0,,0,1,0.0,12,1,0,0,N,0,40 01:18.942,,0,75 02:22.071,9,0,0,0,67301,0,0,0,N,0,0,0,4,68K01,0,,1,1,,N,N,N,0,,0,0,1,0,0,,1237,0,4,0,0,0,0,1,3,4,0,4,3,,N,,,,,,,,,,,
2022051891,31.0,1,0,0,0,0,0,0,0,0,7,0,,67,6,2022,7,40.0626,-75.1708,29.0,6,0,0,0,0,0,0,0,0,,0,0,0.0,0,3,4,1,,0,40 03:45.318,,0,75 10:14.844,3,0,0,0,67301,0,0,0,N,0,0,0,5,67301,0,,5,1,,N,N,N,0,,4,0,0,3,2,,25,4,1,0,0,0,0,1,3,4,0,1,3,,N,,,,,,,,,,,
2022029174,1343.0,2,0,0,0,0,0,0,0,0,1,0,,67,3,2022,4,40.0576,-75.2333,1338.0,6,0,0,0,0,0,0,0,0,,0,0,0.0,13,1,1,0,N,1,40 03:27.274,1.0,0,75 13:59.774,3,0,0,0,67301,0,0,0,N,0,0,0,4,67301,0,,1,1,1415.0,N,N,N,0,,1,0,1,0,0,N,1335,1,3,0,0,0,0,0,3,4,0,3,3,3.0,N,,,,,,,,,,,
2022033760,1923.0,0,0,0,0,0,0,0,0,0,1,0,,67,4,2022,4,39.9081,-75.1467,1919.0,6,0,0,0,0,0,1,0,0,,0,0,0.0,19,4,0,0,N,2,39 54:29.000,3.0,3,75 08:48.000,9,0,0,0,67301,0,0,0,N,0,0,0,2,67501,0,,1,1,2000.0,N,N,N,1,,0,0,1,0,0,N,1919,0,2,0,0,0,0,2,3,4,0,2,4,,N,,,,,,,,,,,
2022044096,2213.0,3,0,0,0,0,0,0,0,0,2,0,,67,5,2022,1,40.0209,-75.1486,2158.0,6,0,0,0,0,0,1,0,0,,0,0,0.0,21,3,2,0,N,0,40 01:15.095,,0,75 08:54.978,3,0,0,0,67301,0,0,0,N,0,0,0,3,67301,0,,1,1,,N,N,N,0,,2,0,0,0,0,,2154,2,3,0,0,3,0,0,3,4,0,3,3,3.0,N,,,,,,,,,,,
2022023725,2035.0,1,0,0,0,0,0,0,0,0,1,0,,67,3,2022,4,40.0568,-75.047,2032.0,6,0,0,0,0,0,0,0,0,,0,0,0.0,20,3,0,1,,0,40 03:24.532,,0,75 02:49.228,0,0,0,0,67301,0,0,0,N,0,0,0,4,67301,0,,1,1,,N,N,N,0,,0,0,3,3,2,,2029,0,4,0,0,0,0,0,3,4,0,4,3,3.0,N,,,,,,,,,,,
2022029305,1645.0,1,0,0,0,0,0,0,0,0,4,0,,67,3,2022,5,39.9551,-75.2298,1635.0,6,0,0,0,0,0,0,0,0,,0,0,0.0,14,1,1,1,,0,39 57:18.208,,0,75 13:47.215,8,0,0,0,67301,0,0,0,N,0,0,0,3,67301,0,,1,1,,N,N,N,0,,0,0,1,3,2,,1425,1,2,0,0,0,1,0,3,4,0,2,4,3.0,N,,,,,,,,,,,
2022030903,259.0,1,0,0,0,0,0,0,0,0,7,0,,67,3,2022,7,39.9452,-75.1427,255.0,6,0,0,0,0,0,0,0,0,,0,0,0.0,2,3,0,0,N,0,39 56:42.567,,0,75 08:33.669,0,0,0,0,67301,0,0,0,N,0,0,0,1,68K01,0,,4,1,,N,N,N,0,,0,0,0,0,0,,247,0,1,0,0,0,0,0,3,4,0,1,3,3.0,N,,,,,,,,,,,
2022019850,1928.0,1,0,0,0,0,0,0,0,0,8,0,,67,2,2022,3,39.9595,-75.2332,1928.0,6,0,0,0,0,0,0,0,0,,0,0,0.0,19,3,1,1,,0,39 57:34.096,,0,75 13:59.419,3,0,0,0,67301,1,0,0,N,1,0,0,2,67301,0,,1,9,,N,N,N,0,,1,0,0,3,1,,1923,1,2,0,0,0,0,1,3,4,0,1,7,,N,,,,,,,,,,,
2022025528,1559.0,1,0,0,0,0,0,0,0,0,4,0,,67,3,2022,7,40.0687,-75.1641,1549.0,6,0,0,0,0,0,0,1,0,,0,0,0.0,13,1,1,1,,0,40 04:07.205,,0,75 09:50.797,3,0,0,0,67301,0,0,0,N,0,0,0,2,67301,0,,1,1,,N,N,N,0,,1,0,1,3,2,,1333,1,2,0,0,0,0,0,3,4,0,2,3,98.0,N,,,,,,,,,,,
2022053628,611.0,1,0,0,0,0,0,0,0,0,1,0,,67,4,2022,3,40.0217,-75.0394,603.0,6,0,0,0,0,0,1,0,0,,0,0,0.0,5,1,11,0,N,1,40 01:17.967,1.0,0,75 02:21.916,8,0,0,0,67301,0,0,0,N,0,0,0,11,68K01,0,,1,9,706.0,N,N,N,0,,0,0,1,0,0,N,556,11,3,0,0,0,11,0,3,4,1,3,3,,N,,,,,,,,,,,
2022044382,311.0,2,0,0,0,0,0,0,0,0,5,0,,67,4,2022,1,39.9466,-75.1889,309.0,6,0,0,0,0,1,0,0,0,,0,0,0.0,3,3,1,0,N,2,39 56:47.709,3.0,0,75 11:20.194,8,0,0,0,67301,0,0,0,N,0,0,0,3,68K01,0,,1,1,400.0,N,N,N,0,,0,0,1,0,0,N,306,1,3,0,0,1,1,0,3,4,0,3,3,,N,,,,,,,,,,,
2022029179,2010.0,1,0,0,0,0,0,0,0,0,8,0,,67,3,2022,5,39.9513,-75.1551,2010.0,6,0,0,0,0,0,0,0,0,,0,0,0.0,20,3,1,1,,0,39 57:04.881,,0,75 09:18.550,3,0,0,0,67301,1,0,0,N,1,0,0,2,67301,0,,1,9,,N,N,N,0,,1,0,0,3,2,,2010,1,2,0,0,0,0,0,3,4,0,1,7,7.0,N,,,,,,,,,,,
2022045909,650.0,3,0,0,0,0,0,0,0,0,1,0,,67,4,2022,6,39.9729,-75.171,645.0,6,0,0,0,0,0,0,1,0,,0,0,0.0,6,1,0,0,N,0,39 58:22.611,,0,75 10:15.703,0,0,0,0,67301,0,0,0,N,0,0,0,3,67301,0,,1,1,,N,N,Y,1,,0,0,0,0,0,,640,0,5,0,0,0,0,0,3,4,1,5,3,3.0,N,,,,,,,,,,,
2022019592,1950.0,1,0,0,0,0,0,0,0,0,4,0,,67,2,2022,2,40.0379,-75.0782,1945.0,6,0,0,0,0,1,0,0,0,,0,0,0.0,19,1,1,1,,0,40 02:16.600,,0,75 04:41.500,4,0,0,0,67301,0,0,0,N,0,0,0,2,67301,1,,1,9,,N,N,N,0,,0,0,1,0,0,,1945,1,2,0,0,0,0,1,3,4,0,2,7,4.0,N,,,,,,,,,,,
2022031371,1914.0,1,0,0,0,0,0,0,0,0,4,0,,67,3,2022,3,40.0456,-75.0564,1904.0,6,0,0,0,0,1,0,0,0,,0,0,0.0,18,4,0,2,,0,40 02:44.193,,7,75 03:23.098,0,0,0,0,67301,0,0,0,N,0,0,0,2,67301,0,,1,1,,N,N,N,0,,0,0,1,3,2,,1847,0,2,0,0,0,0,0,3,4,0,2,3,,N,,,,,,,,,,,
2022019670,1402.0,0,0,0,0,0,0,0,0,0,4,0,,67,2,2022,3,40.053,-75.1367,1357.0,6,0,0,0,0,0,1,0,0,,0,0,0.0,11,1,1,1,,0,40 03:10.720,,0,75 08:12.051,3,0,0,0,67301,0,0,0,N,0,0,0,2,67301,0,,1,9,,N,N,N,0,,1,0,2,3,2,,1115,1,2,0,0,0,0,0,3,4,0,2,7,,N,,,,,,,,,,,
2022043668,1627.0,2,0,0,0,0,0,0,0,0,1,0,,67,3,2022,3,39.9917,-75.2025,1625.0,6,0,0,0,0,0,0,1,0,,0,0,0.0,16,1,2,0,N,1,39 59:30.142,4.0,0,75 12:09.034,8,0,0,0,67301,0,0,0,N,0,0,0,4,68K01,0,,1,1,1715.0,N,N,N,0,,0,0,2,0,0,N,1620,2,4,0,0,0,2,0,3,4,0,4,3,3.0,N,,,,,,,,,,,