CRN,ARRIVAL_TM,AUTOMOBILE_COUNT,BELTED_DEATH_COUNT,BELTED_SUSP_SERIOUS_INJ_COUNT,BICYCLE_COUNT,BICYCLE_DEATH_COUNT,BICYCLE_SUSP_SERIOUS_INJ_COUNT,BUS_COUNT,CHLDPAS_DEATH_COUNT,CHLDPAS_SUSP_SERIOUS_INJ_COUNT,COLLISION_TYPE,COMM_VEH_COUNT,CONS_ZONE_SPD_LIM,COUNTY,CRASH_MONTH,CRASH_YEAR,DAY_OF_WEEK,DEC_LAT,DEC_LONG,DISPATCH_TM,DISTRICT,DRIVER_COUNT_16YR,DRIVER_COUNT_17YR,DRIVER_COUNT_18YR,DRIVER_COUNT_19YR,DRIVER_COUNT_20YR,DRIVER_COUNT_50_64YR,DRIVER_COUNT_65_74YR,DRIVER_COUNT_75PLUS,EST_HRS_CLOSED,FATAL_COUNT,HEAVY_TRUCK_COUNT,HORSE_BUGGY_COUNT,HOUR_OF_DAY,ILLUMINATION,INJURY_COUNT,INTERSECT_TYPE,INTERSECTION_RELATED,LANE_CLOSED,LATITUDE,LN_CLOSE_DIR,LOCATION_TYPE,LONGITUDE,MAX_SEVERITY_LEVEL,MCYCLE_DEATH_COUNT,MCYCLE_SUSP_SERIOUS_INJ_COUNT,MOTORCYCLE_COUNT,MUNICIPALITY,NONMOTR_COUNT,NONMOTR_DEATH_COUNT,NONMOTR_SUSP_SERIOUS_INJ_COUNT,NTFY_HIWY_MAINT,PED_COUNT,PED_DEATH_COUNT,PED_SUSP_SERIOUS_INJ_COUNT,PERSON_COUNT,POLICE_AGCY,POSSIBLE_INJ_COUNT,RDWY_SURF_TYPE_CD,RELATION_TO_ROAD,ROAD_CONDITION,ROADWAY_CLEARED,SCH_BUS_IND,SCH_ZONE_IND,SECONDARY_CRASH,SMALL_TRUCK_COUNT,SPEC_JURIS_CD,SUSP_MINOR_INJ_COUNT,SUSP_SERIOUS_INJ_COUNT,SUV_COUNT,TCD_FUNC_CD,TCD_TYPE,TFC_DETOUR_IND,TIME_OF_DAY,TOT_INJ_COUNT,TOTAL_UNITS,UNB_DEATH_COUNT,UNB_SUSP_SERIOUS_INJ_COUNT,UNBELTED_OCC_COUNT,UNK_INJ_DEG_COUNT,UNK_INJ_PER_COUNT,URBAN_AREA,URBAN_RURAL,VAN_COUNT,VEHICLE_COUNT,WEATHER1,WEATHER2,WORK_ZONE_IND,WORK_ZONE_LOC,WORK_ZONE_TYPE,WORKERS_PRES,WZ_CLOSE_DETOUR,WZ_FLAGGER,WZ_LAW_OFFCR_IND,WZ_LN_CLOSURE,WZ_MOVING,WZ_OTHER,WZ_SHLDER_MDN,WZ_WORKERS_INJ_KILLED
2022124951,1718.0,0,0,0,0,0,0,0,0,0,1,0,,67,12,2022,5,39.8989,-75.1699,1657.0,6,0,0,0,0,0,0,0,0,,0,0,0.0,16,3,0,0,N,0,39 53:56.017,,3,75 10:11.799,0,0,0,0,67301,0,0,0,N,0,0,0,2,68K01,0,,1,1,,N,N,N,0,,0,0,2,0,0,,1640,0,2,0,0,0,0,0,3,4,0,2,3,,N,,,,,,,,,,,
2022116666,2010.0,2,0,0,0,0,0,0,0,0,4,0,,67,12,2022,3,40.0544,-75.1479,1931.0,6,0,0,0,0,0,0,0,0,,0,0,0.0,19,3,0,1,,0,40 03:15.944,,0,75 08:52.436,0,0,0,0,67301,0,0,0,N,0,0,0,2,67301,0,,1,9,,N,N,N,0,,0,0,0,3,2,,1921,0,2,0,0,0,0,0,3,4,0,2,7,7.0,N,,,,,,,,,,,
2022117758,1540.0,1,0,0,0,0,0,0,0,0,8,0,,67,12,2022,3,39.9552,-75.1696,1540.0,6,0,0,0,0,0,0,0,0,,0,0,0.0,15,8,1,1,,0,39 57:18.756,,0,75 10:10.405,3,0,0,0,67301,1,0,0,N,1,0,0,2,67301,0,,1,9,,N,N,N,0,,1,0,0,3,2,,1530,1,2,0,0,1,0,0,3,4,0,1,7,7.0,N,,,,,,,,,,,
2022116943,1900.0,1,0,0,0,0,0,0,0,0,4,0,,67,12,2022,6,40.0824,-74.9818,1852.0,6,0,0,0,0,0,1,0,0,,0,0,0.0,18,3,0,1,,0,40 04:56.485,,0,74 58:54.541,0,0,0,0,67301,0,0,0,N,0,0,0,3,67301,0,,1,1,,N,N,N,0,,0,0,1,3,3,,1820,0,2,0,0,0,0,0,3,4,0,2,3,3.0,N,,,,,,,,,,,
2022116669,438.0,1,0,0,0,0,0,0,0,0,4,0,,67,12,2022,5,40.0597,-75.1402,436.0,6,0,0,0,0,0,0,0,1,,0,0,0.0,4,3,1,1,,0,40 03:35.053,,0,75 08:24.583,3,0,0,0,67301,0,0,0,N,0,0,0,2,67301,0,,1,1,,N,N,N,0,,1,0,1,3,2,,430,1,2,0,0,0,0,0,3,4,0,2,3,,N,,,,,,,,,,,
2022115927,1245.0,0,0,0,0,0,0,0,0,0,8,0,,67,12,2022,7,39.9528,-75.1499,1244.0,6,0,0,0,0,0,0,0,0,,0,0,0.0,12,1,1,1,,0,39 57:09.921,,0,75 08:59.708,8,0,0,0,67301,1,0,0,N,1,0,0,2,67301,0,,1,9,,N,N,N,0,,0,0,1,3,2,,1240,1,2,0,0,0,1,0,3,4,0,1,7,4.0,N,,,,,,,,,,,
2022123262,644.0,1,0,0,0,0,0,0,0,0,1,0,,67,12,2022,7,39.9535,-75.1853,641.0,6,0,0,0,0,0,1,0,0,,0,0,0.0,6,3,2,2,,1,39 57:12.684,3.0,0,75 11:06.982,8,0,0,0,67301,0,0,0,N,0,0,0,4,67301,0,,1,1,700.0,N,N,N,0,,0,0,0,3,2,N,640,2,2,0,0,0,2,1,3,4,1,2,3,3.0,N,,,,,,,,,,,
2022122648,820.0,0,0,0,0,0,0,0,0,0,4,0,,67,12,2022,4,40.0595,-75.0806,810.0,6,0,0,0,0,0,1,0,0,,0,0,0.0,8,1,3,1,,1,40 03:34.187,3.0,0,75 04:49.989,3,0,0,0,67301,0,0,0,N,0,0,0,3,67301,0,,1,1,930.0,N,N,N,0,,3,0,1,3,2,N,809,3,2,0,0,0,0,0,3,4,1,2,3,3.0,N,,,,,,,,,,,
2022124496,2059.0,0,0,0,0,0,0,0,0,0,4,0,,67,12,2022,3,40.0302,-75.0437,2027.0,6,0,0,0,0,0,0,0,0,,0,0,0.0,20,3,1,1,,0,40 01:48.773,,0,75 02:37.482,8,0,0,0,67301,0,0,0,N,0,0,0,2,67301,0,,1,1,,N,N,N,0,,0,0,2,3,2,,2017,1,2,0,0,1,1,0,3,4,0,2,3,3.0,N,,,,,,,,,,,
2022124697,1307.0,0,0,0,0,0,0,0,0,0,5,0,,67,12,2022,3,40.0719,-75.0769,1303.0,6,0,0,0,0,0,1,1,0,,0,0,0.0,18,3,1,0,N,0,40 04:18.866,,0,75 04:36.813,3,0,0,0,67301,0,0,0,N,0,0,0,2,67301,0,,1,1,,N,N,N,0,,1,0,2,0,0,,1800,1,2,0,0,0,0,0,3,4,0,2,3,3.0,N,,,,,,,,,,,
2022124338,36.0,2,0,0,0,0,0,0,0,0,4,0,,67,12,2022,4,40.0333,-75.1159,36.0,6,0,0,0,0,0,0,0,0,,0,0,0.0,0,3,1,0,N,1,40 01:59.924,1.0,0,75 06:57.064,3,0,0,0,67301,0,0,0,N,0,0,0,2,67301,0,,1,1,200.0,N,N,N,0,,1,0,1,0,0,N,35,1,4,0,0,1,0,0,3,4,1,4,3,3.0,N,,,,,,,,,,,
2022124484,1649.0,1,0,0,0,0,0,0,0,0,4,0,,67,12,2022,2,39.9481,-75.1542,1615.0,6,0,0,0,0,0,0,1,0,,0,0,0.0,14,1,1,1,,0,39 56:53.182,,0,75 09:15.307,3,0,0,0,67301,0,0,0,N,0,0,0,3,67301,0,,1,1,,N,N,N,0,,1,0,1,3,2,,1447,1,2,0,0,2,0,0,3,4,0,2,3,3.0,N,,,,,,,,,,,
2022123023,1410.0,0,0,0,0,0,0,0,0,0,8,0,,67,12,2022,4,39.9493,-75.1642,1400.0,6,0,0,0,0,0,0,0,0,,0,0,0.0,14,1,1,1,,0,39 56:57.599,,0,75 09:51.029,2,0,0,1,67301,1,0,1,N,1,0,1,2,67301,0,,1,1,,N,N,N,0,,0,1,0,3,2,,1400,1,2,0,0,0,0,0,3,4,0,1,3,3.0,N,,,,,,,,,,,
2022121798,129.0,3,0,0,0,0,0,0,0,0,5,0,,67,12,2022,2,39.9344,-75.1698,126.0,6,0,0,0,0,0,0,0,0,,0,0,0.0,1,3,0,0,N,0,39 56:03.970,,0,75 10:11.310,0,0,0,0,67301,0,0,0,N,0,0,0,1,67301,0,,6,1,,N,N,N,0,,0,0,1,0,0,,126,0,4,0,0,1,0,0,3,4,0,4,3,3.0,N,,,,,,,,,,,
2022115453,320.0,4,0,0,0,0,0,0,0,0,6,0,,67,12,2022,2,40.0041,-75.2187,318.0,6,0,0,0,0,0,0,0,0,,0,0,0.0,3,3,2,0,N,2,40 00:14.890,6.0,0,75 13:07.280,8,0,0,0,67301,0,0,0,N,0,0,0,2,67301,0,,6,1,45.0,N,N,N,0,,0,0,1,0,0,Y,310,2,6,0,0,2,2,0,3,4,1,6,3,3.0,N,,,,,,,,,,,
2022114339,630.0,0,0,0,0,0,0,0,0,0,8,0,,67,12,2022,7,39.9577,-75.1624,625.0,6,0,0,0,0,0,0,0,0,,0,0,0.0,6,3,1,1,,1,39 57:27.649,3.0,2,75 09:44.521,4,0,0,0,67301,1,0,0,N,1,0,0,3,67301,1,,1,9,700.0,N,N,N,0,,0,0,0,3,2,N,620,1,2,0,0,0,0,0,3,4,1,1,7,4.0,N,,,,,,,,,,,
2022116349,2040.0,1,0,0,0,0,0,0,0,0,2,0,,67,12,2022,3,40.0675,-75.1793,2025.0,6,0,0,0,0,0,0,0,0,,0,0,0.0,20,3,1,1,,0,40 04:02.989,,0,75 10:45.548,4,0,0,0,67301,0,0,0,N,0,0,0,2,67301,1,,1,9,,N,N,Y,0,,0,0,2,3,2,,2015,1,3,0,0,2,0,1,3,4,0,3,7,,N,,,,,,,,,,,
2022116691,2318.0,2,0,0,0,0,0,0,0,0,1,0,,67,12,2022,6,39.9794,-75.1578,2318.0,6,0,0,0,0,1,0,0,0,,0,0,0.0,23,3,0,0,N,0,39 58:45.786,,0,75 09:28.038,0,0,0,0,67301,0,0,0,N,0,0,0,3,67505,0,,1,1,,N,N,N,0,,0,0,0,0,0,,2318,0,2,0,0,0,0,0,3,4,0,2,3,,N,,,,,,,,,,,
2022115000,305.0,0,0,0,0,0,0,0,0,0,6,0,,67,12,2022,7,39.9988,-75.1183,305.0,6,0,0,0,0,0,0,0,0,,0,0,0.0,3,3,0,0,N,0,39 59:55.530,,0,75 07:05.900,9,0,0,0,67301,0,0,0,N,0,0,0,1,67301,0,,6,1,,N,N,N,0,,0,0,2,0,0,,304,0,3,0,0,1,0,1,3,4,1,3,3,3.0,N,,,,,,,,,,,
2022121341,911.0,0,0,0,0,0,0,0,0,0,4,0,,67,12,2022,3,40.0868,-74.9718,856.0,6,0,0,0,0,0,1,0,0,,0,0,0.0,8,1,2,1,,0,40 05:12.438,,0,74 58:18.635,3,0,0,0,67301,0,0,0,N,0,0,0,2,67301,0,,1,1,,N,N,N,1,,2,0,1,3,2,,817,2,2,0,0,0,0,0,3,4,0,2,3,3.0,N,,,,,,,,,,,
2022121089,820.0,1,0,0,0,0,0,0,0,0,4,1,,67,12,2022,3,40.0062,-75.1518,815.0,6,0,0,0,0,0,0,0,0,,0,0,0.0,8,1,0,1,,1,40 00:22.276,1.0,0,75 09:06.943,0,0,0,0,67301,0,0,0,N,0,0,0,3,67505,0,,1,1,900.0,N,N,N,0,,0,0,0,3,2,N,813,0,2,0,0,0,0,0,3,4,1,2,3,3.0,N,,,,,,,,,,,
2022124546,2225.0,1,0,0,0,0,0,1,0,0,6,1,,67,12,2022,4,40.0126,-75.1521,2221.0,6,0,1,0,0,0,0,0,0,,0,0,0.0,22,3,1,5,,0,40 00:44.907,,0,75 09:07.557,4,0,0,0,67301,0,0,0,N,0,0,0,4,67508,1,,1,1,,N,N,Y,0,,0,0,0,3,2,,2221,1,3,0,0,1,0,1,3,4,1,3,3,3.0,N,,,,,,,,,,,
2022116646,2121.0,1,0,0,0,0,0,0,0,0,4,0,,67,12,2022,3,40.028,-75.11,2110.0,6,0,0,0,0,0,1,0,0,,0,0,0.0,21,3,3,1,,1,40 01:40.967,2.0,0,75 06:36.138,4,0,0,0,67301,0,0,0,N,0,0,0,4,67301,3,,1,9,2135.0,N,N,N,0,,0,0,1,3,2,N,2109,3,2,0,0,0,0,0,3,4,0,2,7,,N,,,,,,,,,,,
2022122400,54.0,1,0,0,0,0,0,0,0,0,4,0,,67,12,2022,3,40.0168,-75.0836,54.0,6,0,0,0,0,0,0,0,0,,0,0,0.0,0,3,0,5,,0,40 01:00.426,,1,75 05:00.999,0,0,0,0,67301,0,0,0,N,0,0,0,3,67301,0,,1,1,,N,N,N,0,,0,0,1,3,2,,53,0,2,0,0,1,0,0,3,4,0,2,3,3.0,N,,,,,,,,,,,
2022123923,253.0,3,0,0,0,0,0,0,0,0,1,0,,67,12,2022,7,39.9216,-75.15,252.0,6,0,0,1,0,0,0,0,0,,0,0,0.0,2,3,3,0,N,2,39 55:17.900,7.0,0,75 08:59.900,4,0,0,0,67301,0,0,0,N,0,0,0,5,67301,3,,1,1,400.0,N,N,N,0,,0,0,0,0,0,Y,245,3,3,0,0,5,0,0,3,4,0,3,3,3.0,N,,,,,,,,,,,
2022122228,908.0,1,0,0,0,0,0,0,0,0,5,0,,67,12,2022,5,39.9899,-75.1271,906.0,6,0,0,0,0,0,0,0,0,,0,0,0.0,8,1,0,0,N,0,39 59:23.800,,0,75 07:37.650,0,0,0,0,67301,0,0,0,N,0,0,0,1,67301,0,,6,1,,N,N,N,0,,0,0,1,0,0,,845,0,2,0,0,1,0,0,3,4,0,2,4,4.0,N,,,,,,,,,,,
2022124834,1346.0,1,0,0,0,0,0,0,0,0,4,0,,67,12,2022,5,40.0861,-75.2119,1339.0,6,0,0,0,0,0,0,1,1,,0,0,0.0,13,1,0,1,,0,40 05:09.747,,0,75 12:42.989,0,0,0,0,67301,0,0,0,N,0,0,0,3,67301,0,,1,1,,N,N,N,0,,0,0,1,3,2,,1300,0,2,0,0,0,0,0,3,4,0,2,3,3.0,N,,,,,,,,,,,
2022122937,355.0,1,0,0,0,0,0,0,0,0,4,0,,67,12,2022,5,39.9421,-75.2117,353.0,6,0,0,0,0,0,1,0,0,,0,0,0.0,3,3,2,1,,0,39 56:31.401,,0,75 12:42.217,3,0,0,0,67301,0,0,0,N,0,0,0,2,67301,0,,1,1,,N,N,N,0,,2,0,1,3,2,,351,2,2,0,0,0,0,0,3,4,0,2,3,3.0,N,,,,,,,,,,,
2022116677,1825.0,1,0,0,0,0,0,0,0,0,8,0,,67,12,2022,2,40.0033,-75.1659,1820.0,6,0,0,0,1,0,0,0,0,,0,0,0.0,18,3,1,1,,0,40 00:11.783,,0,75 09:57.234,4,0,0,0,67301,1,0,0,N,1,0,0,2,67301,1,,1,1,,N,N,N,0,,0,0,0,3,2,,1811,1,2,0,0,0,0,0,3,4,0,1,3,3.0,N,,,,,,,,,,,
2022117049,1126.0,1,0,0,0,0,0,0,0,0,4,0,,67,12,2022,6,39.9499,-75.229,1124.0,6,0,0,0,0,0,1,0,0,,0,0,0.0,11,1,1,1,,0,39 56:59.701,,0,75 13:44.475,3,0,0,0,67301,0,0,0,N,0,0,0,2,67301,0,,1,1,,N,N,N,0,,1,0,0,3,3,,1123,1,2,0,0,0,0,0,3,4,1,2,3,3.0,N,,,,,,,,,,,
2022115634,1745.0,0,0,0,0,0,0,0,0,0,4,0,,67,12,2022,2,40.0995,-74.9864,1739.0,6,0,0,0,0,0,2,0,0,,0,0,0.0,17,3,2,1,,0,40 05:58.296,,2,74 59:10.926,3,0,0,0,67301,0,0,0,N,0,0,0,2,67301,0,,1,1,,N,N,Y,0,,2,0,2,3,2,,1729,2,2,0,0,0,0,0,3,4,0,2,3,,N,,,,,,,,,,,
2022115118,210.0,3,0,0,0,0,0,0,0,0,2,0,,67,12,2022,7,40.0492,-75.1446,207.0,6,0,0,0,0,0,1,0,0,,0,0,0.0,1,3,1,0,N,0,40 02:57.250,,0,75 08:40.570,3,0,0,0,67301,0,0,0,N,0,0,0,1,67301,0,,6,1,,N,N,N,0,,1,0,0,0,0,,153,1,4,0,0,0,0,0,3,4,1,4,3,3.0,N,,,,,,,,,,,
2022114673,35.0,0,0,0,0,0,0,0,0,0,1,0,,67,12,2022,7,39.8978,-75.2115,25.0,6,0,0,0,0,0,0,0,0,,0,0,0.0,11,8,2,0,N,2,39 53:51.913,3.0,3,75 12:41.529,3,0,0,0,67301,0,0,0,N,0,0,0,2,67301,0,,1,1,125.0,N,N,N,0,,2,0,2,0,0,Y,1100,2,2,0,0,0,0,0,3,4,0,2,3,,N,,,,,,,,,,,
2022121808,1119.0,1,0,0,0,0,0,0,0,0,5,0,,67,12,2022,3,40.0111,-75.1816,1109.0,6,0,0,0,0,0,0,1,0,,0,0,0.0,9,1,1,0,N,0,40 00:40.078,,0,75 10:53.922,4,0,0,0,67301,0,0,0,N,0,0,0,2,67301,1,,1,1,,N,N,N,0,,0,0,1,0,0,,929,1,2,0,0,0,0,0,3,4,0,2,3,,N,,,,,,,,,,,
2022124995,2225.0,0,0,0,0,0,0,0,0,0,8,0,,67,12,2022,3,39.9686,-75.2435,2221.0,6,0,0,0,0,0,0,0,0,,0,0,0.0,22,3,1,1,,0,39 58:06.931,,0,75 14:36.430,3,0,0,0,67301,1,0,0,N,1,0,0,2,67301,0,,1,1,,N,N,N,0,,1,0,0,3,3,,2219,1,2,0,0,0,0,0,3,4,0,1,3,3.0,N,,,,,,,,,,,
2022115442,1148.0,1,0,0,0,0,0,0,0,0,1,0,,67,12,2022,2,40.1005,-75.0076,1141.0,6,0,0,0,0,0,0,0,0,,0,0,0.0,11,1,0,0,N,2,40 06:01.637,1.0,0,75 00:27.432,9,0,0,0,67301,0,0,0,N,0,0,0,2,67301,0,,1,1,100.0,N,N,N,0,,0,0,1,0,0,N,1140,0,2,0,0,0,0,1,3,4,0,2,3,3.0,N,,,,,,,,,,,
2022117268,825.0,1,0,0,0,0,0,0,0,0,1,0,,67,12,2022,5,39.959,-75.229,820.0,6,0,0,0,0,0,1,0,0,,0,0,0.0,8,1,0,1,,0,39 57:32.224,,0,75 13:44.207,9,0,0,0,67301,0,0,0,N,0,0,0,3,67301,0,,1,1,,N,N,N,0,,0,0,2,3,2,,800,0,3,0,0,0,0,2,3,4,0,3,3,3.0,N,,,,,,,,,,,
2022117267,2116.0,4,0,0,0,0,0,0,0,0,5,0,,67,12,2022,3,39.9503,-75.2439,2115.0,6,0,0,0,0,0,0,0,0,,0,0,0.0,21,3,0,0,N,0,39 57:01.030,,0,75 14:38.070,9,0,0,0,67301,0,0,0,N,0,0,0,2,67301,0,,6,9,,N,N,Y,0,,0,0,4,0,0,,2114,0,8,0,0,0,0,2,3,4,0,8,7,7.0,N,,,,,,,,,,,
2022117057,1622.0,0,0,0,0,0,0,0,0,0,4,0,,67,12,2022,7,39.9944,-75.1337,1620.0,6,0,0,0,0,0,0,0,0,,0,0,0.0,14,1,1,1,,0,39 59:39.955,,0,75 08:01.140,3,0,0,0,67301,0,0,0,N,0,0,0,3,67301,0,,1,9,,N,N,N,0,,1,0,2,3,3,,1429,1,2,0,0,1,0,0,3,4,0,2,7,,N,,,,,,,,,,,
2022115928,1405.0,2,0,0,0,0,0,0,0,0,4,0,,67,12,2022,2,40.0809,-75.0288,1405.0,6,0,0,0,0,0,0,0,1,,0,0,0.0,14,1,4,1,,2,40 04:51.077,2.0,0,75 01:43.585,3,0,0,0,67301,0,0,0,N,0,0,0,4,67301,0,,1,1,1516.0,N,N,N,0,,4,0,0,3,2,N,1401,4,2,0,0,0,0,0,3,4,0,2,3,3.0,N,,,,,,,,,,,
2022122790,811.0,1,0,0,0,0,0,0,0,0,1,0,,67,12,2022,2,39.9832,-75.1883,803.0,6,0,0,0,0,0,1,0,0,,0,0,0.0,7,1,1,0,N,0,39 58:59.346,,0,75 11:17.750,3,0,0,0,67301,0,0,0,N,0,0,0,3,67301,0,,1,1,,N,N,N,0,,1,0,2,0,0,,744,1,3,0,0,1,0,1,3,4,0,3,3,3.0,N,,,,,,,,,,,
2022116810,1710.0,0,0,0,0,0,0,0,0,0,8,0,,67,12,2022,4,39.9922,-75.1415,1708.0,6,0,0,0,0,0,0,0,0,,0,0,0.0,17,3,1,1,,1,39 59:31.947,3.0,0,75 08:29.531,8,0,0,0,67301,1,0,0,N,1,0,0,2,67301,0,,1,9,1740.0,N,N,N,0,,0,0,0,0,0,Y,1705,1,2,0,0,0,1,0,3,4,0,1,7,,N,,,,,,,,,,,
2022124833,2015.0,1,0,0,0,0,0,0,0,0,4,0,,67,12,2022,4,40.024,-75.1596,2015.0,6,0,0,0,0,0,1,0,0,,0,0,0.0,19,2,1,1,,0,40 01:26.350,,0,75 09:34.481,3,0,0,0,67301,0,0,0,N,0,0,0,2,67301,0,,1,1,,N,N,N,0,,1,0,1,3,1,,1930,1,2,0,0,0,0,0,3,4,0,2,3,3.0,N,,,,,,,,,,,
2022122657,1527.0,0,0,0,0,0,0,0,0,0,8,0,,67,12,2022,5,40.0522,-75.1758,1527.0,6,0,0,0,0,0,0,0,0,,0,0,0.0,15,8,1,1,,0,40 03:08.041,,0,75 10:32.943,3,0,0,0,67301,1,0,0,N,1,0,0,2,67301,0,,1,9,,N,N,N,1,,1,0,0,3,2,,1500,1,2,0,0,1,0,1,3,4,0,1,7,4.0,N,,,,,,,,,,,
2022123032,1643.0,1,0,0,0,0,0,0,0,0,5,0,,67,12,2022,7,40.0278,-75.1148,1641.0,6,0,0,0,0,0,0,0,0,,0,0,0.0,12,1,0,0,N,0,40 01:40.110,,0,75 06:53.320,9,0,0,0,67301,0,0,0,N,0,0,0,1,67301,0,,6,1,,N,N,N,0,,0,0,2,0,0,,1230,0,3,0,0,0,0,1,3,4,0,3,3,3.0,N,,,,,,,,,,,
2022116347,1038.0,2,0,0,0,0,0,0,0,0,1,0,,67,12,2022,3,39.893,-75.2237,1035.0,6,0,0,0,0,0,0,0,0,,0,0,0.0,10,1,0,0,N,0,39 53:34.740,,0,75 13:25.460,0,0,0,0,67301,0,0,0,N,0,0,0,2,67301,0,,1,9,,N,N,N,0,,0,0,0,0,0,,1005,0,2,0,0,0,0,0,3,4,0,2,7,,N,,,,,,,,,,,
2022114688,1713.0,0,0,0,0,0,0,0,0,0,1,0,,67,12,2022,7,40.0146,-75.1785,1706.0,6,0,0,0,0,0,0,0,0,,0,0,0.0,16,3,0,1,,2,40 00:52.700,4.0,2,75 10:42.488,0,0,0,0,67301,0,0,0,N,0,0,0,5,67301,0,,1,9,1835.0,N,N,N,0,,0,0,1,3,2,Y,1650,0,2,0,0,0,0,0,3,4,1,2,7,4.0,N,,,,,,,,,,,
2022114999,1247.0,2,0,0,0,0,0,0,0,0,4,0,,67,12,2022,7,40.0108,-75.1266,1246.0,6,0,0,0,0,0,0,0,0,,0,0,0.0,12,8,3,1,,0,40 00:38.955,,0,75 07:35.936,3,0,0,0,67301,0,0,0,N,0,0,0,4,67301,2,,1,1,,N,N,N,0,,1,0,0,3,2,,1238,3,2,0,0,0,0,1,3,4,0,2,3,3.0,N,,,,,,,,,,,
2022115116,1010.0,0,0,0,0,0,0,0,0,0,1,0,,67,12,2022,2,40.0315,-75.1543,1005.0,6,0,0,0,0,0,2,0,0,,0,0,0.0,10,1,1,0,N,0,40 01:53.540,,0,75 09:15.330,3,0,0,0,67301,0,0,0,N,0,0,0,3,67301,0,,1,1,,N,N,N,0,,1,0,1,0,0,,1000,1,2,0,0,0,0,0,3,4,1,2,3,3.0,N,,,,,,,,,,,
2022117754,744.0,1,0,0,0,0,0,0,0,0,1,0,,67,12,2022,6,40.0918,-75.0214,739.0,6,0,0,0,0,1,0,0,0,,0,0,0.0,7,1,1,0,N,0,40 05:30.530,,0,75 01:16.900,3,0,0,0,67301,0,0,0,N,0,0,0,2,67301,0,,6,1,,N,N,N,0,,1,0,1,0,0,,730,1,2,0,0,1,0,0,3,4,0,2,3,,N,,,,,,,,,,,
2022116668,2344.0,2,0,0,0,0,0,0,0,0,5,0,,67,12,2022,3,40.0245,-75.1512,2343.0,6,0,0,0,0,0,0,0,0,,0,0,0.0,21,3,0,0,N,0,40 01:28.050,,0,75 09:04.450,9,0,0,0,67301,0,0,0,N,0,0,0,1,67301,0,,6,9,,N,N,Y,0,,0,0,0,0,0,,2100,0,2,0,0,1,0,1,3,4,0,2,7,7.0,N,,,,,,,,,,,
2022118758,904.0,0,0,0,0,0,0,0,0,0,8,0,,67,12,2022,7,39.9657,-75.2223,900.0,6,0,0,0,0,0,0,0,0,,0,0,0.0,1,3,1,1,,0,39 57:56.462,,0,75 13:20.110,3,0,0,0,67301,1,0,0,N,1,0,0,2,67301,0,,1,9,,N,N,N,0,,1,0,0,3,2,,100,1,2,0,0,0,0,0,3,4,0,1,7,7.0,N,,,,,,,,,,,
2022116346,927.0,2,0,0,0,0,0,0,0,0,4,0,,67,12,2022,3,39.9449,-75.2392,922.0,6,0,0,0,1,0,0,0,0,,0,0,0.0,9,1,1,2,,1,39 56:41.789,2.0,0,75 14:21.063,3,0,0,0,67301,0,0,0,N,0,0,0,2,67301,0,,1,9,927.0,N,N,N,0,,1,0,0,3,3,N,918,1,2,0,0,0,0,0,3,4,0,2,7,4.0,N,,,,,,,,,,,
2022116799,1510.0,0,0,0,0,0,0,0,0,0,4,0,,67,12,2022,6,39.9643,-75.1556,1457.0,6,0,0,0,0,0,0,0,0,,0,0,0.0,12,1,1,1,,1,39 57:51.382,3.0,0,75 09:20.051,3,0,0,0,67301,0,0,0,N,0,0,0,2,67301,0,,1,1,1200.0,N,N,N,1,,1,0,1,3,3,Y,1258,1,2,0,0,0,0,0,3,4,0,2,3,3.0,N,,,,,,,,,,,
2022116670,1750.0,2,0,0,0,0,0,0,0,0,1,0,,67,12,2022,5,40.0456,-75.1285,1750.0,6,0,0,0,0,0,1,0,0,,0,0,0.0,11,1,2,1,,0,40 02:44.292,,0,75 07:42.562,3,0,0,0,67301,0,0,0,N,0,0,0,4,67301,0,,1,1,,N,N,N,1,,1,0,0,3,2,,1130,2,3,0,0,2,1,0,3,4,0,3,3,,N,,,,,,,,,,,
2022115650,1806.0,0,0,0,0,0,0,0,0,0,8,0,,67,12,2022,3,40.0077,-75.1906,1758.0,6,0,0,0,0,0,0,1,0,,0,0,0.0,17,3,1,0,N,1,40 00:27.744,1.0,0,75 11:26.325,4,0,0,0,67301,1,0,0,N,1,0,0,2,67301,1,,1,9,1850.0,N,N,N,0,,0,0,1,0,0,N,1740,1,2,0,0,0,0,0,3,4,0,1,7,7.0,N,,,,,,,,,,,
2022116798,1145.0,0,0,0,0,0,0,0,0,0,8,0,,67,12,2022,6,39.9451,-75.1614,1120.0,6,0,0,0,0,0,0,0,0,,0,0,0.0,0,3,1,1,,0,39 56:42.363,,0,75 09:40.887,2,0,0,0,67301,1,0,1,N,1,0,1,2,67301,0,,1,99,,N,N,N,0,,0,1,0,3,2,,20,1,2,0,0,0,0,0,3,4,0,1,3,,N,,,,,,,,,,,
2022120903,1839.0,0,0,0,0,0,0,0,0,0,8,0,,67,12,2022,2,39.9673,-75.2455,1834.0,6,0,0,0,0,0,0,0,0,,0,0,0.0,18,3,1,0,N,0,39 58:02.300,,0,75 14:43.900,8,0,0,0,67301,1,0,0,N,1,0,0,2,67301,0,,1,1,,N,N,N,0,,0,0,1,0,0,,1815,1,2,0,0,0,1,0,3,4,0,1,3,,N,,,,,,,,,,,