CRN,ARRIVAL_TM,AUTOMOBILE_COUNT,BELTED_DEATH_COUNT,BELTED_SUSP_SERIOUS_INJ_COUNT,BICYCLE_COUNT,BICYCLE_DEATH_COUNT,BICYCLE_SUSP_SERIOUS_INJ_COUNT,BUS_COUNT,CHLDPAS_DEATH_COUNT,CHLDPAS_SUSP_SERIOUS_INJ_COUNT,COLLISION_TYPE,COMM_VEH_COUNT,CONS_ZONE_SPD_LIM,COUNTY,CRASH_MONTH,CRASH_YEAR,DAY_OF_WEEK,DEC_LAT,DEC_LONG,DISPATCH_TM,DISTRICT,DRIVER_COUNT_16YR,DRIVER_COUNT_17YR,DRIVER_COUNT_18YR,DRIVER_COUNT_19YR,DRIVER_COUNT_20YR,DRIVER_COUNT_50_64YR,DRIVER_COUNT_65_74YR,DRIVER_COUNT_75PLUS,EST_HRS_CLOSED,FATAL_COUNT,HEAVY_TRUCK_COUNT,HORSE_BUGGY_COUNT,HOUR_OF_DAY,ILLUMINATION,INJURY_COUNT,INTERSECT_TYPE,INTERSECTION_RELATED,LANE_CLOSED,LATITUDE,LN_CLOSE_DIR,LOCATION_TYPE,LONGITUDE,MAX_SEVERITY_LEVEL,MCYCLE_DEATH_COUNT,MCYCLE_SUSP_SERIOUS_INJ_COUNT,MOTORCYCLE_COUNT,MUNICIPALITY,NONMOTR_COUNT,NONMOTR_DEATH_COUNT,NONMOTR_SUSP_SERIOUS_INJ_COUNT,NTFY_HIWY_MAINT,PED_COUNT,PED_DEATH_COUNT,PED_SUSP_SERIOUS_INJ_COUNT,PERSON_COUNT,POLICE_AGCY,POSSIBLE_INJ_COUNT,RDWY_SURF_TYPE_CD,RELATION_TO_ROAD,ROAD_CONDITION,ROADWAY_CLEARED,SCH_BUS_IND,SCH_ZONE_IND,SECONDARY_CRASH,SMALL_TRUCK_COUNT,SPEC_JURIS_CD,SUSP_MINOR_INJ_COUNT,SUSP_SERIOUS_INJ_COUNT,SUV_COUNT,TCD_FUNC_CD,TCD_TYPE,TFC_DETOUR_IND,TIME_OF_DAY,TOT_INJ_COUNT,TOTAL_UNITS,UNB_DEATH_COUNT,UNB_SUSP_SERIOUS_INJ_COUNT,UNBELTED_OCC_COUNT,UNK_INJ_DEG_COUNT,UNK_INJ_PER_COUNT,URBAN_AREA,URBAN_RURAL,VAN_COUNT,VEHICLE_COUNT,WEATHER1,WEATHER2,WORK_ZONE_IND,WORK_ZONE_LOC,WORK_ZONE_TYPE,WORKERS_PRES,WZ_CLOSE_DETOUR,WZ_FLAGGER,WZ_LAW_OFFCR_IND,WZ_LN_CLOSURE,WZ_MOVING,WZ_OTHER,WZ_SHLDER_MDN,WZ_WORKERS_INJ_KILLED
2022116797,1935.0,0,0,0,0,0,0,0,0,0,5,0,,67,12,2022,4,40.0317,-75.221,1931.0,6,0,0,0,0,0,0,0,0,,0,0,0.0,19,3,0,0,N,0,40 01:54.100,,0,75 13:15.500,9,0,0,0,67301,0,0,0,N,0,0,0,1,67301,0,,6,1,,N,N,N,0,,0,0,2,0,0,,1929,0,2,0,0,0,0,1,3,4,0,2,3,3.0,N,,,,,,,,,,,
2022116950,1015.0,2,0,0,0,0,0,0,0,0,5,0,,67,12,2022,6,40.0054,-75.1577,1011.0,6,0,0,0,0,0,0,0,0,,0,0,0.0,9,1,0,0,N,0,40 00:19.400,,0,75 09:27.860,0,0,0,0,67301,0,0,0,N,0,0,0,1,67301,0,,6,1,,N,N,N,0,,0,0,0,0,0,,954,0,2,0,0,0,0,0,3,4,0,2,3,3.0,N,,,,,,,,,,,
2022116808,2012.0,1,0,0,0,0,0,0,0,0,4,0,,67,12,2022,2,39.972,-75.125,2010.0,6,0,0,0,0,0,2,0,0,,0,0,0.0,20,3,1,0,N,0,39 58:19.335,,7,75 07:29.929,3,0,0,0,67301,0,0,0,N,0,0,0,2,67301,0,,1,1,,N,N,N,0,,1,0,1,0,0,,2000,1,2,0,0,0,0,0,3,4,0,2,3,,N,,,,,,,,,,,
2022116802,19.0,2,0,0,0,0,0,0,0,0,5,0,,67,12,2022,6,40.0597,-75.1505,19.0,6,0,0,0,0,0,0,0,0,,0,0,0.0,0,3,0,0,N,0,40 03:34.740,,0,75 09:01.970,0,0,0,0,67301,0,0,0,N,0,0,0,1,67301,0,,6,1,,N,N,N,0,,0,0,0,0,0,,19,0,2,0,0,0,0,0,3,4,0,2,3,,N,,,,,,,,,,,
2022121939,1607.0,1,0,0,0,0,0,0,0,0,5,0,,67,12,2022,2,39.9481,-75.1636,1607.0,6,0,0,0,0,0,0,0,0,,0,0,0.0,12,1,0,0,N,0,39 56:53.030,,0,75 09:49.070,0,0,0,0,67301,0,0,0,N,0,0,0,2,67301,0,,1,1,,N,N,N,0,,0,0,1,0,0,,1200,0,2,0,0,1,0,0,3,4,0,2,3,3.0,N,,,,,,,,,,,
2022121346,738.0,1,0,0,0,0,0,0,0,0,4,0,,67,12,2022,2,40.0687,-75.1641,735.0,6,0,0,0,0,0,0,0,1,,0,0,0.0,7,1,2,1,,0,40 04:07.205,,0,75 09:50.797,2,0,0,0,67301,0,0,0,N,0,0,0,2,67301,1,,1,1,,N,N,N,0,,0,1,1,3,2,,730,2,2,0,0,0,0,0,3,4,0,2,3,3.0,N,,,,,,,,,,,
2022124825,229.0,0,0,0,0,0,0,0,0,0,5,0,,67,12,2022,5,40.0727,-75.0776,226.0,6,0,0,0,0,0,1,0,0,,0,0,0.0,2,3,0,0,N,0,40 04:21.680,,0,75 04:39.220,0,0,0,0,67301,0,0,0,N,0,0,0,1,67301,0,,6,1,,N,N,N,0,,0,0,2,0,0,,222,0,2,0,0,0,0,0,3,4,0,2,3,3.0,N,,,,,,,,,,,
2022124518,915.0,1,0,0,0,0,0,0,0,0,5,0,,67,12,2022,4,40.0148,-75.206,859.0,6,0,0,1,0,0,1,0,0,,0,0,0.0,8,1,1,0,N,0,40 00:53.285,,3,75 12:21.773,3,0,0,0,67301,0,0,0,N,0,0,0,3,67301,0,,1,1,,N,N,N,0,,1,0,0,0,0,,848,1,2,0,0,0,0,0,3,4,1,2,3,3.0,N,,,,,,,,,,,
2022125231,1400.0,1,0,0,1,0,0,0,0,0,4,0,,67,12,2022,3,39.9538,-75.2282,1400.0,6,0,0,0,0,0,0,0,0,,0,0,0.0,14,1,1,1,,0,39 57:13.579,,0,75 13:41.545,4,0,0,0,67301,1,0,0,N,0,0,0,2,67301,1,,1,1,,N,N,N,0,,0,0,0,3,2,,1400,1,2,0,0,0,0,0,3,4,0,1,3,3.0,N,,,,,,,,,,,
2022122651,27.0,2,0,0,0,0,0,0,0,0,4,0,,67,12,2022,6,40.0581,-75.0782,25.0,6,0,0,0,0,0,0,0,0,,0,0,0.0,0,3,0,2,,0,40 03:29.167,,0,75 04:40.980,0,0,0,0,67301,0,0,0,N,0,0,0,2,67301,0,,1,9,,N,N,N,0,,0,0,1,3,3,,25,0,3,0,0,0,0,0,3,4,0,3,7,7.0,N,,,,,,,,,,,
2022122921,440.0,3,0,0,0,0,0,0,0,0,4,0,,67,12,2022,6,40.0146,-75.0696,437.0,6,0,0,0,0,0,0,0,0,,0,0,0.0,4,3,1,1,,1,40 00:52.693,1.0,0,75 04:10.513,3,0,0,0,67301,0,0,0,N,0,0,0,2,67301,0,,1,9,500.0,N,N,N,0,,1,0,1,3,3,N,415,1,5,0,0,1,0,0,3,4,1,5,7,,N,,,,,,,,,,,
2022120890,822.0,1,0,0,0,0,0,0,0,0,8,0,,67,12,2022,2,40.0402,-75.0993,820.0,6,0,0,0,0,0,0,1,0,,0,0,0.0,8,1,1,2,,0,40 02:24.705,,0,75 05:57.645,3,0,0,0,67301,1,0,0,N,1,0,0,2,67301,0,,1,1,,N,N,N,0,,1,0,0,3,3,,815,1,2,0,0,0,0,0,3,4,0,1,3,3.0,N,,,,,,,,,,,
2022121350,915.0,2,0,0,0,0,0,0,0,0,4,0,,67,12,2022,2,40.0355,-75.1788,858.0,6,0,0,0,0,0,0,1,0,,0,0,0.0,8,1,0,1,,1,40 02:07.785,1.0,0,75 10:43.557,0,0,0,0,67301,0,0,0,N,0,0,0,2,67301,0,,1,1,930.0,N,N,N,0,,0,0,0,3,2,N,850,0,2,0,0,0,0,0,3,4,0,2,3,3.0,N,,,,,,,,,,,
2022115970,52.0,1,0,0,0,0,0,0,0,0,7,0,,67,12,2022,2,39.9555,-75.1482,52.0,6,0,0,0,0,0,0,0,0,,0,0,0.0,0,3,0,0,N,1,39 57:19.901,4.0,2,75 08:53.389,0,0,0,0,67301,0,0,0,N,0,0,0,2,67501,0,,4,1,130.0,N,N,N,0,,0,0,0,0,0,Y,52,0,1,0,0,0,0,0,3,4,0,1,3,,N,,,,,,,,,,,
2022116658,452.0,2,0,0,0,0,0,0,0,0,4,0,,67,12,2022,4,39.9625,-75.2162,452.0,6,0,0,0,0,0,1,0,0,,0,0,0.0,4,3,2,1,,1,39 57:44.928,5.0,0,75 12:58.374,3,0,0,0,67301,0,0,0,N,0,0,0,2,67301,0,,1,9,600.0,N,N,N,0,,2,0,0,3,2,N,450,2,2,0,0,1,0,0,3,4,0,2,7,,N,,,,,,,,,,,
2022117266,1445.0,1,0,0,0,0,0,0,0,0,8,0,,67,12,2022,1,39.95,-75.2379,1441.0,6,0,0,0,0,0,1,0,0,,0,0,0.0,14,1,1,0,N,0,39 57:00.090,,0,75 14:16.610,3,0,0,0,67301,1,0,0,N,1,0,0,2,67301,0,,1,1,,N,N,N,0,,1,0,0,0,0,,1434,1,2,0,0,0,0,0,3,4,0,1,3,3.0,N,,,,,,,,,,,
2022122925,945.0,1,0,0,0,0,0,0,0,0,4,0,,67,12,2022,4,39.964,-75.1916,938.0,6,0,0,0,0,0,0,0,0,,0,0,0.0,9,1,1,1,,0,39 57:50.576,,0,75 11:29.738,3,0,0,0,67301,0,0,0,N,0,0,0,3,67301,0,,1,1,,N,N,N,0,,1,0,1,3,2,,936,1,2,0,0,1,0,1,3,4,0,2,3,3.0,N,,,,,,,,,,,
2022116656,255.0,0,0,0,0,0,0,0,0,0,7,0,,67,12,2022,3,40.0519,-75.0507,239.0,6,0,0,0,0,0,0,0,0,,0,0,0.0,2,3,1,0,N,1,40 03:06.927,1.0,0,75 03:02.681,2,0,0,0,67301,0,0,0,N,0,0,0,1,67301,0,,3,1,400.0,N,N,N,0,,0,1,1,0,0,Y,237,1,1,0,0,0,0,0,3,4,0,1,3,3.0,N,,,,,,,,,,,
2022114679,1855.0,2,0,0,0,0,0,0,0,0,1,0,,67,12,2022,7,39.9857,-75.1641,1850.0,6,0,0,0,0,0,0,0,0,,0,0,0.0,18,3,0,0,N,0,39 59:08.500,,0,75 09:50.630,0,0,0,0,67301,0,0,0,N,0,0,0,1,67301,0,,6,9,,N,N,N,0,,0,0,0,0,0,,1800,0,2,0,0,1,0,0,3,4,0,2,7,7.0,N,,,,,,,,,,,
2022116306,1210.0,1,0,0,0,0,0,0,0,0,1,0,,67,12,2022,2,39.9601,-75.18,1210.0,6,0,0,0,0,0,0,0,0,,0,0,0.0,12,1,0,0,N,1,39 57:36.483,4.0,3,75 10:47.924,0,0,0,0,67301,0,0,0,N,0,0,0,2,68K01,0,,1,1,1225.0,N,N,N,0,,0,0,1,0,0,N,1204,0,2,0,0,0,0,0,3,4,0,2,3,,N,,,,,,,,,,,
2022119295,426.0,1,0,0,0,0,0,0,0,0,5,0,,67,12,2022,5,39.9778,-75.1337,426.0,6,0,0,0,0,0,0,0,0,,0,0,0.0,4,3,0,0,N,0,39 58:40.010,,1,75 08:01.210,9,0,0,0,67301,0,0,0,N,0,0,0,1,67301,0,,6,1,,N,N,N,0,,0,0,2,0,0,,426,0,3,0,0,0,0,1,3,4,0,3,3,3.0,N,,,,,,,,,,,
2022125225,305.0,1,0,0,0,0,0,0,0,0,7,0,,67,12,2022,7,40.0446,-75.2041,305.0,6,0,0,0,0,0,0,0,0,,0,0,0.0,2,3,1,1,,0,40 02:40.405,,3,75 12:14.417,8,0,0,0,67301,0,0,0,N,0,0,0,1,67301,0,,5,9,,N,N,N,0,,0,0,0,3,2,,251,1,1,0,0,0,1,0,3,4,0,1,3,3.0,N,,,,,,,,,,,
2022124082,55.0,0,0,0,0,0,0,0,0,0,4,0,,67,12,2022,1,40.0276,-75.1747,50.0,6,0,0,0,0,0,0,0,0,,0,0,0.0,0,3,1,2,,0,40 01:39.363,,0,75 10:28.984,3,0,0,0,67301,0,0,0,N,0,0,0,1,67301,0,,1,1,,N,N,N,0,,1,0,1,0,0,,40,1,2,0,0,0,0,0,3,4,1,2,3,3.0,N,,,,,,,,,,,
2022124499,1541.0,1,0,0,0,0,0,0,0,0,5,0,,67,12,2022,4,40.0216,-75.094,1540.0,6,0,0,0,0,0,1,0,0,,0,0,0.0,14,1,2,3,,0,40 01:17.770,,0,75 05:38.520,3,0,0,0,67301,0,0,0,N,0,0,0,3,67301,0,,1,1,,N,N,N,0,,2,0,1,3,1,,1400,2,2,0,0,0,0,0,3,4,0,2,3,3.0,N,,,,,,,,,,,
2022123031,525.0,1,0,0,0,0,0,0,0,0,5,0,,67,12,2022,7,40.0425,-75.1289,523.0,6,0,0,0,0,0,0,0,0,,0,0,0.0,3,3,0,0,N,0,40 02:33.170,,0,75 07:44.200,9,0,0,0,67301,0,0,0,N,0,0,0,1,67301,0,,6,1,,N,N,N,0,,0,0,0,0,0,,340,0,2,0,0,0,0,1,3,4,0,2,3,3.0,N,,,,,,,,,,,
2022122777,835.0,3,0,0,0,0,0,0,0,0,5,0,,67,12,2022,5,40.0723,-75.1789,835.0,6,0,0,0,0,0,1,0,0,,0,0,0.0,8,1,0,0,N,0,40 04:20.281,,0,75 10:44.084,0,0,0,0,67301,0,0,0,N,0,0,0,1,67301,0,,6,2,,N,N,N,0,,0,0,0,0,0,,830,0,3,0,0,0,0,0,3,4,0,3,6,4.0,N,,,,,,,,,,,
2022116803,1805.0,1,0,0,0,0,0,0,0,0,8,0,,67,12,2022,2,39.969,-75.217,1802.0,6,0,0,0,0,0,0,0,0,,0,0,0.0,17,3,1,1,,0,39 58:08.327,,0,75 13:01.203,3,0,0,0,67301,1,0,0,N,1,0,0,2,67301,0,,1,1,,N,N,N,0,,1,0,0,3,2,,1751,1,2,0,0,1,0,0,3,4,0,1,3,3.0,N,,,,,,,,,,,
2022120115,1540.0,1,0,0,0,0,0,0,0,0,1,0,,67,12,2022,5,39.9234,-75.1812,1535.0,6,0,0,0,0,0,0,1,0,,0,0,0.0,15,1,1,0,Y,0,39 55:24.246,,0,75 10:51.747,3,0,0,0,67301,0,0,0,N,0,0,0,2,67301,0,,1,1,,N,N,N,0,,1,0,1,3,2,,1520,1,2,0,0,0,0,0,3,4,0,2,3,3.0,N,,,,,,,,,,,
2022115019,2232.0,1,0,0,0,0,0,0,0,0,1,0,,67,12,2022,2,40.0049,-75.1522,2230.0,6,0,0,0,0,0,0,0,0,,0,0,0.0,22,3,0,0,Y,0,40 00:17.797,,0,75 09:07.888,9,0,0,0,67301,0,0,0,N,0,0,0,2,67505,0,,1,1,,N,N,N,0,,0,0,1,3,2,,2227,0,2,0,0,0,0,1,3,4,0,2,3,3.0,N,,,,,,,,,,,
2022114335,215.0,0,0,0,1,0,0,0,0,0,4,0,,67,12,2022,7,39.9428,-75.1505,213.0,6,0,0,0,0,0,0,0,0,,0,0,0.0,2,3,1,1,,0,39 56:34.182,,0,75 09:01.974,8,0,0,0,67301,1,0,0,N,0,0,0,4,67301,0,,1,1,,N,N,N,0,,0,0,1,3,2,,213,1,2,0,0,0,1,0,3,4,0,1,3,,N,,,,,,,,,,,
2022124071,2029.0,1,0,0,0,0,0,0,0,0,4,0,,67,12,2022,3,40.0197,-75.1094,2029.0,6,0,0,0,0,0,0,0,0,,0,0,0.0,19,3,1,2,,0,40 01:10.800,,0,75 06:33.900,8,0,0,0,67301,0,0,0,N,0,0,0,2,67301,0,,1,1,,N,N,N,0,,0,0,1,0,0,,1955,1,2,0,0,0,1,0,3,4,0,2,3,3.0,N,,,,,,,,,,,
2022116352,1420.0,1,0,0,0,0,0,0,0,0,4,0,,67,12,2022,3,39.9329,-75.1776,1420.0,6,0,0,0,0,0,1,0,0,,0,0,0.0,12,1,1,1,,0,39 55:58.569,,0,75 10:39.518,4,0,0,0,67301,0,0,0,N,0,0,0,2,67301,1,,1,9,,N,N,N,0,,0,0,1,3,3,,1200,1,2,0,0,0,0,1,3,4,0,2,7,4.0,N,,,,,,,,,,,
2022116681,1131.0,0,0,0,0,0,0,0,0,0,4,0,,67,12,2022,4,40.0116,-75.1821,1130.0,6,0,0,0,0,0,0,0,0,,0,0,0.0,17,3,1,2,,1,40 00:41.826,1.0,0,75 10:55.530,8,0,0,0,67301,0,0,0,N,0,0,0,2,67301,0,,1,99,1835.0,N,N,N,0,,0,0,1,3,2,Y,1735,1,2,0,0,0,1,1,3,4,1,2,3,,N,,,,,,,,,,,
2022122918,1744.0,0,0,0,0,0,0,0,0,0,5,0,,67,12,2022,5,40.0825,-74.9867,1741.0,6,0,0,0,0,0,1,0,0,,0,0,0.0,17,3,0,0,N,0,40 04:57.000,,0,74 59:12.000,9,0,0,0,67301,0,0,0,N,0,0,0,1,67301,0,,6,9,,N,N,Y,0,,0,0,2,0,0,,1710,0,2,0,0,0,0,1,3,4,0,2,7,7.0,N,,,,,,,,,,,
2022117757,125.0,1,0,0,0,0,0,0,0,0,8,0,,67,12,2022,3,39.9671,-75.1621,16.0,6,0,0,0,0,0,0,0,0,,0,0,0.0,0,3,1,1,,0,39 58:01.541,,0,75 09:43.686,8,0,0,0,67301,1,0,0,N,1,0,0,2,67301,0,,1,1,,N,N,Y,0,,0,0,0,3,2,,15,1,2,0,0,1,1,0,3,4,0,1,3,3.0,N,,,,,,,,,,,
2022124056,2002.0,3,0,0,0,0,0,0,0,0,4,0,,67,12,2022,4,39.9315,-75.1799,2002.0,6,0,0,0,0,0,0,0,0,,0,0,0.0,20,3,0,1,,0,39 55:53.509,,0,75 10:47.663,0,0,0,0,67301,0,0,0,N,0,0,0,2,67301,0,,1,1,,N,N,N,0,,0,0,2,0,0,,2001,0,6,0,0,1,0,0,3,4,1,6,3,3.0,N,,,,,,,,,,,
2022118160,1915.0,2,0,0,0,0,0,0,0,0,5,0,,67,12,2022,3,39.9172,-75.1737,1915.0,6,0,0,0,0,0,1,0,0,,0,0,0.0,19,3,0,0,N,0,39 55:01.900,,0,75 10:25.300,0,0,0,0,67301,0,0,0,N,0,0,0,1,67301,0,,6,9,,N,N,N,0,,0,0,1,0,0,,1900,0,3,0,0,0,0,0,3,4,0,3,7,,N,,,,,,,,,,,
2022116812,2330.0,0,0,0,0,0,0,0,0,0,8,0,,67,12,2022,3,40.0169,-75.1495,2330.0,6,0,0,0,0,0,0,0,0,,0,0,0.0,22,3,1,1,,0,40 01:00.719,,0,75 08:58.111,8,0,0,0,67301,1,0,0,N,1,0,0,2,67301,0,,1,99,,N,N,N,0,,0,0,0,3,2,,2229,1,2,0,0,0,1,1,3,4,0,1,99,,N,,,,,,,,,,,
2022121807,921.0,3,0,0,0,0,0,0,0,0,5,0,,67,12,2022,2,40.0097,-75.187,904.0,6,0,0,0,0,0,2,0,0,,0,0,0.0,7,1,0,0,N,0,40 00:34.806,,0,75 11:13.314,0,0,0,0,67301,0,0,0,N,0,0,0,5,67301,0,,1,1,,N,N,N,0,,0,0,0,0,0,,749,0,4,0,0,0,0,0,3,4,1,4,3,,N,,,,,,,,,,,
2022115942,355.0,1,0,0,0,0,0,0,0,0,8,0,,67,12,2022,4,39.992,-75.0957,340.0,6,0,0,0,0,0,0,0,0,,0,0,0.0,3,3,1,1,,0,39 59:31.058,,0,75 05:44.655,3,0,0,0,67301,1,0,0,N,1,0,0,2,67301,0,,1,9,,N,N,N,0,,1,0,0,3,3,,330,1,2,0,0,0,0,1,3,4,0,1,7,,N,,,,,,,,,,,
2022114338,1849.0,0,0,0,0,0,0,0,0,0,6,0,,67,12,2022,6,40.0291,-75.2045,1845.0,6,0,0,0,0,0,1,0,0,,0,0,0.0,18,3,0,0,N,2,40 01:44.779,4.0,0,75 12:16.200,0,0,0,0,67301,0,0,0,N,0,0,0,2,67301,0,,1,1,1948.0,N,N,N,0,,0,0,2,0,0,N,1842,0,2,0,0,2,0,0,3,4,0,2,3,3.0,N,,,,,,,,,,,
2022119274,330.0,1,0,0,0,0,0,0,0,0,7,0,,67,12,2022,1,40.0098,-75.0894,324.0,6,0,0,0,0,0,1,0,0,,0,0,0.0,3,3,1,0,N,2,40 00:35.294,5.0,1,75 05:21.919,2,0,0,0,67301,0,0,0,N,0,0,0,1,67301,0,,4,1,511.0,N,N,N,1,,0,1,0,0,0,Y,318,1,2,0,1,1,0,0,3,4,0,2,3,3.0,N,,,,,,,,,,,
2022121352,1030.0,0,0,0,0,0,0,0,0,0,4,0,,67,12,2022,2,40.0419,-75.0334,1017.0,6,0,0,0,0,0,1,0,0,,0,0,0.0,10,1,2,1,,0,40 02:30.785,,0,75 02:00.402,3,0,0,0,67301,0,0,0,N,0,0,0,3,67301,0,,1,1,,N,N,N,2,,2,0,1,3,3,,1007,2,3,0,0,0,0,0,3,4,0,3,3,3.0,N,,,,,,,,,,,
2022118313,340.0,2,0,0,0,0,0,0,0,0,4,0,,67,12,2022,2,40.0132,-75.0704,334.0,6,0,0,0,0,0,0,0,0,,0,0,0.0,3,3,2,1,,1,40 00:47.439,3.0,0,75 04:13.514,4,0,0,0,67301,0,0,0,N,0,0,0,2,67301,2,,1,1,400.0,N,N,N,0,,0,0,0,3,2,N,333,2,2,0,0,2,0,0,3,4,0,2,3,,N,,,,,,,,,,,
2022115926,1015.0,1,0,0,0,0,0,0,0,0,8,0,,67,12,2022,7,39.9499,-75.1623,1005.0,6,0,0,0,0,0,0,0,0,,0,0,0.0,9,1,1,0,N,0,39 56:59.530,,0,75 09:44.330,3,0,0,0,67301,1,0,0,N,1,0,0,2,67301,0,,1,9,,N,N,N,0,,1,0,0,0,0,,948,1,2,0,0,1,0,0,3,4,0,1,7,,N,,,,,,,,,,,
2022125114,1205.0,1,0,0,0,0,0,0,0,0,7,0,,67,12,2022,6,40.0278,-75.1842,1200.0,6,0,0,0,0,0,0,0,0,,0,0,0.0,12,1,0,2,,0,40 01:40.218,,0,75 11:03.244,0,0,0,0,67301,0,0,0,N,0,0,0,1,67301,0,,4,1,,N,N,N,0,,0,0,0,0,0,,1200,0,1,0,0,0,0,0,3,4,0,1,3,3.0,N,,,,,,,,,,,
2022123261,1830.0,1,0,0,0,0,0,0,0,0,7,0,,67,12,2022,7,39.9365,-75.2192,1824.0,6,0,0,0,1,0,0,0,0,,0,0,0.0,18,3,0,0,N,0,39 56:11.480,,0,75 13:08.960,0,0,0,0,67301,0,0,0,N,0,0,0,2,67301,0,,5,1,,N,N,N,0,,0,0,0,0,0,,1820,0,1,0,0,0,0,0,3,4,0,1,3,,N,,,,,,,,,,,
2022125115,1306.0,1,0,0,0,0,0,0,0,0,4,0,,67,12,2022,6,40.002,-75.1561,1259.0,6,0,0,0,0,0,1,0,0,,0,0,0.0,12,1,1,1,,0,40 00:07.234,,0,75 09:22.054,8,0,0,0,67301,0,0,0,N,0,0,0,2,67301,0,,1,1,,N,N,N,0,,0,0,1,3,2,,1259,1,2,0,0,2,1,0,3,4,0,2,3,3.0,N,,,,,,,,,,,
2022123937,2144.0,1,0,0,0,0,0,0,0,0,7,0,,67,12,2022,1,40.0107,-75.1845,2142.0,6,0,0,0,0,0,0,0,0,,0,0,0.0,21,3,2,0,N,0,40 00:38.353,,0,75 11:04.169,3,0,0,0,67301,0,0,0,N,0,0,0,2,67301,0,,3,2,,N,N,N,0,,2,0,0,0,0,,2140,2,1,0,0,0,0,0,3,4,0,1,3,,N,,,,,,,,,,,
2022125098,2352.0,1,0,0,0,0,0,0,0,0,5,0,,67,12,2022,5,40.0324,-75.1782,2352.0,6,0,0,0,0,0,0,0,0,,0,0,0.0,22,3,0,0,N,0,40 01:56.680,,0,75 10:41.630,9,0,0,0,67301,0,0,0,N,0,0,0,1,67301,0,,6,1,,N,N,N,0,,0,0,1,0,0,,2243,0,2,0,0,0,0,1,3,4,0,2,3,,N,,,,,,,,,,,
2022115630,1457.0,1,0,0,0,0,0,0,0,0,4,0,,67,12,2022,3,40.1111,-75.0243,1450.0,6,1,0,0,0,0,0,0,1,,0,0,0.0,14,1,2,1,,0,40 06:40.311,,0,75 01:27.652,8,0,0,0,67301,0,0,0,N,0,0,0,2,67301,0,,1,9,,N,N,Y,0,,0,0,0,3,2,,1450,2,2,0,0,0,2,0,3,4,1,2,7,,N,,,,,,,,,,,
2022116657,949.0,3,0,0,0,0,0,0,0,0,4,0,,67,12,2022,5,40.018,-75.0572,943.0,6,0,0,0,0,0,0,0,0,,0,0,0.0,9,1,1,1,,0,40 01:04.864,,0,75 03:25.981,3,0,0,0,67301,0,0,0,N,0,0,0,2,67301,0,,1,1,,N,N,N,0,,1,0,0,3,3,,941,1,3,0,0,1,0,0,3,4,0,3,4,,N,,,,,,,,,,,
2022116678,1850.0,1,0,0,0,0,0,0,0,0,8,0,,67,12,2022,3,40.0317,-75.1789,1845.0,6,0,0,0,0,0,1,0,0,,0,0,0.0,18,3,1,1,,0,40 01:54.253,,0,75 10:43.938,2,0,0,0,67301,1,0,1,N,1,0,1,2,67301,0,,1,9,,N,N,N,0,,0,1,0,3,2,,1840,1,2,0,0,0,0,0,3,4,0,1,7,,N,,,,,,,,,,,
2022114340,1748.0,1,0,0,0,0,0,0,0,0,1,0,,67,12,2022,7,40.0823,-74.9666,1735.0,6,0,0,0,0,0,1,0,0,,0,0,0.0,17,3,2,0,N,0,40 04:56.281,,1,74 57:59.858,8,0,0,0,67301,0,0,0,N,0,0,0,4,67301,0,,1,9,,N,N,N,1,,0,0,1,0,0,,1731,2,3,0,0,0,2,0,3,4,0,3,7,7.0,N,,,,,,,,,,,
2022116652,1552.0,3,0,0,0,0,0,0,0,0,1,0,,67,12,2022,5,39.8983,-75.254,1549.0,6,0,1,0,0,0,0,0,0,,0,0,0.0,15,1,1,0,Y,1,39 53:53.908,2.0,0,75 15:14.495,4,0,0,0,67301,0,0,0,N,0,0,0,5,67301,1,,1,1,1620.0,N,N,N,0,,0,0,0,3,2,N,1547,1,3,0,0,0,0,0,3,4,0,3,3,3.0,N,,,,,,,,,,,
2022117753,1555.0,0,0,0,0,0,0,0,0,0,7,0,,67,12,2022,5,40.0884,-75.044,1551.0,6,0,0,0,0,0,0,0,0,,0,0,0.0,15,1,1,1,,0,40 05:18.426,,0,75 02:38.540,4,0,0,0,67301,0,0,0,N,0,0,0,1,67301,1,,4,1,,N,N,N,0,,0,0,0,0,0,,1521,1,1,0,0,0,0,0,3,4,1,1,3,3.0,N,,,,,,,,,,,
2022116683,1650.0,0,0,0,0,0,0,0,0,0,8,0,,67,12,2022,5,39.8769,-75.2471,1645.0,6,0,0,0,0,0,0,0,0,,0,0,0.0,16,3,1,0,N,0,39 52:36.700,,1,75 14:49.500,8,0,0,0,67301,1,0,0,N,1,0,0,2,67301,0,,6,1,,N,N,N,0,,0,0,1,0,0,,1645,1,2,0,0,1,1,0,3,4,0,1,3,3.0,N,,,,,,,,,,,
2022121519,2115.0,0,0,0,0,0,0,0,0,0,4,0,,67,12,2022,2,39.9819,-75.239,2104.0,6,0,0,0,0,0,0,0,0,,0,0,0.0,20,3,1,1,,0,39 58:55.028,,0,75 14:20.537,4,0,0,0,67301,0,0,0,N,0,0,0,2,67301,1,,1,1,,N,N,N,0,,0,0,1,3,2,,2010,1,2,0,0,0,0,0,3,4,0,2,3,,N,,,,,,,,,,,