CRN,ARRIVAL_TM,AUTOMOBILE_COUNT,BELTED_DEATH_COUNT,BELTED_SUSP_SERIOUS_INJ_COUNT,BICYCLE_COUNT,BICYCLE_DEATH_COUNT,BICYCLE_SUSP_SERIOUS_INJ_COUNT,BUS_COUNT,CHLDPAS_DEATH_COUNT,CHLDPAS_SUSP_SERIOUS_INJ_COUNT,COLLISION_TYPE,COMM_VEH_COUNT,CONS_ZONE_SPD_LIM,COUNTY,CRASH_MONTH,CRASH_YEAR,DAY_OF_WEEK,DEC_LAT,DEC_LONG,DISPATCH_TM,DISTRICT,DRIVER_COUNT_16YR,DRIVER_COUNT_17YR,DRIVER_COUNT_18YR,DRIVER_COUNT_19YR,DRIVER_COUNT_20YR,DRIVER_COUNT_50_64YR,DRIVER_COUNT_65_74YR,DRIVER_COUNT_75PLUS,EST_HRS_CLOSED,FATAL_COUNT,HEAVY_TRUCK_COUNT,HORSE_BUGGY_COUNT,HOUR_OF_DAY,ILLUMINATION,INJURY_COUNT,INTERSECT_TYPE,INTERSECTION_RELATED,LANE_CLOSED,LATITUDE,LN_CLOSE_DIR,LOCATION_TYPE,LONGITUDE,MAX_SEVERITY_LEVEL,MCYCLE_DEATH_COUNT,MCYCLE_SUSP_SERIOUS_INJ_COUNT,MOTORCYCLE_COUNT,MUNICIPALITY,NONMOTR_COUNT,NONMOTR_DEATH_COUNT,NONMOTR_SUSP_SERIOUS_INJ_COUNT,NTFY_HIWY_MAINT,PED_COUNT,PED_DEATH_COUNT,PED_SUSP_SERIOUS_INJ_COUNT,PERSON_COUNT,POLICE_AGCY,POSSIBLE_INJ_COUNT,RDWY_SURF_TYPE_CD,RELATION_TO_ROAD,ROAD_CONDITION,ROADWAY_CLEARED,SCH_BUS_IND,SCH_ZONE_IND,SECONDARY_CRASH,SMALL_TRUCK_COUNT,SPEC_JURIS_CD,SUSP_MINOR_INJ_COUNT,SUSP_SERIOUS_INJ_COUNT,SUV_COUNT,TCD_FUNC_CD,TCD_TYPE,TFC_DETOUR_IND,TIME_OF_DAY,TOT_INJ_COUNT,TOTAL_UNITS,UNB_DEATH_COUNT,UNB_SUSP_SERIOUS_INJ_COUNT,UNBELTED_OCC_COUNT,UNK_INJ_DEG_COUNT,UNK_INJ_PER_COUNT,URBAN_AREA,URBAN_RURAL,VAN_COUNT,VEHICLE_COUNT,WEATHER1,WEATHER2,WORK_ZONE_IND,WORK_ZONE_LOC,WORK_ZONE_TYPE,WORKERS_PRES,WZ_CLOSE_DETOUR,WZ_FLAGGER,WZ_LAW_OFFCR_IND,WZ_LN_CLOSURE,WZ_MOVING,WZ_OTHER,WZ_SHLDER_MDN,WZ_WORKERS_INJ_KILLED
2022117426,2058.0,2,0,0,0,0,0,0,0,0,4,0,,67,12,2022,6,40.0169,-75.1495,2053.0,6,0,0,0,0,0,0,0,0,,0,0,0.0,20,3,2,1,,0,40 01:00.678,,0,75 08:58.505,3,0,0,0,67301,0,0,0,N,0,0,0,3,67301,0,,1,1,,N,N,N,0,,2,0,0,3,2,,2046,2,2,0,0,1,0,0,3,4,0,2,3,3.0,N,,,,,,,,,,,
2022117263,831.0,0,0,0,0,0,0,0,0,0,1,0,,67,12,2022,3,39.9753,-75.2069,818.0,6,0,0,0,0,0,0,1,0,,0,0,0.0,7,1,1,1,,1,39 58:31.255,5.0,0,75 12:24.768,8,0,0,0,67301,0,0,0,N,0,0,0,3,67301,0,,1,9,1000.0,N,N,N,0,,0,0,4,3,2,Y,725,1,4,0,0,1,1,1,3,4,0,4,7,7.0,N,,,,,,,,,,,
2022116351,1220.0,1,0,0,0,0,0,0,0,0,7,0,,67,12,2022,4,40.018,-75.0643,1220.0,6,0,0,0,0,0,0,0,0,,0,0,0.0,11,1,0,0,N,1,40 01:04.948,1.0,0,75 03:51.551,9,0,0,0,67301,0,0,0,N,0,0,0,3,67301,0,,3,9,1330.0,N,N,N,0,,0,0,0,0,0,N,1159,0,3,0,0,0,0,1,3,4,2,3,4,7.0,N,,,,,,,,,,,
2022118954,1147.0,1,0,0,0,0,0,0,0,0,1,0,,67,12,2022,3,40.0402,-75.0063,1130.0,6,0,0,0,0,0,0,0,0,,0,0,0.0,11,1,2,0,N,1,40 02:24.616,2.0,0,75 00:22.610,3,0,0,0,67301,0,0,0,N,0,0,0,2,68K01,0,,1,9,1230.0,N,N,N,0,,1,0,0,0,0,N,1130,2,2,0,0,0,1,0,3,4,1,2,7,,N,,,,,,,,,,,
2022116651,130.0,1,0,0,0,0,0,0,0,0,4,0,,67,12,2022,5,39.9546,-75.173,129.0,6,0,0,0,0,0,1,0,0,,0,0,0.0,1,3,1,1,,1,39 57:16.499,6.0,0,75 10:22.738,3,0,0,0,67301,0,0,0,N,0,0,0,2,67301,0,,1,1,225.0,N,N,N,0,,1,0,1,3,2,Y,125,1,2,0,0,0,0,0,3,4,0,2,3,3.0,N,,,,,,,,,,,
2022122779,1500.0,1,0,0,0,0,0,0,0,0,2,0,,67,12,2022,3,40.009,-75.0827,1500.0,6,0,0,0,0,0,0,0,0,,0,0,0.0,15,8,1,0,N,0,40 00:32.225,,0,75 04:57.772,4,0,0,0,67301,0,0,0,N,0,0,0,2,67301,1,,1,99,,N,N,N,0,,0,0,1,0,0,,1550,1,2,0,0,1,0,0,3,4,0,2,99,,N,,,,,,,,,,,
2022116942,1840.0,0,0,0,0,0,0,0,0,0,4,0,,67,12,2022,6,40.1141,-74.9877,1834.0,6,0,0,0,0,0,0,0,0,,0,0,0.0,17,3,1,1,,0,40 06:50.926,,0,74 59:15.880,4,0,0,0,67301,0,0,0,N,0,0,0,2,67301,1,,1,1,,N,N,N,0,,0,0,2,3,2,,1752,1,2,0,0,0,0,0,3,4,0,2,3,3.0,N,,,,,,,,,,,
2022124828,1608.0,2,0,0,0,0,0,0,0,0,5,0,,67,12,2022,5,40.0746,-75.0005,1604.0,6,0,0,0,0,0,0,0,0,,0,0,0.0,15,1,1,0,N,0,40 04:28.580,,0,75 00:01.930,3,0,0,0,67301,0,0,0,N,0,0,0,1,67301,0,,6,1,,N,N,N,0,,1,0,1,0,0,,1505,1,3,0,0,0,0,0,3,4,0,3,3,,N,,,,,,,,,,,
2022124994,1652.0,0,0,0,0,0,0,0,0,0,4,0,,67,12,2022,5,40.0711,-75.0379,1642.0,6,0,0,0,0,0,1,0,0,,0,0,0.0,16,4,1,1,,0,40 04:15.873,,0,75 02:16.618,3,0,0,0,67301,0,0,0,N,0,0,0,2,67301,0,,1,1,,N,N,N,0,,1,0,1,3,2,,1640,1,2,0,0,0,0,0,3,4,1,2,3,3.0,N,,,,,,,,,,,
2022122655,1325.0,2,0,0,0,0,0,0,0,0,4,0,,67,12,2022,4,40.0548,-75.1572,1325.0,6,0,0,0,0,0,0,0,0,,0,0,0.0,13,1,2,0,Y,0,40 03:17.398,,0,75 09:25.787,3,0,0,0,67301,0,0,0,N,0,0,0,4,67301,0,,1,1,,N,N,N,0,,2,0,0,3,2,,1320,2,2,0,0,0,0,1,3,4,0,2,3,3.0,N,,,,,,,,,,,
2022124486,700.0,1,0,0,0,0,0,0,0,0,4,0,,67,12,2022,4,40.0564,-75.0128,650.0,6,0,0,0,0,0,0,0,0,,0,0,0.0,6,5,0,1,,0,40 03:23.098,,0,75 00:46.082,0,0,0,0,67301,0,0,0,N,0,0,0,2,67301,0,,1,1,,N,N,N,0,,0,0,1,3,2,,640,0,2,0,0,0,0,0,3,4,0,2,3,3.0,N,,,,,,,,,,,
2022125226,1345.0,1,0,0,0,0,0,0,0,0,4,0,,67,12,2022,6,40.0153,-75.0923,1332.0,6,0,2,0,0,0,0,0,0,,0,0,0.0,13,1,2,5,,0,40 00:55.065,,0,75 05:32.197,3,0,0,0,67301,0,0,0,N,0,0,0,2,67301,0,,1,1,,N,N,N,0,,2,0,2,3,3,,1330,2,3,0,0,2,0,0,3,4,0,3,3,3.0,N,,,,,,,,,,,
2022121676,1647.0,2,0,0,0,0,0,0,0,0,1,0,,67,12,2022,1,39.9585,-75.1668,1642.0,6,0,0,0,0,0,1,0,0,,0,0,0.0,16,1,1,0,N,0,39 57:30.602,,0,75 10:00.417,8,0,0,0,67301,0,0,0,N,0,0,0,3,68K01,0,,1,1,,N,N,N,0,,0,0,0,0,0,,1640,1,2,0,0,0,1,0,3,4,0,2,3,3.0,N,,,,,,,,,,,
2022116796,1738.0,0,0,0,0,0,0,0,0,0,4,0,,67,12,2022,5,40.0613,-75.2362,1736.0,6,0,0,0,0,0,0,0,0,,0,0,0.0,17,3,0,1,,0,40 03:40.046,,0,75 14:10.503,0,0,0,0,67301,0,0,0,N,0,0,0,2,67301,0,,1,1,,N,N,N,1,,0,0,1,3,2,,1735,0,2,0,0,0,0,0,3,4,0,2,3,3.0,N,,,,,,,,,,,
2022124332,835.0,0,0,0,0,0,0,0,0,0,4,0,,67,12,2022,6,39.9907,-75.1657,833.0,6,0,0,0,0,0,0,0,0,,0,0,0.0,8,1,0,2,,0,39 59:26.451,,0,75 09:56.656,9,0,0,0,67301,0,0,0,N,0,0,0,2,67301,0,,1,1,,N,N,N,0,,0,0,2,3,3,,830,0,2,0,0,0,0,1,3,4,0,2,3,3.0,N,,,,,,,,,,,
2022119025,8.0,2,0,0,0,0,0,0,0,0,4,0,,67,12,2022,3,40.013,-75.1194,2359.0,6,0,0,0,0,0,0,0,0,,0,0,0.0,21,3,2,1,,0,40 00:46.715,,0,75 07:09.796,3,0,0,0,67301,0,0,0,N,0,0,0,3,67301,0,,1,9,,N,N,N,0,,2,0,0,3,2,,2110,2,2,0,0,2,0,0,3,4,0,2,7,7.0,N,,,,,,,,,,,
2022114518,313.0,1,0,0,0,0,0,0,0,0,7,0,,67,12,2022,7,40.0443,-75.1932,311.0,6,0,0,0,0,0,0,0,0,,0,0,0.0,3,3,1,0,N,2,40 02:39.416,1.0,0,75 11:35.617,2,0,0,0,67301,0,0,0,N,0,0,0,1,67301,0,,5,1,420.0,N,N,N,0,,0,1,0,0,0,N,310,1,1,0,1,1,0,0,3,4,0,1,4,98.0,N,,,,,,,,,,,
2022122941,957.0,1,0,0,0,0,0,0,0,0,4,0,,67,12,2022,3,40.0217,-75.1127,956.0,6,0,0,0,0,0,0,0,0,,0,0,0.0,8,1,0,1,,0,40 01:18.382,,0,75 06:45.719,9,0,0,0,67301,0,0,0,N,0,0,0,2,67301,0,,1,1,,N,N,N,1,,0,0,0,3,2,,815,0,2,0,0,1,0,1,3,4,0,2,3,,N,,,,,,,,,,,
2022116337,2146.0,1,0,0,0,0,0,0,0,0,5,0,,67,12,2022,1,40.0431,-75.096,2145.0,6,0,0,0,0,0,0,0,0,,0,0,0.0,21,3,0,0,N,0,40 02:35.020,,0,75 05:45.760,0,0,0,0,67301,0,0,0,N,0,0,0,2,67301,0,,1,1,,N,N,N,0,,0,0,1,0,0,,2140,0,2,0,0,0,0,0,3,4,0,2,3,3.0,N,,,,,,,,,,,
2022121949,2100.0,1,0,0,0,0,0,0,0,0,4,0,,67,12,2022,6,39.9594,-75.2453,2055.0,6,0,1,0,0,0,1,0,0,,0,0,0.0,20,3,0,1,,0,39 57:33.904,,0,75 14:43.275,9,0,0,0,67301,0,0,0,N,0,0,0,2,67301,0,,1,1,,N,N,Y,0,,0,0,0,3,2,,2043,0,2,0,0,0,0,2,3,4,1,2,3,3.0,N,,,,,,,,,,,
2022122926,2205.0,1,0,0,0,0,0,0,0,0,4,0,,67,12,2022,1,39.9491,-75.2129,2157.0,6,0,0,0,0,0,0,0,0,,0,0,0.0,21,3,0,1,,0,39 56:56.653,,0,75 12:46.547,9,0,0,0,67301,0,0,0,N,0,0,0,2,67301,0,,1,1,,N,N,N,0,,0,0,1,3,2,,2148,0,2,0,0,0,0,2,3,4,0,2,3,3.0,N,,,,,,,,,,,
2022116501,1400.0,1,0,0,0,0,0,0,0,0,4,0,,67,12,2022,6,39.9834,-75.1586,1359.0,6,0,0,0,0,0,0,0,0,,0,0,0.0,13,1,2,1,,0,39 59:00.364,,0,75 09:30.861,4,0,0,0,67301,0,0,0,Y,0,0,0,2,67505,2,,1,1,,N,N,N,0,,0,0,1,3,2,,1355,2,2,0,0,0,0,0,3,4,0,2,3,,N,,,,,,,,,,,
2022121343,900.0,0,0,0,0,0,0,0,0,0,4,0,,67,12,2022,2,39.9034,-75.2432,858.0,6,0,0,0,0,0,0,0,0,,0,0,0.0,8,1,2,1,,0,39 54:12.355,,0,75 14:35.390,8,0,0,0,67301,0,0,0,N,0,0,0,5,67301,0,,1,1,,N,N,N,1,,0,0,1,3,2,,850,2,2,0,0,0,2,3,3,4,0,2,3,,N,,,,,,,,,,,
2022120114,1926.0,1,0,0,0,0,0,0,0,0,8,0,,67,12,2022,3,39.9255,-75.1846,1921.0,6,0,0,0,0,0,0,0,0,,0,0,0.0,19,3,1,2,,0,39 55:31.674,,0,75 11:04.581,4,0,0,0,67301,1,0,0,N,1,0,0,2,67301,1,,1,9,,N,N,N,0,,0,0,0,0,0,,1920,1,2,0,0,1,0,0,3,4,0,1,7,4.0,N,,,,,,,,,,,
2022117890,1310.0,0,0,0,0,0,0,0,0,0,8,0,,67,12,2022,5,39.9872,-75.1026,1257.0,6,0,0,0,0,0,0,0,1,,0,0,0.0,12,1,1,0,N,0,39 59:13.890,,0,75 06:09.470,8,0,0,0,67301,1,0,0,N,1,0,0,2,67301,0,,6,1,,N,N,N,0,,0,0,1,0,0,,1230,1,2,0,0,0,1,0,3,4,0,1,4,,N,,,,,,,,,,,
2022121791,1805.0,1,0,0,0,0,0,0,0,0,4,0,,67,12,2022,3,39.9233,-75.1612,1750.0,6,0,0,0,0,0,1,0,1,,0,0,0.0,17,3,0,1,,0,39 55:23.877,,0,75 09:40.743,0,0,0,0,67301,0,0,0,N,0,0,0,3,67301,0,,1,1,,N,N,N,1,,0,0,0,3,2,,1720,0,2,0,0,2,0,0,3,4,0,2,3,3.0,N,,,,,,,,,,,
2022124325,2324.0,2,0,0,0,0,0,0,0,0,4,0,,67,12,2022,2,39.9578,-75.1472,2331.0,6,0,0,0,0,0,0,0,0,,0,0,0.0,23,3,2,1,,0,39 57:28.162,,0,75 08:50.070,8,0,0,0,67301,0,0,0,N,0,0,0,3,67301,0,,1,1,,N,N,N,0,,0,0,0,3,2,,2300,2,2,0,0,1,2,1,3,4,0,2,3,,N,,,,,,,,,,,
2022122414,1046.0,1,0,0,0,0,0,0,0,0,4,0,,67,12,2022,5,40.0047,-75.1769,1045.0,6,0,0,0,0,0,0,0,0,,0,0,0.0,10,1,1,1,,0,40 00:16.889,,0,75 10:36.864,3,0,0,0,67301,0,0,0,N,0,0,0,2,67301,0,,1,9,,N,N,N,0,,1,0,0,3,2,,1043,1,2,0,0,0,0,0,3,4,1,2,7,7.0,N,,,,,,,,,,,
2022125064,1244.0,1,0,0,0,0,0,0,0,0,7,0,,67,12,2022,6,39.9125,-75.1739,1244.0,6,0,0,0,0,0,0,0,0,,0,0,0.0,12,1,0,7,,2,39 54:44.900,3.0,8,75 10:26.200,0,0,0,0,67301,0,0,0,N,0,0,0,2,67501,0,,7,1,1308.0,N,N,N,0,,0,0,0,0,0,Y,1234,0,1,0,0,0,0,0,3,4,0,1,3,,N,,,,,,,,,,,
2022123300,1130.0,0,0,0,0,0,0,0,0,0,8,0,,67,12,2022,2,39.9778,-75.151,1130.0,6,0,0,0,0,0,0,0,0,,0,0,0.0,11,1,1,1,,0,39 58:40.032,,0,75 09:03.628,8,0,0,0,67301,1,0,0,N,1,0,0,2,67505,0,,1,1,,N,N,N,0,,0,0,1,3,2,,1130,1,2,0,0,0,1,0,3,4,0,1,3,3.0,N,,,,,,,,,,,
2022124344,123.0,0,0,0,0,0,0,0,0,0,7,0,,67,12,2022,2,39.9125,-75.174,120.0,6,0,0,0,0,0,0,0,0,,0,0,0.0,1,3,1,7,,0,39 54:44.900,,8,75 10:26.400,4,0,0,0,67301,0,0,0,N,0,0,0,1,67501,1,,7,1,,N,N,N,0,,0,0,1,0,0,,120,1,1,0,0,0,0,0,3,4,0,1,3,3.0,N,,,,,,,,,,,
2022123655,1330.0,1,0,0,0,0,0,0,0,0,4,0,,67,12,2022,7,40.0372,-75.053,1324.0,6,0,0,0,1,0,1,0,0,,0,0,0.0,13,1,2,1,,1,40 02:13.930,3.0,0,75 03:10.828,3,0,0,0,67301,0,0,0,N,0,0,0,4,67301,0,,1,1,20.0,N,N,N,0,,2,0,0,3,2,Y,1302,2,2,0,0,0,0,0,3,4,1,2,3,3.0,N,,,,,,,,,,,
2022122652,1910.0,1,0,0,0,0,0,0,0,0,7,0,,67,12,2022,5,39.915,-75.1717,1907.0,6,0,0,0,0,0,0,1,0,,0,0,0.0,19,3,0,0,N,0,39 54:54.122,,0,75 10:17.963,0,0,0,0,67301,0,0,0,N,0,0,0,1,67301,0,,3,9,,N,N,N,0,,0,0,2,0,0,,1905,0,3,0,0,0,0,0,3,4,0,3,7,,N,,,,,,,,,,,
2022123938,1732.0,0,0,0,0,0,0,0,0,0,8,0,,67,12,2022,2,40.0311,-75.1778,1732.0,6,0,0,0,0,0,0,0,0,,0,0,0.0,17,3,2,2,,0,40 01:51.977,,0,75 10:40.042,3,0,0,0,67301,2,0,0,N,2,0,0,3,67301,0,,1,1,,N,N,N,0,,2,0,1,3,2,,1728,2,3,0,0,0,0,1,3,4,0,1,3,3.0,N,,,,,,,,,,,
2022116682,1336.0,2,0,0,0,0,0,0,0,0,6,0,,67,12,2022,5,40.0228,-75.1977,1326.0,6,0,0,0,0,0,3,0,0,,0,0,0.0,13,1,1,0,N,2,40 01:21.990,1.0,0,75 11:51.550,3,0,0,0,67301,0,0,0,N,0,0,0,4,67301,0,,1,1,1430.0,N,N,N,0,,1,0,2,0,0,N,1324,1,4,0,0,3,0,0,3,4,0,4,4,4.0,N,,,,,,,,,,,
2022120904,1715.0,0,0,0,0,0,0,0,0,0,8,0,,67,12,2022,3,39.9631,-75.2467,1702.0,6,0,0,0,0,0,0,0,0,,0,0,0.0,15,1,1,0,N,0,39 57:47.011,,0,75 14:48.245,4,0,0,0,67301,1,0,0,N,1,0,0,2,67301,1,,1,9,,N,N,N,0,,0,0,1,0,0,,1500,1,2,0,0,0,0,1,3,4,0,1,7,4.0,N,,,,,,,,,,,
2022119179,1740.0,2,0,0,0,0,0,0,0,0,1,0,,67,12,2022,2,40.0376,-75.0126,1733.0,6,0,0,0,0,0,1,0,0,,0,0,0.0,17,3,2,0,N,1,40 02:15.243,2.0,0,75 00:45.340,3,0,0,0,67301,0,0,0,N,0,0,0,7,68K01,0,,1,1,1836.0,N,N,N,1,,2,0,1,0,0,N,1730,2,4,0,0,0,0,0,3,4,0,4,3,,N,,,,,,,,,,,
2022116801,1332.0,1,0,0,0,0,0,0,0,0,4,0,,67,12,2022,5,39.9583,-75.1673,1324.0,6,0,0,0,0,0,1,0,0,,0,0,0.0,13,1,1,1,,1,39 57:29.757,3.0,3,75 10:02.184,8,0,0,0,67301,0,0,0,N,0,0,0,2,67301,0,,1,1,1435.0,N,Y,N,0,,0,0,1,3,2,N,1324,1,2,0,0,0,1,0,3,4,0,2,4,,N,,,,,,,,,,,
2022116680,213.0,1,0,0,0,0,0,0,0,0,2,0,,67,12,2022,5,40.032,-75.193,213.0,6,0,0,0,0,0,0,0,0,,0,0,0.0,1,3,1,0,N,2,40 01:55.291,6.0,0,75 11:34.764,3,0,0,0,67301,0,0,0,N,0,0,0,1,67301,0,,6,9,230.0,N,N,N,0,,1,0,0,0,0,Y,147,1,2,0,0,0,0,0,3,4,0,2,7,4.0,N,,,,,,,,,,,
2022120916,332.0,2,0,0,0,0,0,0,0,0,4,0,,67,12,2022,2,40.0489,-75.1414,330.0,6,0,0,0,0,0,0,0,0,,0,0,0.0,3,3,1,1,,0,40 02:55.971,,0,75 08:28.928,3,0,0,0,67301,0,0,0,N,0,0,0,2,67301,0,,1,1,,N,N,N,0,,1,0,3,3,3,,325,1,5,0,0,1,0,0,3,4,0,5,3,,N,,,,,,,,,,,
2022121515,1240.0,1,0,0,0,0,0,0,0,0,4,0,,67,12,2022,5,39.9577,-75.1624,1230.0,6,0,0,0,0,0,0,0,0,,0,0,0.0,12,1,0,1,,0,39 57:27.649,,2,75 09:44.521,0,0,0,0,67301,0,0,0,N,0,0,0,3,67301,0,,1,1,,N,N,N,1,,0,0,0,3,2,,1220,0,2,0,0,0,0,0,3,4,0,2,3,,N,,,,,,,,,,,
2022116100,1142.0,1,0,0,0,0,0,0,0,0,4,0,,67,12,2022,5,40.0062,-75.1518,1140.0,6,0,0,0,0,0,1,0,0,,0,0,0.0,11,1,1,1,,0,40 00:22.276,,0,75 09:06.943,3,0,0,0,67301,0,0,0,N,0,0,0,2,67505,0,,1,1,,N,N,N,0,,1,0,1,3,2,,1140,1,2,0,0,1,0,0,3,4,0,2,3,3.0,N,,,,,,,,,,,
2022117270,1255.0,1,0,0,0,0,0,0,0,0,4,0,,67,12,2022,6,39.9897,-75.2508,1251.0,6,0,0,0,0,0,0,0,0,,0,0,0.0,12,8,0,2,,0,39 59:23.348,,0,75 15:03.040,0,0,0,0,67301,0,0,0,N,0,0,0,2,67301,0,,1,1,,N,N,N,0,,0,0,1,0,0,,1250,0,2,0,0,2,0,0,3,4,0,2,3,3.0,N,,,,,,,,,,,
2022114674,1558.0,1,0,0,0,0,0,0,0,0,4,0,,67,12,2022,1,39.9168,-75.238,1552.0,6,0,0,0,0,0,0,0,0,,0,0,0.0,13,1,1,2,,0,39 55:00.607,,0,75 14:16.631,3,0,0,0,67301,0,0,0,N,0,0,0,2,67301,0,,1,1,,N,N,N,0,,1,0,1,0,0,,1325,1,2,0,0,0,0,0,3,4,0,2,3,3.0,N,,,,,,,,,,,
2022115105,806.0,1,0,0,0,0,0,0,0,0,1,0,,67,12,2022,2,40.0167,-75.0734,806.0,6,0,0,0,0,0,0,0,0,,0,0,0.0,8,1,0,0,N,2,40 01:00.040,6.0,0,75 04:24.070,9,0,0,0,67301,0,0,0,N,0,0,0,2,67301,0,,1,1,1000.0,N,N,N,0,,0,0,1,0,0,Y,806,0,3,0,0,0,0,1,3,4,1,3,3,,N,,,,,,,,,,,
2022124493,138.0,0,0,0,0,0,0,0,0,0,5,0,,67,12,2022,7,40.0182,-75.0554,112.0,6,0,0,0,0,0,0,0,0,,0,0,0.0,0,3,0,0,N,2,40 01:05.540,7.0,0,75 03:19.510,0,0,0,0,67301,0,0,0,N,0,0,0,1,67301,0,,6,1,355.0,N,N,N,0,,0,0,2,0,0,N,59,0,3,0,0,1,0,0,3,4,1,3,3,3.0,N,,,,,,,,,,,
2022124064,2025.0,1,0,0,1,0,0,0,0,0,1,0,,67,12,2022,2,39.9623,-75.1613,2020.0,6,0,0,0,0,0,0,0,0,,0,0,0.0,20,3,1,1,,0,39 57:44.409,,0,75 09:40.847,4,0,0,0,67301,1,0,0,N,0,0,0,2,67301,1,,1,1,,N,N,N,0,,0,0,0,3,1,,2016,1,2,0,0,0,0,1,3,4,0,1,3,3.0,N,,,,,,,,,,,
2022124474,902.0,1,0,0,0,0,0,0,0,0,4,0,,67,12,2022,4,40.0561,-75.064,901.0,6,0,0,0,0,0,2,0,0,,0,0,0.0,9,1,2,1,,0,40 03:21.873,,0,75 03:50.497,3,0,0,0,67301,0,0,0,N,0,0,0,2,67301,1,,1,2,,N,N,N,0,,1,0,1,3,2,,900,2,2,0,0,0,0,0,3,4,0,2,3,,N,,,,,,,,,,,
2022124491,610.0,3,0,0,0,0,0,0,0,0,5,0,,67,12,2022,5,40.0203,-75.0571,602.0,6,0,0,0,0,0,0,0,0,,0,0,0.0,6,3,0,0,N,2,40 01:13.240,5.0,0,75 03:25.420,0,0,0,0,67301,0,0,0,N,0,0,0,1,67301,0,,6,1,738.0,N,N,N,0,,0,0,1,0,0,Y,600,0,4,0,0,0,0,0,3,4,0,4,3,,N,,,,,,,,,,,
2022123924,1115.0,1,0,0,0,0,0,0,0,0,4,0,,67,12,2022,1,40.0621,-75.0215,1107.0,6,0,0,0,0,0,0,0,0,,0,0,0.0,10,1,0,2,,0,40 03:43.597,,0,75 01:17.271,0,0,0,0,67301,0,0,0,N,0,0,0,2,67301,0,,1,1,,N,N,N,0,,0,0,0,3,3,,1052,0,2,0,0,0,0,0,3,4,1,2,3,3.0,N,,,,,,,,,,,
2022122781,1520.0,3,0,0,0,0,0,0,0,0,4,0,,67,12,2022,5,40.0313,-75.0662,1510.0,6,0,0,0,0,0,0,0,0,,0,0,0.0,15,1,1,1,,0,40 01:52.663,,0,75 03:58.341,3,0,0,0,67301,0,0,0,N,0,0,0,2,67301,0,,1,9,,N,N,N,2,,1,0,0,3,3,,1500,1,5,0,0,0,0,1,3,4,0,5,7,,N,,,,,,,,,,,
2022123136,233.0,1,0,0,0,0,0,0,0,0,4,0,,67,12,2022,7,40.0272,-75.1512,223.0,6,0,0,0,0,0,0,0,0,,0,0,0.0,2,3,0,1,,0,40 01:37.898,,0,75 09:04.471,9,0,0,0,67301,0,0,0,N,0,0,0,2,67301,0,,1,1,,N,N,N,0,,0,0,1,3,2,,220,0,2,0,0,1,0,1,3,4,0,2,3,3.0,N,,,,,,,,,,,
2022125108,1811.0,1,0,0,0,0,0,0,0,0,4,0,,67,12,2022,3,40.0395,-75.1298,1811.0,6,0,0,0,1,0,0,0,0,,0,0,0.0,18,3,2,1,,0,40 02:22.311,,0,75 07:47.377,3,0,0,0,67301,0,0,0,N,0,0,0,2,67301,0,,1,1,,N,N,N,0,,2,0,1,3,2,,1811,2,2,0,0,0,0,0,3,4,0,2,3,,N,,,,,,,,,,,
2022125228,115.0,1,0,0,0,0,0,0,0,0,1,0,,67,12,2022,7,40.0366,-75.1739,106.0,6,0,0,0,0,0,0,0,0,,0,0,0.0,1,3,0,0,N,0,40 02:11.740,,0,75 10:26.170,9,0,0,0,67301,2,0,0,N,0,0,0,3,67301,0,,6,1,,N,N,N,0,,0,0,2,0,0,,105,0,4,0,0,0,0,2,3,4,0,4,3,,N,,,,,,,,,,,
2022124826,2025.0,1,0,0,0,0,0,0,0,0,4,0,,67,12,2022,5,40.0553,-75.0734,2022.0,6,0,0,0,0,1,0,1,0,,0,0,0.0,20,3,1,1,,0,40 03:19.170,,0,75 04:24.060,4,0,0,0,67301,0,0,0,N,0,0,0,2,67301,1,,1,1,,N,N,N,0,,0,0,1,3,2,,2007,1,2,0,0,0,0,0,3,4,0,2,3,3.0,N,,,,,,,,,,,
2022116944,617.0,3,0,0,0,0,0,0,0,0,4,0,,67,12,2022,3,39.9395,-75.1972,615.0,6,0,0,0,0,0,0,0,0,,0,0,0.0,6,3,1,2,,0,39 56:22.066,,0,75 11:49.873,3,0,0,0,67301,0,0,0,N,0,0,0,2,67301,0,,1,1,,N,N,N,0,,1,0,0,3,3,,609,1,3,0,0,2,0,0,3,4,0,3,3,3.0,N,,,,,,,,,,,
2022121359,310.0,1,0,0,0,0,0,0,0,0,8,0,,67,12,2022,5,40.0211,-75.1399,254.0,6,0,0,0,0,0,0,0,0,,0,0,0.0,17,3,1,1,,0,40 01:16.051,,0,75 08:23.731,4,0,0,0,67301,1,0,0,N,1,0,0,2,67301,1,,1,1,,N,N,N,0,,0,0,0,3,2,,1730,1,2,0,0,0,0,1,3,4,0,1,3,3.0,N,,,,,,,,,,,