CRN,ARRIVAL_TM,AUTOMOBILE_COUNT,BELTED_DEATH_COUNT,BELTED_SUSP_SERIOUS_INJ_COUNT,BICYCLE_COUNT,BICYCLE_DEATH_COUNT,BICYCLE_SUSP_SERIOUS_INJ_COUNT,BUS_COUNT,CHLDPAS_DEATH_COUNT,CHLDPAS_SUSP_SERIOUS_INJ_COUNT,COLLISION_TYPE,COMM_VEH_COUNT,CONS_ZONE_SPD_LIM,COUNTY,CRASH_MONTH,CRASH_YEAR,DAY_OF_WEEK,DEC_LAT,DEC_LONG,DISPATCH_TM,DISTRICT,DRIVER_COUNT_16YR,DRIVER_COUNT_17YR,DRIVER_COUNT_18YR,DRIVER_COUNT_19YR,DRIVER_COUNT_20YR,DRIVER_COUNT_50_64YR,DRIVER_COUNT_65_74YR,DRIVER_COUNT_75PLUS,EST_HRS_CLOSED,FATAL_COUNT,HEAVY_TRUCK_COUNT,HORSE_BUGGY_COUNT,HOUR_OF_DAY,ILLUMINATION,INJURY_COUNT,INTERSECT_TYPE,INTERSECTION_RELATED,LANE_CLOSED,LATITUDE,LN_CLOSE_DIR,LOCATION_TYPE,LONGITUDE,MAX_SEVERITY_LEVEL,MCYCLE_DEATH_COUNT,MCYCLE_SUSP_SERIOUS_INJ_COUNT,MOTORCYCLE_COUNT,MUNICIPALITY,NONMOTR_COUNT,NONMOTR_DEATH_COUNT,NONMOTR_SUSP_SERIOUS_INJ_COUNT,NTFY_HIWY_MAINT,PED_COUNT,PED_DEATH_COUNT,PED_SUSP_SERIOUS_INJ_COUNT,PERSON_COUNT,POLICE_AGCY,POSSIBLE_INJ_COUNT,RDWY_SURF_TYPE_CD,RELATION_TO_ROAD,ROAD_CONDITION,ROADWAY_CLEARED,SCH_BUS_IND,SCH_ZONE_IND,SECONDARY_CRASH,SMALL_TRUCK_COUNT,SPEC_JURIS_CD,SUSP_MINOR_INJ_COUNT,SUSP_SERIOUS_INJ_COUNT,SUV_COUNT,TCD_FUNC_CD,TCD_TYPE,TFC_DETOUR_IND,TIME_OF_DAY,TOT_INJ_COUNT,TOTAL_UNITS,UNB_DEATH_COUNT,UNB_SUSP_SERIOUS_INJ_COUNT,UNBELTED_OCC_COUNT,UNK_INJ_DEG_COUNT,UNK_INJ_PER_COUNT,URBAN_AREA,URBAN_RURAL,VAN_COUNT,VEHICLE_COUNT,WEATHER1,WEATHER2,WORK_ZONE_IND,WORK_ZONE_LOC,WORK_ZONE_TYPE,WORKERS_PRES,WZ_CLOSE_DETOUR,WZ_FLAGGER,WZ_LAW_OFFCR_IND,WZ_LN_CLOSURE,WZ_MOVING,WZ_OTHER,WZ_SHLDER_MDN,WZ_WORKERS_INJ_KILLED
2022117047,1830.0,1,0,0,0,0,0,0,0,0,4,0,,67,12,2022,6,40.0857,-75.0371,1825.0,6,0,0,0,0,0,0,0,0,,0,0,0.0,18,3,0,0,N,0,40 05:08.491,,7,75 02:13.491,0,0,0,0,67301,0,0,0,N,0,0,0,2,67301,0,,1,1,,N,N,N,0,,0,0,1,0,0,,1820,0,2,0,0,2,0,0,3,4,0,2,3,3.0,N,,,,,,,,,,,
2022114166,1645.0,0,0,0,0,0,0,0,0,0,8,0,,67,12,2022,7,39.9863,-75.1561,1643.0,6,0,0,1,0,0,0,0,0,,0,0,0.0,16,4,1,1,,0,39 59:10.645,,0,75 09:22.609,3,0,0,0,67301,1,0,0,N,1,0,0,2,67505,0,,1,9,,N,N,N,0,,1,0,1,3,2,,1640,1,2,0,0,0,0,0,3,4,0,1,4,7.0,N,,,,,,,,,,,
2022124497,2138.0,1,0,0,0,0,0,0,0,0,1,0,,67,12,2022,3,40.0554,-75.0478,2137.0,6,0,0,0,0,0,0,0,1,,0,0,0.0,21,3,1,0,Y,1,40 03:19.335,1.0,0,75 02:51.954,3,0,0,0,67301,0,0,0,N,0,0,0,2,67301,0,,1,1,2200.0,N,N,N,0,,1,0,0,3,2,N,2118,1,2,0,0,0,0,0,3,4,1,2,3,,N,,,,,,,,,,,
2022122649,5.0,1,0,0,0,0,0,0,0,0,4,0,,67,12,2022,5,40.0407,-75.0762,5.0,6,0,0,0,0,0,0,0,0,,0,0,0.0,23,3,0,1,,0,40 02:26.393,,0,75 04:34.260,0,0,0,0,67301,0,0,0,N,0,0,0,2,67301,0,,1,9,,N,N,N,0,,0,0,1,3,2,,2357,0,2,0,0,0,0,0,3,4,0,2,7,,N,,,,,,,,,,,
2022125229,1551.0,0,0,0,0,0,0,0,0,0,1,0,,67,12,2022,6,40.0139,-75.0671,1522.0,6,0,0,0,0,0,0,1,0,,0,0,0.0,15,1,0,0,N,0,40 00:50.093,,0,75 04:01.550,9,0,0,0,67301,0,0,0,N,0,0,0,2,67301,0,,1,1,,N,N,N,1,,0,0,0,0,0,,1513,0,2,0,0,0,0,1,3,4,1,2,3,3.0,N,,,,,,,,,,,
2022124326,2234.0,2,0,0,0,0,0,0,0,0,4,0,,67,12,2022,1,40.1292,-75.0249,2234.0,6,0,0,0,0,0,0,0,1,,0,0,0.0,22,3,0,1,,1,40 07:45.210,6.0,0,75 01:29.597,9,0,0,0,67301,0,0,0,N,0,0,0,3,67301,0,,1,1,2331.0,N,N,N,0,,0,0,0,3,2,N,2215,0,2,0,0,0,0,1,3,4,0,2,3,,N,,,,,,,,,,,
2022122775,1407.0,2,0,0,0,0,0,0,0,0,5,0,,67,12,2022,5,40.0493,-75.0145,1352.0,6,0,0,0,0,0,0,0,0,,0,0,0.0,12,1,0,0,N,0,40 02:57.500,,0,75 00:52.230,0,0,0,0,67301,0,0,0,N,0,0,0,1,67301,0,,6,9,,N,N,N,0,,0,0,0,0,0,,1205,0,2,0,0,0,0,0,3,4,0,2,7,,N,,,,,,,,,,,
2022124323,2030.0,1,0,0,0,0,0,0,0,0,4,0,,67,12,2022,7,39.957,-75.1572,2024.0,6,0,0,0,0,0,0,0,0,,0,0,0.0,20,3,2,1,,0,39 57:26.633,,3,75 09:25.457,4,0,0,0,67301,1,0,0,N,1,0,0,4,67301,1,,1,1,,N,N,Y,0,,0,0,2,3,2,,2009,2,4,0,0,0,1,1,3,4,0,3,3,,N,,,,,,,,,,,
2022122774,1545.0,1,0,0,0,0,0,0,0,0,4,0,,67,12,2022,6,39.9583,-75.152,1545.0,6,0,0,0,0,0,1,0,0,,0,0,0.0,3,3,1,1,,0,39 57:30.009,,0,75 09:07.351,4,0,0,0,67301,0,0,0,N,0,0,0,2,67301,1,,1,9,,N,N,N,0,,0,0,1,3,2,,345,1,2,0,0,0,0,0,3,4,0,2,4,7.0,N,,,,,,,,,,,
2022124831,1728.0,1,0,0,0,0,0,0,0,0,8,0,,67,12,2022,4,40.0577,-75.1661,1724.0,6,0,0,0,0,0,1,0,0,,0,0,0.0,17,3,3,1,,0,40 03:27.557,,0,75 09:57.853,8,0,0,0,67301,4,0,0,N,4,0,0,5,67301,0,,1,1,,N,N,N,0,,0,0,0,3,2,,1721,3,5,0,0,0,3,1,3,4,0,1,3,,N,,,,,,,,,,,
2022124943,1835.0,1,0,0,0,0,0,0,0,0,5,0,,67,12,2022,5,39.9616,-75.1912,1830.0,6,0,0,0,0,0,1,0,0,,0,0,0.0,18,3,0,0,N,1,39 57:41.925,2.0,0,75 11:28.194,0,0,0,0,67301,0,0,0,N,0,0,0,2,67507,0,,1,1,1930.0,N,,N,0,,0,0,1,0,0,N,1825,0,2,0,0,1,0,0,3,4,0,2,3,3.0,N,,,,,,,,,,,
2022124485,1627.0,0,0,0,0,0,0,0,0,0,1,0,,67,12,2022,3,39.9516,-75.1637,1620.0,6,0,0,0,0,0,0,0,0,,0,0,0.0,15,1,0,2,,0,39 57:05.795,,0,75 09:49.162,0,0,0,0,67301,0,0,0,N,0,0,0,2,67301,0,,1,1,,N,N,N,1,,0,0,1,3,2,,1545,0,2,0,0,0,0,0,3,4,0,2,3,3.0,N,,,,,,,,,,,
2022122922,1808.0,2,0,0,0,0,0,0,0,0,4,0,,67,12,2022,6,40.0089,-75.0719,1803.0,6,0,0,0,0,0,0,1,0,,0,0,0.0,17,3,0,5,,1,40 00:31.996,2.0,0,75 04:18.728,9,0,0,0,67301,0,0,0,N,0,0,0,4,67301,0,,1,2,100.0,N,N,N,0,,0,0,0,3,2,N,1750,0,2,0,0,0,0,1,3,4,0,2,6,,N,,,,,,,,,,,
2022124075,1125.0,1,0,0,0,0,0,0,0,0,7,0,,67,12,2022,7,39.997,-75.1469,1125.0,6,0,1,0,0,0,0,0,0,,0,0,0.0,11,1,2,0,N,0,39 59:49.270,,0,75 08:48.710,8,0,0,0,67301,0,0,0,N,0,0,0,2,67301,0,,4,1,,N,N,N,0,,0,0,0,0,0,,1125,2,1,0,0,0,2,0,3,4,0,1,3,3.0,N,,,,,,,,,,,
2022122938,1617.0,1,0,0,0,0,0,0,0,0,7,0,,67,12,2022,5,39.9563,-75.2295,1617.0,6,1,0,0,0,0,0,0,0,,0,0,0.0,16,1,0,1,,0,39 57:22.658,,0,75 13:46.210,0,0,0,0,67301,0,0,0,N,0,0,0,1,67301,0,,2,9,,N,N,N,0,,0,0,0,3,3,,1617,0,1,0,0,1,0,0,3,4,0,1,7,7.0,N,,,,,,,,,,,
2022123930,405.0,1,0,0,0,0,0,0,0,0,4,0,,67,12,2022,6,39.9487,-75.2375,358.0,6,0,0,0,0,0,1,0,0,,0,0,0.0,3,3,1,1,,1,39 56:55.280,2.0,0,75 14:14.982,8,0,0,0,67301,0,0,0,N,0,0,0,2,67301,0,,1,9,710.0,N,N,Y,0,,0,0,1,3,2,N,357,1,2,0,0,0,1,0,3,4,0,2,7,7.0,N,,,,,,,,,,,
2022122654,2015.0,2,0,0,0,0,0,0,0,0,1,0,,67,12,2022,5,39.9087,-75.242,2011.0,6,0,0,0,0,0,1,0,0,,0,0,0.0,19,3,2,0,N,0,39 54:31.367,,0,75 14:31.187,3,0,0,0,67301,0,0,0,N,0,0,0,3,67301,0,,1,9,,N,N,N,0,,2,0,0,0,0,,1923,2,2,0,0,0,0,0,3,4,0,2,7,98.0,N,,,,,,,,,,,
2022124473,945.0,1,0,0,0,0,0,0,0,0,1,0,,67,12,2022,1,40.028,-75.11,940.0,6,0,0,0,0,0,0,0,0,,0,0,0.0,9,1,0,1,,0,40 01:40.967,,0,75 06:36.138,9,0,0,0,67301,0,0,0,N,0,0,0,4,67301,0,,1,1,,N,N,N,0,,0,0,0,3,2,,930,0,2,0,0,1,0,2,3,4,0,2,3,,N,,,,,,,,,,,
2022124471,2145.0,2,0,0,0,0,0,0,0,0,4,0,,67,12,2022,3,39.9249,-75.1729,2138.0,6,0,0,0,0,0,0,0,0,,0,0,0.0,21,3,0,5,,0,39 55:29.456,,0,75 10:22.766,9,0,0,0,67301,0,0,0,N,0,0,0,2,67301,0,,1,1,,N,N,N,0,,0,0,0,3,2,,2135,0,2,0,0,0,0,1,3,4,0,2,3,3.0,N,,,,,,,,,,,
2022124226,1606.0,0,0,0,0,0,0,0,0,0,1,0,,67,12,2022,5,39.9586,-75.1417,1559.0,6,0,0,0,0,0,0,0,0,,0,0,0.0,14,1,0,0,N,1,39 57:31.115,2.0,2,75 08:30.205,0,0,0,0,67301,0,0,0,N,0,0,0,2,68K01,0,,1,1,1645.0,N,N,N,0,,0,0,2,0,0,Y,1455,0,2,0,0,1,0,0,3,4,0,2,3,,N,,,,,,,,,,,
2022116949,850.0,2,0,0,0,0,0,0,0,0,6,0,,67,12,2022,6,40.0046,-75.1318,845.0,6,0,0,0,0,0,0,0,0,,0,0,0.0,8,1,1,0,N,0,40 00:16.380,,0,75 07:54.500,3,0,0,0,67301,0,0,0,N,0,0,0,1,67301,0,,6,1,,N,N,N,0,,1,0,0,0,0,,840,1,2,0,0,0,0,0,3,4,0,2,3,3.0,N,,,,,,,,,,,
2022116338,752.0,0,0,0,0,0,0,0,0,0,8,0,,67,12,2022,4,40.053,-75.0643,752.0,6,0,0,0,0,0,0,0,0,,0,0,0.0,7,8,1,1,,0,40 03:11.017,,0,75 03:51.838,4,0,0,0,67301,1,0,0,N,1,0,0,2,67301,1,,1,9,,N,N,N,1,,0,0,0,3,2,,751,1,2,0,0,0,0,0,3,4,0,1,7,5.0,N,,,,,,,,,,,
2022124479,1845.0,0,0,0,0,0,0,0,0,0,1,0,,67,12,2022,4,40.0577,-75.2366,1837.0,6,0,0,0,0,0,1,0,0,,0,0,0.0,18,3,0,0,N,2,40 03:27.734,5.0,0,75 14:11.872,9,0,0,0,67301,0,0,0,N,0,0,0,1,67301,0,,6,1,2010.0,N,N,N,0,,0,0,2,0,0,Y,1836,0,2,0,0,0,0,1,3,4,0,2,3,3.0,N,,,,,,,,,,,
2022122773,621.0,0,0,0,0,0,0,0,0,0,7,0,,67,12,2022,6,39.9098,-75.1543,620.0,6,0,0,0,0,0,0,0,0,,0,0,0.0,6,5,0,0,N,0,39 54:35.200,,5,75 09:15.400,0,0,0,0,67301,0,0,0,Y,0,0,0,1,67501,0,,4,9,,N,N,N,0,,0,0,1,0,0,,620,0,1,0,0,0,0,0,3,4,0,1,4,,N,,,,,,,,,,,
2022122795,1532.0,1,0,0,0,0,0,0,0,0,4,0,,67,12,2022,5,40.0199,-75.1563,1530.0,6,0,0,0,0,0,0,0,0,,0,0,0.0,15,1,2,2,,2,40 01:11.600,7.0,0,75 09:22.727,3,0,0,0,67301,0,0,0,N,0,0,0,2,67301,0,,1,9,1505.0,N,N,N,0,,2,0,1,3,3,Y,1525,2,2,0,0,1,0,0,3,4,0,2,7,7.0,N,,,,,,,,,,,
2022125235,1610.0,1,0,0,0,0,0,0,0,0,1,0,,67,12,2022,6,40.0364,-75.1305,1600.0,6,0,0,0,1,0,1,0,0,,0,0,0.0,13,1,1,1,,0,40 02:11.169,,0,75 07:49.839,3,0,0,0,67301,0,0,0,N,0,0,0,2,67301,0,,1,1,,N,N,N,0,,1,0,1,3,2,,1330,1,2,0,0,0,0,1,3,4,0,2,3,,N,,,,,,,,,,,
2022122409,1804.0,1,0,0,0,0,0,0,0,0,7,0,,67,12,2022,4,40.0025,-75.1472,1802.0,6,0,0,0,0,0,0,0,0,,0,0,0.0,18,3,1,5,,0,40 00:08.899,,0,75 08:50.020,3,0,0,0,67301,0,0,0,N,0,0,0,1,67301,0,,4,1,,N,N,N,0,,1,0,0,3,3,,1800,1,1,0,0,1,0,0,3,4,0,1,3,3.0,N,,,,,,,,,,,
2022123928,1828.0,1,0,0,0,0,0,0,0,0,8,0,,67,12,2022,2,40.0604,-75.167,1828.0,6,0,0,0,0,0,0,0,0,,0,0,0.0,18,3,0,1,,0,40 03:37.582,,0,75 10:01.312,9,0,0,0,67301,1,0,0,N,1,0,0,2,67301,0,,1,1,,N,N,N,0,,0,0,0,3,2,,1828,0,2,0,0,0,0,1,3,4,0,1,3,4.0,N,,,,,,,,,,,
2022123128,321.0,2,0,0,0,0,0,0,0,0,1,0,,67,12,2022,1,40.0302,-75.0678,315.0,6,0,0,0,0,1,0,0,0,,0,0,0.0,3,3,1,0,N,1,40 01:48.800,3.0,0,75 04:03.900,3,0,0,0,67301,0,0,0,N,0,0,0,2,67301,0,,1,1,500.0,N,N,N,0,,1,0,2,0,0,Y,311,1,6,0,0,0,0,0,3,4,2,6,3,3.0,N,,,,,,,,,,,
2022123644,1148.0,1,0,0,0,0,0,0,0,0,8,0,,67,12,2022,2,40.0321,-75.1024,1148.0,6,0,0,0,0,0,0,0,0,,0,0,0.0,11,1,2,2,,0,40 01:55.604,,0,75 06:08.579,3,0,0,0,67301,2,0,0,N,2,0,0,3,67301,0,,1,1,,N,N,N,0,,2,0,0,3,3,,1130,2,3,0,0,0,0,0,3,4,0,1,3,3.0,N,,,,,,,,,,,
2022124057,1845.0,0,0,0,0,0,0,0,0,0,4,0,,67,12,2022,7,39.9055,-75.1741,1836.0,6,0,0,0,0,0,0,0,0,,0,0,0.0,11,1,2,1,,0,39 54:19.877,,0,75 10:26.893,3,0,0,0,67301,0,0,0,N,0,0,0,4,67301,0,,1,1,,N,N,N,0,,2,0,1,2,2,,1130,2,2,0,0,2,0,0,3,4,1,2,3,,N,,,,,,,,,,,
2022123472,218.0,2,0,0,0,0,0,0,0,0,5,0,,67,12,2022,4,39.9674,-75.2396,216.0,6,0,0,0,0,0,0,0,0,,0,0,0.0,2,3,0,0,N,0,39 58:02.780,,0,75 14:22.690,9,0,0,0,67301,0,0,0,N,0,0,0,1,67301,0,,6,1,,N,N,N,0,,0,0,3,0,0,,205,0,5,0,0,0,0,1,3,4,0,5,3,3.0,N,,,,,,,,,,,
2022124330,210.0,1,0,0,0,0,0,0,0,0,7,0,,67,12,2022,3,39.9505,-75.2269,210.0,6,0,0,0,0,0,0,0,0,,0,0,0.0,2,3,1,1,,0,39 57:01.650,,0,75 13:36.680,2,0,0,0,67301,0,0,0,N,0,0,0,1,67301,0,,4,1,,N,N,N,0,,0,1,0,3,2,,200,1,1,0,1,1,0,0,3,4,0,1,3,3.0,N,,,,,,,,,,,
2022122217,908.0,0,0,0,0,0,0,0,0,0,8,0,,67,12,2022,4,39.916,-75.236,908.0,6,0,0,0,0,0,0,1,0,,0,0,0.0,9,1,1,1,,0,39 54:57.725,,0,75 14:09.736,4,0,0,0,67301,1,0,0,N,1,0,0,2,67301,1,,1,1,,N,Y,N,0,,0,0,1,3,1,,908,1,2,0,0,0,0,0,3,4,0,1,3,3.0,N,,,,,,,,,,,
2022125213,2307.0,1,0,0,0,0,0,0,0,0,7,0,,67,12,2022,5,39.8987,-75.1716,2231.0,6,0,0,0,0,0,0,0,0,,0,0,0.0,22,3,1,0,N,0,39 53:55.364,,3,75 10:17.679,8,0,0,0,67301,0,0,0,N,0,0,0,1,68K01,0,,2,1,,N,N,N,0,,0,0,0,0,0,,2227,1,1,0,0,0,1,0,3,4,0,1,3,3.0,N,,,,,,,,,,,
2022124083,1140.0,0,0,0,0,0,0,0,0,0,3,0,,67,12,2022,3,40.0105,-75.1954,1130.0,6,0,0,0,0,0,1,0,0,,0,0,0.0,11,1,0,0,N,2,40 00:37.860,4.0,0,75 11:43.530,0,0,0,0,67301,0,0,0,N,0,0,0,1,67301,0,,6,1,1215.0,N,N,N,0,,0,0,2,0,0,N,1130,0,3,0,0,1,0,0,3,4,1,3,3,3.0,N,,,,,,,,,,,
2022116335,1230.0,0,0,0,0,0,0,0,0,0,4,0,,67,12,2022,4,39.9151,-75.1783,1228.0,6,0,0,0,0,0,0,0,0,,0,0,0.0,12,1,0,1,,0,39 54:54.241,,0,75 10:41.861,9,0,0,0,67301,0,0,0,N,0,0,0,1,67301,0,,1,9,,N,N,N,1,,0,0,1,3,3,,1225,0,2,0,0,0,0,1,3,4,0,2,3,3.0,N,,,,,,,,,,,
2022117269,916.0,2,0,0,0,0,0,0,0,0,4,0,,67,12,2022,6,39.9572,-75.2275,916.0,6,0,0,0,0,0,0,0,0,,0,0,0.0,8,1,1,1,,0,39 57:25.948,,0,75 13:38.927,3,0,0,0,67301,0,0,0,N,0,0,0,2,67301,0,,1,1,,N,N,Y,0,,1,0,0,3,2,,845,1,3,0,0,0,0,0,3,4,1,3,3,,N,,,,,,,,,,,
2022116345,1850.0,1,0,0,0,0,0,0,0,0,8,0,,67,12,2022,2,39.9211,-75.2242,1847.0,6,0,0,0,0,0,0,0,0,,0,0,0.0,17,3,1,1,,0,39 55:15.660,,0,75 13:26.832,3,0,0,0,67301,1,0,0,N,1,0,0,2,67301,0,,1,1,,N,N,N,0,,1,0,0,3,2,,1734,1,2,0,0,0,0,0,3,4,0,1,3,3.0,N,,,,,,,,,,,
2022121952,1553.0,1,0,0,0,0,0,0,0,0,8,0,,67,12,2022,2,39.9555,-75.2421,1553.0,6,0,0,0,0,0,0,0,0,,0,0,0.0,7,1,1,1,,0,39 57:19.796,,0,75 14:31.596,3,0,0,0,67301,1,0,0,N,1,0,0,2,67301,0,,1,1,,N,N,N,0,,1,0,0,3,3,,730,1,2,0,0,1,0,0,3,4,0,1,3,3.0,N,,,,,,,,,,,
2022116667,2200.0,2,0,0,0,0,0,0,0,0,1,0,,67,12,2022,2,40.026,-75.1358,2200.0,6,0,0,0,0,0,0,0,0,,0,0,0.0,20,6,0,0,N,0,40 01:33.700,,0,75 08:09.000,9,0,0,0,67301,0,0,0,N,0,0,0,1,67301,0,,6,99,,N,N,N,0,,0,0,0,0,0,,2030,0,2,0,0,1,0,1,3,4,0,2,99,,N,,,,,,,,,,,
2022121799,2216.0,2,0,0,0,0,0,0,0,0,1,0,,67,12,2022,5,39.9584,-75.2212,2212.0,6,0,0,0,0,0,0,0,0,,0,0,0.0,22,3,0,0,N,0,39 57:30.220,,0,75 13:16.220,9,0,0,0,67301,0,0,0,N,0,0,0,1,67301,0,,6,1,,N,N,N,1,,0,0,2,0,0,,2205,0,5,0,0,0,0,1,3,4,0,5,3,3.0,N,,,,,,,,,,,
2022120111,2005.0,1,0,0,0,0,0,0,0,0,4,0,,67,12,2022,6,39.9261,-75.1828,2001.0,6,0,0,0,0,0,0,0,0,,0,0,0.0,20,3,1,1,,0,39 55:33.806,,0,75 10:57.862,3,0,0,0,67301,0,0,0,N,0,0,0,2,67301,0,,1,1,,N,N,N,0,,1,0,1,3,2,,2000,1,2,0,0,0,0,0,3,4,0,2,3,3.0,N,,,,,,,,,,,
2022124494,2305.0,1,0,0,0,0,0,0,0,0,7,0,,67,12,2022,1,40.0044,-75.0753,2300.0,6,0,0,0,0,0,0,0,0,,0,0,0.0,17,3,0,0,N,0,40 00:16.000,,0,75 04:30.900,0,0,0,0,67301,0,0,0,N,0,0,0,1,67301,0,,4,1,,N,N,N,0,,0,0,0,0,0,,1748,0,1,0,0,1,0,0,3,4,0,1,3,3.0,N,,,,,,,,,,,
2022125214,941.0,0,0,0,0,0,0,0,0,0,1,0,,67,12,2022,6,40.0195,-75.0449,923.0,6,0,0,0,0,0,1,0,0,,0,0,0.0,9,1,1,0,N,1,40 01:10.250,1.0,0,75 02:41.628,3,0,0,0,67301,0,0,0,N,0,0,0,3,68K01,0,,1,1,1000.0,N,N,N,1,,1,0,1,0,0,N,920,1,3,0,0,0,0,0,3,4,1,3,3,3.0,N,,,,,,,,,,,
2022124681,715.0,2,0,0,0,0,0,0,0,0,1,0,,67,12,2022,4,40.0142,-75.0561,656.0,6,0,0,0,0,0,2,0,0,,0,0,0.0,6,1,0,0,N,0,40 00:51.164,,0,75 03:22.049,0,0,0,0,67301,0,0,0,N,0,0,0,5,68K01,0,,1,1,,N,N,N,0,,0,0,2,0,0,,631,0,5,0,0,0,0,0,3,4,1,5,3,3.0,N,,,,,,,,,,,
2022122650,2337.0,1,0,0,0,0,0,0,0,0,2,0,,67,12,2022,5,40.0412,-75.1069,2325.0,6,0,0,0,0,0,2,0,0,,0,0,0.0,23,3,2,0,N,1,40 02:28.396,5.0,0,75 06:24.737,3,0,0,0,67301,0,0,0,N,0,0,0,2,67301,0,,1,9,50.0,N,N,N,0,,2,0,1,0,0,Y,2320,2,3,0,0,0,0,0,3,4,0,3,7,,N,,,,,,,,,,,
2022120116,1916.0,1,0,0,0,0,0,0,0,0,4,0,,67,12,2022,6,39.9211,-75.1738,1915.0,6,0,0,0,0,0,0,0,0,,0,0,0.0,18,3,0,1,,0,39 55:15.927,,0,75 10:25.586,0,0,0,0,67301,0,0,0,N,0,0,0,5,67301,0,,1,1,,N,N,N,0,,0,0,1,3,2,,1840,0,2,0,0,0,0,0,3,4,0,2,3,3.0,N,,,,,,,,,,,
2022121809,1806.0,1,0,0,0,0,0,0,0,0,6,0,,67,12,2022,3,40.0272,-75.1835,1806.0,6,0,0,0,0,1,0,0,0,,0,0,0.0,17,3,1,2,,0,40 01:38.085,,0,75 11:00.693,4,0,0,0,67301,0,0,0,N,0,0,0,2,67301,1,,1,1,,N,N,N,0,,0,0,0,3,2,,1732,1,2,0,0,0,0,0,3,4,0,2,3,,N,,,,,,,,,,,
2022121514,1630.0,1,0,0,0,0,0,0,0,0,7,0,,67,12,2022,2,40.0361,-75.0985,1620.0,6,1,0,0,0,0,0,0,0,,0,0,0.0,15,1,1,11,,0,40 02:10.064,,0,75 05:54.603,8,0,0,0,67301,0,0,0,N,0,0,0,1,67301,0,,5,1,,N,N,N,0,,0,0,0,3,3,,1557,1,1,0,0,1,1,0,3,4,0,1,3,,N,,,,,,,,,,,
2022121349,850.0,1,0,0,0,0,0,0,0,0,4,0,,67,12,2022,2,40.0308,-75.1581,840.0,6,0,0,0,0,0,0,1,0,,0,0,0.0,8,1,1,1,,0,40 01:50.836,,0,75 09:29.314,3,0,0,0,67301,0,0,0,N,0,0,0,4,67301,0,,1,1,,N,N,N,0,,1,0,1,0,0,,829,1,2,0,0,0,0,0,3,4,0,2,3,3.0,N,,,,,,,,,,,
2022122220,639.0,1,0,0,0,0,0,0,0,0,7,0,,67,12,2022,6,39.9749,-75.2496,637.0,6,0,0,0,0,0,0,0,0,,0,0,0.0,6,1,0,0,N,0,39 58:29.470,,0,75 14:58.510,0,0,0,0,67301,0,0,0,N,0,0,0,1,67301,0,,5,1,,N,N,N,0,,0,0,0,0,0,,630,0,1,0,0,1,0,0,3,4,0,1,3,,N,,,,,,,,,,,
2022115632,1940.0,1,0,0,0,0,0,0,0,0,7,0,,67,12,2022,1,40.092,-75.006,1925.0,6,0,0,0,0,0,1,0,0,,0,0,0.0,19,3,0,0,N,0,40 05:31.100,,0,75 00:21.600,0,0,0,0,67301,0,0,0,N,0,0,0,1,67301,0,,4,1,,N,N,N,0,,0,0,0,0,0,,1919,0,1,0,0,0,0,0,3,4,0,1,3,3.0,N,,,,,,,,,,,
2022115642,1755.0,1,0,0,0,0,0,0,0,0,4,0,,67,12,2022,1,40.0001,-75.1283,1739.0,6,0,0,0,1,0,0,0,0,,0,0,0.0,17,3,2,1,,0,40 00:00.219,,0,75 07:41.865,3,0,0,0,67301,0,0,0,N,0,0,0,3,67301,1,,1,1,,N,N,N,0,,1,0,1,3,3,,1725,2,2,0,0,0,0,0,3,4,0,2,3,3.0,N,,,,,,,,,,,
2022116348,856.0,0,0,0,0,0,0,0,0,0,8,0,99.0,67,12,2022,5,39.9382,-75.2186,856.0,6,0,0,0,0,0,1,0,0,,0,0,0.0,8,1,1,0,N,0,39 56:17.360,,0,75 13:06.950,3,0,0,0,67301,1,0,0,N,1,0,0,2,67301,0,,1,1,,N,N,N,0,,1,0,1,0,0,,855,1,2,0,0,0,0,0,3,4,0,1,3,3.0,Y,4.0,1.0,Y,,,U,Y,,,,N
2022114672,1755.0,2,0,0,0,0,0,0,0,0,1,0,,67,12,2022,7,40.0952,-75.0158,1740.0,6,1,0,0,0,0,1,0,0,,0,0,0.0,17,3,1,0,N,1,40 05:42.600,4.0,0,75 00:56.830,3,0,0,0,67301,0,0,0,N,0,0,0,5,67301,0,,1,9,1935.0,N,N,N,0,,1,0,1,0,0,N,1701,1,4,0,0,0,0,0,3,4,1,4,7,4.0,N,,,,,,,,,,,
2022121951,427.0,0,0,0,0,0,0,0,0,0,1,0,,67,12,2022,1,39.9538,-75.2201,425.0,6,0,0,0,0,0,0,0,0,,0,0,0.0,4,3,2,1,,0,39 57:13.845,,0,75 13:12.349,3,0,0,0,67301,0,0,0,N,0,0,0,3,67301,0,,1,1,,N,N,N,0,,2,0,2,3,2,,406,2,2,0,0,1,0,0,3,4,0,2,3,3.0,N,,,,,,,,,,,
2022121793,1300.0,1,0,0,0,0,0,0,0,0,4,0,,67,12,2022,2,39.9227,-75.2222,1254.0,6,0,0,0,0,0,0,0,0,,0,0,0.0,12,1,1,2,,2,39 55:21.680,7.0,0,75 13:19.981,3,0,0,0,67301,0,0,0,N,0,0,0,1,67301,0,,1,1,130.0,N,N,N,0,,1,0,2,3,3,N,1251,1,3,0,0,0,0,0,3,4,0,3,3,3.0,N,,,,,,,,,,,