CRN,ARRIVAL_TM,AUTOMOBILE_COUNT,BELTED_DEATH_COUNT,BELTED_SUSP_SERIOUS_INJ_COUNT,BICYCLE_COUNT,BICYCLE_DEATH_COUNT,BICYCLE_SUSP_SERIOUS_INJ_COUNT,BUS_COUNT,CHLDPAS_DEATH_COUNT,CHLDPAS_SUSP_SERIOUS_INJ_COUNT,COLLISION_TYPE,COMM_VEH_COUNT,CONS_ZONE_SPD_LIM,COUNTY,CRASH_MONTH,CRASH_YEAR,DAY_OF_WEEK,DEC_LAT,DEC_LONG,DISPATCH_TM,DISTRICT,DRIVER_COUNT_16YR,DRIVER_COUNT_17YR,DRIVER_COUNT_18YR,DRIVER_COUNT_19YR,DRIVER_COUNT_20YR,DRIVER_COUNT_50_64YR,DRIVER_COUNT_65_74YR,DRIVER_COUNT_75PLUS,EST_HRS_CLOSED,FATAL_COUNT,HEAVY_TRUCK_COUNT,HORSE_BUGGY_COUNT,HOUR_OF_DAY,ILLUMINATION,INJURY_COUNT,INTERSECT_TYPE,INTERSECTION_RELATED,LANE_CLOSED,LATITUDE,LN_CLOSE_DIR,LOCATION_TYPE,LONGITUDE,MAX_SEVERITY_LEVEL,MCYCLE_DEATH_COUNT,MCYCLE_SUSP_SERIOUS_INJ_COUNT,MOTORCYCLE_COUNT,MUNICIPALITY,NONMOTR_COUNT,NONMOTR_DEATH_COUNT,NONMOTR_SUSP_SERIOUS_INJ_COUNT,NTFY_HIWY_MAINT,PED_COUNT,PED_DEATH_COUNT,PED_SUSP_SERIOUS_INJ_COUNT,PERSON_COUNT,POLICE_AGCY,POSSIBLE_INJ_COUNT,RDWY_SURF_TYPE_CD,RELATION_TO_ROAD,ROAD_CONDITION,ROADWAY_CLEARED,SCH_BUS_IND,SCH_ZONE_IND,SECONDARY_CRASH,SMALL_TRUCK_COUNT,SPEC_JURIS_CD,SUSP_MINOR_INJ_COUNT,SUSP_SERIOUS_INJ_COUNT,SUV_COUNT,TCD_FUNC_CD,TCD_TYPE,TFC_DETOUR_IND,TIME_OF_DAY,TOT_INJ_COUNT,TOTAL_UNITS,UNB_DEATH_COUNT,UNB_SUSP_SERIOUS_INJ_COUNT,UNBELTED_OCC_COUNT,UNK_INJ_DEG_COUNT,UNK_INJ_PER_COUNT,URBAN_AREA,URBAN_RURAL,VAN_COUNT,VEHICLE_COUNT,WEATHER1,WEATHER2,WORK_ZONE_IND,WORK_ZONE_LOC,WORK_ZONE_TYPE,WORKERS_PRES,WZ_CLOSE_DETOUR,WZ_FLAGGER,WZ_LAW_OFFCR_IND,WZ_LN_CLOSURE,WZ_MOVING,WZ_OTHER,WZ_SHLDER_MDN,WZ_WORKERS_INJ_KILLED
2022116939,2125.0,1,0,0,0,0,0,0,0,0,1,0,,67,12,2022,6,40.0461,-75.0894,2120.0,6,0,1,0,0,0,0,0,0,,0,0,0.0,21,3,1,0,N,0,40 02:46.078,,0,75 05:21.934,3,0,0,0,67301,0,0,0,N,0,0,0,2,67301,0,,6,1,,N,N,N,0,,1,0,2,0,0,,2118,1,3,0,0,0,0,0,3,4,0,3,3,3.0,N,,,,,,,,,,,
2022122653,1306.0,1,0,0,0,0,0,0,0,0,4,0,,67,12,2022,5,40.072,-75.013,1306.0,6,0,0,0,0,0,1,0,0,,0,0,0.0,12,1,0,1,,0,40 04:19.373,,0,75 00:46.904,0,0,0,0,67301,0,0,0,N,0,0,0,3,67301,0,,1,9,,N,N,N,0,,0,0,2,3,2,,1218,0,3,0,0,0,0,0,3,4,0,3,7,7.0,N,,,,,,,,,,,
2022095738,1019.0,1,0,0,0,0,0,0,0,0,2,0,,67,10,2022,7,40.0315,-75.1457,1018.0,6,0,0,0,0,0,1,0,0,,0,0,0.0,10,1,1,0,N,1,40 01:53.530,2.0,0,75 08:44.630,8,0,0,1,67301,0,0,0,N,0,0,0,1,67301,0,,6,1,1114.0,N,N,N,0,,0,0,0,0,0,N,1017,1,2,0,0,0,1,0,3,4,0,2,3,,N,,,,,,,,,,,
2022106640,1640.0,0,0,0,1,0,0,0,0,0,4,0,,67,10,2022,2,40.0019,-75.1401,1640.0,6,0,0,0,0,0,0,0,0,,0,0,0.0,17,4,1,1,,0,40 00:06.983,,0,75 08:24.269,3,0,0,0,67301,1,0,0,N,0,0,0,2,67301,0,,1,1,,N,N,N,0,,1,0,1,3,3,,1700,1,2,0,0,1,0,1,3,4,0,1,3,3.0,N,,,,,,,,,,,
2022099316,926.0,1,0,0,0,0,0,0,0,0,7,0,,67,10,2022,7,39.9478,-75.2256,917.0,6,0,0,0,0,0,0,0,1,,0,0,0.0,9,1,1,0,N,0,39 56:51.968,,0,75 13:32.009,8,0,0,0,67301,0,0,0,N,0,0,0,1,67301,0,,4,1,,N,N,N,0,,0,0,1,0,0,,915,1,2,0,0,0,1,0,3,4,0,2,3,3.0,N,,,,,,,,,,,
2022093654,2048.0,1,0,0,0,0,0,0,0,0,2,0,,67,10,2022,1,40.0728,-75.1598,2041.0,6,0,0,0,0,0,0,0,0,,0,0,0.0,20,3,1,0,N,0,40 04:22.145,,0,75 09:35.235,3,0,0,0,67301,0,0,0,N,0,0,0,2,67301,0,,1,1,,N,N,N,1,,1,0,2,0,0,,2037,1,4,0,0,0,0,0,3,4,0,4,3,3.0,N,,,,,,,,,,,
2022094523,1509.0,0,0,0,0,0,0,0,0,0,4,0,,67,10,2022,2,40.0099,-75.156,1508.0,6,0,1,0,0,0,0,0,0,,0,0,0.0,15,1,3,1,,1,40 00:35.524,4.0,0,75 09:21.688,3,0,0,0,67301,0,0,0,N,0,0,0,4,67301,0,,1,1,1540.0,N,N,N,0,,3,0,2,3,2,N,1508,3,2,0,0,0,0,0,3,4,0,2,3,3.0,N,,,,,,,,,,,
2022106170,815.0,0,0,0,0,0,0,0,0,0,8,0,,67,11,2022,4,40.015,-75.1352,759.0,6,0,0,0,0,0,0,0,0,,0,0,0.0,7,1,1,1,,0,40 00:54.154,,0,75 08:06.604,3,0,0,0,67301,1,0,0,N,1,0,0,2,67301,0,,1,1,,N,N,N,0,,1,0,0,3,2,,755,1,2,0,0,0,0,0,3,4,0,1,3,3.0,N,,,,,,,,,,,
2022113976,1655.0,1,0,0,0,0,0,0,0,0,7,0,,67,12,2022,5,40.0462,-75.1661,1650.0,6,1,0,0,0,0,0,0,0,,0,0,0.0,16,4,1,1,,0,40 02:46.469,,0,75 09:57.857,2,0,0,0,67301,0,0,0,N,0,0,0,1,67301,0,,5,1,,N,N,N,0,,0,1,0,3,3,,1645,1,1,0,0,0,0,0,3,4,0,1,3,3.0,N,,,,,,,,,,,
2022110920,200.0,0,0,0,0,0,0,0,0,0,6,0,,67,11,2022,5,40.0313,-75.0348,155.0,6,0,0,0,0,0,0,0,0,,0,0,0.0,1,3,0,0,N,0,40 01:52.780,,0,75 02:05.340,0,0,0,0,67301,0,0,0,N,0,0,0,1,67301,0,,6,1,,N,N,N,0,,0,0,2,0,0,,135,0,2,0,0,1,0,0,3,4,0,2,3,3.0,N,,,,,,,,,,,
2022108286,900.0,0,0,0,1,0,0,0,0,0,5,0,,67,11,2022,2,40.0103,-75.0961,856.0,6,0,0,0,0,0,0,0,0,,0,0,0.0,8,1,1,0,N,0,40 00:36.900,,0,75 05:46.000,3,0,0,0,67301,1,0,0,N,0,0,0,2,67301,0,,1,1,,N,N,N,1,,1,0,0,0,0,,856,1,2,0,0,1,0,0,3,4,0,1,3,3.0,N,,,,,,,,,,,
2022096280,346.0,1,0,0,0,0,0,0,0,0,7,0,,67,10,2022,6,39.9587,-75.1804,336.0,6,0,0,0,0,0,0,0,0,,0,0,0.0,3,3,1,0,N,2,39 57:31.319,4.0,0,75 10:49.260,8,0,0,0,67301,0,0,0,N,0,0,0,1,68K01,0,,2,9,357.0,N,N,N,0,,0,0,0,0,0,N,335,1,1,0,0,0,1,0,3,4,0,1,3,,N,,,,,,,,,,,
2022095730,1220.0,2,0,0,0,0,0,0,0,0,5,0,,67,10,2022,6,40.0536,-75.0113,1212.0,6,0,0,0,0,0,1,0,0,,0,0,0.0,12,1,1,0,N,0,40 03:12.930,,0,75 00:40.650,3,0,0,0,67301,0,0,0,N,0,0,0,1,67301,0,,6,1,,N,N,N,1,,1,0,0,0,0,,1210,1,3,0,0,0,0,0,3,4,0,3,3,,N,,,,,,,,,,,
2022094881,825.0,1,0,0,0,0,0,0,0,0,4,0,,67,10,2022,5,40.0462,-75.1661,819.0,6,0,0,0,0,0,0,0,0,,0,0,0.0,7,1,1,1,,0,40 02:46.469,,0,75 09:57.857,3,0,0,0,67301,0,0,0,N,0,0,0,3,67301,0,,1,1,,N,N,N,1,,1,0,0,3,3,,700,1,2,0,0,0,0,2,3,4,0,2,4,4.0,N,,,,,,,,,,,
2022097395,1651.0,1,0,0,0,0,0,0,0,0,1,0,,67,10,2022,2,39.9461,-75.1896,1644.0,6,0,0,0,0,0,0,0,0,,0,0,0.0,16,1,1,0,N,1,39 56:45.972,3.0,3,75 11:22.461,8,0,0,0,67301,0,0,0,N,0,0,0,4,68K01,0,,1,1,1700.0,N,N,N,0,,0,0,2,0,0,Y,1641,1,3,0,0,0,1,0,3,4,0,3,3,,N,,,,,,,,,,,
2022114087,2344.0,1,0,0,0,0,0,0,0,0,4,0,,67,12,2022,5,40.0303,-75.1318,2344.0,6,0,0,0,0,0,0,0,0,,0,0,0.0,18,3,1,1,,0,40 01:49.195,,0,75 07:54.641,8,0,0,0,67301,0,0,0,N,0,0,0,2,67301,0,,1,1,,N,N,N,0,,0,0,1,3,2,,1825,1,2,0,0,0,1,1,3,4,0,2,3,3.0,N,,,,,,,,,,,
2022106643,434.0,2,0,0,0,0,0,0,0,0,4,0,,67,11,2022,1,40.0305,-75.1182,430.0,6,0,0,0,0,0,0,0,0,,0,0,0.0,4,3,0,1,,0,40 01:49.943,,0,75 07:05.511,0,0,0,0,67301,0,0,0,N,0,0,0,2,67301,0,,1,1,,N,N,N,0,,0,0,0,3,2,,423,0,2,0,0,0,0,0,3,4,0,2,3,3.0,N,,,,,,,,,,,
2022123666,1340.0,2,0,0,0,0,0,0,0,0,4,0,,67,11,2022,1,39.9776,-75.1607,1340.0,6,0,0,0,0,1,0,0,0,,0,0,0.0,13,1,4,1,,0,39 58:39.385,,0,75 09:38.355,3,0,0,0,67301,0,0,0,N,0,0,0,4,67301,0,,1,1,,N,N,N,0,,4,0,0,3,3,,1340,4,2,0,0,0,0,0,3,4,0,2,3,3.0,N,,,,,,,,,,,
2022122784,2045.0,0,0,0,0,0,0,0,0,0,5,0,,67,12,2022,7,39.9682,-75.2251,2044.0,6,0,0,0,0,0,0,0,0,,0,0,0.0,20,3,1,1,,0,39 58:05.407,,0,75 13:30.521,3,0,0,0,67301,0,0,0,N,0,0,0,6,67301,0,,1,1,,N,N,N,0,,1,0,3,3,2,,2025,1,3,0,0,0,0,0,3,4,0,3,3,3.0,N,,,,,,,,,,,
2022113605,1544.0,1,0,0,0,0,0,0,0,0,4,0,,67,11,2022,2,40.0168,-75.0497,1544.0,6,0,0,0,0,0,1,0,0,,0,0,0.0,15,1,2,3,,1,40 01:00.813,2.0,0,75 02:59.062,4,0,0,0,67301,0,0,0,N,0,0,0,3,67301,2,,1,1,1615.0,N,N,N,0,,0,0,0,3,2,Y,1530,2,2,0,0,0,0,0,3,4,1,2,3,3.0,N,,,,,,,,,,,
2022122931,410.0,3,0,1,0,0,0,0,0,0,1,0,,67,12,2022,5,39.9486,-75.2212,406.0,6,0,0,0,0,0,0,0,0,,0,0,0.0,2,3,2,0,N,0,39 56:55.060,,0,75 13:16.270,2,0,0,0,67301,0,0,0,N,0,0,0,4,67301,0,,1,1,,N,N,N,0,,0,2,0,0,0,,234,2,4,0,1,1,0,1,3,4,0,4,3,3.0,N,,,,,,,,,,,
2022119737,1610.0,1,0,0,0,0,0,0,0,0,5,0,,67,12,2022,6,40.0383,-75.0754,1605.0,6,0,0,0,0,0,0,0,0,,0,0,0.0,14,1,0,1,,0,40 02:17.897,,0,75 04:31.313,9,0,0,0,67301,0,0,0,N,0,0,0,3,67301,0,,1,9,,N,N,N,0,,0,0,0,3,2,,1412,0,2,0,0,0,0,2,3,4,1,2,4,4.0,N,,,,,,,,,,,
2022112207,1306.0,1,0,0,0,0,0,0,0,0,1,0,,67,11,2022,3,39.9485,-75.1573,1306.0,6,0,0,0,0,0,0,0,0,,0,0,0.0,12,1,1,1,,0,39 56:54.579,,0,75 09:26.606,3,0,0,0,67301,0,0,0,N,0,0,0,2,67301,0,,1,1,,N,N,N,0,,1,0,1,3,2,,1255,1,2,0,0,0,0,0,3,4,0,2,3,3.0,N,,,,,,,,,,,
2022120128,1043.0,2,0,0,0,0,0,0,0,0,5,0,,67,12,2022,6,39.9929,-75.1325,1032.0,6,0,0,0,0,0,0,0,0,,0,0,0.0,9,1,0,0,N,0,39 59:34.340,,0,75 07:56.970,9,0,0,0,67301,0,0,0,N,0,0,0,1,67301,0,,6,1,,N,N,Y,0,,0,0,1,0,0,,902,0,3,0,0,0,0,1,3,4,0,3,3,3.0,N,,,,,,,,,,,
2022120122,1120.0,0,0,0,0,0,0,0,0,0,8,0,,67,12,2022,6,39.9386,-75.2217,1115.0,6,0,0,0,0,0,0,0,0,,0,0,0.0,10,1,1,1,,0,39 56:18.895,,0,75 13:18.043,4,0,0,0,67301,1,0,0,N,1,0,0,2,67301,1,,1,99,,N,N,N,0,,0,0,0,9,2,,1057,1,2,0,0,0,0,1,3,4,0,1,3,,N,,,,,,,,,,,
2022123024,2200.0,0,0,0,0,0,0,0,0,0,8,0,,67,12,2022,4,39.9539,-75.1595,2200.0,6,0,0,0,0,0,0,0,0,,0,0,0.0,22,3,1,1,N,0,39 57:13.700,,0,75 09:34.100,3,0,0,0,67301,1,0,0,N,1,0,0,2,67301,0,,1,1,,N,N,N,0,,1,0,0,3,2,,2200,1,2,0,0,0,0,1,3,4,0,1,3,3.0,N,,,,,,,,,,,
2022120135,2210.0,1,0,0,0,0,0,0,0,0,7,0,,67,12,2022,4,40.0008,-75.1575,2206.0,6,0,0,1,0,0,0,0,0,,0,0,0.0,21,3,0,0,N,2,40 00:02.700,2.0,0,75 09:26.820,0,0,0,0,67301,0,0,0,N,0,0,0,1,67301,0,,5,1,2300.0,N,N,N,0,,0,0,0,0,0,Y,2157,0,1,0,0,1,0,0,3,4,0,1,4,4.0,N,,,,,,,,,,,
2022110253,820.0,0,0,0,0,0,0,0,0,0,8,0,,67,11,2022,5,39.9997,-75.1385,812.0,6,0,0,0,0,0,0,0,0,,0,0,0.0,8,1,1,1,,0,39 59:59.077,,0,75 08:18.677,3,0,0,0,67301,1,0,0,N,1,0,0,2,67301,0,,1,1,,N,N,N,0,,1,0,0,3,2,,800,1,2,0,0,1,0,0,3,4,1,1,3,3.0,N,,,,,,,,,,,
2022120323,844.0,1,0,0,0,0,0,0,0,0,4,0,,67,12,2022,7,40.0285,-75.0579,840.0,6,0,0,0,0,0,0,0,0,,0,0,0.0,8,1,0,1,,0,40 01:42.775,,0,75 03:28.507,0,0,0,0,67301,0,0,0,N,0,0,0,2,67301,0,,1,1,,N,N,N,0,,0,0,1,3,2,,840,0,2,0,0,0,0,0,3,4,0,2,3,3.0,N,,,,,,,,,,,
2022106508,1508.0,1,0,0,0,0,0,0,0,0,4,0,,67,11,2022,7,40.1325,-75.0115,1504.0,6,0,0,0,0,0,1,0,0,,0,0,0.0,14,1,2,0,N,0,40 07:57.148,,7,75 00:41.328,3,0,0,0,67301,0,0,0,N,0,0,0,2,67301,0,,1,1,,N,N,N,0,,2,0,1,0,0,,1430,2,2,0,0,0,0,0,3,4,0,2,3,,N,,,,,,,,,,,
2022109459,2122.0,0,0,0,0,0,0,0,0,0,4,0,,67,11,2022,6,40.1018,-75.0276,2119.0,6,0,0,0,0,0,1,0,0,,0,0,0.0,21,3,1,1,,0,40 06:06.465,,0,75 01:39.190,8,0,0,0,67301,0,0,0,N,0,0,0,5,67301,0,,1,1,,N,N,N,0,,0,0,2,3,2,,2118,1,2,0,0,0,1,0,3,4,0,2,3,3.0,N,,,,,,,,,,,
2022094269,209.0,1,0,0,0,0,0,0,0,0,2,0,,67,10,2022,1,40.0212,-75.0571,205.0,6,0,0,0,0,0,0,0,0,,0,0,0.0,2,3,1,0,N,0,40 01:16.180,,0,75 03:25.730,3,0,0,0,67301,0,0,0,N,0,0,0,1,67301,0,,6,1,,N,N,N,0,,1,0,2,0,0,,201,1,3,0,0,0,0,0,3,4,0,3,3,3.0,N,,,,,,,,,,,
2022094624,1712.0,1,0,0,0,0,0,0,0,0,7,0,,67,10,2022,3,39.9732,-75.1992,1708.0,6,0,0,0,0,1,0,0,0,,0,0,0.0,17,1,1,2,,0,39 58:23.649,,0,75 11:57.263,3,0,0,0,67301,0,0,0,N,0,0,0,2,67301,0,,5,1,,N,N,N,0,,1,0,0,3,3,,1706,1,1,0,0,1,0,1,3,4,0,1,3,3.0,N,,,,,,,,,,,
2022092610,1630.0,1,0,0,0,0,0,0,0,0,4,0,,67,10,2022,5,40.0532,-75.1861,1609.0,6,0,0,0,0,0,1,0,1,,0,0,0.0,13,1,1,2,,0,40 03:11.690,,0,75 11:09.860,3,0,0,0,67301,0,0,0,N,0,0,0,2,67301,0,,1,1,,N,N,N,0,,1,0,0,0,0,,1330,1,2,0,0,0,0,1,3,4,1,2,3,3.0,N,,,,,,,,,,,
2022094615,1116.0,2,0,0,0,0,0,0,0,0,4,0,,67,10,2022,7,39.9225,-75.1459,1115.0,6,0,0,0,0,0,0,0,0,,0,0,0.0,22,3,2,1,,0,39 55:21.068,,0,75 08:45.172,8,0,0,0,67301,0,0,0,N,0,0,0,3,67301,0,,1,99,,N,N,N,0,,0,0,0,3,3,,2215,2,2,0,0,0,2,0,3,4,0,2,99,,N,,,,,,,,,,,
2022093798,45.0,1,0,0,0,0,0,0,0,0,8,0,,67,10,2022,7,39.9228,-75.1671,45.0,6,0,0,0,0,0,0,0,0,,0,0,0.0,19,3,1,0,N,0,39 55:22.020,,0,75 10:01.490,2,0,0,0,67301,1,0,1,N,1,0,1,2,67301,0,,1,1,,N,N,N,0,,0,1,0,0,0,,1915,1,2,0,0,1,0,0,3,4,0,1,3,3.0,N,,,,,,,,,,,
2022114519,1230.0,0,0,0,0,0,0,0,0,0,4,0,,67,11,2022,4,39.9867,-75.2086,1210.0,6,0,0,0,0,0,0,0,0,,0,0,0.0,12,1,0,3,,0,39 59:12.080,,2,75 12:30.990,0,0,0,0,67301,0,0,0,N,0,0,0,2,67301,0,,1,1,,N,N,N,0,,0,0,1,3,3,,1205,0,2,0,0,0,0,0,3,4,1,2,3,,N,,,,,,,,,,,
2022122780,1637.0,0,0,0,0,0,0,0,0,0,5,1,,67,12,2022,1,40.0213,-75.0449,1622.0,6,0,0,0,1,0,1,0,0,,0,1,0.0,16,4,1,0,N,0,40 01:16.650,,0,75 02:41.760,3,0,0,0,67301,0,0,0,N,0,0,0,2,67301,0,,1,1,,N,N,N,1,,1,0,0,0,0,,1600,1,3,0,0,0,0,0,3,4,1,3,3,,N,,,,,,,,,,,
2022124961,1722.0,0,0,0,0,0,0,0,0,0,5,0,,67,12,2022,5,40.0267,-75.0266,1722.0,6,0,0,0,0,0,1,0,0,,0,0,0.0,17,3,0,0,N,2,40 01:36.084,2.0,0,75 01:35.889,0,0,0,0,67301,0,0,0,N,0,0,0,2,68K01,0,,1,9,1745.0,N,N,N,1,,0,0,1,0,0,N,1713,0,2,0,0,0,0,0,3,4,0,2,7,,N,,,,,,,,,,,
2022115445,214.0,3,0,0,0,0,0,0,0,0,5,0,,67,11,2022,7,39.9904,-75.2334,209.0,6,0,0,0,0,0,1,0,0,,0,0,0.0,1,3,1,0,N,1,39 59:25.530,2.0,0,75 14:00.400,8,0,0,0,67301,0,0,0,N,0,0,0,1,67301,0,,6,9,320.0,N,N,N,0,,0,0,0,0,0,N,149,1,3,0,0,0,1,0,3,4,0,3,7,7.0,N,,,,,,,,,,,
2022107025,2102.0,1,0,0,0,0,0,0,0,0,4,0,,67,11,2022,1,40.0991,-74.9869,2051.0,6,0,0,0,0,0,1,0,1,,0,0,0.0,20,3,1,1,,0,40 05:56.927,,2,74 59:12.712,4,0,0,0,67301,0,0,0,N,0,0,0,3,67301,1,,1,1,,N,N,N,0,,0,0,1,3,2,,2030,1,2,0,0,0,0,0,3,4,0,2,3,3.0,N,,,,,,,,,,,
2022105794,817.0,1,0,0,0,0,0,0,0,0,4,0,,67,11,2022,4,39.9567,-75.1423,814.0,6,0,0,0,0,0,1,0,0,,0,0,0.0,8,1,0,5,,0,39 57:25.887,,2,75 08:31.307,0,0,0,0,67301,0,0,0,N,0,0,0,3,67301,0,,1,1,,N,N,N,1,,0,0,1,3,2,,813,0,3,0,0,0,0,0,3,4,0,3,3,3.0,N,,,,,,,,,,,
2022108091,1800.0,3,0,0,0,0,0,0,0,0,5,0,,67,11,2022,3,40.0256,-75.1783,1800.0,6,0,0,0,0,0,0,0,0,,0,0,0.0,18,3,0,0,N,0,40 01:32.080,,0,75 10:41.930,9,0,0,0,67301,0,0,0,N,0,0,0,3,67301,0,,1,9,,N,N,N,0,,0,0,0,0,0,,1800,0,3,0,0,0,0,1,3,4,0,3,7,,N,,,,,,,,,,,
2022105526,1035.0,1,0,0,0,0,0,0,0,0,4,0,,67,11,2022,6,40.0075,-75.1503,1030.0,6,0,0,0,0,0,0,0,0,,0,0,0.0,7,1,1,1,,0,40 00:26.992,,0,75 09:01.008,3,0,0,0,67301,0,0,0,N,0,0,0,2,67505,0,,1,1,,N,N,N,0,,1,0,1,3,2,,720,1,2,0,0,1,0,0,3,4,0,2,4,3.0,N,,,,,,,,,,,
2022108065,1828.0,1,0,0,0,0,0,0,0,0,4,0,,67,11,2022,3,40.0377,-75.0425,1828.0,6,0,0,1,1,0,0,0,0,,0,0,0.0,18,3,0,1,,0,40 02:15.762,,0,75 02:32.815,0,0,0,0,67301,0,0,0,N,0,0,0,2,67301,0,,1,9,,N,N,N,0,,0,0,1,3,2,,1828,0,2,0,0,2,0,0,3,4,0,2,7,,N,,,,,,,,,,,
2022122397,2211.0,2,0,0,0,0,0,0,0,0,4,0,,67,12,2022,6,40.0168,-75.0836,2210.0,6,0,0,0,0,0,0,0,0,,0,0,0.0,22,3,1,1,N,0,40 01:00.426,,7,75 05:00.999,3,0,0,0,67301,2,0,0,N,0,0,0,3,67301,0,,1,1,,N,N,N,0,,1,0,0,3,2,,2200,1,2,0,0,0,0,0,3,4,0,2,3,,N,,,,,,,,,,,
2022120490,1922.0,1,0,0,0,0,0,0,0,0,4,0,,67,11,2022,5,39.9578,-75.2253,1922.0,6,0,0,0,0,0,0,0,0,,0,0,0.0,19,3,0,0,N,1,39 57:28.236,1.0,7,75 13:31.160,0,0,0,0,67301,0,0,0,N,0,0,0,2,67301,0,,1,1,2030.0,N,N,N,0,,0,0,1,0,0,N,1922,0,2,0,0,2,0,0,3,4,0,2,3,3.0,N,,,,,,,,,,,
2022107518,1300.0,1,0,0,1,0,0,0,0,0,4,0,,67,11,2022,4,39.9573,-75.2479,1230.0,6,0,0,0,0,0,0,0,0,,0,0,0.0,11,1,1,1,,0,39 57:26.251,,0,75 14:52.347,3,0,0,0,67301,1,0,0,N,0,0,0,2,67301,0,,1,1,,N,N,N,0,,1,0,0,3,1,,1130,1,2,0,0,1,0,0,3,4,0,1,3,3.0,N,,,,,,,,,,,
2022108275,2122.0,1,0,0,0,0,0,0,0,0,1,0,,67,11,2022,5,39.9575,-75.2302,2118.0,6,0,0,0,0,0,0,0,0,,0,0,0.0,21,3,1,0,N,2,39 57:27.159,4.0,0,75 13:48.714,3,0,0,0,67301,0,0,0,N,0,0,0,1,67301,0,,6,1,2235.0,N,N,N,0,,1,0,2,0,0,Y,2117,1,3,0,0,0,0,0,3,4,0,3,3,3.0,N,,,,,,,,,,,
2022106268,1111.0,3,0,0,0,0,0,0,0,0,1,0,,67,11,2022,7,40.071,-75.1916,1056.0,6,0,0,0,0,1,1,0,0,,0,0,0.0,10,1,5,0,N,0,40 04:15.560,,0,75 11:29.660,4,0,0,0,67301,0,0,0,N,0,0,0,5,67301,5,,1,1,,N,N,N,0,,0,0,2,0,0,,1045,5,5,0,0,0,0,0,3,4,0,5,3,,N,,,,,,,,,,,
2022101851,1224.0,0,0,0,0,0,0,0,0,0,8,0,,67,10,2022,2,39.9877,-75.1558,1210.0,6,0,0,0,0,0,0,0,0,,0,0,0.0,12,8,1,0,N,0,39 59:15.807,,0,75 09:20.987,3,0,0,0,67301,1,0,0,N,1,0,0,2,67301,0,,1,1,,N,N,N,0,,1,0,1,0,0,,1209,1,2,0,0,1,0,0,3,4,0,1,3,4.0,N,,,,,,,,,,,
2022096741,834.0,1,0,0,0,0,0,0,0,0,4,0,,67,10,2022,6,39.9753,-75.2315,826.0,6,0,0,0,0,0,0,0,0,,0,0,0.0,8,1,1,1,,0,39 58:31.072,,0,75 13:53.331,4,0,0,0,67301,0,0,0,N,0,0,0,2,67301,1,,1,1,,N,N,N,0,,0,0,1,3,3,,820,1,2,0,0,0,0,0,3,4,0,2,3,,N,,,,,,,,,,,
2022097449,2055.0,0,0,0,0,0,0,0,0,0,8,0,,67,10,2022,6,39.9704,-75.2451,2049.0,6,0,0,0,0,0,0,0,0,,0,0,0.0,16,1,1,1,,0,39 58:13.333,,0,75 14:42.826,3,0,0,0,67301,1,0,0,N,1,0,0,2,67301,0,,1,1,,N,N,N,0,,1,0,0,3,2,,1606,1,2,0,0,0,0,0,3,4,0,1,3,3.0,N,,,,,,,,,,,
2022098902,610.0,0,0,0,0,0,0,0,0,0,4,0,,67,10,2022,7,40.0083,-75.1395,602.0,6,1,0,0,0,0,1,0,0,,0,0,0.0,5,1,1,1,,0,40 00:30.023,,0,75 08:22.358,2,0,1,1,67301,0,0,0,N,0,0,0,3,67301,0,,1,1,,N,N,N,0,,0,1,1,3,3,,552,1,2,0,0,0,0,0,3,4,0,2,3,3.0,N,,,,,,,,,,,
2022104463,2246.0,1,0,0,0,0,0,0,0,0,5,0,,67,10,2022,6,39.9739,-75.1186,2239.0,6,0,0,0,0,0,0,0,0,,0,0,0.0,22,3,0,0,N,1,39 58:26.169,1.0,0,75 07:07.018,0,0,0,0,67301,0,0,0,N,0,0,0,2,68K01,0,,1,1,2301.0,N,N,N,0,,0,0,1,0,0,N,2233,0,2,0,0,0,0,0,3,4,0,2,3,,N,,,,,,,,,,,
2022098737,220.0,3,0,0,0,0,0,0,0,0,1,0,,67,10,2022,7,40.0172,-75.1398,220.0,6,0,0,0,0,0,0,0,0,,0,0,0.0,2,3,0,0,N,0,40 01:02.000,,0,75 08:23.300,9,0,0,0,67301,0,0,0,N,0,0,0,1,67301,0,,6,9,,N,N,Y,0,,0,0,1,0,0,,215,0,4,0,0,0,0,1,3,4,0,4,7,,N,,,,,,,,,,,
2022107711,1353.0,0,0,0,0,0,0,0,0,0,4,0,,67,11,2022,7,39.9092,-75.1828,1348.0,6,0,0,0,0,0,1,0,0,,0,0,0.0,13,1,1,2,,0,39 54:33.195,,0,75 10:58.213,2,0,1,1,67301,0,0,0,N,0,0,0,3,67301,0,,1,1,,N,N,N,0,,0,1,1,3,3,,1347,1,2,0,0,0,0,0,3,4,0,2,3,3.0,N,,,,,,,,,,,
2022108274,1410.0,1,0,0,1,0,0,0,0,0,4,0,,67,11,2022,7,39.9674,-75.1796,1400.0,6,0,0,0,0,0,0,0,0,,0,0,0.0,12,1,1,1,,0,39 58:02.768,,0,75 10:46.516,8,0,0,0,67301,1,0,0,N,0,0,0,2,67301,0,,1,1,,N,N,N,0,,0,0,0,3,2,,1245,1,2,0,0,1,1,0,3,4,0,1,3,3.0,N,,,,,,,,,,,