CRN,ARRIVAL_TM,AUTOMOBILE_COUNT,BELTED_DEATH_COUNT,BELTED_SUSP_SERIOUS_INJ_COUNT,BICYCLE_COUNT,BICYCLE_DEATH_COUNT,BICYCLE_SUSP_SERIOUS_INJ_COUNT,BUS_COUNT,CHLDPAS_DEATH_COUNT,CHLDPAS_SUSP_SERIOUS_INJ_COUNT,COLLISION_TYPE,COMM_VEH_COUNT,CONS_ZONE_SPD_LIM,COUNTY,CRASH_MONTH,CRASH_YEAR,DAY_OF_WEEK,DEC_LAT,DEC_LONG,DISPATCH_TM,DISTRICT,DRIVER_COUNT_16YR,DRIVER_COUNT_17YR,DRIVER_COUNT_18YR,DRIVER_COUNT_19YR,DRIVER_COUNT_20YR,DRIVER_COUNT_50_64YR,DRIVER_COUNT_65_74YR,DRIVER_COUNT_75PLUS,EST_HRS_CLOSED,FATAL_COUNT,HEAVY_TRUCK_COUNT,HORSE_BUGGY_COUNT,HOUR_OF_DAY,ILLUMINATION,INJURY_COUNT,INTERSECT_TYPE,INTERSECTION_RELATED,LANE_CLOSED,LATITUDE,LN_CLOSE_DIR,LOCATION_TYPE,LONGITUDE,MAX_SEVERITY_LEVEL,MCYCLE_DEATH_COUNT,MCYCLE_SUSP_SERIOUS_INJ_COUNT,MOTORCYCLE_COUNT,MUNICIPALITY,NONMOTR_COUNT,NONMOTR_DEATH_COUNT,NONMOTR_SUSP_SERIOUS_INJ_COUNT,NTFY_HIWY_MAINT,PED_COUNT,PED_DEATH_COUNT,PED_SUSP_SERIOUS_INJ_COUNT,PERSON_COUNT,POLICE_AGCY,POSSIBLE_INJ_COUNT,RDWY_SURF_TYPE_CD,RELATION_TO_ROAD,ROAD_CONDITION,ROADWAY_CLEARED,SCH_BUS_IND,SCH_ZONE_IND,SECONDARY_CRASH,SMALL_TRUCK_COUNT,SPEC_JURIS_CD,SUSP_MINOR_INJ_COUNT,SUSP_SERIOUS_INJ_COUNT,SUV_COUNT,TCD_FUNC_CD,TCD_TYPE,TFC_DETOUR_IND,TIME_OF_DAY,TOT_INJ_COUNT,TOTAL_UNITS,UNB_DEATH_COUNT,UNB_SUSP_SERIOUS_INJ_COUNT,UNBELTED_OCC_COUNT,UNK_INJ_DEG_COUNT,UNK_INJ_PER_COUNT,URBAN_AREA,URBAN_RURAL,VAN_COUNT,VEHICLE_COUNT,WEATHER1,WEATHER2,WORK_ZONE_IND,WORK_ZONE_LOC,WORK_ZONE_TYPE,WORKERS_PRES,WZ_CLOSE_DETOUR,WZ_FLAGGER,WZ_LAW_OFFCR_IND,WZ_LN_CLOSURE,WZ_MOVING,WZ_OTHER,WZ_SHLDER_MDN,WZ_WORKERS_INJ_KILLED
2022112267,2010.0,0,0,0,0,0,0,0,0,0,8,0,,67,11,2022,6,39.9804,-75.1822,1958.0,6,0,0,0,0,0,0,0,0,,0,0,0.0,19,3,1,1,,0,39 58:49.337,,0,75 10:55.936,3,0,0,0,67301,1,0,0,N,1,0,0,2,67301,0,,1,1,,N,N,N,0,,1,0,1,3,2,,1956,1,2,0,0,1,0,0,3,4,0,1,3,3.0,N,,,,,,,,,,,
2022124480,1600.0,2,0,0,0,0,0,0,0,0,4,0,,67,11,2022,2,39.9606,-75.1414,1600.0,6,0,0,0,0,0,0,0,0,,0,0,0.0,0,3,1,1,,0,39 57:38.443,,0,75 08:29.016,3,0,0,0,67301,0,0,0,N,0,0,0,2,67301,0,,1,9,,N,N,N,0,,1,0,0,3,2,,1,1,2,0,0,0,0,1,3,4,0,2,7,3.0,N,,,,,,,,,,,
2022120121,1159.0,1,0,0,0,0,0,0,0,0,1,0,,67,12,2022,7,40.1316,-75.0118,1155.0,6,0,0,0,0,0,0,2,0,,0,0,0.0,11,1,1,0,Y,1,40 07:53.605,4.0,0,75 00:42.408,3,0,0,0,67301,0,0,0,N,0,0,0,4,67301,0,,1,1,1210.0,N,N,N,0,,1,0,1,3,2,N,1154,1,4,0,0,0,0,0,3,4,2,4,3,3.0,N,,,,,,,,,,,
2022109189,1338.0,1,0,0,0,0,0,0,0,0,4,0,,67,11,2022,4,40.0567,-75.0113,1332.0,6,0,0,0,0,0,0,0,0,,0,0,0.0,13,1,1,2,,1,40 03:24.378,4.0,0,75 00:40.965,4,0,0,1,67301,0,0,0,N,0,0,0,2,67301,1,,1,1,30.0,N,N,N,0,,0,0,0,0,0,Y,1320,1,2,0,0,0,0,0,3,4,0,2,3,3.0,N,,,,,,,,,,,
2022113184,1.0,0,0,0,0,0,0,0,0,0,8,0,,67,11,2022,4,39.9476,-75.2159,1.0,6,0,0,0,0,0,0,0,0,,0,0,0.0,17,3,1,2,,0,39 56:51.334,,0,75 12:57.232,3,0,0,0,67301,1,0,0,N,1,0,0,2,67301,0,,1,99,,N,N,N,0,,1,0,0,0,0,,1730,1,2,0,0,0,0,0,3,4,0,1,3,3.0,N,,,,,,,,,,,
2022121937,2129.0,2,0,0,0,0,0,0,0,0,4,0,,67,12,2022,7,39.9615,-75.1517,2129.0,6,0,0,0,0,0,1,0,0,,0,0,0.0,21,3,1,1,,0,39 57:41.278,,0,75 09:06.199,4,0,0,0,67301,0,0,0,N,0,0,0,2,67301,1,,5,1,,N,N,N,0,,0,0,0,3,1,,2129,1,2,0,0,0,0,0,3,4,0,2,3,3.0,N,,,,,,,,,,,
2022105985,1410.0,0,0,0,0,0,0,0,0,0,5,0,99.0,67,11,2022,4,40.0181,-75.1701,1337.0,6,0,0,0,0,0,0,0,0,,0,0,0.0,13,1,0,0,N,0,40 01:05.168,,0,75 10:12.393,0,0,0,0,67301,0,0,0,N,0,0,0,2,67301,0,,1,1,,N,N,N,1,,0,0,1,0,0,,1314,0,2,0,0,0,0,0,3,4,0,2,3,,Y,4.0,1.0,U,,,U,Y,,,,N
2022108060,2218.0,0,0,0,0,0,0,0,0,0,4,0,,67,11,2022,6,39.9549,-75.1511,2218.0,6,0,0,0,0,0,1,0,0,,0,0,0.0,22,3,0,1,,1,39 57:17.490,1.0,0,75 09:04.096,0,0,0,0,67301,0,0,0,N,0,0,0,3,67301,0,,1,9,1100.0,N,N,N,0,,0,0,2,3,1,N,2218,0,2,0,0,3,0,0,3,4,0,2,7,7.0,N,,,,,,,,,,,
2022107174,2329.0,1,0,0,0,0,0,0,0,0,5,0,,67,11,2022,1,40.0239,-75.165,2359.0,6,0,0,0,0,0,0,0,0,,0,0,0.0,23,3,0,0,N,0,40 01:26.105,,0,75 09:53.921,0,0,0,0,67301,0,0,0,N,0,0,0,1,67301,0,,6,1,,N,N,N,0,,0,0,1,0,0,,2301,0,2,0,0,0,0,0,3,4,0,2,3,3.0,N,,,,,,,,,,,
2022120320,2023.0,0,0,0,0,0,0,0,0,0,8,0,,67,12,2022,7,39.9254,-75.2346,2023.0,6,0,0,0,0,0,0,1,0,,0,0,0.0,20,3,1,0,N,0,39 55:31.550,,0,75 14:04.380,8,0,0,0,67301,1,0,0,N,1,0,0,2,67301,0,,1,1,,N,N,N,0,,0,0,1,0,0,,2023,1,2,0,0,1,1,0,3,4,0,1,3,3.0,N,,,,,,,,,,,
2022109186,1628.0,3,0,0,0,0,0,0,0,0,4,0,,67,11,2022,4,40.0377,-75.076,1628.0,6,0,0,0,0,0,0,0,0,,0,0,0.0,15,1,1,2,,0,40 02:15.547,,0,75 04:33.430,3,0,0,0,67301,0,0,0,N,0,0,0,2,67301,0,,1,1,,N,N,N,0,,1,0,0,3,3,,1541,1,3,0,0,1,0,0,3,4,0,3,3,3.0,N,,,,,,,,,,,
2022120316,1350.0,0,0,0,0,0,0,0,0,0,1,0,,67,12,2022,7,39.9027,-75.2006,1336.0,6,0,0,0,1,0,0,1,0,,0,0,0.0,13,1,1,0,N,0,39 54:09.598,,3,75 12:02.108,3,0,0,0,67301,0,0,0,N,0,0,0,3,67301,0,,1,1,,N,N,N,0,,1,0,3,3,2,,1330,1,3,0,0,1,0,0,3,4,0,3,3,3.0,N,,,,,,,,,,,
2022105489,1545.0,1,0,0,0,0,0,0,0,0,1,0,,67,11,2022,5,40.0068,-75.1934,1536.0,6,0,0,0,0,0,1,0,0,,0,0,0.0,12,1,1,0,N,0,40 00:24.590,,3,75 11:36.277,8,0,0,0,67301,0,0,0,N,0,0,0,3,67301,0,,1,1,,N,N,N,0,,0,0,0,0,0,,1240,1,2,0,0,1,1,0,3,4,1,2,3,3.0,N,,,,,,,,,,,
2022094008,1650.0,3,0,0,0,0,0,0,0,0,5,0,,67,10,2022,3,39.9797,-75.1538,1645.0,6,0,0,0,0,0,0,0,0,,0,0,0.0,16,1,0,0,N,1,39 58:46.900,2.0,0,75 09:13.700,0,0,0,0,67301,0,0,0,N,0,0,0,2,67505,0,,6,1,1700.0,N,N,N,0,,0,0,1,0,0,N,1645,0,4,0,0,0,0,0,3,4,0,4,3,3.0,N,,,,,,,,,,,
2022096763,1207.0,1,0,0,0,0,0,0,0,0,4,0,,67,10,2022,5,39.9968,-75.1034,1207.0,6,0,0,0,0,0,0,0,0,,0,0,0.0,12,1,2,1,,1,39 59:48.460,6.0,0,75 06:12.128,3,0,0,0,67301,0,0,0,N,0,0,0,3,67301,0,,1,1,1300.0,N,N,N,0,,2,0,0,3,2,Y,1202,2,2,0,0,0,0,0,3,4,1,2,3,3.0,N,,,,,,,,,,,
2022093810,100.0,2,0,0,0,0,0,0,0,0,1,0,,67,10,2022,2,39.9412,-75.2094,51.0,6,0,0,0,0,0,0,0,0,,0,0,0.0,0,3,0,1,,0,39 56:28.690,,0,75 12:33.806,0,0,0,0,67301,0,0,0,N,0,0,0,3,67301,0,,1,1,,N,N,N,0,,0,0,1,3,2,,12,0,3,0,0,2,0,0,3,4,0,3,3,3.0,N,,,,,,,,,,,
2022106159,1801.0,2,0,0,0,0,0,0,0,0,4,0,,67,10,2022,4,39.9532,-75.2365,1757.0,6,0,0,0,0,0,0,0,0,,0,0,0.0,17,1,1,1,,0,39 57:11.674,,0,75 14:11.507,8,0,0,0,67301,0,0,0,N,0,0,0,3,67301,0,,1,1,,N,N,N,0,,0,0,0,3,2,,1735,1,2,0,0,0,1,1,3,4,0,2,3,3.0,N,,,,,,,,,,,
2022098728,1000.0,0,0,0,0,0,0,0,0,0,8,0,,67,10,2022,2,39.9337,-75.2315,956.0,6,0,0,0,0,0,1,0,0,,0,0,0.0,9,1,1,1,,0,39 56:01.190,,0,75 13:53.533,3,0,0,0,67301,1,0,0,N,1,0,0,2,67301,0,,1,1,,N,N,N,1,,1,0,0,0,0,,956,1,2,0,0,1,0,0,3,4,0,1,3,3.0,N,,,,,,,,,,,
2022098154,1435.0,1,0,0,0,0,0,0,0,0,4,0,,67,10,2022,7,39.9443,-75.2444,1429.0,6,0,0,0,0,0,1,1,0,,0,0,0.0,13,1,3,3,,0,39 56:39.693,,0,75 14:39.762,3,0,0,0,67301,0,0,0,N,0,0,0,3,67301,0,,1,1,,N,N,N,0,,3,0,1,0,0,,1310,3,2,0,0,0,0,0,3,4,0,2,3,,N,,,,,,,,,,,
2022093806,1355.0,1,0,0,0,0,0,0,0,0,4,0,,67,10,2022,7,39.9159,-75.2453,1347.0,6,0,0,0,0,0,0,0,0,,0,0,0.0,13,1,1,2,,0,39 54:57.295,,0,75 14:43.230,3,0,0,0,67301,0,0,0,N,0,0,0,2,67301,0,,1,1,,N,N,N,0,,1,0,1,0,0,,1345,1,2,0,0,0,0,0,3,4,0,2,3,3.0,N,,,,,,,,,,,
2022095344,421.0,2,0,0,0,0,0,0,0,0,2,0,,67,10,2022,6,40.0202,-75.1133,421.0,6,0,0,0,0,0,0,0,0,,0,0,0.0,4,3,0,0,N,0,40 01:12.610,,0,75 06:47.730,0,0,0,0,67301,0,0,0,N,0,0,0,1,67301,0,,6,1,,N,N,N,0,,0,0,1,0,0,,421,0,3,0,0,1,0,0,3,4,0,3,4,,N,,,,,,,,,,,
2022108076,620.0,2,0,0,0,0,0,0,0,0,6,0,,67,10,2022,4,40.0121,-75.1099,617.0,6,0,0,0,0,0,0,0,0,,0,0,0.0,5,3,0,0,N,0,40 00:43.380,,0,75 06:35.770,0,0,0,0,67301,0,0,0,N,0,0,0,1,67301,0,,6,1,,N,N,N,0,,0,0,1,0,0,,541,0,3,0,0,1,0,0,3,4,0,3,3,98.0,N,,,,,,,,,,,
2022122792,1708.0,0,0,0,0,0,0,0,0,0,4,0,,67,12,2022,5,39.9879,-75.1822,1707.0,6,0,0,0,0,0,0,0,0,,0,0,0.0,17,3,1,5,,0,39 59:16.475,,0,75 10:56.036,3,0,0,0,67301,0,0,0,N,0,0,0,2,67301,0,,1,9,,N,N,N,0,,1,0,0,3,2,,1700,1,2,0,0,0,0,1,3,4,1,2,7,7.0,N,,,,,,,,,,,
2022112914,130.0,2,0,0,0,0,0,0,0,0,4,0,,67,11,2022,1,39.9752,-75.1882,124.0,6,0,0,0,0,0,0,0,0,,0,0,0.0,1,3,3,1,,0,39 58:30.584,,0,75 11:17.385,3,0,0,0,67301,0,0,0,N,0,0,0,3,67301,1,,1,9,,N,N,N,0,,2,0,0,3,2,,110,3,2,0,0,0,0,0,3,4,0,2,7,7.0,N,,,,,,,,,,,
2022106189,2347.0,1,0,0,0,0,0,0,0,0,2,0,,67,11,2022,7,39.9556,-75.1895,2344.0,6,0,0,0,0,0,1,1,0,,0,0,0.0,23,3,4,1,,1,39 57:20.190,3.0,0,75 11:22.130,4,0,0,0,67301,0,0,0,N,0,0,0,4,67507,4,,1,9,19.0,N,N,N,0,,0,0,1,3,2,N,2340,4,2,0,0,0,0,0,3,4,0,2,3,3.0,N,,,,,,,,,,,
2022119269,1620.0,0,0,0,0,0,0,0,0,0,1,0,,67,12,2022,5,40.0596,-74.9924,1600.0,6,0,0,0,0,0,1,0,0,,0,0,0.0,13,1,1,0,N,0,40 03:34.557,,0,74 59:32.634,3,0,0,0,67301,0,0,0,N,0,0,0,5,67301,0,,1,9,,N,N,N,0,,1,0,1,0,0,,1350,1,2,0,0,0,0,1,3,4,1,2,7,4.0,N,,,,,,,,,,,
2022120123,1625.0,0,0,0,0,0,0,0,0,0,8,0,,67,12,2022,6,39.9387,-75.2243,1621.0,6,0,0,0,0,0,0,0,0,,0,0,0.0,8,1,1,1,,0,39 56:19.388,,0,75 13:27.483,3,0,0,0,67301,1,0,0,N,1,0,0,2,67301,0,,1,99,,N,N,N,0,,1,0,0,9,2,,815,1,2,0,0,0,0,1,3,4,1,1,99,,N,,,,,,,,,,,
2022119261,1723.0,1,0,0,0,0,0,0,0,0,4,0,,67,12,2022,5,40.0356,-75.081,1717.0,6,0,0,0,0,0,1,0,0,,0,0,0.0,17,3,2,1,,0,40 02:08.334,,0,75 04:51.654,3,0,0,0,67301,0,0,0,N,0,0,0,3,67301,0,,1,9,,N,N,N,0,,2,0,1,3,2,,1715,2,2,0,0,0,0,0,3,4,0,2,7,7.0,N,,,,,,,,,,,
2022107718,1711.0,1,0,0,0,0,0,0,0,0,8,0,,67,11,2022,3,39.9428,-75.2242,1711.0,6,0,0,0,0,0,0,0,0,,0,0,0.0,17,4,1,1,,0,39 56:34.173,,0,75 13:26.979,8,0,0,0,67301,1,0,0,N,1,0,0,2,67301,0,,1,9,,N,N,N,0,,0,0,0,3,3,,1708,1,2,0,0,0,1,0,3,4,0,1,7,,N,,,,,,,,,,,
2022106271,1617.0,0,0,0,0,0,0,0,0,0,8,0,,67,10,2022,4,39.9995,-75.1159,1448.0,6,0,0,0,0,0,0,0,0,,0,0,0.0,14,1,1,0,N,0,39 59:58.300,,0,75 06:57.210,3,0,0,0,67301,1,0,0,N,1,0,0,2,67301,0,,1,1,,N,N,N,0,,1,0,1,0,0,,1445,1,2,0,0,0,0,0,3,4,0,1,3,3.0,N,,,,,,,,,,,
2022095559,233.0,2,0,0,0,0,0,0,0,0,1,0,,67,10,2022,1,40.0167,-75.0512,233.0,6,0,0,0,0,1,0,0,0,,0,0,0.0,2,3,0,0,N,0,40 00:59.953,,0,75 03:04.346,0,0,0,0,67301,0,0,0,N,0,0,0,2,68K01,0,,1,1,,N,N,N,0,,0,0,0,0,0,,233,0,2,0,0,0,0,0,3,4,0,2,3,3.0,N,,,,,,,,,,,
2022093796,1615.0,1,0,0,0,0,0,0,0,0,7,0,,67,10,2022,7,39.9412,-75.1454,1610.0,6,0,0,0,0,0,0,0,0,,0,0,0.0,12,1,0,0,N,0,39 56:28.140,,0,75 08:43.260,9,0,0,0,67301,0,0,0,N,0,0,0,1,67301,0,,6,1,,N,N,N,0,,0,0,1,0,0,,1230,0,2,0,0,0,0,1,3,4,0,2,3,3.0,N,,,,,,,,,,,
2022097735,1700.0,0,0,0,0,0,0,0,0,0,5,0,,67,10,2022,7,39.8927,-75.235,1653.0,6,0,0,0,0,0,0,0,0,,0,0,0.0,16,1,0,0,N,2,39 53:33.595,2.0,0,75 14:06.027,0,0,0,0,67301,0,0,0,Y,0,0,0,2,68K01,0,,1,1,1830.0,N,N,N,0,,0,0,2,0,0,N,1651,0,2,0,0,0,0,0,3,4,0,2,3,,N,,,,,,,,,,,
2022093079,2354.0,1,0,0,0,0,0,0,0,0,1,0,,67,10,2022,6,,,2352.0,6,0,0,0,0,0,0,0,0,,0,0,0.0,23,3,2,0,N,2,,3.0,3,,3,0,0,0,67301,0,0,0,N,0,0,0,4,67501,0,,1,1,34.0,N,N,N,0,,2,0,0,3,8,N,2352,2,2,0,0,0,0,0,3,3,1,2,4,4.0,N,,,,,,,,,,,
2022093067,1649.0,2,0,0,0,0,0,0,0,0,4,0,,67,10,2022,6,40.0445,-75.1931,1649.0,6,0,0,0,0,0,0,0,0,,0,0,0.0,16,1,1,1,,1,40 02:40.301,2.0,0,75 11:35.235,3,0,0,0,67301,0,0,0,N,0,0,0,2,67301,0,,1,1,1820.0,N,N,N,0,,1,0,0,3,2,N,1647,1,2,0,0,0,0,0,3,4,0,2,3,,N,,,,,,,,,,,
2022094152,505.0,2,0,0,0,0,0,0,0,0,4,0,,67,10,2022,7,40.0277,-75.11,455.0,6,0,0,0,0,0,1,0,0,,0,0,0.0,4,3,1,1,,0,40 01:39.827,,0,75 06:35.893,4,0,0,0,67301,0,0,0,N,0,0,0,2,67301,1,,1,9,,N,N,N,0,,0,0,0,3,2,,450,1,2,0,0,1,0,0,3,4,0,2,7,7.0,N,,,,,,,,,,,
2022093662,2051.0,1,0,0,0,0,0,0,0,0,6,0,,67,10,2022,1,40.0442,-75.1497,2046.0,6,0,0,0,0,0,0,0,0,,0,0,0.0,20,3,0,0,N,0,40 02:39.180,,0,75 08:58.820,9,0,0,0,67301,0,0,0,N,0,0,0,7,67301,0,,1,1,,N,N,N,0,,0,0,1,0,0,,2030,0,3,0,0,0,0,6,3,4,0,3,3,3.0,N,,,,,,,,,,,
2022097573,1701.0,2,0,0,0,0,0,0,0,0,4,0,,67,10,2022,7,39.9354,-75.1547,1701.0,6,0,0,0,0,0,1,0,0,,0,0,0.0,12,1,2,0,N,0,39 56:07.300,,7,75 09:16.900,3,0,0,0,67301,0,0,0,N,0,0,0,3,67301,0,,1,1,,N,N,N,0,,2,0,0,0,0,,1200,2,2,0,0,0,0,1,3,4,0,2,3,,N,,,,,,,,,,,
2022095737,1415.0,1,0,0,0,0,0,0,0,0,1,0,,67,10,2022,6,40.0251,-75.139,1416.0,6,0,0,0,0,0,0,1,0,,0,0,0.0,14,1,0,1,,1,40 01:30.187,1.0,0,75 08:20.461,0,0,0,0,67301,0,0,0,N,0,0,0,2,67301,0,,1,1,1530.0,N,N,N,0,,0,0,1,3,2,N,1413,0,2,0,0,1,0,0,3,4,0,2,3,,N,,,,,,,,,,,
2022093802,218.0,0,0,0,0,0,0,0,0,0,1,0,,67,10,2022,6,39.8946,-75.2296,218.0,6,0,0,0,0,0,0,0,0,,0,0,0.0,2,3,0,3,,0,39 53:40.896,,0,75 13:46.117,0,0,0,0,67301,0,0,0,N,0,0,0,2,67301,0,,1,1,,N,N,N,0,,0,0,1,3,2,,209,0,2,0,0,1,0,0,3,4,0,2,3,3.0,N,,,,,,,,,,,
2022093418,2013.0,0,0,0,0,0,0,0,0,0,0,0,,67,10,2022,6,40.0402,-75.1444,2012.0,6,0,0,0,0,0,0,0,0,,0,0,0.0,20,3,1,0,N,0,40 02:24.632,,0,75 08:39.753,3,0,0,1,67301,0,0,0,N,0,0,0,1,67301,0,,1,1,,N,N,N,0,,1,0,0,0,0,,2011,1,2,0,0,0,0,0,3,4,0,1,3,3.0,N,,,,,,,,,,,
2022104963,254.0,2,0,0,0,0,0,0,0,0,4,0,,67,10,2022,7,39.9968,-75.1538,248.0,6,0,0,1,0,0,0,0,0,,0,0,0.0,2,3,3,1,,0,39 59:48.618,,0,75 09:13.788,3,0,0,0,67301,0,0,0,N,0,0,0,4,67301,0,,1,9,,N,N,N,0,,3,0,0,3,2,,238,3,2,0,0,0,0,0,3,4,0,2,7,7.0,N,,,,,,,,,,,
2022092509,1000.0,2,0,0,0,0,0,0,0,0,4,0,,67,10,2022,5,40.0455,-75.0952,957.0,6,0,0,0,0,0,0,1,0,,0,0,0.0,9,1,0,1,,0,40 02:43.961,,0,75 05:42.557,9,0,0,0,67301,0,0,0,N,0,0,0,2,67301,0,,1,1,,N,N,N,0,,0,0,0,3,3,,900,0,2,0,0,0,0,1,3,4,0,2,3,4.0,N,,,,,,,,,,,
2022125113,1825.0,0,0,0,0,0,0,0,0,0,8,0,,67,12,2022,5,40.0224,-75.1588,1822.0,6,0,0,0,0,0,0,0,0,,0,0,0.0,18,3,1,0,N,0,40 01:20.796,,0,75 09:31.569,8,0,0,0,67301,1,0,0,N,1,0,0,2,67301,0,,1,1,,N,N,N,0,,0,0,0,0,0,,1815,1,2,0,0,0,1,0,3,4,0,1,3,3.0,N,,,,,,,,,,,
2022095341,1957.0,0,0,0,0,0,0,0,0,0,1,0,,67,10,2022,5,39.9452,-75.1418,1954.0,6,0,0,0,0,0,1,0,0,,0,0,0.0,19,4,1,2,,0,39 56:42.548,,0,75 08:31.305,8,0,0,0,67301,0,0,0,N,0,0,0,2,67301,0,,1,9,,N,N,N,0,,0,0,0,3,2,,1907,1,2,0,0,0,1,0,3,4,1,2,7,,N,,,,,,,,,,,
2022096742,1136.0,1,0,0,0,0,0,0,0,0,5,0,,67,10,2022,6,39.9822,-75.2399,1125.0,6,0,0,0,0,0,0,0,0,,0,0,0.0,8,1,0,0,N,0,39 58:56.058,,0,75 14:23.550,0,0,0,0,67301,0,0,0,N,0,0,0,1,67301,0,,6,1,,Y,N,N,0,,0,0,1,0,0,,844,0,3,0,0,0,0,0,3,4,1,3,3,,N,,,,,,,,,,,
2022096744,940.0,1,0,0,0,0,0,0,0,0,5,0,,67,10,2022,6,39.9945,-75.1694,933.0,6,0,0,0,0,0,0,0,0,,0,0,0.0,9,1,2,0,N,0,39 59:40.280,,0,75 10:09.930,3,0,0,0,67301,2,0,0,N,1,0,0,3,67301,0,,6,1,,N,N,N,0,,2,0,0,0,0,,932,2,3,0,0,0,0,1,3,4,1,2,3,,N,,,,,,,,,,,
2022101445,340.0,1,0,0,0,0,0,0,0,0,5,0,,67,10,2022,3,39.9456,-75.1535,334.0,6,0,0,0,0,0,0,0,0,,0,0,0.0,3,3,0,0,N,0,39 56:44.100,,0,75 09:12.590,0,0,0,0,67301,0,0,0,N,0,0,0,1,67301,0,,6,1,,N,N,N,0,,0,0,2,0,0,,330,0,3,0,0,1,0,0,3,4,0,3,3,3.0,N,,,,,,,,,,,
2022096743,1426.0,1,0,0,0,0,0,0,0,0,4,0,,67,10,2022,1,39.9927,-75.1682,1425.0,6,0,0,0,0,1,0,0,0,,0,0,0.0,14,1,2,1,,0,39 59:33.629,,0,75 10:05.592,3,0,0,0,67301,0,0,0,N,0,0,0,5,67301,0,,1,1,,N,N,N,0,,2,0,1,3,2,,1420,2,2,0,0,0,0,0,3,4,0,2,3,3.0,N,,,,,,,,,,,
2022094161,220.0,0,0,0,0,0,0,0,0,0,4,0,,67,10,2022,1,39.9665,-75.1417,215.0,6,0,0,0,0,0,1,0,0,,0,0,0.0,2,3,1,1,,0,39 57:59.576,,0,75 08:30.094,4,0,0,0,67301,0,0,0,N,0,0,0,4,67301,1,,1,1,,N,N,N,0,,0,0,2,3,3,,200,1,2,0,0,0,0,0,3,4,0,2,3,3.0,N,,,,,,,,,,,
2022098060,329.0,1,0,0,0,0,0,0,0,0,5,0,,67,10,2022,6,39.9875,-75.1625,328.0,6,0,0,0,0,0,0,0,0,,0,0,0.0,3,3,0,0,N,2,39 59:15.110,1.0,0,75 09:45.130,0,0,0,0,67301,0,0,0,N,0,0,0,1,67301,0,,6,9,545.0,N,N,N,0,,0,0,1,0,0,Y,300,0,3,0,0,0,0,0,3,4,1,3,7,,N,,,,,,,,,,,
2022102163,812.0,2,0,0,0,0,0,0,0,0,1,0,,67,10,2022,5,39.9947,-75.0838,800.0,6,0,0,0,0,0,0,1,0,,0,0,0.0,8,1,1,0,N,1,39 59:40.839,1.0,0,75 05:01.520,3,0,0,0,67301,0,0,0,N,0,0,0,2,68K01,0,,1,1,827.0,N,N,N,0,,1,0,0,0,0,N,800,1,2,0,0,0,0,0,3,4,0,2,3,,N,,,,,,,,,,,
2022103700,1848.0,0,0,0,0,0,0,0,0,0,8,0,,67,9,2022,6,40.0108,-75.1505,1837.0,6,0,0,0,0,0,0,0,0,,0,0,0.0,15,1,1,0,N,0,40 00:38.800,,0,75 09:01.810,3,0,0,0,67301,1,0,0,N,1,0,0,2,67301,0,,1,99,,N,N,N,0,,1,0,0,0,0,,1500,1,2,0,0,0,0,0,3,4,0,1,99,3.0,N,,,,,,,,,,,
2022093660,1909.0,3,0,0,0,0,0,0,0,0,2,0,,67,10,2022,5,40.0474,-75.1551,1909.0,6,0,0,0,0,0,0,0,0,,0,0,0.0,19,4,2,0,N,2,40 02:50.480,6.0,0,75 09:18.450,3,0,0,0,67301,0,0,0,N,0,0,0,2,67301,0,,1,1,200.0,N,N,N,0,,2,0,1,0,0,Y,1909,2,4,0,0,0,0,0,3,4,0,4,3,3.0,N,,,,,,,,,,,
2022092150,1634.0,1,0,0,0,0,0,0,0,0,0,0,,67,10,2022,4,39.9334,-75.1616,1634.0,6,0,0,0,0,0,0,0,0,,0,0,0.0,16,1,1,0,N,2,39 56:00.100,3.0,0,75 09:41.700,3,0,0,1,67301,0,0,0,N,0,0,0,1,67301,0,,1,9,1800.0,N,N,N,0,,1,0,0,0,0,Y,1633,1,2,0,0,0,0,0,3,4,0,2,4,98.0,N,,,,,,,,,,,
2022095230,1615.0,0,0,0,0,0,0,0,0,0,4,0,,67,10,2022,4,40.0407,-75.0299,1615.0,6,0,0,1,0,0,0,0,0,,0,0,0.0,16,1,1,1,,0,40 02:26.574,,0,75 01:47.778,2,0,1,1,67301,0,0,0,N,0,0,0,4,67301,0,,1,1,,N,N,N,1,,0,1,0,3,3,,1615,1,2,0,0,0,0,0,3,4,0,2,3,3.0,N,,,,,,,,,,,
2022094270,335.0,2,0,0,0,0,0,0,0,0,4,0,,67,10,2022,2,40.0267,-75.0563,330.0,6,0,0,0,0,0,0,0,0,,0,0,0.0,2,3,0,1,,0,40 01:36.217,,0,75 03:22.736,0,0,0,0,67301,0,0,0,N,0,0,0,2,67301,0,,1,1,,N,N,N,0,,0,0,0,3,3,,252,0,2,0,0,1,0,0,3,4,0,2,3,3.0,N,,,,,,,,,,,
2022095577,1119.0,1,0,0,0,0,0,0,0,0,4,0,,67,10,2022,6,40.0032,-75.1525,1117.0,6,0,0,0,0,0,0,0,0,,0,0,0.0,11,8,1,5,,0,40 00:11.393,,0,75 09:08.837,4,0,0,1,67301,0,0,0,N,0,0,0,2,67301,1,,1,1,,N,N,N,0,,0,0,0,3,2,,1106,1,2,0,0,0,0,0,3,4,0,2,3,3.0,N,,,,,,,,,,,