CRN,ARRIVAL_TM,AUTOMOBILE_COUNT,BELTED_DEATH_COUNT,BELTED_SUSP_SERIOUS_INJ_COUNT,BICYCLE_COUNT,BICYCLE_DEATH_COUNT,BICYCLE_SUSP_SERIOUS_INJ_COUNT,BUS_COUNT,CHLDPAS_DEATH_COUNT,CHLDPAS_SUSP_SERIOUS_INJ_COUNT,COLLISION_TYPE,COMM_VEH_COUNT,CONS_ZONE_SPD_LIM,COUNTY,CRASH_MONTH,CRASH_YEAR,DAY_OF_WEEK,DEC_LAT,DEC_LONG,DISPATCH_TM,DISTRICT,DRIVER_COUNT_16YR,DRIVER_COUNT_17YR,DRIVER_COUNT_18YR,DRIVER_COUNT_19YR,DRIVER_COUNT_20YR,DRIVER_COUNT_50_64YR,DRIVER_COUNT_65_74YR,DRIVER_COUNT_75PLUS,EST_HRS_CLOSED,FATAL_COUNT,HEAVY_TRUCK_COUNT,HORSE_BUGGY_COUNT,HOUR_OF_DAY,ILLUMINATION,INJURY_COUNT,INTERSECT_TYPE,INTERSECTION_RELATED,LANE_CLOSED,LATITUDE,LN_CLOSE_DIR,LOCATION_TYPE,LONGITUDE,MAX_SEVERITY_LEVEL,MCYCLE_DEATH_COUNT,MCYCLE_SUSP_SERIOUS_INJ_COUNT,MOTORCYCLE_COUNT,MUNICIPALITY,NONMOTR_COUNT,NONMOTR_DEATH_COUNT,NONMOTR_SUSP_SERIOUS_INJ_COUNT,NTFY_HIWY_MAINT,PED_COUNT,PED_DEATH_COUNT,PED_SUSP_SERIOUS_INJ_COUNT,PERSON_COUNT,POLICE_AGCY,POSSIBLE_INJ_COUNT,RDWY_SURF_TYPE_CD,RELATION_TO_ROAD,ROAD_CONDITION,ROADWAY_CLEARED,SCH_BUS_IND,SCH_ZONE_IND,SECONDARY_CRASH,SMALL_TRUCK_COUNT,SPEC_JURIS_CD,SUSP_MINOR_INJ_COUNT,SUSP_SERIOUS_INJ_COUNT,SUV_COUNT,TCD_FUNC_CD,TCD_TYPE,TFC_DETOUR_IND,TIME_OF_DAY,TOT_INJ_COUNT,TOTAL_UNITS,UNB_DEATH_COUNT,UNB_SUSP_SERIOUS_INJ_COUNT,UNBELTED_OCC_COUNT,UNK_INJ_DEG_COUNT,UNK_INJ_PER_COUNT,URBAN_AREA,URBAN_RURAL,VAN_COUNT,VEHICLE_COUNT,WEATHER1,WEATHER2,WORK_ZONE_IND,WORK_ZONE_LOC,WORK_ZONE_TYPE,WORKERS_PRES,WZ_CLOSE_DETOUR,WZ_FLAGGER,WZ_LAW_OFFCR_IND,WZ_LN_CLOSURE,WZ_MOVING,WZ_OTHER,WZ_SHLDER_MDN,WZ_WORKERS_INJ_KILLED
2022100498,33.0,0,0,0,0,0,0,0,0,0,1,0,,67,10,2022,6,39.9579,-75.1621,33.0,6,0,0,0,1,0,0,0,0,,0,0,0.0,0,3,1,0,N,1,39 57:28.434,4.0,0,75 09:43.381,8,0,0,0,67301,0,0,0,N,0,0,0,2,68K01,0,,1,9,115.0,N,N,N,0,,0,0,2,0,0,N,31,1,2,0,0,0,1,0,3,4,0,2,7,7.0,N,,,,,,,,,,,
2022095007,1540.0,0,0,0,0,0,0,0,0,0,8,0,,67,10,2022,5,40.0501,-75.0642,1530.0,6,0,0,0,0,0,0,0,0,,0,0,0.0,9,1,1,1,,0,40 03:00.407,,0,75 03:51.286,8,0,0,0,67301,1,0,0,N,1,0,0,2,67301,0,,1,1,,N,N,N,0,,0,0,1,3,2,,900,1,2,0,0,0,1,0,3,4,0,1,4,,N,,,,,,,,,,,
2022099315,2132.0,1,0,0,0,0,0,0,0,0,7,0,,67,10,2022,5,39.9658,-75.2082,2132.0,6,0,0,0,0,0,0,0,0,,0,0,0.0,21,3,0,1,,0,39 57:57.045,,0,75 12:29.624,0,0,0,0,67301,0,0,0,N,0,0,0,2,67301,0,,4,9,,N,N,N,0,,0,0,0,3,3,,2131,0,1,0,0,2,0,0,3,4,0,1,7,7.0,N,,,,,,,,,,,
2022093655,658.0,0,0,0,0,0,0,0,0,0,7,0,,67,10,2022,2,40.0518,-75.1578,654.0,6,0,0,0,0,0,0,0,0,,0,0,0.0,6,1,1,0,N,0,40 03:06.600,,0,75 09:28.200,3,0,0,0,67301,1,0,0,N,1,0,0,2,67301,0,,4,1,,N,N,N,0,,1,0,1,0,0,,652,1,2,0,0,0,0,0,3,4,0,1,3,3.0,N,,,,,,,,,,,
2022102167,1420.0,0,0,0,0,0,0,0,0,0,5,0,,67,10,2022,7,39.9577,-75.1606,1406.0,6,0,0,0,0,0,0,0,0,,0,0,0.0,14,1,1,0,N,1,39 57:27.742,4.0,0,75 09:38.177,8,0,0,1,67301,0,0,0,N,0,0,0,2,68K01,0,,1,1,1454.0,N,N,N,0,,0,0,1,0,0,N,1406,1,2,0,0,0,1,0,3,4,0,2,3,,N,,,,,,,,,,,
2022096710,1044.0,1,0,0,0,0,0,0,0,0,1,0,,67,10,2022,5,39.896,-75.2154,1038.0,6,0,0,0,0,0,0,0,0,,0,0,0.0,10,1,2,0,N,2,39 53:45.721,3.0,3,75 12:55.331,4,0,0,0,67301,0,0,0,N,0,0,0,3,67301,2,,1,1,1120.0,N,N,Y,0,,0,0,2,0,0,N,1036,2,3,0,0,0,0,0,3,4,0,3,4,4.0,N,,,,,,,,,,,
2022111817,651.0,1,0,0,0,0,0,0,0,0,5,0,,67,10,2022,5,39.9636,-75.1389,646.0,6,0,0,0,0,1,0,0,0,,0,0,0.0,6,1,1,0,N,1,39 57:48.937,2.0,0,75 08:20.164,3,0,0,0,67301,0,0,0,N,0,0,0,2,68K01,0,,1,1,654.0,N,N,N,0,,1,0,1,0,0,N,644,1,2,0,0,0,0,0,3,4,0,2,3,,N,,,,,,,,,,,
2022115553,1202.0,1,0,0,0,0,0,0,0,0,5,0,,67,10,2022,7,39.9674,-75.1329,1157.0,6,0,0,0,0,0,0,0,0,,0,0,0.0,11,1,1,0,N,0,39 58:02.606,,0,75 07:58.464,2,0,1,1,67301,0,0,0,N,0,0,0,2,68K01,0,,1,1,,N,N,N,0,,0,1,0,0,0,,1155,1,2,0,0,0,0,0,3,4,0,2,3,,N,,,,,,,,,,,
2022093652,2250.0,1,0,0,0,0,0,0,0,0,7,0,,67,10,2022,7,40.0602,-75.191,2250.0,6,0,0,0,0,0,1,0,0,,0,0,0.0,20,3,0,2,,0,40 03:36.586,,0,75 11:27.771,9,0,0,0,67301,0,0,0,N,0,0,0,2,67301,0,,4,1,,N,N,N,0,,0,0,0,3,2,,2015,0,2,0,0,0,0,1,3,4,0,1,3,3.0,N,,,,,,,,,,,
2022125234,220.0,1,0,0,0,0,0,0,0,0,4,0,,67,12,2022,5,40.0535,-75.1563,215.0,6,0,0,0,0,0,0,0,0,,0,0,0.0,2,3,0,0,N,0,40 03:12.710,,0,75 09:22.540,9,0,0,0,67301,0,0,0,N,0,0,0,1,67301,0,,6,1,,N,N,N,0,,0,0,2,0,0,,200,0,3,0,0,0,0,1,3,4,0,3,3,,N,,,,,,,,,,,
2022101317,1924.0,0,0,1,0,0,0,0,0,0,7,0,45.0,67,10,2022,5,40.0032,-75.0777,1913.0,6,0,0,0,0,0,0,0,0,,0,0,0.0,18,3,1,0,N,0,40 00:11.392,,3,75 04:39.679,2,0,0,0,67301,0,0,0,N,0,0,0,3,68K01,0,,2,1,,N,N,N,0,,0,1,1,0,0,,1854,1,1,0,0,0,0,0,3,4,0,1,3,3.0,Y,8.0,1.0,N,,,N,,,,Y,N
2022125230,1317.0,0,0,0,0,0,0,0,0,0,8,0,,67,12,2022,7,39.9478,-75.2458,1313.0,6,0,0,0,0,0,0,0,0,,0,0,0.0,13,1,1,0,N,0,39 56:51.900,,0,75 14:44.730,3,0,0,0,67301,1,0,0,N,1,0,0,1,67301,0,,1,1,,N,N,N,0,,1,0,0,0,0,,1312,1,2,0,0,0,0,0,3,4,0,1,3,3.0,N,,,,,,,,,,,
2022093064,356.0,0,0,0,0,0,0,0,0,0,4,0,,67,10,2022,7,40.0353,-75.0252,351.0,6,0,0,0,0,0,0,1,0,,0,0,0.0,3,3,0,1,,0,40 02:07.013,,0,75 01:30.652,0,0,0,0,67301,0,0,0,N,0,0,0,2,67301,0,,1,9,,N,N,N,0,,0,0,2,3,2,,347,0,2,0,0,1,0,0,3,4,0,2,7,7.0,N,,,,,,,,,,,
2022095235,1045.0,0,0,0,0,0,0,0,0,0,7,0,,67,10,2022,5,40.0382,-75.1494,1041.0,6,0,0,0,0,0,0,0,1,,0,0,0.0,10,1,0,0,N,1,40 02:17.480,2.0,7,75 08:57.700,0,0,0,0,67301,0,0,0,N,0,0,0,1,67301,0,,4,9,1220.0,N,Y,N,0,,0,0,1,0,0,N,1038,0,1,0,0,0,0,0,3,4,0,1,7,4.0,N,,,,,,,,,,,
2022095010,1836.0,0,0,0,1,0,0,0,0,0,1,0,,67,10,2022,3,39.9138,-75.1485,1835.0,6,0,0,0,0,0,0,0,0,,0,0,0.0,11,1,1,0,N,0,39 54:49.746,,0,75 08:54.578,3,0,0,0,67301,1,0,0,N,0,0,0,2,67301,0,,1,1,,N,N,N,0,,1,0,0,9,2,,1100,1,2,0,0,0,0,1,3,4,0,1,3,3.0,N,,,,,,,,,,,
2022094263,1506.0,1,0,0,0,0,0,0,0,0,7,0,,67,10,2022,3,40.0399,-75.1648,1452.0,6,0,0,0,0,0,0,0,1,,0,0,0.0,13,1,1,2,,0,40 02:23.521,,0,75 09:53.452,8,0,0,0,67301,0,0,0,N,0,0,0,1,67301,0,,4,1,,N,N,N,0,,0,0,0,3,3,,1308,1,1,0,0,0,1,0,3,4,0,1,3,3.0,N,,,,,,,,,,,
2022108770,1332.0,0,0,0,0,0,0,0,0,0,4,0,,67,10,2022,3,40.0169,-75.1495,1230.0,6,0,0,0,0,1,0,0,0,,0,0,0.0,12,1,1,1,,0,40 01:00.678,,0,75 08:58.505,3,0,0,0,67301,0,0,0,N,0,0,0,3,67301,0,,1,1,,N,N,N,0,,1,0,2,3,2,,1227,1,3,0,0,1,0,0,3,4,1,3,3,3.0,N,,,,,,,,,,,
2022094556,852.0,1,0,0,0,0,0,0,0,0,7,0,,67,10,2022,1,39.9124,-75.1739,852.0,6,0,0,1,0,0,0,0,0,,0,0,0.0,8,1,0,7,,1,39 54:44.800,1.0,8,75 10:26.000,0,0,0,0,67301,0,0,0,N,0,0,0,2,67501,0,,4,1,932.0,N,N,N,0,,0,0,0,0,0,N,842,0,1,0,0,0,0,0,3,4,0,1,3,3.0,N,,,,,,,,,,,
2022102166,1145.0,1,0,0,0,0,0,0,0,0,1,0,,67,10,2022,7,40.0129,-75.0582,1139.0,6,0,0,0,0,0,1,0,0,,0,0,0.0,11,1,0,0,N,1,40 00:46.493,1.0,0,75 03:29.600,0,0,0,0,67301,0,0,0,N,0,0,0,3,68K01,0,,1,1,1150.0,N,N,N,1,,0,0,1,0,0,N,1134,0,3,0,0,0,0,0,3,4,0,3,3,,N,,,,,,,,,,,
2022098061,13.0,1,0,0,0,0,0,0,0,0,4,0,,67,10,2022,6,39.9884,-75.1854,2355.0,6,0,0,0,0,0,0,0,0,,0,0,0.0,23,3,1,1,,1,39 59:18.387,7.0,0,75 11:07.371,8,0,0,0,67301,0,0,0,N,0,0,0,3,67301,0,,1,1,204.0,N,N,N,0,,0,0,1,3,3,Y,2343,1,2,0,0,1,1,0,3,4,0,2,3,3.0,N,,,,,,,,,,,
2022095346,2005.0,1,0,0,0,0,0,0,0,0,8,0,,67,10,2022,2,40.0294,-75.1247,2005.0,6,0,0,0,0,0,0,0,0,,0,0,0.0,19,3,1,1,,0,40 01:45.919,,0,75 07:28.902,3,0,0,0,67301,1,0,0,N,1,0,0,2,67301,0,,1,1,,N,N,N,0,,1,0,0,3,2,,1940,1,2,0,0,1,0,0,3,4,0,1,3,,N,,,,,,,,,,,
2022096289,1741.0,1,0,0,0,0,0,0,0,0,7,0,,67,10,2022,6,39.8865,-75.2066,1730.0,6,0,0,0,0,0,0,0,0,,0,0,0.0,17,1,0,0,N,0,39 53:11.291,,3,75 12:23.753,0,0,0,0,67301,0,0,0,N,0,0,0,1,68K01,0,,4,1,,N,N,N,0,,0,0,0,0,0,,1727,0,1,0,0,0,0,0,3,4,0,1,3,3.0,N,,,,,,,,,,,
2022094148,805.0,0,0,0,0,0,0,0,0,0,4,0,,67,10,2022,3,40.0669,-75.0568,759.0,6,0,0,0,0,0,2,0,0,,0,0,0.0,7,1,2,1,,0,40 04:01.005,,0,75 03:24.580,3,0,0,0,67301,0,0,0,N,0,0,0,3,67301,0,,1,1,,N,N,N,0,,1,0,2,3,3,,741,2,2,0,0,1,1,0,3,4,0,2,3,,N,,,,,,,,,,,
2022095572,1218.0,2,0,0,0,0,0,0,0,0,4,0,,67,10,2022,7,40.0548,-75.169,1200.0,6,0,0,0,0,0,0,0,0,,0,0,0.0,11,1,1,1,,0,40 03:17.448,,0,75 10:08.248,3,0,0,0,67301,0,0,0,N,0,0,0,2,67301,0,,1,1,,N,N,N,0,,1,0,0,3,2,,1158,1,2,0,0,0,0,0,3,4,0,2,3,,N,,,,,,,,,,,
2022098059,1528.0,2,0,0,0,0,0,0,0,0,1,0,,67,10,2022,1,39.9975,-75.1818,1521.0,6,0,0,0,0,0,0,0,0,,0,0,0.0,15,1,0,2,,0,39 59:50.829,,0,75 10:54.442,9,0,0,0,67301,0,0,0,N,0,0,0,4,67301,0,,1,1,,N,N,N,0,,0,0,0,3,2,,1505,0,2,0,0,3,0,3,3,4,0,2,3,3.0,N,,,,,,,,,,,
2022093616,948.0,0,0,0,0,0,0,0,0,0,7,0,,67,10,2022,6,40.0006,-75.0858,939.0,6,0,0,0,0,0,0,0,0,,0,0,0.0,8,1,0,0,N,1,40 00:02.332,1.0,2,75 05:08.701,0,0,0,0,67301,0,0,0,N,0,0,0,1,68K01,0,,4,1,1000.0,N,N,N,0,,0,0,1,0,0,N,848,0,1,0,0,0,0,0,3,4,0,1,3,,N,,,,,,,,,,,
2022094158,200.0,1,0,0,0,0,0,0,0,0,4,0,,67,10,2022,2,39.9923,-75.1548,157.0,6,0,0,0,0,0,1,0,0,,0,0,0.0,1,6,1,2,,0,39 59:32.449,,0,75 09:17.320,3,0,0,0,67301,0,0,0,N,0,0,0,2,67301,0,,1,1,,N,N,N,0,,1,0,0,0,0,,155,1,2,0,0,1,0,0,3,4,0,2,3,3.0,N,,,,,,,,,,,
2022094518,1215.0,1,0,0,0,0,0,0,0,0,5,0,,67,10,2022,2,40.0808,-75.0286,6.0,6,0,0,0,0,0,0,0,0,,0,0,0.0,23,3,1,1,,1,40 04:50.725,1.0,0,75 01:42.964,4,0,0,0,67301,0,0,0,N,0,0,0,3,67301,1,,1,1,50.0,N,N,N,1,,0,0,1,3,2,N,2345,1,3,0,0,0,0,0,3,4,0,3,3,3.0,N,,,,,,,,,,,
2022095736,420.0,2,0,1,0,0,0,0,0,0,4,0,,67,10,2022,1,40.0364,-75.1305,414.0,6,0,0,0,0,0,1,0,0,,0,0,0.0,4,3,1,1,,0,40 02:11.169,,0,75 07:49.839,2,0,0,0,67301,0,0,0,N,0,0,0,2,67301,0,,1,1,,N,N,N,0,,0,1,0,3,2,,414,1,2,0,0,1,0,0,3,4,0,2,3,3.0,N,,,,,,,,,,,
2022097436,1520.0,2,0,0,0,0,0,0,0,0,4,0,,67,10,2022,6,39.9603,-75.1563,1512.0,6,0,0,0,0,0,1,0,0,,0,0,0.0,13,1,0,5,,0,39 57:36.946,,0,75 09:22.640,0,0,0,0,67301,0,0,0,N,0,0,0,2,67301,0,,1,1,,N,N,Y,0,,0,0,1,3,2,,1350,0,3,0,0,0,0,0,3,4,0,3,3,3.0,N,,,,,,,,,,,
2022095074,2255.0,1,0,0,0,0,0,0,0,0,4,0,,67,10,2022,2,39.9397,-75.2229,2235.0,6,0,0,0,0,0,0,0,0,,0,0,0.0,22,3,4,1,,0,39 56:22.826,,0,75 13:22.598,3,0,0,0,67301,0,0,0,N,0,0,0,6,67508,2,,1,1,,N,N,Y,0,,2,0,0,3,2,,2235,4,2,0,0,1,0,0,3,4,0,2,3,3.0,N,,,,,,,,,,,
2022096760,1040.0,2,0,0,0,0,0,0,0,0,4,0,,67,10,2022,3,39.9878,-75.0955,1040.0,6,0,0,0,0,0,0,1,0,,0,0,0.0,10,1,1,1,,0,39 59:16.231,,0,75 05:43.691,3,0,0,0,67301,0,0,0,N,0,0,0,2,67301,0,,1,1,,N,N,N,0,,1,0,0,3,3,,1033,1,2,0,0,0,0,0,3,4,0,2,3,3.0,N,,,,,,,,,,,
2022095487,640.0,0,0,0,0,0,0,0,0,0,4,0,,67,10,2022,6,39.9054,-75.1735,635.0,6,0,0,0,0,0,1,0,0,,0,0,0.0,6,5,1,5,,2,39 54:19.500,4.0,0,75 10:24.761,2,0,1,1,67301,0,0,0,N,0,0,0,2,67301,0,,1,1,900.0,N,N,N,0,,0,1,0,3,2,Y,630,1,2,0,0,0,0,0,3,4,1,2,3,3.0,N,,,,,,,,,,,
2022102829,1520.0,2,0,0,0,0,0,0,0,0,5,0,,67,10,2022,6,40.029,-75.0226,1449.0,6,0,0,0,0,0,0,0,0,,0,0,0.0,14,1,1,0,N,1,40 01:44.339,1.0,0,75 01:21.358,3,0,0,0,67301,0,0,0,N,0,0,0,2,68K01,0,,1,1,1649.0,N,N,N,0,,1,0,0,0,0,Y,1434,1,2,0,0,0,0,0,3,4,0,2,3,,N,,,,,,,,,,,
2022101608,1545.0,0,0,0,0,0,0,0,0,0,8,0,,67,10,2022,2,39.9659,-75.2203,1537.0,6,0,0,0,0,0,0,0,0,,0,0,0.0,22,3,1,1,,0,39 57:57.326,,0,75 13:13.062,3,0,0,0,67301,1,0,0,N,1,0,0,2,67301,0,,1,1,,N,N,N,0,,1,0,0,3,2,,2230,1,2,0,0,0,0,1,3,4,0,1,3,3.0,N,,,,,,,,,,,
2022096799,55.0,0,0,0,0,0,0,0,0,0,8,0,,67,10,2022,5,40.0259,-75.0432,45.0,6,0,0,0,0,0,0,0,0,,0,0,0.0,0,3,1,1,,0,40 01:33.389,,0,75 02:35.690,8,0,0,0,67301,1,0,0,N,1,0,0,2,67508,0,,1,1,,N,N,Y,0,,0,0,1,3,2,N,45,1,2,0,0,1,1,0,3,4,0,1,3,3.0,N,,,,,,,,,,,
2022094151,222.0,1,0,0,0,0,0,0,0,0,4,0,,67,10,2022,3,40.0724,-75.1579,220.0,6,0,0,0,0,1,0,0,0,,0,0,0.0,2,3,0,1,,0,40 04:20.625,,0,75 09:28.371,0,0,0,0,67301,0,0,0,N,0,0,0,2,67301,0,,1,1,,N,N,N,0,,0,0,1,3,2,,205,0,2,0,0,0,0,0,3,4,0,2,3,3.0,N,,,,,,,,,,,
2022095731,2135.0,1,0,0,0,0,0,0,0,0,4,0,,67,10,2022,6,40.0599,-75.0184,2123.0,6,0,0,0,0,0,0,0,0,,0,0,0.0,21,3,2,1,,0,40 03:35.733,,0,75 01:06.209,3,0,0,0,67301,0,0,0,N,0,0,0,4,67301,1,,1,1,,N,N,N,1,,1,0,0,2,2,,2101,2,2,0,0,4,0,0,3,4,0,2,3,,N,,,,,,,,,,,
2022102845,1440.0,1,0,0,0,0,0,0,0,0,5,0,,67,10,2022,5,39.96,-75.18,1440.0,6,0,0,0,0,0,1,0,0,,0,0,0.0,20,3,0,0,N,0,39 57:36.137,,3,75 10:48.102,0,0,0,1,67301,0,0,0,N,0,0,0,2,68K01,0,,1,9,,N,N,N,0,,0,0,0,0,0,,2000,0,2,0,0,0,0,0,3,4,0,2,7,,N,,,,,,,,,,,
2022093804,918.0,0,0,0,0,0,0,0,0,0,7,0,,67,10,2022,6,39.9429,-75.2375,916.0,6,0,0,0,0,0,1,0,0,,0,0,0.0,9,1,1,0,N,0,39 56:34.530,,0,75 14:15.150,3,0,0,0,67301,0,0,0,N,0,0,0,1,67301,0,,5,1,,N,N,N,0,,1,0,1,0,0,,916,1,1,0,0,0,0,0,3,4,0,1,3,3.0,N,,,,,,,,,,,
2022097030,1901.0,0,0,0,0,0,0,0,0,0,8,0,,67,10,2022,5,39.9803,-75.1463,1900.0,6,0,0,0,0,0,1,0,0,,0,0,0.0,18,3,1,1,,0,39 58:49.115,,0,75 08:46.737,3,0,0,0,67301,1,0,0,N,1,0,0,2,67301,0,,1,1,,N,N,N,1,,1,0,0,3,3,,1813,1,2,0,0,1,0,0,3,4,0,1,3,3.0,N,,,,,,,,,,,
2022096746,1546.0,1,0,0,0,0,0,0,0,0,4,0,,67,10,2022,6,39.9732,-75.159,1545.0,6,0,0,0,1,0,0,0,0,,0,0,0.0,14,1,0,1,,0,39 58:23.483,,0,75 09:32.415,0,0,0,0,67301,0,0,0,N,0,0,0,2,67301,0,,1,1,,N,N,N,0,,0,0,1,3,2,,1430,0,2,0,0,1,0,0,3,4,0,2,3,3.0,N,,,,,,,,,,,
2022095576,1950.0,1,0,0,0,0,0,0,0,0,1,0,,67,10,2022,6,40.0164,-75.1541,1942.0,6,0,0,0,0,0,1,0,0,,0,0,0.0,19,3,1,0,N,0,40 00:59.194,,0,75 09:14.905,3,0,0,0,67301,0,0,0,N,0,0,0,3,67301,0,,1,1,,N,N,N,0,,1,0,1,0,0,,1925,1,2,0,0,1,0,0,3,4,0,2,3,98.0,N,,,,,,,,,,,
2022093305,1924.0,1,0,0,0,0,0,0,0,0,7,0,,67,10,2022,1,39.954,-75.1403,1924.0,6,0,0,0,0,0,0,1,0,,0,0,0.0,19,3,1,0,N,2,39 57:14.500,4.0,3,75 08:25.000,3,0,0,0,67301,0,0,0,N,0,0,0,1,67501,0,,3,1,2005.0,N,N,N,0,,1,0,0,0,0,N,1924,1,1,0,0,0,0,0,3,4,0,1,3,,N,,,,,,,,,,,
2022095229,1948.0,1,0,0,0,0,0,0,0,0,4,0,,67,10,2022,3,40.028,-75.0574,1938.0,6,0,0,0,0,0,0,1,0,,0,0,0.0,19,3,1,1,,0,40 01:40.752,,0,75 03:26.701,3,0,0,0,67301,0,0,0,N,0,0,0,2,67301,0,,1,1,,N,N,N,0,,1,0,1,3,2,,1920,1,2,0,0,0,0,0,3,4,0,2,3,,N,,,,,,,,,,,
2022095236,2104.0,1,0,0,0,0,0,0,0,0,4,0,,67,10,2022,5,40.0103,-75.1592,2102.0,6,0,0,0,0,0,0,0,0,,0,0,0.0,21,3,1,1,,0,40 00:36.993,,0,75 09:33.014,3,0,0,0,67301,0,0,0,N,0,0,0,2,67301,0,,1,9,,N,N,N,0,,1,0,1,3,2,,2102,1,2,0,0,0,0,1,3,4,0,2,7,4.0,N,,,,,,,,,,,
2022100655,32.0,0,0,0,0,0,0,0,0,0,4,0,,67,10,2022,7,40.0353,-75.2272,23.0,6,0,0,0,0,0,0,0,0,,0,0,0.0,0,3,0,1,,0,40 02:06.975,,0,75 13:38.035,0,0,0,0,67301,0,0,0,N,0,0,0,1,68K01,0,,1,1,,N,N,N,1,,0,0,1,3,3,,17,0,2,0,0,0,0,0,3,4,0,2,3,3.0,N,,,,,,,,,,,
2022096715,100.0,1,0,0,0,0,0,0,0,0,7,0,,67,10,2022,6,39.9023,-75.1499,55.0,6,0,0,0,0,0,0,0,0,,0,0,0.0,0,3,1,0,N,0,39 54:08.380,,0,75 08:59.530,2,0,0,0,67301,0,0,0,N,0,0,0,1,67301,0,,4,9,,N,N,N,0,,0,1,0,0,0,,54,1,1,0,0,0,0,0,3,4,0,1,7,7.0,N,,,,,,,,,,,
2022093819,1423.0,2,0,0,0,0,0,0,0,0,4,0,,67,10,2022,1,39.9804,-75.1179,1422.0,6,0,0,0,0,0,0,0,0,,0,0,0.0,14,1,2,0,N,0,39 58:49.275,,0,75 07:04.459,3,0,0,0,67301,0,0,0,N,0,0,0,4,67301,1,,1,1,,N,N,N,0,,1,0,0,0,0,,1418,2,2,0,0,0,0,0,3,4,0,2,3,,N,,,,,,,,,,,
2022095733,2040.0,1,0,0,0,0,0,0,0,0,5,0,,67,10,2022,7,40.068,-75.1689,2033.0,6,0,0,0,0,0,1,0,0,,0,0,0.0,18,2,0,0,N,0,40 04:04.790,,0,75 10:07.930,0,0,0,0,67301,0,0,0,N,0,0,0,1,67301,0,,6,1,,N,N,N,0,,0,0,3,0,0,,1846,0,4,0,0,1,0,0,3,4,0,4,3,3.0,N,,,,,,,,,,,
2022094928,744.0,1,0,0,0,0,0,0,0,0,4,0,,67,10,2022,5,39.9782,-75.1547,743.0,6,0,0,0,0,0,0,0,0,,0,0,0.0,7,1,0,0,N,0,39 58:41.653,,7,75 09:16.833,0,0,0,0,67301,0,0,0,N,0,0,0,2,67505,0,,1,9,,N,N,N,0,,0,0,0,0,0,N,743,0,2,0,0,0,0,0,3,4,1,2,7,7.0,N,,,,,,,,,,,
2022120485,1443.0,2,0,0,0,0,0,0,0,0,4,0,,67,12,2022,1,40.113,-75.023,1423.0,6,0,0,0,0,0,0,1,0,,0,0,0.0,14,1,2,1,,0,40 06:46.657,,0,75 01:22.840,3,0,0,0,67301,0,0,0,N,0,0,0,3,67301,0,,1,1,,N,N,N,0,,2,0,0,3,2,,1409,2,2,0,0,0,0,0,3,4,0,2,3,,N,,,,,,,,,,,
2022112913,24.0,0,0,0,0,0,0,0,0,0,7,0,,67,11,2022,4,39.9714,-75.1594,23.0,6,0,0,0,0,0,0,0,0,,0,0,0.0,0,3,0,1,,2,39 58:17.205,1.0,0,75 09:33.736,0,0,0,0,67301,0,0,0,N,0,0,0,1,67301,0,,4,1,120.0,N,N,N,1,,0,0,0,3,2,Y,12,0,1,0,0,1,0,0,3,4,0,1,3,4.0,N,,,,,,,,,,,
2022123842,1851.0,0,0,0,0,0,0,0,0,0,1,0,,67,11,2022,4,39.899,-75.1749,1839.0,6,0,0,0,0,0,1,0,0,,0,0,0.0,18,3,0,0,N,1,39 53:56.566,1.0,3,75 10:29.622,0,0,0,0,67301,0,0,0,N,0,0,0,3,68K01,0,,1,1,1915.0,N,N,N,0,,0,0,3,0,0,Y,1833,0,3,0,0,0,0,0,3,4,0,3,3,,N,,,,,,,,,,,
2022119570,120.0,1,0,0,0,0,0,0,0,0,4,0,,67,12,2022,5,40.0356,-75.081,104.0,6,0,0,0,0,0,0,0,0,,0,0,0.0,23,3,1,1,,0,40 02:08.667,,0,75 04:51.659,3,0,0,0,67301,0,0,0,N,0,0,0,2,67301,0,,1,9,,N,N,N,1,,1,0,0,2,2,,2311,1,2,0,0,2,0,0,3,4,0,2,7,7.0,N,,,,,,,,,,,
2022106728,1642.0,1,0,0,0,0,0,0,0,0,5,0,,67,11,2022,2,39.9561,-75.1929,1640.0,6,0,0,0,1,0,0,0,0,,0,0,0.0,15,1,0,0,N,0,39 57:21.921,,0,75 11:34.619,0,0,0,0,67301,0,0,0,N,0,0,0,4,67507,0,,1,1,,N,N,N,0,,0,0,1,0,0,,1530,0,2,0,0,1,0,0,3,4,0,2,3,,N,,,,,,,,,,,
2022095490,1615.0,2,0,0,0,0,0,0,0,0,4,0,,67,10,2022,6,39.9628,-75.1646,1611.0,6,0,0,0,0,0,2,0,0,,0,0,0.0,16,1,1,1,,2,39 57:46.089,4.0,0,75 09:52.678,3,0,0,0,67301,0,0,0,N,0,0,0,2,67301,0,,1,1,1700.0,N,N,N,0,,1,0,0,2,2,Y,1609,1,2,0,0,0,0,0,3,4,0,2,3,3.0,N,,,,,,,,,,,