CRN,ARRIVAL_TM,AUTOMOBILE_COUNT,BELTED_DEATH_COUNT,BELTED_SUSP_SERIOUS_INJ_COUNT,BICYCLE_COUNT,BICYCLE_DEATH_COUNT,BICYCLE_SUSP_SERIOUS_INJ_COUNT,BUS_COUNT,CHLDPAS_DEATH_COUNT,CHLDPAS_SUSP_SERIOUS_INJ_COUNT,COLLISION_TYPE,COMM_VEH_COUNT,CONS_ZONE_SPD_LIM,COUNTY,CRASH_MONTH,CRASH_YEAR,DAY_OF_WEEK,DEC_LAT,DEC_LONG,DISPATCH_TM,DISTRICT,DRIVER_COUNT_16YR,DRIVER_COUNT_17YR,DRIVER_COUNT_18YR,DRIVER_COUNT_19YR,DRIVER_COUNT_20YR,DRIVER_COUNT_50_64YR,DRIVER_COUNT_65_74YR,DRIVER_COUNT_75PLUS,EST_HRS_CLOSED,FATAL_COUNT,HEAVY_TRUCK_COUNT,HORSE_BUGGY_COUNT,HOUR_OF_DAY,ILLUMINATION,INJURY_COUNT,INTERSECT_TYPE,INTERSECTION_RELATED,LANE_CLOSED,LATITUDE,LN_CLOSE_DIR,LOCATION_TYPE,LONGITUDE,MAX_SEVERITY_LEVEL,MCYCLE_DEATH_COUNT,MCYCLE_SUSP_SERIOUS_INJ_COUNT,MOTORCYCLE_COUNT,MUNICIPALITY,NONMOTR_COUNT,NONMOTR_DEATH_COUNT,NONMOTR_SUSP_SERIOUS_INJ_COUNT,NTFY_HIWY_MAINT,PED_COUNT,PED_DEATH_COUNT,PED_SUSP_SERIOUS_INJ_COUNT,PERSON_COUNT,POLICE_AGCY,POSSIBLE_INJ_COUNT,RDWY_SURF_TYPE_CD,RELATION_TO_ROAD,ROAD_CONDITION,ROADWAY_CLEARED,SCH_BUS_IND,SCH_ZONE_IND,SECONDARY_CRASH,SMALL_TRUCK_COUNT,SPEC_JURIS_CD,SUSP_MINOR_INJ_COUNT,SUSP_SERIOUS_INJ_COUNT,SUV_COUNT,TCD_FUNC_CD,TCD_TYPE,TFC_DETOUR_IND,TIME_OF_DAY,TOT_INJ_COUNT,TOTAL_UNITS,UNB_DEATH_COUNT,UNB_SUSP_SERIOUS_INJ_COUNT,UNBELTED_OCC_COUNT,UNK_INJ_DEG_COUNT,UNK_INJ_PER_COUNT,URBAN_AREA,URBAN_RURAL,VAN_COUNT,VEHICLE_COUNT,WEATHER1,WEATHER2,WORK_ZONE_IND,WORK_ZONE_LOC,WORK_ZONE_TYPE,WORKERS_PRES,WZ_CLOSE_DETOUR,WZ_FLAGGER,WZ_LAW_OFFCR_IND,WZ_LN_CLOSURE,WZ_MOVING,WZ_OTHER,WZ_SHLDER_MDN,WZ_WORKERS_INJ_KILLED
2022093131,2132.0,1,0,0,0,0,0,0,0,0,1,0,,67,10,2022,5,39.9016,-75.2251,2132.0,6,0,0,0,0,1,1,0,0,,0,0,0.0,21,3,0,0,N,0,39 54:05.851,,0,75 13:30.532,0,0,0,0,67301,0,0,0,N,0,0,0,3,67301,0,,1,1,,N,N,N,0,,0,0,2,0,0,,2132,0,3,0,0,0,0,0,3,4,0,3,3,3.0,N,,,,,,,,,,,
2022095234,743.0,4,0,0,0,0,0,0,0,0,5,0,,67,10,2022,6,40.0461,-75.1255,739.0,6,0,0,0,0,0,0,1,0,,0,0,0.0,7,1,2,0,N,2,40 02:45.800,1.0,0,75 07:31.700,8,0,0,0,67301,0,0,0,N,0,0,0,2,67301,0,,6,1,1047.0,N,N,N,1,,0,0,4,0,0,N,739,2,9,0,0,0,2,0,3,4,0,9,3,3.0,N,,,,,,,,,,,
2022116754,740.0,0,0,0,0,0,0,0,0,0,7,0,,67,10,2022,7,39.9741,-75.1946,711.0,6,0,0,0,0,0,0,0,0,,0,0,0.0,7,2,3,0,Y,2,39 58:26.706,1.0,8,75 11:40.476,3,0,0,0,67301,0,0,0,N,0,0,0,3,68K01,0,,4,1,900.0,N,N,N,0,,3,0,2,3,2,N,710,3,2,0,0,0,0,0,3,4,0,2,3,,N,,,,,,,,,,,
2022098739,454.0,1,0,0,0,0,0,0,0,0,4,0,,67,10,2022,3,40.0189,-75.1472,454.0,6,0,0,0,0,0,1,0,0,,0,0,0.0,4,3,0,1,,0,40 01:08.061,,0,75 08:50.029,0,0,0,0,67301,0,0,0,N,0,0,0,2,67301,0,,1,1,,N,N,N,0,,0,0,1,3,2,,450,0,2,0,0,0,0,0,3,4,0,2,3,,N,,,,,,,,,,,
2022108270,2150.0,1,0,0,0,0,0,0,0,0,1,0,,67,11,2022,2,39.9068,-75.1938,2141.0,6,0,0,0,0,0,1,0,0,,0,0,0.0,21,3,6,0,N,1,39 54:24.624,2.0,0,75 11:37.576,3,0,0,0,67301,0,0,0,N,0,0,0,8,67301,0,,1,1,2212.0,N,N,N,0,,6,0,2,0,0,Y,2131,6,4,0,0,0,0,0,3,4,1,4,3,,N,,,,,,,,,,,
2022122647,951.0,0,0,0,0,0,0,0,0,0,4,0,,67,12,2022,7,40.0413,-75.1067,950.0,6,0,0,0,0,0,1,0,0,,0,0,0.0,9,1,1,1,,0,40 02:28.801,,0,75 06:24.126,3,0,0,0,67301,0,0,0,N,0,0,0,2,67301,0,,1,1,,N,N,N,0,,1,0,2,3,2,,950,1,2,0,0,0,0,0,3,4,0,2,3,,N,,,,,,,,,,,
2022106166,7.0,0,0,0,0,0,0,0,0,0,8,0,,67,11,2022,7,39.9543,-75.2322,7.0,6,0,0,0,0,0,1,0,0,,0,0,0.0,0,3,1,1,,1,39 57:15.325,3.0,0,75 13:55.808,3,0,0,0,67301,1,0,0,N,1,0,0,2,67301,0,,1,9,200.0,N,N,N,0,,1,0,1,3,3,N,7,1,2,0,0,0,0,0,3,4,0,1,3,98.0,N,,,,,,,,,,,
2022108282,910.0,2,0,0,0,0,0,0,0,0,5,0,,67,11,2022,4,39.9847,-75.1006,907.0,6,0,0,0,0,0,0,0,0,,0,0,0.0,8,1,0,0,N,0,39 59:04.950,,0,75 06:02.250,0,0,0,0,67301,0,0,0,N,0,0,0,1,67301,0,,6,1,,N,N,N,0,,0,0,0,0,0,,807,0,2,0,0,0,0,0,3,4,0,2,3,,N,,,,,,,,,,,
2022121351,2200.0,0,0,0,0,0,0,0,0,0,4,0,,67,12,2022,5,40.0395,-75.0334,2200.0,6,0,0,0,0,0,0,0,0,,0,0,0.0,21,3,1,1,,0,40 02:22.235,,0,75 02:00.419,3,0,0,0,67301,0,0,0,N,0,0,0,2,67301,0,,1,9,,N,N,N,0,,1,0,0,9,2,,2140,1,2,0,0,0,0,1,3,4,1,2,7,7.0,N,,,,,,,,,,,
2022112212,1300.0,0,0,0,1,0,1,0,0,0,1,0,,67,11,2022,3,39.9538,-75.1428,1300.0,6,0,0,0,0,0,0,0,0,,0,0,0.0,7,1,1,0,N,0,39 57:13.610,,0,75 08:33.990,2,0,0,0,67301,1,0,1,N,0,0,0,2,67301,0,,1,99,,N,N,N,0,,0,1,1,0,0,,715,1,2,0,0,0,0,0,3,4,0,1,99,,N,,,,,,,,,,,
2022108592,1620.0,1,0,0,0,0,0,0,0,0,4,0,,67,11,2022,4,39.9168,-75.1601,1614.0,6,0,0,0,0,0,1,0,0,,0,0,0.0,15,1,0,1,,0,39 55:00.314,,0,75 09:36.367,0,0,0,0,67301,0,0,0,N,0,0,0,2,67301,0,,1,1,,N,N,N,0,,0,0,0,3,3,,1537,0,2,0,0,0,0,0,3,4,1,2,3,3.0,N,,,,,,,,,,,
2022114086,2030.0,2,0,0,0,0,0,0,0,0,5,0,,67,12,2022,5,40.0404,-75.1464,2027.0,6,0,0,0,0,0,0,0,0,,0,0,0.0,20,3,0,0,N,0,40 02:25.410,,0,75 08:47.120,9,0,0,0,67301,0,0,0,N,0,0,0,1,67301,0,,6,1,,N,N,N,0,,0,0,0,0,0,,2027,0,2,0,0,0,0,1,3,4,0,2,3,3.0,N,,,,,,,,,,,
2022094907,2329.0,0,0,0,0,0,0,0,0,0,4,0,,67,10,2022,5,39.9844,-75.1544,2329.0,6,0,0,0,0,1,0,0,0,,0,0,0.0,23,3,1,1,,1,39 59:03.868,1.0,0,75 09:15.876,8,0,0,0,67301,0,0,0,N,0,0,0,3,67505,0,,1,9,5.0,N,N,N,0,,0,0,2,3,2,Y,2329,1,2,0,0,0,1,0,3,4,0,2,7,,N,,,,,,,,,,,
2022113603,2040.0,0,0,0,0,0,0,0,0,0,8,0,,67,10,2022,6,40.0239,-75.0638,2035.0,6,0,0,0,0,0,0,0,0,,0,0,0.0,17,1,1,0,N,0,40 01:25.990,,0,75 03:49.610,2,0,0,0,67301,1,0,1,N,1,0,1,2,67301,0,,1,1,,N,N,N,1,,0,1,0,0,0,,1700,1,2,0,0,1,0,0,3,4,0,1,3,3.0,N,,,,,,,,,,,
2022095231,757.0,0,0,0,0,0,0,0,0,0,8,0,,67,10,2022,4,39.9596,-75.1956,753.0,6,0,0,0,0,0,0,0,0,,0,0,0.0,7,1,1,1,,0,39 57:34.572,,0,75 11:44.314,2,0,0,0,67301,1,0,1,N,1,0,1,2,67301,0,,1,1,,N,N,N,0,,0,1,1,3,2,,751,1,2,0,0,0,0,0,3,4,0,1,3,3.0,N,,,,,,,,,,,
2022096713,1805.0,0,0,0,1,0,0,0,0,0,4,0,,67,10,2022,2,40.0425,-75.1023,1804.0,6,0,0,0,0,0,1,0,0,,0,0,0.0,18,1,1,1,,0,40 02:33.115,,0,75 06:08.409,3,0,0,0,67301,1,0,0,N,0,0,0,2,67301,0,,1,1,,N,N,N,0,,1,0,1,0,0,,1802,1,2,0,0,0,0,0,3,4,0,1,3,,N,,,,,,,,,,,
2022095727,720.0,1,0,0,0,0,0,0,0,0,8,0,,67,10,2022,5,39.9233,-75.1612,717.0,6,0,0,0,0,0,0,0,0,,0,0,0.0,7,1,1,1,,0,39 55:23.877,,0,75 09:40.743,3,0,0,0,67301,1,0,0,N,1,0,0,2,67301,0,,1,1,,N,N,N,0,,1,0,0,3,2,,712,1,2,0,0,0,0,0,3,4,0,1,3,3.0,N,,,,,,,,,,,
2022097452,220.0,0,0,0,0,0,0,0,0,0,2,0,,67,10,2022,7,39.9831,-75.1188,218.0,6,0,0,0,0,0,0,0,0,,0,0,0.0,2,3,0,0,N,0,39 58:59.149,,0,75 07:07.844,0,0,0,0,67301,0,0,0,N,0,0,0,1,67301,0,,1,1,,N,N,N,0,,0,0,2,0,0,,218,0,2,0,0,1,0,0,3,4,0,2,3,,N,,,,,,,,,,,
2022097032,1700.0,2,0,0,0,0,0,0,0,0,4,0,,67,10,2022,1,39.9747,-75.1384,1700.0,6,0,0,0,0,0,0,0,0,,0,0,0.0,2,3,1,1,,0,39 58:29.078,,0,75 08:18.344,3,0,0,0,67301,0,0,0,N,0,0,0,2,67301,0,,1,99,,N,N,N,0,,1,0,0,3,2,,249,1,2,0,0,1,0,0,3,4,0,2,99,,N,,,,,,,,,,,
2022093661,52.0,0,0,0,0,0,0,0,0,0,8,0,,67,10,2022,7,40.0575,-75.1493,52.0,6,0,0,0,0,0,0,0,0,,0,0,0.0,21,3,1,1,,0,40 03:27.089,,0,75 08:57.418,2,0,0,0,67301,1,0,1,N,1,0,1,2,67301,0,,1,1,,N,N,N,0,,0,1,1,3,2,,2135,1,2,0,0,0,0,1,3,4,0,1,3,3.0,N,,,,,,,,,,,
2022094520,0.0,3,0,0,0,0,0,0,0,0,1,0,,67,10,2022,3,40.0581,-75.1854,2358.0,6,0,0,0,0,0,0,0,0,,0,0,0.0,22,3,0,0,N,0,40 03:29.203,,0,75 11:07.367,9,0,0,0,67301,0,0,0,N,0,0,0,1,67301,0,,6,1,,N,N,N,0,,0,0,2,0,0,,2238,0,6,0,0,0,0,1,3,4,1,6,3,,N,,,,,,,,,,,
2022093808,1658.0,2,0,0,0,0,0,0,0,0,1,0,,67,10,2022,1,39.9273,-75.2319,1653.0,6,0,0,0,0,0,0,0,0,,0,0,0.0,16,4,3,0,N,2,39 55:38.300,6.0,0,75 13:55.000,3,0,0,0,67301,0,0,0,N,0,0,0,3,67301,0,,1,1,1835.0,N,N,N,0,,1,0,0,0,0,Y,1653,3,2,0,0,0,2,0,3,4,0,2,98,3.0,N,,,,,,,,,,,
2022100631,1555.0,1,0,0,1,0,0,0,0,0,4,0,,67,10,2022,7,39.9513,-75.1991,1550.0,6,0,0,0,0,0,0,1,0,,0,0,0.0,15,1,2,1,,0,39 57:04.496,,0,75 11:56.898,4,0,0,0,67301,2,0,0,N,1,0,0,5,67504,2,,1,1,,N,N,N,0,,0,0,0,3,2,,1540,2,4,0,0,0,0,1,3,4,0,2,3,3.0,N,,,,,,,,,,,
2022108078,130.0,2,0,0,0,0,0,0,0,0,5,0,,67,10,2022,5,39.9992,-75.1018,130.0,6,0,0,0,0,0,0,0,0,,0,0,0.0,1,3,0,0,N,0,39 59:57.130,,0,75 06:06.560,9,0,0,0,67301,0,0,0,N,0,0,0,1,67301,0,,6,1,,N,N,N,0,,0,0,0,0,0,,130,0,2,0,0,0,0,1,3,4,0,2,3,3.0,N,,,,,,,,,,,
2022105984,935.0,0,0,0,0,0,0,0,0,0,4,0,,67,11,2022,4,40.0122,-75.1505,935.0,6,0,0,0,0,0,0,0,0,,0,0,0.0,9,1,2,1,,0,40 00:44.680,,0,75 09:01.992,3,0,0,0,67301,0,0,0,N,0,0,0,2,67301,0,,1,1,,N,N,N,0,,2,0,1,3,2,,935,2,2,0,0,0,0,0,3,4,1,2,3,3.0,N,,,,,,,,,,,
2022125102,915.0,1,0,0,0,0,0,0,0,0,4,0,,67,11,2022,4,39.988,-75.2375,915.0,6,0,0,0,0,0,2,0,0,,0,0,0.0,7,1,1,1,,0,39 59:16.774,,0,75 14:14.949,3,0,0,0,67301,0,0,0,N,0,0,0,2,67301,0,,1,1,,N,N,N,0,,1,0,0,3,2,,725,1,2,0,0,0,0,0,3,4,1,2,3,3.0,N,,,,,,,,,,,
2022109458,742.0,1,0,0,1,0,0,0,0,0,4,0,,67,11,2022,6,39.9617,-75.1577,737.0,6,0,0,0,0,0,0,0,0,,0,0,0.0,7,1,1,5,,0,39 57:42.677,,0,75 09:27.784,3,0,0,0,67301,1,0,0,N,0,0,0,2,67301,0,,1,1,,N,N,N,0,,1,0,0,3,2,,720,1,2,0,0,0,0,0,3,4,0,1,3,,N,,,,,,,,,,,
2022112228,1640.0,1,0,0,0,0,0,0,0,0,8,0,,67,11,2022,1,39.9486,-75.1778,1625.0,6,0,0,0,0,0,0,0,0,,0,0,0.0,16,1,1,1,,0,39 56:54.998,,0,75 10:40.196,8,0,0,0,67301,1,0,0,N,1,0,0,2,67301,0,,1,1,,N,N,N,0,,0,0,0,3,2,,1615,1,2,0,0,1,1,0,3,4,0,1,3,,N,,,,,,,,,,,
2022125111,515.0,1,0,0,0,0,0,0,0,0,4,0,,67,12,2022,6,40.0541,-75.1431,511.0,6,0,0,0,0,0,0,0,0,,0,0,0.0,3,3,0,0,N,0,40 03:14.580,,0,75 08:35.280,0,0,0,0,67301,0,0,0,N,0,0,0,0,67301,0,,1,1,,N,N,N,0,,0,0,1,0,0,,337,0,2,0,0,0,0,0,3,4,0,2,3,3.0,N,,,,,,,,,,,
2022103326,2100.0,0,0,0,0,0,0,0,0,0,6,0,,67,10,2022,5,40.0362,-75.1556,2059.0,6,0,0,0,0,0,1,0,0,,0,0,0.0,20,6,2,2,,0,40 02:10.280,,0,75 09:20.192,8,0,0,0,67301,0,0,0,N,0,0,0,3,67301,0,,1,9,,N,N,N,0,,0,0,2,0,0,,2000,2,2,0,0,0,2,1,3,4,0,2,7,98.0,N,,,,,,,,,,,
2022098738,320.0,1,0,0,0,0,0,0,0,0,4,0,,67,10,2022,1,40.0202,-75.1141,308.0,6,0,0,0,0,0,0,0,0,,0,0,0.0,2,3,1,1,,0,40 01:12.880,,0,75 06:50.704,3,0,0,1,67301,0,0,0,N,0,0,0,2,67301,0,,1,1,,N,N,N,0,,1,0,0,3,2,,240,1,2,0,0,0,0,1,3,4,0,2,3,,N,,,,,,,,,,,
2022094153,313.0,1,0,0,0,0,0,0,0,0,1,0,,67,10,2022,3,40.0325,-75.0808,308.0,6,0,0,0,0,0,0,1,0,,0,0,0.0,3,3,2,1,,2,40 01:57.052,1.0,0,75 04:50.912,3,0,0,0,67301,0,0,0,N,0,0,0,2,67301,0,,1,1,400.0,N,N,N,0,,1,0,1,3,2,Y,301,2,2,0,0,0,1,0,3,4,0,2,3,3.0,N,,,,,,,,,,,
2022113975,2320.0,0,0,0,0,0,0,0,0,0,4,0,,67,12,2022,5,40.0604,-74.9904,2314.0,6,0,0,0,0,0,0,1,0,,0,0,0.0,22,3,2,1,,1,40 03:37.434,6.0,0,74 59:25.565,2,0,0,0,67301,0,0,0,N,0,0,0,2,67301,0,,1,1,2250.0,N,N,N,0,,1,1,2,3,2,N,2212,2,2,0,0,0,0,0,3,4,0,2,3,3.0,N,,,,,,,,,,,
2022122224,38.0,0,0,0,0,0,0,0,0,0,5,0,,67,12,2022,6,39.9978,-75.2189,35.0,6,0,0,0,0,0,0,0,0,,0,0,0.0,0,3,0,0,N,2,39 59:52.096,6.0,0,75 13:08.025,0,0,0,0,67301,0,0,0,N,0,0,0,1,67301,0,,6,9,10.0,N,N,N,1,,0,0,1,0,0,Y,10,0,2,0,0,0,0,0,3,4,0,2,7,7.0,N,,,,,,,,,,,
2022119016,120.0,0,0,0,0,0,0,0,0,0,8,0,,67,12,2022,5,39.9549,-75.1729,115.0,6,0,0,0,0,0,0,0,0,,0,0,0.0,1,3,1,0,N,0,39 57:17.500,,0,75 10:22.590,2,0,0,0,67301,1,0,1,N,1,0,1,2,67301,0,,1,1,,N,N,N,0,,0,1,1,0,0,,105,1,2,0,0,0,0,0,3,4,0,1,3,3.0,N,,,,,,,,,,,
2022107173,859.0,0,0,0,0,0,0,0,0,0,7,0,,67,11,2022,1,40.0013,-75.1867,859.0,6,0,0,0,0,0,0,0,0,,0,0,0.0,7,1,1,0,N,0,40 00:04.744,,0,75 11:12.234,3,0,0,0,67301,0,0,0,N,0,0,0,1,67301,0,,4,1,,N,N,Y,0,,1,0,1,0,0,,748,1,1,0,0,0,0,0,3,4,0,1,3,3.0,N,,,,,,,,,,,
2022116660,1701.0,1,0,0,0,0,0,0,0,0,4,0,,67,11,2022,4,39.9705,-75.2342,1700.0,6,0,0,0,0,0,0,0,0,,0,0,0.0,19,1,6,1,,0,39 58:13.825,,0,75 14:03.137,3,0,0,0,67301,0,0,0,N,0,0,0,10,67301,0,,1,99,,N,N,N,0,,6,0,1,3,2,,1905,6,2,0,0,0,0,4,3,4,0,2,99,,N,,,,,,,,,,,
2022105975,1250.0,0,0,0,0,0,0,0,0,0,4,0,,67,11,2022,5,39.9444,-75.2309,1250.0,6,0,0,0,0,0,0,0,0,,0,0,0.0,12,1,1,1,,0,39 56:39.619,,0,75 13:51.440,4,0,0,0,67301,0,0,0,N,0,0,0,2,67301,1,,1,1,,N,N,N,0,,0,0,2,3,3,,1250,1,2,0,0,0,0,0,3,4,0,2,3,3.0,N,,,,,,,,,,,
2022106509,900.0,1,0,0,0,0,0,0,0,0,1,0,,67,11,2022,7,39.9673,-75.2126,837.0,6,0,0,0,0,0,0,0,0,,0,0,0.0,7,1,0,0,N,0,39 58:02.260,,0,75 12:45.500,0,0,0,0,67301,0,0,0,N,0,0,0,1,67301,0,,6,9,,N,N,N,0,,0,0,1,0,0,,715,0,2,0,0,1,0,0,3,4,0,2,4,4.0,N,,,,,,,,,,,
2022093416,906.0,0,0,0,0,0,0,0,0,0,4,0,,67,10,2022,1,39.9602,-75.2391,906.0,6,0,0,0,0,0,0,0,0,,0,0,0.0,9,1,1,1,,2,39 57:36.724,2.0,0,75 14:20.773,3,0,0,0,67301,0,0,0,N,0,0,0,3,67301,0,,1,1,1013.0,N,N,N,0,,1,0,2,3,2,Y,906,1,3,0,0,0,0,0,3,4,1,3,3,3.0,N,,,,,,,,,,,
2022115936,2000.0,1,0,0,0,0,0,0,0,0,7,0,,67,10,2022,5,39.9985,-75.1293,2000.0,6,0,0,0,0,0,0,0,0,,0,0,0.0,20,3,0,1,,0,39 59:54.633,,0,75 07:45.412,9,0,0,0,67301,0,0,0,N,0,0,0,2,67301,0,,5,9,,N,N,N,0,,0,0,0,3,2,,2000,0,1,0,0,0,0,2,3,4,0,1,7,7.0,N,,,,,,,,,,,
2022123663,2120.0,2,0,0,0,0,0,0,0,0,3,0,,67,12,2022,1,39.9521,-75.246,2117.0,6,0,0,0,0,0,0,0,0,,0,0,0.0,21,3,0,0,N,0,39 57:07.440,,0,75 14:45.690,9,0,0,0,67301,0,0,0,N,0,0,0,1,67301,0,,1,1,,N,N,N,0,,0,0,1,0,0,,2100,0,3,0,0,0,0,1,3,4,0,3,3,3.0,N,,,,,,,,,,,
2022093815,240.0,1,0,0,0,0,0,0,0,0,5,0,,67,10,2022,2,40.0199,-75.1502,229.0,6,0,0,0,0,0,0,0,0,,0,0,0.0,2,3,0,0,N,0,40 01:11.689,,1,75 09:00.635,0,0,0,0,67301,0,0,0,N,0,0,0,4,67301,0,,1,1,,N,N,N,0,,0,0,1,0,0,,220,0,2,0,0,0,0,0,3,4,0,2,3,3.0,N,,,,,,,,,,,
2022095024,1950.0,0,0,0,0,0,0,0,0,0,4,0,,67,10,2022,7,39.9702,-75.1597,1950.0,6,0,0,0,0,0,0,0,0,,0,0,0.0,19,3,1,1,,0,39 58:12.621,,0,75 09:34.763,3,0,0,0,67301,0,0,0,N,0,0,0,2,67301,0,,1,99,,N,N,N,0,,1,0,2,3,2,,1950,1,2,0,0,0,0,0,3,4,0,2,99,3.0,N,,,,,,,,,,,
2022093414,1610.0,1,0,0,0,0,0,0,0,0,8,0,,67,10,2022,7,39.9546,-75.226,1605.0,6,0,0,0,0,0,0,0,0,,0,0,0.0,15,1,1,1,,0,39 57:16.492,,0,75 13:33.613,8,0,0,0,67301,1,0,0,N,1,0,0,2,67301,0,,1,1,,N,N,N,0,,0,0,0,3,2,,1545,1,2,0,0,1,1,0,3,4,0,1,3,3.0,N,,,,,,,,,,,
2022097389,1800.0,1,0,0,0,0,0,0,0,0,1,0,,67,10,2022,6,39.9765,-75.1963,1750.0,6,0,0,0,0,0,0,0,0,,0,0,0.0,17,3,0,0,N,0,39 58:35.298,,0,75 11:46.853,0,0,0,0,67301,0,0,0,N,0,0,0,2,68K01,0,,1,1,,N,N,N,0,,0,0,1,0,0,,1718,0,2,0,0,0,0,0,3,4,0,2,3,3.0,N,,,,,,,,,,,
2022097870,1242.0,1,0,0,0,0,0,0,0,0,1,0,,67,10,2022,6,39.954,-75.145,1240.0,6,0,0,0,0,0,0,1,0,,0,0,0.0,12,1,2,0,N,0,39 57:14.550,,0,75 08:42.100,3,0,0,0,67301,0,0,0,N,0,0,0,3,67301,0,,1,1,,N,N,N,0,,2,0,2,0,0,,1236,2,3,0,0,0,0,0,3,4,0,3,3,3.0,N,,,,,,,,,,,
2022098900,907.0,1,0,0,0,0,0,0,0,0,1,0,,67,10,2022,5,40.0151,-75.1413,907.0,6,0,0,0,0,0,1,0,0,,0,0,0.0,8,1,2,0,Y,0,40 00:54.400,,0,75 08:28.560,8,0,0,0,67301,0,0,0,N,0,0,0,3,67301,0,,1,9,,N,N,N,0,,0,0,1,3,2,,807,2,2,0,0,1,2,0,3,4,0,2,7,7.0,N,,,,,,,,,,,
2022095574,838.0,1,0,0,0,0,0,0,0,0,5,0,,67,10,2022,1,39.9347,-75.1894,838.0,6,0,0,0,0,0,0,0,0,,0,0,0.0,8,1,0,0,N,1,39 56:05.070,2.0,0,75 11:21.690,0,0,0,0,67301,0,0,0,N,0,0,0,2,67301,0,,6,1,930.0,N,N,N,0,,0,0,2,0,0,N,835,0,3,0,0,0,0,0,3,4,0,3,3,3.0,N,,,,,,,,,,,
2022110558,9.0,0,0,0,0,0,0,0,0,0,4,0,,67,10,2022,7,39.9911,-75.1329,9.0,6,0,0,0,0,0,0,0,0,,0,0,0.0,0,3,1,1,,0,39 59:27.916,,0,75 07:58.276,3,0,0,1,67301,0,0,0,N,0,0,0,2,67301,0,,1,9,,N,N,N,0,,1,0,1,3,2,,0,1,2,0,0,0,0,0,3,4,0,2,7,7.0,N,,,,,,,,,,,
2022094885,1042.0,1,0,0,0,0,0,0,0,0,8,0,,67,10,2022,4,40.0456,-75.1285,1040.0,6,0,0,0,0,0,0,0,0,,0,0,0.0,9,1,1,1,,0,40 02:44.292,,0,75 07:42.562,3,0,0,0,67301,1,0,0,N,1,0,0,2,67301,0,,1,1,,N,N,N,0,,1,0,0,3,2,,900,1,2,0,0,0,0,0,3,4,0,1,3,3.0,N,,,,,,,,,,,
2022097396,1941.0,1,0,0,0,0,0,0,0,0,1,0,,67,10,2022,2,39.9581,-75.1648,1933.0,6,0,0,0,0,0,0,0,0,,0,0,0.0,19,3,4,0,N,2,39 57:29.306,3.0,0,75 09:53.186,8,0,0,0,67301,0,0,0,N,0,0,0,5,68K01,0,,1,1,2100.0,N,N,N,0,,0,0,2,0,0,Y,1932,4,3,0,0,0,4,0,3,4,0,3,3,,N,,,,,,,,,,,
2022105808,2040.0,2,0,0,0,0,0,0,0,0,5,0,,67,11,2022,6,39.9835,-75.1594,2034.0,6,0,0,0,1,0,0,0,0,,0,0,0.0,20,3,0,0,N,0,39 59:00.700,,0,75 09:33.800,0,0,0,0,67301,0,0,0,N,0,0,0,1,67505,0,,6,9,,N,N,Y,0,,0,0,2,0,0,,2025,0,4,0,0,0,0,0,3,4,0,4,7,4.0,N,,,,,,,,,,,
2022119928,919.0,0,0,0,0,0,0,0,0,0,4,0,,67,12,2022,6,40.0872,-75.0328,909.0,6,1,0,0,0,0,0,0,0,,0,0,0.0,7,1,0,1,,0,40 05:13.959,,0,75 01:57.921,0,0,0,0,67301,0,0,0,N,0,0,0,3,67301,0,,1,9,,N,N,N,0,,0,0,1,3,3,,730,0,2,0,0,0,0,0,3,4,1,2,7,7.0,N,,,,,,,,,,,
2022114681,2151.0,0,0,0,0,0,0,0,0,0,4,0,,67,11,2022,2,39.992,-75.1402,2145.0,6,0,0,0,0,0,1,0,0,,0,0,0.0,20,3,0,1,,1,39 59:31.690,4.0,0,75 08:24.720,0,0,0,0,67301,0,0,0,N,0,0,0,2,67301,0,,1,1,2200.0,N,N,Y,0,,0,0,3,3,2,Y,2058,0,3,0,0,1,0,0,3,4,0,3,3,3.0,N,,,,,,,,,,,
2022105797,1715.0,0,0,0,0,0,0,0,0,0,5,0,,67,11,2022,5,40.1142,-75.0251,1710.0,6,0,0,0,0,0,1,0,0,,0,0,0.0,17,1,1,0,N,0,40 06:51.096,,0,75 01:30.343,3,0,0,1,67301,0,0,0,N,0,0,0,2,67301,0,,1,1,,N,N,N,0,,1,0,1,0,0,,1710,1,2,0,0,0,0,0,3,4,0,2,3,,N,,,,,,,,,,,
2022109192,1604.0,0,0,0,0,0,0,0,0,0,4,0,,67,11,2022,4,39.9225,-75.2284,1604.0,6,0,0,0,0,0,1,0,0,,0,0,0.0,15,1,3,1,,0,39 55:20.946,,0,75 13:42.171,4,0,0,0,67301,0,0,0,N,0,0,0,4,67301,3,,1,1,,N,N,N,0,,0,0,2,3,3,,1550,3,2,0,0,0,0,0,3,4,0,2,3,,N,,,,,,,,,,,
2022094618,1650.0,0,0,0,0,0,0,0,0,0,4,0,,67,10,2022,4,40.1167,-75.0198,1640.0,6,0,2,0,0,0,0,0,0,,0,0,0.0,16,4,1,1,,1,40 07:00.028,6.0,0,75 01:11.660,3,0,0,0,67301,0,0,0,N,0,0,0,4,67301,0,,1,1,1530.0,N,N,N,0,,1,0,3,3,2,Y,1635,1,3,0,0,0,0,0,3,4,0,3,3,3.0,N,,,,,,,,,,,