CRN,ARRIVAL_TM,AUTOMOBILE_COUNT,BELTED_DEATH_COUNT,BELTED_SUSP_SERIOUS_INJ_COUNT,BICYCLE_COUNT,BICYCLE_DEATH_COUNT,BICYCLE_SUSP_SERIOUS_INJ_COUNT,BUS_COUNT,CHLDPAS_DEATH_COUNT,CHLDPAS_SUSP_SERIOUS_INJ_COUNT,COLLISION_TYPE,COMM_VEH_COUNT,CONS_ZONE_SPD_LIM,COUNTY,CRASH_MONTH,CRASH_YEAR,DAY_OF_WEEK,DEC_LAT,DEC_LONG,DISPATCH_TM,DISTRICT,DRIVER_COUNT_16YR,DRIVER_COUNT_17YR,DRIVER_COUNT_18YR,DRIVER_COUNT_19YR,DRIVER_COUNT_20YR,DRIVER_COUNT_50_64YR,DRIVER_COUNT_65_74YR,DRIVER_COUNT_75PLUS,EST_HRS_CLOSED,FATAL_COUNT,HEAVY_TRUCK_COUNT,HORSE_BUGGY_COUNT,HOUR_OF_DAY,ILLUMINATION,INJURY_COUNT,INTERSECT_TYPE,INTERSECTION_RELATED,LANE_CLOSED,LATITUDE,LN_CLOSE_DIR,LOCATION_TYPE,LONGITUDE,MAX_SEVERITY_LEVEL,MCYCLE_DEATH_COUNT,MCYCLE_SUSP_SERIOUS_INJ_COUNT,MOTORCYCLE_COUNT,MUNICIPALITY,NONMOTR_COUNT,NONMOTR_DEATH_COUNT,NONMOTR_SUSP_SERIOUS_INJ_COUNT,NTFY_HIWY_MAINT,PED_COUNT,PED_DEATH_COUNT,PED_SUSP_SERIOUS_INJ_COUNT,PERSON_COUNT,POLICE_AGCY,POSSIBLE_INJ_COUNT,RDWY_SURF_TYPE_CD,RELATION_TO_ROAD,ROAD_CONDITION,ROADWAY_CLEARED,SCH_BUS_IND,SCH_ZONE_IND,SECONDARY_CRASH,SMALL_TRUCK_COUNT,SPEC_JURIS_CD,SUSP_MINOR_INJ_COUNT,SUSP_SERIOUS_INJ_COUNT,SUV_COUNT,TCD_FUNC_CD,TCD_TYPE,TFC_DETOUR_IND,TIME_OF_DAY,TOT_INJ_COUNT,TOTAL_UNITS,UNB_DEATH_COUNT,UNB_SUSP_SERIOUS_INJ_COUNT,UNBELTED_OCC_COUNT,UNK_INJ_DEG_COUNT,UNK_INJ_PER_COUNT,URBAN_AREA,URBAN_RURAL,VAN_COUNT,VEHICLE_COUNT,WEATHER1,WEATHER2,WORK_ZONE_IND,WORK_ZONE_LOC,WORK_ZONE_TYPE,WORKERS_PRES,WZ_CLOSE_DETOUR,WZ_FLAGGER,WZ_LAW_OFFCR_IND,WZ_LN_CLOSURE,WZ_MOVING,WZ_OTHER,WZ_SHLDER_MDN,WZ_WORKERS_INJ_KILLED
2022120315,1130.0,0,0,0,0,0,0,0,0,0,1,0,,67,12,2022,7,39.9179,-75.1804,1125.0,6,0,0,0,0,0,1,0,0,,0,0,0.0,11,1,1,0,N,0,39 55:04.500,,0,75 10:49.580,3,0,0,0,67301,0,0,0,N,0,0,0,3,67301,0,,1,1,,N,N,N,0,,1,0,1,0,0,,1120,1,2,0,0,1,0,1,3,4,0,2,3,3.0,N,,,,,,,,,,,
2022121836,830.0,1,0,0,0,0,0,0,0,0,7,0,,67,12,2022,1,39.9554,-75.1479,830.0,6,0,0,0,0,0,0,1,0,,0,0,0.0,8,1,0,0,N,2,39 57:19.316,3.0,2,75 08:52.563,0,0,0,0,67301,0,0,0,Y,0,0,0,4,67501,0,,3,1,918.0,N,N,N,0,,0,0,1,0,0,N,830,0,2,0,0,0,0,0,3,4,0,2,3,,N,,,,,,,,,,,
2022119270,945.0,1,0,0,0,0,0,0,0,0,4,0,,67,12,2022,5,39.9644,-75.1609,932.0,6,0,0,0,0,0,0,0,0,,0,0,0.0,9,1,2,1,,0,39 57:52.020,,0,75 09:39.197,3,0,0,0,67301,0,0,0,N,0,0,0,2,67301,0,,1,9,,N,N,N,0,,2,0,1,0,0,,920,2,2,0,0,0,0,0,3,4,0,2,7,7.0,N,,,,,,,,,,,
2022110919,224.0,1,0,0,0,0,0,0,0,0,7,0,,67,11,2022,4,40.0184,-75.0637,222.0,6,0,0,0,0,0,0,0,0,,0,0,0.0,2,3,0,5,,0,40 01:06.345,,0,75 03:49.223,0,0,0,0,67301,0,0,0,N,0,0,0,1,67301,0,,4,1,,N,N,N,0,,0,0,0,3,2,,221,0,1,0,0,0,0,0,3,4,0,1,3,,N,,,,,,,,,,,
2022112210,1728.0,1,0,0,0,0,0,0,0,0,4,0,,67,11,2022,6,39.9573,-75.1441,1728.0,6,0,0,0,0,0,0,0,0,,0,0,0.0,4,3,0,5,,0,39 57:26.412,,2,75 08:38.875,9,0,0,0,67301,0,0,0,N,0,0,0,2,67301,0,,1,1,,N,N,N,0,,0,0,1,3,2,,400,0,2,0,0,0,0,1,3,4,0,2,3,3.0,N,,,,,,,,,,,
2022118475,150.0,0,0,0,0,0,0,0,0,0,0,0,,67,11,2022,1,39.9823,-75.2077,150.0,6,0,0,0,0,0,0,0,0,,0,0,0.0,1,2,1,0,N,0,39 58:56.201,,0,75 12:27.846,4,0,0,0,67301,0,0,0,N,0,0,0,1,68K01,1,,5,9,,N,N,N,0,,0,0,1,0,0,,146,1,1,0,0,0,0,0,3,4,0,1,7,7.0,N,,,,,,,,,,,
2022109361,1818.0,2,0,0,0,0,0,0,0,0,5,0,,67,11,2022,6,40.0458,-75.1717,1818.0,6,0,0,0,0,0,0,0,0,,0,0,0.0,18,2,0,0,N,0,40 02:44.950,,0,75 10:17.940,0,0,0,0,67301,0,0,0,N,0,0,0,0,67301,0,,6,1,,N,N,N,0,,0,0,1,0,0,,1800,0,3,0,0,0,0,0,3,4,0,3,3,3.0,N,,,,,,,,,,,
2022097767,1500.0,1,0,1,0,0,0,0,0,0,1,0,,67,10,2022,5,39.9935,-75.0847,1455.0,6,0,0,0,0,0,1,0,0,,0,0,0.0,14,1,4,0,N,2,39 59:36.464,1.0,0,75 05:04.758,2,0,0,0,67301,0,0,0,N,0,0,0,5,68K01,1,,1,1,1515.0,N,N,N,0,,1,1,3,0,0,N,1411,4,4,0,0,0,1,0,3,4,0,4,3,,N,,,,,,,,,,,
2022100789,711.0,1,0,0,0,0,0,0,0,0,4,0,,67,10,2022,3,40.0337,-75.0636,709.0,6,0,0,0,0,0,0,0,0,,0,0,0.0,7,3,2,5,,1,40 02:01.162,6.0,0,75 03:49.102,3,0,0,0,67301,0,0,0,N,0,0,0,2,67301,0,,1,9,815.0,N,Y,N,0,,2,0,1,3,2,Y,705,2,2,0,0,0,0,0,3,4,0,2,7,4.0,N,,,,,,,,,,,
2022099325,1255.0,1,0,0,0,0,0,0,0,0,7,0,,67,10,2022,3,40.02,-75.2009,1244.0,6,0,0,0,0,0,0,1,0,,0,0,0.0,12,1,0,0,N,2,40 01:12.031,1.0,0,75 12:03.257,0,0,0,0,67301,0,0,0,N,0,0,0,1,67301,0,,4,9,1320.0,N,N,N,0,,0,0,0,0,0,Y,1235,0,1,0,0,0,0,0,3,4,0,1,7,4.0,N,,,,,,,,,,,
2022098261,1932.0,2,0,0,0,0,0,0,0,0,4,0,,67,10,2022,5,39.9177,-75.2306,1932.0,6,0,0,0,0,0,2,0,0,,0,0,0.0,13,1,0,2,,0,39 55:03.710,,0,75 13:50.230,0,0,0,0,67301,0,0,0,N,0,0,0,2,67301,0,,1,1,,N,N,N,0,,0,0,0,3,3,,1330,0,2,0,0,0,0,0,3,4,0,2,3,,N,,,,,,,,,,,
2022123001,28.0,1,0,0,0,0,0,0,0,0,5,0,,67,10,2022,1,40.0072,-75.2003,26.0,6,0,0,1,0,0,1,0,0,,0,0,0.0,0,3,5,0,N,0,40 00:25.962,,0,75 12:00.964,3,0,0,0,67301,0,0,0,N,0,0,0,5,68K01,0,,1,1,,N,N,N,0,,5,0,1,0,0,,25,5,2,0,0,0,0,0,3,4,0,2,3,,N,,,,,,,,,,,
2022101861,1515.0,2,0,0,0,0,0,0,0,0,4,0,,67,11,2022,3,39.9784,-75.1557,1500.0,6,0,0,0,0,0,0,0,0,,0,0,0.0,15,1,0,1,,0,39 58:42.153,,0,75 09:20.570,0,0,0,0,67301,0,0,0,N,0,0,0,2,67505,0,,1,1,,N,N,N,0,,0,0,0,3,2,,1500,0,2,0,0,0,0,0,3,4,0,2,3,3.0,N,,,,,,,,,,,
2022103566,128.0,2,0,0,0,0,0,0,0,0,1,0,,67,11,2022,2,39.9074,-75.1426,127.0,6,0,0,0,0,0,1,0,0,,0,0,0.0,1,3,1,0,N,2,39 54:26.800,3.0,3,75 08:33.400,4,0,0,0,67301,0,0,0,N,0,0,0,5,67501,1,,1,1,207.0,N,N,N,0,,0,0,0,0,0,N,127,1,2,0,0,0,0,0,3,4,0,2,3,,N,,,,,,,,,,,
2022103060,1650.0,1,0,0,0,0,0,0,0,0,1,0,,67,11,2022,6,40.0279,-75.2073,1645.0,6,0,0,0,0,0,0,0,0,,0,0,0.0,16,1,1,1,,2,40 01:40.518,3.0,0,75 12:26.362,8,0,0,0,67301,0,0,0,N,0,0,0,2,67301,0,,1,1,1756.0,N,N,N,0,,0,0,1,3,3,Y,1644,1,2,0,0,0,1,0,3,4,0,2,3,,N,,,,,,,,,,,
2022113604,2110.0,1,0,0,0,0,0,0,0,0,4,0,,67,10,2022,7,40.0414,-75.049,2100.0,6,0,0,0,0,0,0,0,0,,0,0,0.0,17,1,1,1,,0,40 02:29.198,,0,75 02:56.419,3,0,0,0,67301,0,0,0,N,0,0,0,2,67301,0,,1,99,,N,N,N,0,,1,0,1,3,2,,1715,1,2,0,0,1,0,0,3,4,0,2,99,98.0,N,,,,,,,,,,,
2022103061,748.0,1,0,0,0,0,0,0,0,0,1,0,,67,11,2022,3,40.0383,-75.0367,733.0,6,0,0,0,0,0,1,0,0,,0,0,0.0,5,3,0,0,N,0,40 02:17.944,,0,75 02:12.171,0,0,0,0,67301,0,0,0,N,0,0,0,1,67301,0,,6,9,,N,N,N,0,,0,0,1,0,0,,516,0,2,0,0,0,0,0,3,4,0,2,7,,N,,,,,,,,,,,
2022124334,850.0,1,0,0,0,0,0,0,0,0,8,0,,67,12,2022,6,39.9947,-75.1642,846.0,6,0,0,0,0,0,0,0,0,,0,0,0.0,8,3,1,3,,0,39 59:40.869,,0,75 09:51.004,3,0,0,0,67301,1,0,0,N,1,0,0,2,67301,0,,1,9,,N,N,N,0,,1,0,0,3,3,,844,1,2,0,0,0,0,1,3,4,0,1,3,3.0,N,,,,,,,,,,,
2022110921,123.0,2,0,0,0,0,0,0,0,0,5,0,,67,11,2022,7,40.0234,-75.0598,122.0,6,0,0,0,0,0,0,0,0,,0,0,0.0,1,3,1,0,N,2,40 01:24.240,1.0,0,75 03:35.260,3,0,0,0,67301,0,0,0,N,0,0,0,1,67301,0,,6,9,220.0,N,N,N,1,,1,0,2,0,0,Y,115,1,5,0,0,0,0,0,3,4,0,5,7,4.0,N,,,,,,,,,,,
2022109029,211.0,1,0,0,0,0,0,0,0,0,7,0,,67,11,2022,1,40.0293,-75.1892,211.0,6,0,0,0,0,0,0,0,0,,0,0,0.0,2,3,0,0,N,0,40 01:45.600,,0,75 11:21.100,0,0,0,0,67301,0,0,0,N,0,0,0,3,67301,0,,4,9,,N,N,N,0,,0,0,0,0,0,,205,0,1,0,0,3,0,0,3,4,0,1,7,7.0,N,,,,,,,,,,,
2022124481,2045.0,1,0,0,0,0,0,0,0,0,8,0,,67,11,2022,4,39.9505,-75.1489,2045.0,6,0,0,0,0,0,0,1,0,,0,0,0.0,6,1,1,1,,0,39 57:01.895,,0,75 08:56.077,3,0,0,0,67301,1,0,0,N,1,0,0,2,67301,0,,1,1,,N,N,N,0,,1,0,0,3,2,,625,1,2,0,0,0,0,1,3,4,0,1,3,3.0,N,,,,,,,,,,,
2022098892,820.0,0,0,0,0,0,0,0,0,0,8,0,,67,10,2022,2,40.0429,-75.1617,820.0,6,0,0,0,0,0,0,0,0,,0,0,0.0,8,5,1,2,,0,40 02:34.544,,0,75 09:42.033,2,0,0,0,67301,1,0,1,N,1,0,1,2,67301,0,,1,9,,N,N,N,0,,0,1,1,0,0,,816,1,2,0,0,0,0,0,3,4,0,1,7,,N,,,,,,,,,,,
2022118464,1552.0,3,0,0,0,0,0,0,0,0,1,0,,67,10,2022,2,39.9597,-75.1762,1541.0,6,0,0,0,0,0,0,0,0,,0,0,0.0,15,1,0,0,N,2,39 57:34.822,4.0,0,75 10:34.353,0,0,0,0,67301,0,0,0,N,0,0,0,3,68K01,0,,1,1,1630.0,N,N,N,0,,0,0,0,0,0,N,1541,0,3,0,0,0,0,0,3,4,0,3,3,3.0,N,,,,,,,,,,,
2022114334,2200.0,1,0,0,0,0,0,0,0,0,5,0,,67,12,2022,5,39.9221,-75.168,2155.0,6,0,0,0,0,0,0,0,0,,0,0,0.0,21,3,1,0,N,0,39 55:19.600,,0,75 10:04.900,8,0,0,0,67301,0,0,0,N,0,0,0,2,67301,0,,1,1,,N,N,Y,1,,0,0,1,0,0,,2154,1,3,0,0,0,1,0,3,4,0,3,3,,N,,,,,,,,,,,
2022102231,1145.0,0,0,0,0,0,0,0,0,0,8,0,,67,11,2022,3,39.9746,-75.1835,1140.0,6,0,0,0,0,0,0,0,0,,0,0,0.0,11,1,1,1,,0,39 58:28.437,,0,75 11:00.481,3,0,0,0,67301,1,0,0,N,1,0,0,2,67301,0,,1,1,,N,N,N,0,,1,0,0,3,2,,1133,1,2,0,0,0,0,0,3,4,1,1,3,3.0,N,,,,,,,,,,,
2022102950,0.0,2,0,0,0,0,0,0,0,0,5,0,,67,11,2022,5,40.0274,-75.0965,2350.0,6,0,0,0,0,0,0,0,0,,0,0,0.0,23,3,0,0,N,1,40 01:38.740,1.0,0,75 05:47.450,9,0,0,0,67301,0,0,0,N,0,0,0,1,67301,0,,6,1,126.0,N,N,N,0,,0,0,1,0,0,N,2349,0,4,0,0,0,0,1,3,4,1,4,3,3.0,N,,,,,,,,,,,
2022113189,801.0,0,0,0,0,0,0,0,0,0,7,0,,67,10,2022,7,40.0076,-75.1266,801.0,6,0,0,0,0,0,0,0,0,,0,0,0.0,7,1,0,0,N,0,40 00:27.455,,0,75 07:35.878,9,0,0,0,67301,0,0,0,N,0,0,0,1,67301,0,,4,1,,N,N,N,0,,0,0,1,0,0,,755,0,1,0,0,0,0,1,3,4,0,1,3,3.0,N,,,,,,,,,,,
2022101444,1137.0,2,0,0,0,0,0,0,0,0,5,0,,67,10,2022,6,40.0347,-75.0919,1137.0,6,0,0,0,0,0,0,0,0,,0,0,0.0,11,1,0,0,N,2,40 02:04.800,7.0,0,75 05:30.900,0,0,0,0,67301,0,0,0,N,0,0,0,2,67301,0,,6,1,1338.0,N,N,N,0,,0,0,0,0,0,Y,1137,0,2,0,0,2,0,0,3,4,0,2,3,3.0,N,,,,,,,,,,,
2022104979,157.0,0,0,0,0,0,0,0,0,0,7,0,,67,11,2022,6,40.0136,-75.1238,157.0,6,0,0,0,0,0,0,0,0,,0,0,0.0,0,3,0,0,N,0,40 00:49.100,,0,75 07:25.700,9,0,0,0,67301,0,0,0,N,0,0,0,1,67301,0,,4,1,,N,N,N,0,,0,0,1,0,0,,45,0,1,0,0,0,0,1,3,4,0,1,3,,N,,,,,,,,,,,
2022103530,2314.0,2,0,0,0,0,0,0,0,0,5,0,,67,11,2022,3,39.9255,-75.1812,2311.0,6,0,0,0,0,0,0,0,0,,0,0,0.0,23,3,0,0,N,2,39 55:31.730,3.0,0,75 10:52.490,0,0,0,0,67301,0,0,0,N,0,0,0,1,67301,0,,6,1,20.0,N,N,N,0,,0,0,1,0,0,N,2310,0,3,0,0,0,0,0,3,4,0,3,3,3.0,N,,,,,,,,,,,
2022117054,1615.0,1,0,0,0,0,0,0,0,0,3,0,,67,12,2022,5,40.0106,-75.1399,1559.0,6,0,0,0,0,0,0,0,0,,0,0,0.0,14,1,0,0,N,0,40 00:38.200,,0,75 08:23.600,9,0,0,0,67301,0,0,0,N,0,0,0,1,67301,0,,1,1,,N,N,Y,0,,0,0,1,3,3,,1434,0,2,0,0,0,0,1,3,4,0,2,3,3.0,N,,,,,,,,,,,
2022113188,806.0,1,0,0,0,0,0,0,0,0,4,0,,67,10,2022,7,40.0101,-75.1214,801.0,6,0,0,0,0,0,1,0,0,,0,0,0.0,7,1,1,1,,0,40 00:36.436,,0,75 07:17.178,8,0,0,0,67301,0,0,0,N,0,0,0,2,67301,0,,1,1,,N,N,N,0,,0,0,0,3,2,,759,1,2,0,0,0,1,0,3,4,1,2,3,3.0,N,,,,,,,,,,,
2022112605,229.0,1,0,0,0,0,0,0,0,0,7,0,,67,11,2022,3,39.9763,-75.114,226.0,6,0,0,0,1,0,0,0,0,,0,0,0.0,2,3,0,0,N,0,39 58:34.851,,3,75 06:50.421,0,0,0,0,67301,0,0,0,N,0,0,0,1,68K01,0,,4,9,,N,N,N,0,,0,0,0,0,0,,205,0,1,0,0,0,0,0,3,4,0,1,7,7.0,N,,,,,,,,,,,
2022110569,1719.0,0,0,0,0,0,0,0,0,0,8,0,,67,11,2022,6,39.9753,-75.121,1713.0,6,0,0,0,0,0,0,0,0,,0,0,0.0,17,1,1,1,,0,39 58:31.081,,0,75 07:16.303,3,0,0,0,67301,1,0,0,N,1,0,0,2,67301,0,,1,1,,N,N,N,0,,1,0,1,3,2,,1711,1,2,0,0,1,0,0,3,4,0,1,3,3.0,N,,,,,,,,,,,
2022101580,228.0,1,0,0,0,0,0,0,0,0,1,0,,67,10,2022,1,39.9584,-75.1659,220.0,6,0,0,0,0,0,0,0,0,,0,0,0.0,2,3,1,0,N,1,39 57:30.192,4.0,0,75 09:57.179,3,0,0,0,67301,0,0,0,N,0,0,0,3,68K01,0,,1,1,300.0,N,N,N,0,,1,0,1,0,0,N,219,1,2,0,0,0,0,0,3,4,0,2,3,,N,,,,,,,,,,,
2022113191,915.0,3,0,0,0,0,0,0,0,0,5,0,,67,10,2022,1,39.9999,-75.131,856.0,6,0,0,0,0,0,0,0,0,,0,0,0.0,5,3,0,0,N,0,39 59:59.690,,0,75 07:51.620,0,0,0,0,67301,0,0,0,N,0,0,0,1,67301,0,,6,1,,N,N,N,0,,0,0,2,0,0,,530,0,5,0,0,1,0,0,3,4,0,5,3,3.0,N,,,,,,,,,,,
2022118171,1750.0,1,0,0,0,0,0,0,0,0,1,0,,67,10,2022,7,40.0132,-75.2051,1741.0,6,0,0,0,0,0,1,0,0,,0,0,0.0,17,1,1,0,N,0,40 00:47.499,,2,75 12:18.201,4,0,0,0,67301,0,0,0,N,0,0,0,3,67301,1,,1,1,,N,N,N,0,,0,0,1,0,0,,1715,1,2,0,0,0,0,0,3,4,0,2,3,3.0,N,,,,,,,,,,,
2022112402,530.0,1,0,0,0,0,0,0,0,0,4,0,,67,11,2022,6,40.0382,-75.0786,508.0,6,0,0,0,0,0,2,0,0,,0,0,0.0,5,3,0,1,,0,40 02:17.510,,0,75 04:43.159,0,0,0,0,67301,0,0,0,N,0,0,0,2,67301,0,,1,1,,N,N,N,0,,0,0,0,3,3,,501,0,2,0,0,0,0,0,3,4,1,2,3,,N,,,,,,,,,,,
2022103693,1050.0,1,0,0,0,0,0,0,0,0,4,0,,67,11,2022,4,39.9654,-75.1625,1045.0,6,0,0,0,0,0,0,0,0,,0,0,0.0,10,1,1,1,,1,39 57:55.295,3.0,0,75 09:45.129,3,0,0,0,67301,0,0,0,N,0,0,0,2,67301,0,,1,1,20.0,N,N,N,0,,1,0,2,3,2,N,1040,1,3,0,0,1,0,0,3,4,0,3,3,3.0,N,,,,,,,,,,,
2022114077,1745.0,0,0,0,0,0,0,0,0,0,8,0,,67,12,2022,5,40.0775,-75.0438,1723.0,6,0,0,0,0,0,0,0,1,,0,0,0.0,17,3,1,2,,0,40 04:39.140,,0,75 02:37.514,3,0,0,0,67301,1,0,0,N,1,0,0,2,67301,0,,1,1,,N,N,N,0,,1,0,1,3,1,,1700,1,2,0,0,0,0,0,3,4,0,1,3,3.0,N,,,,,,,,,,,
2022113196,448.0,1,0,0,0,0,0,0,0,0,4,0,,67,11,2022,7,40.0203,-75.134,447.0,6,0,0,0,0,0,0,0,0,,0,0,0.0,4,3,1,1,,0,40 01:13.252,,0,75 08:02.493,3,0,0,0,67301,0,0,0,N,0,0,0,2,67301,0,,1,9,,N,N,N,0,,1,0,1,3,2,,430,1,2,0,0,1,0,0,3,4,0,2,7,,N,,,,,,,,,,,
2022112259,1815.0,0,0,0,1,0,0,0,0,0,4,0,,67,11,2022,4,39.9736,-75.2472,1800.0,6,0,0,0,0,0,0,0,0,,0,0,0.0,17,1,1,1,,0,39 58:24.870,,0,75 14:49.963,8,0,0,0,67301,1,0,0,N,0,0,0,2,67301,0,,1,1,,N,N,N,0,,0,0,0,3,3,,1700,1,2,0,0,0,1,0,3,4,0,1,3,3.0,N,,,,,,,,,,,
2022112262,1758.0,0,0,0,0,0,0,0,0,0,8,0,,67,11,2022,3,39.9648,-75.2381,1758.0,6,0,0,0,0,0,0,0,0,,0,0,0.0,17,3,1,1,,0,39 57:53.258,,0,75 14:17.321,3,0,0,0,67301,1,0,0,N,1,0,0,2,67301,0,,1,9,,N,N,N,0,,1,0,1,3,2,,1755,1,2,0,0,1,0,0,3,4,0,1,7,,N,,,,,,,,,,,
2022099889,1716.0,0,0,0,0,0,0,0,0,0,5,0,,67,10,2022,4,40.0421,-75.12,1716.0,6,0,0,0,0,0,0,0,0,,0,0,0.0,17,1,0,0,N,0,40 02:31.550,,0,75 07:11.880,9,0,0,0,67301,0,0,0,N,0,0,0,1,67301,0,,6,1,,N,N,N,1,,0,0,3,0,0,,1710,0,4,0,0,0,0,1,3,4,0,4,3,,N,,,,,,,,,,,
2022100204,1931.0,1,0,0,0,0,0,0,0,0,4,0,,67,10,2022,2,40.1129,-75.0232,1931.0,6,0,0,0,0,0,0,1,0,,0,0,0.0,19,3,1,0,N,2,40 06:46.347,2.0,7,75 01:23.478,4,0,0,0,67301,0,0,0,N,0,0,0,2,67301,1,,1,9,2032.0,N,N,N,1,,0,0,0,0,0,N,1910,1,2,0,0,0,0,0,3,4,0,2,7,,N,,,,,,,,,,,
2022098722,2359.0,0,0,0,0,0,0,0,0,0,4,0,,67,10,2022,1,40.0661,-75.063,2356.0,6,0,0,0,0,0,0,0,0,,0,0,0.0,23,3,0,1,,0,40 03:58.061,,0,75 03:46.964,9,0,0,0,67301,0,0,0,N,0,0,0,6,67301,0,,1,9,,N,N,N,1,,0,0,0,3,2,,2332,0,2,0,0,2,0,1,3,4,1,2,7,,N,,,,,,,,,,,
2022098889,717.0,1,0,0,0,0,0,0,0,0,8,0,,67,10,2022,2,40.0882,-75.0346,711.0,6,0,0,0,0,0,0,0,1,,0,0,0.0,7,5,1,1,,0,40 05:17.715,,0,75 02:04.873,3,0,0,0,67301,1,0,0,N,1,0,0,2,67301,0,,1,9,,N,N,N,0,,1,0,0,3,2,,706,1,2,0,0,0,0,0,3,4,0,1,7,7.0,N,,,,,,,,,,,
2022100135,9.0,2,0,0,1,0,0,0,0,0,1,0,,67,10,2022,6,39.9761,-75.16,7.0,6,0,0,0,0,0,0,0,0,,0,0,0.0,0,3,1,0,N,0,39 58:33.800,,0,75 09:36.000,8,0,0,0,67301,1,0,0,N,0,0,0,2,67505,0,,1,1,,N,N,N,0,,0,0,0,0,0,,7,1,3,0,0,1,1,0,3,4,0,2,3,3.0,N,,,,,,,,,,,
2022108692,2212.0,1,0,0,0,0,0,0,0,0,0,0,,67,10,2022,2,40.0349,-75.0189,2151.0,6,0,1,0,0,0,0,0,0,,0,0,0.0,21,3,1,0,N,1,40 02:05.480,2.0,3,75 01:07.950,8,0,0,0,67301,0,0,0,N,0,0,0,1,68K01,0,,1,9,2300.0,N,N,N,0,,0,0,0,0,0,Y,2148,1,1,0,0,0,1,0,3,4,0,1,7,,N,,,,,,,,,,,
2022102229,1102.0,1,0,0,0,0,0,0,0,0,4,0,,67,10,2022,2,39.9733,-75.1945,1059.0,6,0,0,0,0,0,1,0,0,,0,0,0.0,10,1,0,0,N,0,39 58:23.790,,0,75 11:40.170,0,0,0,0,67301,0,0,0,N,0,0,0,2,67301,0,,1,1,,N,N,N,0,,0,0,1,0,0,,1022,0,2,0,0,2,0,0,3,4,0,2,3,3.0,N,,,,,,,,,,,
2022105139,2029.0,1,0,0,0,0,0,0,0,0,7,0,,67,11,2022,3,40.0046,-75.1819,2024.0,6,0,0,0,0,0,0,0,0,,0,0,0.0,20,3,0,2,,2,40 00:16.414,6.0,0,75 10:55.018,0,0,0,0,67301,0,0,0,N,0,0,0,1,67301,0,,4,1,2121.0,N,N,N,0,,0,0,0,0,0,Y,2020,0,1,0,0,1,0,0,3,4,0,1,3,3.0,N,,,,,,,,,,,
2022103533,2230.0,1,0,0,0,0,0,0,0,0,4,0,,67,11,2022,4,39.9662,-75.2248,2230.0,6,0,0,0,0,0,0,0,0,,0,0,0.0,22,3,0,2,,0,39 57:58.462,,0,75 13:29.288,0,0,0,0,67301,0,0,0,N,0,0,0,2,67301,0,,1,1,,N,N,N,1,,0,0,1,3,3,,2230,0,3,0,0,2,0,0,3,4,0,3,3,3.0,N,,,,,,,,,,,
2022103319,910.0,0,0,0,0,0,0,0,0,0,4,0,,67,11,2022,6,39.9356,-75.2259,909.0,6,0,0,0,0,0,1,0,0,,0,0,0.0,6,3,1,1,,0,39 56:08.274,,0,75 13:33.131,3,0,0,0,67301,0,0,0,N,0,0,0,2,67301,0,,1,99,,N,N,N,0,,1,0,2,3,2,,648,1,2,0,0,0,0,0,3,4,0,2,5,,N,,,,,,,,,,,
2022108067,52.0,0,0,0,0,0,0,0,0,0,1,0,,67,11,2022,5,39.962,-75.2412,50.0,6,0,0,0,0,0,1,0,0,,0,0,0.0,0,3,2,0,Y,2,39 57:43.092,3.0,1,75 14:28.316,3,0,0,0,67301,0,0,0,N,0,0,0,3,67301,1,,1,1,212.0,N,N,N,0,,1,0,2,3,2,Y,42,2,2,0,0,1,0,0,3,4,0,2,3,,N,,,,,,,,,,,
2022103224,808.0,1,0,0,0,0,0,0,0,0,8,0,,67,11,2022,5,40.0209,-75.1193,807.0,6,0,0,0,0,0,0,0,0,,0,0,0.0,8,1,1,0,N,0,40 01:15.350,,0,75 07:09.500,3,0,0,0,67301,1,0,0,N,1,0,0,2,67301,0,,1,1,,N,Y,N,0,,1,0,0,3,8,,800,1,2,0,0,0,0,0,3,4,0,1,3,3.0,N,,,,,,,,,,,
2022100787,1724.0,2,0,0,0,0,0,0,0,0,4,0,,67,10,2022,6,40.0652,-75.1753,1713.0,6,0,0,0,0,0,1,0,0,,0,0,0.0,17,1,0,1,,0,40 03:54.737,,0,75 10:31.167,9,0,0,0,67301,0,0,0,N,0,0,0,4,67301,0,,1,1,,N,N,N,0,,0,0,0,3,2,,1705,0,3,0,0,0,0,3,3,4,0,3,3,3.0,N,,,,,,,,,,,
2022108069,36.0,2,0,0,0,0,0,0,0,0,5,0,,67,11,2022,7,39.9595,-75.2433,34.0,6,0,0,0,0,0,0,0,0,,0,0,0.0,0,3,0,0,N,1,39 57:34.340,2.0,0,75 14:35.860,0,0,0,0,67301,0,0,0,N,0,0,0,1,67301,0,,6,1,230.0,N,N,N,0,,0,0,1,0,0,N,30,0,3,0,0,1,0,0,3,4,0,3,3,3.0,N,,,,,,,,,,,
2022107141,316.0,1,0,0,0,0,0,0,0,0,7,0,,67,11,2022,7,39.9766,-75.197,311.0,6,0,0,0,0,0,0,0,0,,0,0,0.0,3,3,1,0,N,0,39 58:35.836,,0,75 11:49.063,3,0,0,0,67301,0,0,0,N,0,0,0,1,68K01,0,,2,9,,N,N,N,0,,1,0,0,0,0,,300,1,1,0,0,0,0,0,3,4,0,1,7,,N,,,,,,,,,,,