CRN,ARRIVAL_TM,AUTOMOBILE_COUNT,BELTED_DEATH_COUNT,BELTED_SUSP_SERIOUS_INJ_COUNT,BICYCLE_COUNT,BICYCLE_DEATH_COUNT,BICYCLE_SUSP_SERIOUS_INJ_COUNT,BUS_COUNT,CHLDPAS_DEATH_COUNT,CHLDPAS_SUSP_SERIOUS_INJ_COUNT,COLLISION_TYPE,COMM_VEH_COUNT,CONS_ZONE_SPD_LIM,COUNTY,CRASH_MONTH,CRASH_YEAR,DAY_OF_WEEK,DEC_LAT,DEC_LONG,DISPATCH_TM,DISTRICT,DRIVER_COUNT_16YR,DRIVER_COUNT_17YR,DRIVER_COUNT_18YR,DRIVER_COUNT_19YR,DRIVER_COUNT_20YR,DRIVER_COUNT_50_64YR,DRIVER_COUNT_65_74YR,DRIVER_COUNT_75PLUS,EST_HRS_CLOSED,FATAL_COUNT,HEAVY_TRUCK_COUNT,HORSE_BUGGY_COUNT,HOUR_OF_DAY,ILLUMINATION,INJURY_COUNT,INTERSECT_TYPE,INTERSECTION_RELATED,LANE_CLOSED,LATITUDE,LN_CLOSE_DIR,LOCATION_TYPE,LONGITUDE,MAX_SEVERITY_LEVEL,MCYCLE_DEATH_COUNT,MCYCLE_SUSP_SERIOUS_INJ_COUNT,MOTORCYCLE_COUNT,MUNICIPALITY,NONMOTR_COUNT,NONMOTR_DEATH_COUNT,NONMOTR_SUSP_SERIOUS_INJ_COUNT,NTFY_HIWY_MAINT,PED_COUNT,PED_DEATH_COUNT,PED_SUSP_SERIOUS_INJ_COUNT,PERSON_COUNT,POLICE_AGCY,POSSIBLE_INJ_COUNT,RDWY_SURF_TYPE_CD,RELATION_TO_ROAD,ROAD_CONDITION,ROADWAY_CLEARED,SCH_BUS_IND,SCH_ZONE_IND,SECONDARY_CRASH,SMALL_TRUCK_COUNT,SPEC_JURIS_CD,SUSP_MINOR_INJ_COUNT,SUSP_SERIOUS_INJ_COUNT,SUV_COUNT,TCD_FUNC_CD,TCD_TYPE,TFC_DETOUR_IND,TIME_OF_DAY,TOT_INJ_COUNT,TOTAL_UNITS,UNB_DEATH_COUNT,UNB_SUSP_SERIOUS_INJ_COUNT,UNBELTED_OCC_COUNT,UNK_INJ_DEG_COUNT,UNK_INJ_PER_COUNT,URBAN_AREA,URBAN_RURAL,VAN_COUNT,VEHICLE_COUNT,WEATHER1,WEATHER2,WORK_ZONE_IND,WORK_ZONE_LOC,WORK_ZONE_TYPE,WORKERS_PRES,WZ_CLOSE_DETOUR,WZ_FLAGGER,WZ_LAW_OFFCR_IND,WZ_LN_CLOSURE,WZ_MOVING,WZ_OTHER,WZ_SHLDER_MDN,WZ_WORKERS_INJ_KILLED
2022100797,1325.0,0,0,0,0,0,0,0,0,0,1,0,,67,10,2022,6,39.9764,-75.272,1318.0,6,0,0,0,0,0,0,1,0,,0,0,0.0,13,1,1,0,N,0,39 58:34.970,,0,75 16:19.230,3,0,0,0,67301,0,0,0,N,0,0,0,1,67301,0,,6,1,,N,N,Y,1,,1,0,1,0,0,,1309,1,2,0,0,0,0,0,3,4,0,2,3,,N,,,,,,,,,,,
2022100785,1153.0,1,0,0,0,0,0,0,0,0,4,0,,67,10,2022,7,40.0868,-74.9718,1145.0,6,0,0,0,0,0,0,0,0,,0,0,0.0,11,1,2,1,,2,40 05:12.685,3.0,0,74 58:19.097,2,0,0,0,67301,0,0,0,N,0,0,0,2,67301,0,,1,1,115.0,N,N,N,0,,0,2,1,3,2,Y,1140,2,2,0,0,0,0,0,3,4,0,2,3,3.0,N,,,,,,,,,,,
2022116676,2358.0,1,0,0,0,0,0,0,0,0,1,0,,67,12,2022,5,40.0214,-75.1579,2346.0,6,0,0,0,0,0,0,0,0,,0,0,0.0,23,3,1,0,N,0,40 01:17.212,,0,75 09:28.403,3,0,0,0,67301,0,0,0,N,0,0,0,3,67301,0,,1,1,,N,N,N,0,,1,0,1,0,0,,2330,1,2,0,0,3,0,1,3,4,0,2,3,3.0,N,,,,,,,,,,,
2022113505,230.0,1,0,0,0,0,0,0,0,0,5,0,,67,11,2022,7,39.9483,-75.186,217.0,6,0,0,0,0,0,0,0,0,,0,0,0.0,2,3,0,0,N,0,39 56:53.932,,3,75 11:09.525,0,0,0,0,67301,0,0,0,N,0,0,0,3,68K01,0,,1,1,,N,N,N,0,,0,0,1,0,0,,214,0,2,0,0,0,0,0,3,4,0,2,3,,N,,,,,,,,,,,
2022101446,446.0,0,0,0,0,0,0,0,0,0,7,0,,67,10,2022,1,40.1033,-75.0285,446.0,6,0,0,0,0,0,0,0,0,,0,0,0.0,4,3,0,0,N,0,40 06:11.960,,0,75 01:42.710,0,0,0,0,67301,0,0,0,N,0,0,0,1,67301,0,,4,1,,N,N,N,0,,0,0,0,0,0,,445,0,1,0,0,0,0,0,3,4,1,1,3,,N,,,,,,,,,,,
2022107176,1137.0,1,0,0,0,0,0,0,0,0,5,0,,67,11,2022,2,40.0093,-75.1646,1136.0,6,0,0,0,0,0,0,0,1,,0,0,0.0,11,1,0,0,N,2,40 00:33.300,5.0,0,75 09:52.560,9,0,0,0,67301,0,0,0,N,0,0,0,1,67301,0,,6,1,1148.0,N,N,N,0,,0,0,1,0,0,Y,1130,0,2,0,0,0,0,1,3,4,0,2,3,3.0,N,,,,,,,,,,,
2022105488,2003.0,1,0,0,0,0,0,0,0,0,5,0,,67,11,2022,4,40.0083,-75.1907,1933.0,6,0,0,0,0,0,0,0,0,,0,0,0.0,19,3,0,0,N,0,40 00:29.857,,3,75 11:26.468,0,0,0,0,67301,0,0,0,N,0,0,0,2,67301,0,,1,1,,N,N,N,0,,0,0,1,0,0,,1929,0,2,0,0,0,0,0,3,4,0,2,3,,N,,,,,,,,,,,
2022121336,30.0,1,0,0,0,0,0,0,0,0,4,0,,67,11,2022,5,39.9576,-75.1457,30.0,6,0,0,0,0,0,0,0,0,,0,0,0.0,22,3,0,1,,0,39 57:27.432,,0,75 08:44.473,0,0,0,0,67301,0,0,0,N,0,0,0,2,67301,0,,1,1,,N,N,N,0,,0,0,1,3,2,,2257,0,2,0,0,0,0,0,3,4,0,2,3,,N,,,,,,,,,,,
2022108545,850.0,0,0,0,0,0,0,0,0,0,1,0,,67,11,2022,2,40.0268,-75.0258,809.0,6,0,0,0,0,0,0,0,0,,0,0,0.0,8,1,1,0,N,1,40 01:36.584,1.0,0,75 01:32.734,8,0,0,0,67301,0,0,0,N,0,0,0,3,68K01,0,,1,1,935.0,N,N,N,0,,0,0,1,0,0,N,808,1,2,0,0,0,1,0,3,4,1,2,3,,N,,,,,,,,,,,
2022118478,243.0,0,0,0,0,0,0,0,0,0,7,0,,67,11,2022,4,39.9823,-75.1002,236.0,6,0,0,0,0,0,1,0,0,,0,0,0.0,2,3,0,7,,0,39 58:56.179,,2,75 06:00.884,0,0,0,0,67301,0,0,0,N,0,0,0,1,68K01,0,,7,8,,N,N,N,1,,0,0,0,0,0,,234,0,1,0,0,0,0,0,3,4,0,1,7,7.0,N,,,,,,,,,,,
2022119271,1350.0,0,0,0,0,0,0,0,0,0,1,0,,67,12,2022,5,40.042,-75.1591,1345.0,6,0,0,0,0,0,1,0,0,,0,0,0.0,9,1,1,0,Y,0,40 02:31.114,,0,75 09:32.928,3,0,0,0,67301,0,0,0,N,0,0,0,3,67301,0,,1,9,,N,N,N,0,,1,0,1,3,2,,900,1,3,0,0,0,0,2,3,4,0,3,7,7.0,N,,,,,,,,,,,
2022109365,1242.0,1,0,0,0,0,0,0,0,0,1,0,,67,11,2022,2,39.9861,-75.0973,1242.0,6,0,0,0,0,0,0,0,0,,0,0,0.0,22,3,0,0,N,0,39 59:10.110,,0,75 05:50.330,0,0,0,0,67301,0,0,0,N,0,0,0,2,67301,0,,1,1,,N,N,N,0,,0,0,1,0,0,,2234,0,3,0,0,0,0,0,3,4,0,3,3,3.0,N,,,,,,,,,,,
2022105790,1655.0,0,0,0,0,0,0,0,0,0,8,0,,67,11,2022,5,40.0511,-75.0942,1650.0,6,0,0,0,0,0,1,0,0,,0,0,0.0,9,1,1,1,,0,40 03:03.841,,0,75 05:39.005,3,0,0,0,67301,1,0,0,N,1,0,0,2,67301,0,,1,1,,N,N,N,0,,1,0,0,3,3,,945,1,2,0,0,1,0,0,3,4,1,1,3,3.0,N,,,,,,,,,,,
2022113182,1201.0,1,0,0,0,0,0,0,0,0,5,0,,67,11,2022,6,39.9548,-75.2277,1201.0,6,0,0,0,0,0,0,0,0,,0,0,0.0,11,1,0,0,N,0,39 57:17.290,,0,75 13:39.780,0,0,0,0,67301,0,0,0,N,0,0,0,1,67301,0,,6,1,,N,N,N,0,,0,0,1,0,0,,1159,0,2,0,0,0,0,0,3,4,0,2,3,3.0,N,,,,,,,,,,,
2022105122,1835.0,1,0,0,0,0,0,0,0,0,4,0,,67,11,2022,3,40.1288,-75.0137,1822.0,6,0,0,0,0,0,0,0,0,,0,0,0.0,18,6,1,1,,1,40 07:43.909,2.0,0,75 00:49.814,3,0,0,0,67301,0,0,0,N,0,0,0,3,67301,0,,1,1,1915.0,N,N,N,0,,1,0,1,3,2,N,1809,1,2,0,0,0,0,0,3,4,0,2,3,3.0,N,,,,,,,,,,,
2022104973,10.0,2,0,0,0,0,0,0,0,0,4,0,,67,10,2022,1,40.0138,-75.126,2358.0,6,0,0,0,0,0,0,0,0,,0,0,0.0,23,3,1,1,,0,40 00:49.823,,0,75 07:33.528,3,0,0,0,67301,0,0,0,N,0,0,0,2,67301,0,,1,1,,N,N,N,0,,1,0,0,3,2,,2350,1,2,0,0,0,0,1,3,4,0,2,3,3.0,N,,,,,,,,,,,
2022102955,1738.0,1,0,0,1,0,0,0,0,0,1,0,,67,11,2022,5,40.1203,-74.9958,1736.0,6,0,0,0,0,0,0,0,0,,0,0,0.0,16,1,1,0,N,0,40 07:13.230,,0,74 59:45.020,3,0,0,0,67301,1,0,0,N,0,0,0,2,67301,0,,1,1,,N,N,N,0,,1,0,0,0,0,,1658,1,2,0,0,1,0,0,3,4,0,1,3,,N,,,,,,,,,,,
2022103221,1550.0,1,0,0,0,0,0,0,0,0,8,0,,67,11,2022,4,39.9842,-75.1025,1544.0,6,0,0,0,0,0,0,0,0,,0,0,0.0,15,1,1,1,,0,39 59:03.061,,0,75 06:09.008,3,0,0,0,67301,1,0,0,N,1,0,0,2,67301,0,,1,1,,N,N,N,0,,1,0,0,3,2,,1523,1,2,0,0,1,0,0,3,4,0,1,3,,N,,,,,,,,,,,
2022106265,600.0,2,0,0,0,0,0,0,0,0,4,0,,67,11,2022,2,40.0563,-75.2327,555.0,6,0,0,0,1,0,0,0,0,,0,0,0.0,5,5,3,0,N,0,40 03:22.256,,7,75 13:57.348,3,0,0,0,67301,0,0,0,N,0,0,0,3,67301,0,,1,1,,N,N,N,0,,3,0,0,3,2,,540,3,2,0,0,0,0,0,3,4,0,2,3,3.0,N,,,,,,,,,,,
2022116675,200.0,1,0,0,0,0,0,0,0,0,7,0,,67,12,2022,5,40.0296,-75.1882,200.0,6,0,0,0,0,0,0,0,0,,0,0,0.0,0,3,0,0,N,1,40 01:46.400,3.0,99,75 11:17.400,0,0,0,0,67301,0,0,0,N,0,0,0,1,67301,0,,4,1,100.0,N,N,N,0,,0,0,0,0,0,N,50,0,1,0,0,0,0,0,3,4,0,1,3,3.0,N,,,,,,,,,,,
2022103531,2318.0,2,0,0,0,0,0,0,0,0,4,0,,67,11,2022,6,40.0446,-75.0547,2312.0,6,0,0,1,0,0,1,0,0,,0,0,0.0,23,3,3,1,,2,40 02:40.636,2.0,0,75 03:16.819,2,0,0,0,67301,0,0,0,N,0,0,0,4,67301,0,,1,1,15.0,N,N,N,0,,2,1,0,3,2,Y,2305,3,2,0,0,0,0,0,3,4,0,2,3,3.0,N,,,,,,,,,,,
2022102016,1945.0,1,0,0,0,0,0,0,0,0,5,0,,67,10,2022,2,39.9614,-75.1941,1936.0,6,0,0,0,0,0,0,0,0,,0,0,0.0,19,3,0,0,N,0,39 57:41.130,,0,75 11:38.640,0,0,0,0,67301,0,0,0,N,0,0,0,1,67301,0,,6,9,,N,N,N,0,,0,0,1,0,0,,1929,0,2,0,0,0,0,0,3,4,0,2,7,7.0,N,,,,,,,,,,,
2022113192,930.0,1,0,0,0,0,0,0,0,0,1,0,,67,11,2022,4,40.0074,-75.1252,929.0,6,0,0,0,0,0,1,0,0,,0,0,0.0,9,1,2,2,,0,40 00:26.789,,0,75 07:30.615,4,0,0,0,67301,0,0,0,N,0,0,0,4,67301,2,,1,1,,N,N,N,0,,0,0,0,3,2,,915,2,2,0,0,0,0,0,3,4,1,2,3,,N,,,,,,,,,,,
2022102223,1133.0,0,0,0,0,0,0,0,0,0,4,0,,67,10,2022,7,40.095,-75.0154,1126.0,6,0,0,0,0,0,2,0,0,,0,0,0.0,11,1,1,1,,1,40 05:41.842,2.0,0,75 00:55.583,4,0,0,0,67301,0,0,0,N,0,0,0,2,67301,1,,1,1,1145.0,N,N,N,0,,0,0,2,3,2,N,1124,1,2,0,0,0,0,0,3,4,0,2,3,3.0,N,,,,,,,,,,,
2022103325,1003.0,0,0,0,0,0,0,0,0,0,4,0,,67,11,2022,5,39.9783,-75.13,1003.0,6,0,0,0,0,0,0,0,0,,0,0,0.0,10,1,1,1,,0,39 58:41.894,,0,75 07:47.827,3,0,0,0,67301,0,0,0,N,0,0,0,2,67301,0,,1,1,,N,N,N,0,,1,0,1,3,3,,1003,1,2,0,0,1,0,0,3,4,0,2,3,,N,,,,,,,,,,,
2022100791,823.0,0,0,0,0,0,0,0,0,0,4,0,,67,10,2022,7,40.0142,-75.0659,822.0,6,0,0,0,0,0,1,0,0,,0,0,0.0,8,1,2,1,,0,40 00:51.225,,0,75 03:57.229,3,0,0,0,67301,0,0,0,N,0,0,0,3,67301,0,,1,1,,N,N,N,0,,2,0,1,0,0,,801,2,2,0,0,0,0,0,3,4,1,2,3,,N,,,,,,,,,,,
2022114997,855.0,1,0,0,0,0,0,0,0,0,2,0,,67,12,2022,5,40.0015,-75.1042,855.0,6,0,0,0,0,0,1,1,0,,0,0,0.0,8,1,1,5,,0,40 00:05.492,,0,75 06:15.239,3,0,0,0,67301,0,0,0,N,0,0,0,3,67301,0,,1,1,,N,N,N,1,,1,0,1,3,2,,855,1,3,0,0,3,0,0,3,4,0,3,3,3.0,N,,,,,,,,,,,
2022105974,2201.0,1,0,0,0,0,0,0,0,0,6,0,,67,11,2022,3,39.9405,-75.2255,2200.0,6,0,0,0,0,0,0,0,0,,0,0,0.0,22,3,2,0,N,0,39 56:25.750,,0,75 13:31.820,3,0,0,0,67301,0,0,0,N,0,0,0,3,67301,0,,1,1,,N,N,N,0,,2,0,1,0,0,,2200,2,2,0,0,1,0,0,3,4,0,2,3,3.0,N,,,,,,,,,,,
2022101859,940.0,0,0,0,0,0,0,0,0,0,8,0,,67,10,2022,7,40.0016,-75.1528,931.0,6,0,0,0,0,0,0,0,0,,0,0,0.0,9,1,1,1,,0,40 00:05.763,,0,75 09:10.529,8,0,0,0,67301,1,0,0,N,1,0,0,2,67301,0,,1,1,,N,N,N,0,,0,0,1,3,2,,900,1,2,0,0,0,1,0,3,4,0,1,3,3.0,N,,,,,,,,,,,
2022116354,115.0,5,0,0,0,0,0,0,0,0,5,0,,67,12,2022,5,39.9874,-75.1559,110.0,6,0,0,0,1,0,0,0,0,,0,0,0.0,0,3,0,0,N,0,39 59:14.705,,0,75 09:21.228,9,0,0,0,67301,0,0,0,N,0,0,0,3,67301,0,,1,1,,N,N,N,0,,0,0,0,0,0,,0,0,5,0,0,0,0,2,3,4,0,5,3,,N,,,,,,,,,,,
2022102228,1610.0,0,0,0,0,0,0,0,0,0,4,0,,67,11,2022,3,39.928,-75.2193,1600.0,6,0,0,0,0,0,0,0,0,,0,0,0.0,13,1,5,1,,0,39 55:40.869,,0,75 13:09.477,3,0,0,0,67301,0,0,0,N,0,0,0,7,67301,0,,1,1,,N,N,N,0,,5,0,0,3,2,,1310,5,2,0,0,1,0,0,3,4,1,2,3,3.0,N,,,,,,,,,,,
2022101115,2140.0,1,0,0,0,0,0,0,0,0,4,0,,67,10,2022,7,40.0145,-75.1311,2138.0,6,0,0,1,0,1,0,0,0,,0,0,0.0,21,3,2,1,,1,40 00:52.264,5.0,0,75 07:52.028,3,0,0,0,67301,0,0,0,N,0,0,0,2,67301,1,,1,1,2212.0,N,N,N,0,,1,0,1,3,2,N,2131,2,2,0,0,0,0,0,3,4,0,2,3,3.0,N,,,,,,,,,,,
2022103214,1500.0,0,0,0,0,0,0,0,0,0,8,0,,67,10,2022,2,39.9511,-75.1534,1450.0,6,0,0,0,0,0,0,0,0,,0,0,0.0,14,1,1,0,N,0,39 57:04.090,,0,75 09:12.104,3,0,0,0,67301,1,0,0,N,1,0,0,2,67301,0,,1,1,,N,N,N,0,,1,0,1,0,0,,1430,1,2,0,0,0,0,0,3,4,0,1,3,,N,,,,,,,,,,,
2022121948,2130.0,4,0,0,0,0,0,0,0,0,5,0,,67,12,2022,5,39.9484,-75.2264,2125.0,6,0,0,0,0,0,0,0,0,,0,0,0.0,21,3,0,0,N,0,39 56:54.150,,0,75 13:34.900,0,0,0,0,67301,0,0,0,N,0,0,0,1,67301,0,,6,1,,N,N,N,1,,0,0,0,0,0,,2125,0,5,0,0,0,0,0,3,4,0,5,3,3.0,N,,,,,,,,,,,
2022101106,1340.0,0,0,0,0,0,0,0,0,0,1,1,,67,10,2022,1,39.9618,-75.1783,1340.0,6,0,0,0,0,0,0,0,0,,0,1,0.0,13,1,1,0,N,0,39 57:42.526,,2,75 10:42.036,4,0,0,0,67301,0,0,0,N,0,0,0,2,67301,1,,1,1,,N,N,N,1,,0,0,0,0,0,,1300,1,2,0,0,1,0,0,3,4,0,2,3,3.0,N,,,,,,,,,,,
2022102966,1252.0,0,0,0,0,0,0,0,0,0,4,0,,67,11,2022,3,40.0303,-75.159,1251.0,6,0,0,0,0,0,1,0,0,,0,0,0.0,12,1,1,3,,0,40 01:49.051,,0,75 09:32.493,8,0,0,0,67301,0,0,0,N,0,0,0,2,67301,0,,1,9,,N,N,N,0,,0,0,1,3,3,,1235,1,2,0,0,0,1,1,3,4,1,2,7,7.0,N,,,,,,,,,,,
2022117599,24.0,2,0,0,0,0,0,0,0,0,1,0,,67,10,2022,7,39.9324,-75.2,18.0,6,0,0,0,0,0,0,0,0,,0,0,0.0,0,3,7,0,N,1,39 55:56.797,4.0,0,75 12:00.061,3,0,0,0,67301,0,0,0,N,0,0,0,8,68K01,0,,1,1,130.0,N,N,N,0,,5,0,1,0,0,N,17,7,4,0,0,0,2,1,3,4,0,4,3,,N,,,,,,,,,,,
2022101450,1334.0,0,0,0,0,0,0,0,0,0,4,0,,67,10,2022,1,39.9037,-75.2434,1334.0,6,0,0,0,1,0,0,0,0,,0,0,0.0,13,1,0,1,,1,39 54:13.170,6.0,0,75 14:36.300,0,0,0,0,67301,0,0,0,N,0,0,0,2,67301,0,,1,1,130.0,N,N,N,0,,0,0,1,3,2,N,1334,0,2,0,0,1,0,0,3,4,1,2,3,3.0,N,,,,,,,,,,,
2022111542,716.0,1,0,0,0,0,0,0,0,0,7,0,,67,11,2022,6,40.0548,-74.9853,643.0,6,0,0,0,0,0,1,1,0,,0,0,0.0,6,1,2,0,N,2,40 03:17.399,2.0,0,74 59:06.903,2,0,0,0,67301,0,0,0,Y,0,0,0,2,68K01,0,,3,1,830.0,N,N,N,0,,1,1,1,0,0,N,636,2,2,0,1,1,0,0,3,4,0,2,3,3.0,N,,,,,,,,,,,
2022101118,448.0,1,0,0,0,0,0,0,0,0,7,0,,67,10,2022,7,40.0223,-75.1386,443.0,6,0,0,0,0,0,0,0,0,,0,0,0.0,4,3,1,0,N,1,40 01:20.349,2.0,0,75 08:18.828,3,0,0,0,67301,0,0,0,N,0,0,0,1,67301,0,,3,1,545.0,N,N,N,0,,1,0,0,0,0,N,438,1,1,0,0,0,0,0,3,4,0,1,3,3.0,N,,,,,,,,,,,
2022120133,1154.0,0,0,0,0,0,0,0,0,0,8,0,,67,12,2022,1,39.9926,-75.1445,1154.0,6,0,0,0,0,0,0,0,0,,0,0,0.0,18,4,1,2,,0,39 59:33.318,,0,75 08:40.178,8,0,0,0,67301,1,0,0,N,1,0,0,2,67301,0,,1,1,,N,N,N,0,,0,0,0,0,0,,1830,1,2,0,0,0,1,1,3,4,0,1,3,3.0,N,,,,,,,,,,,
2022120322,1438.0,2,0,0,0,0,0,0,0,0,5,0,,67,12,2022,6,40.0332,-75.0378,1417.0,6,0,0,0,0,0,0,0,0,,0,0,0.0,14,1,0,1,,1,40 01:59.691,5.0,0,75 02:15.936,9,0,0,0,67301,0,0,0,N,0,0,0,4,67301,0,,1,9,200.0,N,N,N,0,,0,0,0,9,3,Y,1408,0,2,0,0,0,0,1,3,4,0,2,7,,N,,,,,,,,,,,
2022100691,1045.0,0,0,0,0,0,0,0,0,0,4,0,,67,10,2022,3,39.987,-75.1224,1045.0,6,0,0,0,0,0,0,0,0,,0,0,0.0,12,8,0,5,,0,39 59:13.332,,0,75 07:20.471,0,0,0,0,67301,0,0,0,N,0,0,0,2,67301,0,,1,1,,N,N,N,1,,0,0,1,3,2,,1205,0,2,0,0,1,0,0,3,4,0,2,3,3.0,N,,,,,,,,,,,
2022100086,1010.0,0,0,0,0,0,0,0,0,0,8,0,,67,10,2022,6,39.9183,-75.1827,959.0,6,0,0,0,0,0,0,0,0,,0,0,0.0,9,1,1,2,,0,39 55:05.700,,0,75 10:57.800,3,0,0,0,67301,1,0,0,N,1,0,0,2,67301,0,,1,1,,N,N,N,1,,1,0,0,3,2,,935,1,2,0,0,1,0,0,3,4,0,1,3,3.0,N,,,,,,,,,,,
2022102227,1020.0,1,0,0,0,0,0,0,0,0,4,0,,67,11,2022,3,39.9429,-75.2268,1011.0,6,0,0,0,0,0,0,0,0,,0,0,0.0,10,1,2,1,,0,39 56:34.598,,0,75 13:36.458,4,0,0,0,67301,0,0,0,N,0,0,0,4,67301,1,,1,9,,N,N,N,0,,0,0,1,3,2,,1010,2,2,0,0,0,1,2,3,4,0,2,4,,N,,,,,,,,,,,
2022103998,52.0,1,0,0,0,0,0,0,0,0,5,0,,67,11,2022,7,39.9351,-75.1749,45.0,6,0,0,0,0,0,0,0,0,,0,0,0.0,0,3,0,0,N,2,39 56:06.350,3.0,0,75 10:29.660,9,0,0,0,67301,0,0,0,N,0,0,0,1,67301,0,,6,1,215.0,N,N,N,0,,0,0,2,0,0,Y,40,0,4,0,0,0,0,1,3,4,1,4,3,,N,,,,,,,,,,,
2022105362,218.0,3,0,0,0,0,0,0,0,0,5,0,,67,11,2022,1,39.9607,-75.243,158.0,6,0,0,0,0,0,1,0,0,,0,0,0.0,1,3,0,0,N,2,39 57:38.449,3.0,0,75 14:34.796,0,0,0,0,67301,0,0,0,N,0,0,0,1,67301,0,,6,1,314.0,N,N,N,1,,0,0,0,0,0,N,143,0,4,0,0,1,0,0,3,4,0,4,3,3.0,N,,,,,,,,,,,
2022105136,1335.0,1,0,0,0,0,0,0,0,0,1,0,,67,11,2022,2,40.0308,-75.1464,1334.0,6,0,0,0,0,0,1,0,0,,0,0,0.0,11,1,2,3,,0,40 01:50.959,,0,75 08:47.127,3,0,0,0,67301,0,0,0,N,0,0,0,6,67301,0,,1,1,,N,N,Y,0,,2,0,2,3,2,,1155,2,4,0,0,0,0,0,3,4,0,4,3,3.0,N,,,,,,,,,,,
2022123665,2304.0,0,0,0,0,0,0,0,0,0,4,0,,67,11,2022,3,39.9956,-75.1675,2300.0,6,0,0,0,0,0,0,1,0,,0,0,0.0,22,3,0,1,,0,39 59:44.232,,0,75 10:03.296,0,0,0,0,67301,0,0,0,N,0,0,0,2,67301,0,,1,1,,N,N,N,0,,0,0,2,3,2,,2236,0,2,0,0,0,0,0,3,4,0,2,3,3.0,N,,,,,,,,,,,
2022103062,1148.0,0,0,0,0,0,0,0,0,0,4,1,,67,11,2022,4,40.0329,-75.0521,1143.0,6,0,0,0,0,0,0,0,0,,0,0,0.0,11,1,1,1,,0,40 01:58.605,,0,75 03:07.484,4,0,0,0,67301,0,0,0,N,0,0,0,2,67301,1,,1,1,,N,N,Y,0,,0,0,1,3,3,,1142,1,2,0,0,1,0,0,3,4,1,2,3,,N,,,,,,,,,,,
2022118465,206.0,1,0,0,0,0,0,0,0,0,1,0,,67,10,2022,7,39.9316,-75.1997,201.0,6,0,0,0,0,0,0,0,0,,0,0,0.0,2,3,3,0,N,2,39 55:54.006,3.0,0,75 11:59.286,3,0,0,0,67301,0,0,0,N,0,0,0,3,68K01,1,,1,1,215.0,N,N,N,0,,1,0,1,0,0,N,201,3,2,0,0,0,1,0,3,4,0,2,3,,N,,,,,,,,,,,
2022103333,1140.0,0,0,0,0,0,0,0,0,0,4,0,,67,11,2022,6,40.0209,-75.1486,1130.0,6,0,0,0,0,0,0,0,0,,0,0,0.0,10,1,1,2,,0,40 01:15.173,,0,75 08:54.961,3,0,0,0,67301,0,0,0,N,0,0,0,2,67301,0,,1,1,,N,N,N,0,,1,0,2,0,0,,1046,1,2,0,0,0,0,0,3,4,0,2,3,3.0,N,,,,,,,,,,,
2022112265,1327.0,0,0,0,0,0,0,0,0,0,7,0,,67,11,2022,6,39.9829,-75.1883,1323.0,6,0,0,0,0,0,0,0,0,,0,0,0.0,13,1,1,0,N,0,39 58:58.516,,0,75 11:17.928,3,0,0,0,67301,1,0,0,N,1,0,0,2,67301,0,,4,1,,N,N,N,1,,1,0,0,0,0,,1323,1,2,0,0,1,0,0,3,4,0,1,3,,N,,,,,,,,,,,
2022104512,1641.0,1,0,0,0,0,0,0,0,0,1,0,,67,11,2022,4,39.8988,-75.1791,1641.0,6,0,0,0,0,0,0,0,0,,0,0,0.0,16,1,0,0,N,1,39 53:55.839,1.0,3,75 10:44.790,0,0,0,0,67301,0,0,0,N,0,0,0,2,68K01,0,,1,1,1730.0,N,N,N,0,,0,0,0,0,0,N,1639,0,2,0,0,0,0,0,3,4,1,2,3,,N,,,,,,,,,,,
2022101448,727.0,1,0,0,0,0,0,0,0,0,4,0,,67,10,2022,2,40.0523,-75.008,715.0,6,0,0,0,0,0,0,1,0,,0,0,0.0,6,3,1,1,,0,40 03:08.339,,0,75 00:28.750,3,0,0,0,67301,0,0,0,N,0,0,0,2,67301,0,,1,1,,N,N,N,1,,1,0,0,3,2,,622,1,2,0,0,0,0,0,3,4,0,2,5,,N,,,,,,,,,,,
2022109363,2141.0,1,0,0,0,0,0,0,0,0,1,0,,67,11,2022,7,40.0158,-75.0629,2141.0,6,0,0,0,0,0,0,0,0,,0,0,0.0,21,3,1,0,N,0,40 00:56.788,,0,75 03:46.438,3,0,0,0,67301,0,0,0,N,0,0,0,1,67301,0,,6,1,,N,N,N,0,,1,0,2,0,0,,2141,1,3,0,0,1,0,0,3,4,0,3,3,3.0,N,,,,,,,,,,,
2022102259,317.0,1,0,0,0,0,0,0,0,0,7,0,,67,10,2022,1,39.9124,-75.1739,317.0,6,0,0,0,0,0,0,0,0,,0,0,0.0,3,3,0,7,,0,39 54:44.700,,8,75 10:26.000,0,0,0,0,67301,0,0,0,N,0,0,0,3,67501,0,,7,1,,N,N,N,0,,0,0,0,0,0,,317,0,1,0,0,0,0,0,3,4,0,1,3,3.0,N,,,,,,,,,,,
2022102232,1210.0,1,0,0,0,0,0,0,0,0,4,0,,67,11,2022,3,39.9758,-75.1584,1204.0,6,0,0,0,0,0,0,0,0,,0,0,0.0,12,1,1,1,,0,39 58:33.009,,0,75 09:30.309,3,0,0,0,67301,0,0,0,N,0,0,0,2,67301,0,,1,1,,N,N,N,0,,1,0,1,3,2,,1201,1,2,0,0,0,0,0,3,4,0,2,3,3.0,N,,,,,,,,,,,