CRN,ARRIVAL_TM,AUTOMOBILE_COUNT,BELTED_DEATH_COUNT,BELTED_SUSP_SERIOUS_INJ_COUNT,BICYCLE_COUNT,BICYCLE_DEATH_COUNT,BICYCLE_SUSP_SERIOUS_INJ_COUNT,BUS_COUNT,CHLDPAS_DEATH_COUNT,CHLDPAS_SUSP_SERIOUS_INJ_COUNT,COLLISION_TYPE,COMM_VEH_COUNT,CONS_ZONE_SPD_LIM,COUNTY,CRASH_MONTH,CRASH_YEAR,DAY_OF_WEEK,DEC_LAT,DEC_LONG,DISPATCH_TM,DISTRICT,DRIVER_COUNT_16YR,DRIVER_COUNT_17YR,DRIVER_COUNT_18YR,DRIVER_COUNT_19YR,DRIVER_COUNT_20YR,DRIVER_COUNT_50_64YR,DRIVER_COUNT_65_74YR,DRIVER_COUNT_75PLUS,EST_HRS_CLOSED,FATAL_COUNT,HEAVY_TRUCK_COUNT,HORSE_BUGGY_COUNT,HOUR_OF_DAY,ILLUMINATION,INJURY_COUNT,INTERSECT_TYPE,INTERSECTION_RELATED,LANE_CLOSED,LATITUDE,LN_CLOSE_DIR,LOCATION_TYPE,LONGITUDE,MAX_SEVERITY_LEVEL,MCYCLE_DEATH_COUNT,MCYCLE_SUSP_SERIOUS_INJ_COUNT,MOTORCYCLE_COUNT,MUNICIPALITY,NONMOTR_COUNT,NONMOTR_DEATH_COUNT,NONMOTR_SUSP_SERIOUS_INJ_COUNT,NTFY_HIWY_MAINT,PED_COUNT,PED_DEATH_COUNT,PED_SUSP_SERIOUS_INJ_COUNT,PERSON_COUNT,POLICE_AGCY,POSSIBLE_INJ_COUNT,RDWY_SURF_TYPE_CD,RELATION_TO_ROAD,ROAD_CONDITION,ROADWAY_CLEARED,SCH_BUS_IND,SCH_ZONE_IND,SECONDARY_CRASH,SMALL_TRUCK_COUNT,SPEC_JURIS_CD,SUSP_MINOR_INJ_COUNT,SUSP_SERIOUS_INJ_COUNT,SUV_COUNT,TCD_FUNC_CD,TCD_TYPE,TFC_DETOUR_IND,TIME_OF_DAY,TOT_INJ_COUNT,TOTAL_UNITS,UNB_DEATH_COUNT,UNB_SUSP_SERIOUS_INJ_COUNT,UNBELTED_OCC_COUNT,UNK_INJ_DEG_COUNT,UNK_INJ_PER_COUNT,URBAN_AREA,URBAN_RURAL,VAN_COUNT,VEHICLE_COUNT,WEATHER1,WEATHER2,WORK_ZONE_IND,WORK_ZONE_LOC,WORK_ZONE_TYPE,WORKERS_PRES,WZ_CLOSE_DETOUR,WZ_FLAGGER,WZ_LAW_OFFCR_IND,WZ_LN_CLOSURE,WZ_MOVING,WZ_OTHER,WZ_SHLDER_MDN,WZ_WORKERS_INJ_KILLED
2022102945,2120.0,0,0,1,0,0,0,0,0,0,1,0,,67,10,2022,1,40.058,-75.0527,2115.0,6,0,0,0,0,0,0,0,0,,0,0,0.0,21,3,1,1,,0,40 03:28.718,,0,75 03:09.712,2,0,0,0,67301,0,0,0,N,0,0,0,2,67301,0,,1,1,,N,N,N,0,,0,1,2,3,2,,2100,1,2,0,0,1,0,0,3,4,0,2,3,,N,,,,,,,,,,,
2022108298,2015.0,1,0,0,0,0,0,0,0,0,7,0,,67,11,2022,1,40.0014,-75.153,2015.0,6,1,0,0,0,0,0,0,0,,0,0,0.0,20,3,1,0,N,2,40 00:04.993,2.0,0,75 09:10.696,8,0,0,0,67301,0,0,0,N,0,0,0,1,67508,0,,3,1,9999.0,N,N,N,0,,0,0,0,0,0,Y,2010,1,1,0,0,1,1,0,3,4,0,1,3,3.0,N,,,,,,,,,,,
2022102964,134.0,1,0,0,0,0,0,0,0,0,7,0,,67,11,2022,3,40.0207,-75.1417,126.0,6,0,0,0,1,0,0,0,0,,0,0,0.0,1,3,2,3,,0,40 01:14.687,,2,75 08:30.172,2,0,0,0,67301,0,0,0,N,0,0,0,2,67301,0,,7,9,,N,N,N,0,,1,1,0,0,0,,120,2,1,0,0,0,0,0,3,4,0,1,3,3.0,N,,,,,,,,,,,
2022112907,1916.0,1,0,0,0,0,0,0,0,0,4,0,,67,11,2022,5,39.9909,-75.1551,1900.0,6,0,0,0,0,0,0,0,0,,0,0,0.0,18,1,1,1,,0,39 59:27.061,,0,75 09:18.508,3,0,0,1,67301,0,0,0,N,0,0,0,2,67301,0,,1,1,,N,N,N,0,,1,0,0,3,2,,1808,1,2,0,0,1,0,0,3,4,0,2,3,3.0,N,,,,,,,,,,,
2022101454,1430.0,1,0,0,0,0,0,0,0,0,1,0,,67,10,2022,6,39.994,-75.1549,1415.0,6,0,0,0,0,0,0,0,0,,0,0,0.0,14,1,1,0,N,0,39 59:37.600,,0,75 09:16.900,3,0,0,0,67301,0,0,0,N,0,0,0,2,67301,0,,1,1,,N,N,N,0,,1,0,1,0,0,,1408,1,2,0,0,1,0,0,3,4,0,2,3,3.0,N,,,,,,,,,,,
2022112197,2112.0,0,0,0,0,0,0,0,0,0,7,0,,67,11,2022,5,40.0361,-75.0985,2102.0,6,0,0,0,0,0,0,0,0,,0,0,0.0,21,3,1,11,,0,40 02:10.064,,0,75 05:54.603,3,0,0,0,67301,0,0,0,N,0,0,0,1,67301,0,,5,1,,N,N,N,0,,1,0,1,3,3,,2101,1,1,0,0,0,0,0,3,4,0,1,3,,N,,,,,,,,,,,
2022112224,1543.0,0,0,0,0,0,0,0,0,0,1,0,,67,11,2022,4,40.0658,-75.0257,1543.0,6,0,0,0,0,0,0,0,0,,0,0,0.0,15,1,1,0,N,1,40 03:56.891,4.0,0,75 01:32.498,3,0,0,0,67301,0,0,0,N,0,0,0,1,67301,0,,6,1,1420.0,N,N,N,1,,1,0,1,0,0,N,1543,1,2,0,0,1,0,0,3,4,0,2,3,3.0,N,,,,,,,,,,,
2022112401,1543.0,1,0,0,0,0,0,0,0,0,4,0,,67,11,2022,7,39.9533,-75.1838,1543.0,6,0,0,1,0,0,0,0,0,,0,0,0.0,15,1,0,1,,0,39 57:11.997,,0,75 11:01.475,0,0,0,0,67301,0,0,0,N,0,0,0,7,67301,0,,1,1,,N,N,N,0,,0,0,1,3,2,,1511,0,2,0,0,0,0,0,3,4,0,2,3,3.0,N,,,,,,,,,,,
2022113617,2325.0,1,0,0,0,0,0,0,0,0,4,0,,67,11,2022,3,40.0277,-75.11,2325.0,6,0,0,0,0,0,0,0,0,,0,0,0.0,21,3,1,1,,0,40 01:39.827,,0,75 06:35.893,3,0,0,0,67301,0,0,0,N,0,0,0,2,67301,0,,1,1,,N,N,N,0,,1,0,0,3,2,,2102,1,2,0,0,0,0,0,3,4,1,2,3,3.0,N,,,,,,,,,,,
2022124551,2055.0,0,0,0,0,0,0,1,0,0,8,1,,67,12,2022,4,39.9558,-75.1915,2043.0,6,0,0,0,0,0,0,0,0,,0,0,0.0,20,1,1,1,,0,39 57:21.100,,0,75 11:29.200,8,0,0,0,67301,1,0,0,N,1,0,0,2,67508,0,,1,1,,N,N,N,0,,0,0,0,3,2,,2043,1,2,0,0,0,1,0,3,4,0,1,98,98.0,N,,,,,,,,,,,
2022120915,340.0,1,0,0,0,0,0,0,0,0,4,0,,67,12,2022,1,40.0438,-75.1444,340.0,6,0,0,0,0,0,0,0,0,,0,0,0.0,2,3,0,2,,0,40 02:37.530,,0,75 08:39.949,9,0,0,0,67301,0,0,0,N,0,0,0,3,67301,0,,1,1,,N,N,N,0,,0,0,1,0,0,,230,0,2,0,0,0,0,1,3,4,0,2,3,,N,,,,,,,,,,,
2022112764,2158.0,2,0,0,0,0,0,0,0,0,4,0,,67,11,2022,4,40.0295,-75.1467,2158.0,6,0,0,0,0,0,1,0,0,,0,0,0.0,21,3,3,1,,1,40 01:46.206,6.0,0,75 08:48.166,2,0,0,0,67301,0,0,0,N,0,0,0,4,67301,1,,1,1,1159.0,N,N,N,0,,0,1,1,3,2,N,2157,3,3,0,0,1,1,0,3,4,0,3,3,3.0,N,,,,,,,,,,,
2022109758,46.0,1,0,0,0,0,0,0,0,0,7,0,,67,11,2022,1,39.8975,-75.2525,44.0,6,0,0,0,0,0,0,0,0,,0,0,0.0,0,3,0,1,,0,39 53:51.445,,0,75 15:08.556,0,0,0,0,67301,0,0,0,N,0,0,0,1,67301,0,,3,1,,N,N,N,0,,0,0,0,3,2,,43,0,1,0,0,1,0,0,3,4,0,1,3,3.0,N,,,,,,,,,,,
2022112214,1636.0,0,0,0,1,0,0,0,0,0,4,0,,67,11,2022,4,40.1031,-75.0298,1630.0,6,0,0,0,0,0,0,1,0,,0,0,0.0,16,1,1,0,N,0,40 06:11.100,,7,75 01:47.300,3,0,0,0,67301,1,0,0,N,0,0,0,3,67301,0,,1,1,,N,N,N,0,,1,0,1,0,0,,1624,1,2,0,0,2,0,0,3,4,0,1,3,3.0,N,,,,,,,,,,,
2022117884,2330.0,1,0,0,0,0,0,0,0,0,1,0,,67,12,2022,7,40.0471,-75.0911,2326.0,6,0,0,0,0,0,1,0,0,,0,0,0.0,23,3,0,1,,0,40 02:49.400,,0,75 05:27.800,0,0,0,0,67301,0,0,0,N,0,0,0,3,67301,0,,1,1,,N,N,N,0,,0,0,2,3,2,,2322,0,3,0,0,0,0,0,3,4,0,3,3,,N,,,,,,,,,,,
2022124482,1042.0,2,0,0,0,0,0,0,0,0,3,0,,67,11,2022,2,39.9477,-75.1576,1042.0,6,0,0,0,0,0,0,1,0,,0,0,0.0,10,1,0,0,N,0,39 56:51.670,,0,75 09:27.240,0,0,0,0,67301,0,0,0,N,0,0,0,2,67301,0,,1,1,,N,N,N,0,,0,0,0,0,0,,1000,0,2,0,0,0,0,0,3,4,0,2,3,3.0,N,,,,,,,,,,,
2022117050,840.0,1,0,0,0,0,0,0,0,0,4,0,,67,11,2022,7,39.9752,-75.1882,824.0,6,0,0,0,0,0,0,0,0,,0,0,0.0,6,1,1,1,,0,39 58:30.584,,0,75 11:17.385,8,0,0,0,67301,0,0,0,N,0,0,0,2,67301,0,,1,1,,N,N,N,0,,0,0,1,3,2,,654,1,2,0,0,0,1,0,3,4,0,2,3,3.0,N,,,,,,,,,,,
2022122788,1932.0,1,0,0,0,0,0,0,0,0,6,0,,67,11,2022,2,39.9884,-75.1535,1932.0,6,0,0,0,0,0,0,0,0,,0,0,0.0,19,3,1,0,N,2,39 59:18.150,1.0,0,75 09:12.760,3,0,0,0,67301,0,0,0,N,0,0,0,1,67301,0,,6,1,2130.0,N,N,N,0,,1,0,1,0,0,Y,1932,1,2,0,0,1,0,0,3,4,0,2,3,3.0,N,,,,,,,,,,,
2022097437,1405.0,4,0,1,0,0,0,0,0,0,5,0,,67,10,2022,4,40.065,-75.1482,1402.0,6,0,0,0,0,0,0,1,0,,0,0,0.0,14,1,1,0,N,0,40 03:54.030,,0,75 08:53.450,2,0,0,0,67301,0,0,0,N,0,0,0,1,67301,0,,6,1,,N,N,N,1,,0,1,2,0,0,,1400,1,7,0,0,0,0,0,3,4,0,7,3,,N,,,,,,,,,,,
2022097464,1618.0,0,0,0,0,0,0,0,0,0,8,0,,67,10,2022,3,39.9561,-75.193,1611.0,6,0,0,0,0,0,0,0,0,,0,0,0.0,9,1,1,0,N,0,39 57:21.946,,0,75 11:34.820,8,0,0,0,67301,1,0,0,N,1,0,0,2,67507,0,,6,1,,N,N,N,0,,0,0,1,0,0,,923,1,2,0,0,1,1,0,3,4,0,1,3,3.0,N,,,,,,,,,,,
2022113335,2322.0,2,0,0,0,0,0,0,0,0,4,0,,67,10,2022,5,39.9819,-75.1706,2322.0,6,0,0,0,0,1,0,0,0,,0,0,0.0,23,3,4,1,,2,39 58:54.836,7.0,0,75 10:14.109,3,0,0,0,67301,0,0,0,N,0,0,0,4,67301,0,,1,1,2335.0,N,N,Y,0,,4,0,1,3,2,Y,2322,4,3,0,0,1,0,0,3,4,0,3,3,,N,,,,,,,,,,,
2022102692,915.0,0,0,0,0,0,0,0,0,0,4,0,,67,10,2022,3,40.0072,-75.1419,910.0,6,0,0,0,0,0,1,0,0,,0,0,0.0,9,1,1,1,,0,40 00:25.948,,0,75 08:31.009,3,0,0,0,67301,0,0,0,N,0,0,0,2,67508,0,,1,1,,N,N,Y,0,,1,0,1,3,3,,910,1,2,0,0,0,0,1,3,4,0,2,3,3.0,N,,,,,,,,,,,
2022113476,1735.0,2,0,0,0,0,0,0,0,0,5,0,,67,12,2022,5,39.9616,-75.1956,1735.0,6,0,0,1,0,0,0,0,0,,0,0,0.0,17,3,0,0,N,1,39 57:41.600,2.0,0,75 11:44.200,0,0,0,0,67301,0,0,0,N,0,0,0,1,67507,0,,6,1,1910.0,N,N,N,0,,0,0,1,0,0,N,1730,0,3,0,0,0,0,0,3,4,0,3,3,,N,,,,,,,,,,,
2022115639,1045.0,1,0,0,0,0,0,0,0,0,8,0,,67,11,2022,2,40.0011,-75.1123,1036.0,6,0,0,0,0,0,0,0,0,,0,0,0.0,9,1,1,1,,0,40 00:04.010,,0,75 06:44.218,8,0,0,0,67301,1,0,0,N,1,0,0,2,67301,0,,1,1,,N,N,N,0,,0,0,0,3,2,,908,1,2,0,0,1,1,0,3,4,0,1,3,3.0,N,,,,,,,,,,,
2022121087,1820.0,2,0,0,0,0,0,0,0,0,5,0,,67,12,2022,1,39.9583,-75.2298,1817.0,6,0,0,0,0,0,0,0,0,,0,0,0.0,18,3,0,0,N,2,39 57:29.730,4.0,0,75 13:47.240,0,0,0,0,67301,0,0,0,N,0,0,0,1,67301,0,,1,1,1957.0,N,N,N,0,,0,0,1,0,0,Y,1813,0,3,0,0,0,0,0,3,4,0,3,3,3.0,N,,,,,,,,,,,
2022122933,1345.0,1,0,0,0,0,0,0,0,0,4,0,,67,12,2022,2,39.9505,-75.2391,1345.0,6,0,0,0,0,0,0,1,0,,0,0,0.0,13,1,1,1,,0,39 57:01.659,,0,75 14:20.864,4,0,0,0,67301,0,0,0,N,0,0,0,3,67301,1,,1,1,,N,N,N,0,,0,0,1,3,3,,1335,1,2,0,0,0,0,2,3,4,0,2,3,3.0,N,,,,,,,,,,,
2022115641,1720.0,1,0,0,0,0,0,0,0,0,8,0,,67,12,2022,6,39.9908,-75.1309,1720.0,6,0,0,0,0,0,0,0,0,,0,0,0.0,12,1,1,1,,0,39 59:26.997,,0,75 07:51.248,2,0,0,0,67301,1,0,1,N,1,0,1,2,67301,0,,1,99,,N,N,N,0,,0,1,0,3,2,,1230,1,2,0,0,1,0,0,3,4,0,1,99,,N,,,,,,,,,,,
2022124070,1922.0,1,0,0,0,0,0,0,0,0,4,0,,67,12,2022,1,39.9879,-75.1558,1920.0,6,0,0,0,0,0,0,1,0,,0,0,0.0,19,3,1,1,,0,39 59:16.300,,0,75 09:21.200,8,0,0,0,67301,0,0,0,N,0,0,0,2,67301,0,,1,1,,N,N,N,0,,0,0,0,3,2,,1908,1,2,0,0,0,1,1,3,4,1,2,3,3.0,N,,,,,,,,,,,
2022113333,1957.0,0,0,0,0,0,0,0,0,0,7,0,,67,11,2022,1,39.8929,-75.2235,1947.0,6,0,0,0,0,0,0,0,0,,0,0,0.0,17,6,1,0,N,0,39 53:34.400,,1,75 13:24.700,3,0,0,0,67301,0,0,0,N,0,0,0,1,67301,0,,4,9,,N,N,N,0,,1,0,1,0,0,,1758,1,1,0,0,1,0,0,3,4,0,1,7,7.0,N,,,,,,,,,,,
2022120901,1732.0,2,0,0,0,0,0,0,0,0,8,0,,67,11,2022,3,39.9656,-75.2319,1730.0,6,0,0,0,0,0,1,0,0,,0,0,0.0,17,3,1,5,,0,39 57:56.127,,0,75 13:54.886,4,0,0,0,67301,1,0,0,N,1,0,0,3,67301,1,,1,1,,N,N,N,0,,0,0,0,3,2,,1710,1,3,0,0,0,0,0,3,4,0,2,3,3.0,N,,,,,,,,,,,
2022122935,1837.0,0,0,0,0,0,0,0,0,0,4,0,,67,12,2022,2,39.95,-75.2352,1837.0,6,0,0,0,0,0,1,0,0,,0,0,0.0,18,3,1,1,,0,39 56:59.877,,0,75 14:06.575,3,0,0,0,67301,0,0,0,N,0,0,0,3,67301,0,,1,1,,N,N,N,0,,1,0,1,3,2,,1822,1,2,0,0,0,0,2,3,4,1,2,3,3.0,N,,,,,,,,,,,
2022112257,258.0,1,0,0,0,0,0,0,0,0,4,0,,67,11,2022,7,39.9566,-75.198,253.0,6,0,0,0,0,0,0,0,0,,0,0,0.0,2,3,0,1,,0,39 57:23.865,,0,75 11:52.879,0,0,0,0,67301,0,0,0,N,0,0,0,2,67301,0,,1,1,,N,N,N,0,,0,0,1,3,2,,208,0,2,0,0,0,0,0,3,4,0,2,3,,N,,,,,,,,,,,
2022117271,2018.0,1,0,0,0,0,0,0,0,0,4,0,,67,12,2022,7,39.9663,-75.2378,2018.0,6,0,0,0,0,1,0,0,0,,0,0,0.0,20,3,1,1,,0,39 57:58.800,,0,75 14:16.100,4,0,0,0,67301,0,0,0,N,0,0,0,4,67301,1,,1,1,,N,N,N,1,,0,0,2,3,3,,2013,1,4,0,0,0,0,3,3,4,0,4,3,3.0,N,,,,,,,,,,,
2022122789,1039.0,0,0,0,0,0,0,0,0,0,8,0,,67,11,2022,3,39.9832,-75.1687,1039.0,6,0,0,0,0,0,0,0,0,,0,0,0.0,8,1,1,1,,0,39 58:59.422,,0,75 10:07.175,3,0,0,0,67301,1,0,0,N,1,0,0,2,67301,0,,4,1,,N,N,N,0,,1,0,1,3,3,,830,1,2,0,0,1,0,0,3,4,0,1,3,3.0,N,,,,,,,,,,,
2022109786,1040.0,1,0,0,0,0,0,0,0,0,4,0,,67,11,2022,2,39.974,-75.1551,1040.0,6,0,0,0,0,0,0,1,0,,0,0,0.0,10,1,0,1,,0,39 58:26.407,,0,75 09:18.244,9,0,0,0,67301,0,0,0,N,0,0,0,2,67505,0,,1,1,,N,N,N,0,,0,0,1,3,3,,1030,0,2,0,0,0,0,1,3,4,0,2,3,3.0,N,,,,,,,,,,,
2022123670,51.0,1,0,0,0,0,0,0,0,0,5,0,,67,11,2022,7,39.9728,-75.1609,44.0,6,0,0,0,0,0,0,0,0,,0,0,0.0,23,3,1,0,N,0,39 58:21.960,,0,75 09:39.240,8,0,0,0,67301,0,0,0,N,0,0,0,2,67301,0,,6,1,,N,N,N,0,,0,0,2,0,0,,2332,1,4,0,0,0,1,1,3,4,0,4,3,3.0,N,,,,,,,,,,,
2022124402,626.0,4,0,0,0,0,0,0,0,0,1,0,,67,11,2022,3,39.945,-75.1909,617.0,6,0,0,0,0,0,0,0,0,,0,0,0.0,6,3,0,0,N,0,39 56:42.010,,3,75 11:27.129,0,0,0,0,67301,0,0,0,N,0,0,0,6,68K01,0,,1,1,,N,N,N,0,,0,0,2,0,0,,615,0,6,0,0,0,0,0,3,4,0,6,3,3.0,N,,,,,,,,,,,
2022120902,1625.0,1,0,0,0,0,0,0,0,0,5,0,,67,11,2022,4,39.9668,-75.2296,1622.0,6,0,0,0,0,0,0,0,0,,0,0,0.0,15,1,0,0,N,0,39 58:00.644,,0,75 13:46.735,0,0,0,0,67301,0,0,0,N,0,0,0,2,67301,0,,1,9,,N,N,N,1,,0,0,0,0,0,,1545,0,2,0,0,0,0,0,3,4,0,2,7,4.0,N,,,,,,,,,,,
2022113611,2359.0,1,0,0,0,0,0,0,0,0,4,0,,67,11,2022,7,40.0058,-75.0864,2358.0,6,0,0,0,0,0,1,0,0,,0,0,0.0,23,3,0,2,,1,40 00:21.037,1.0,0,75 05:10.970,0,0,0,0,67301,0,0,0,N,0,0,0,2,67301,0,,1,1,45.0,N,N,N,0,,0,0,1,3,2,N,2335,0,2,0,0,1,0,0,3,4,0,2,3,3.0,N,,,,,,,,,,,
2022113591,752.0,4,0,0,0,0,0,0,0,0,4,0,,67,11,2022,4,40.064,-75.0596,752.0,6,0,0,0,0,0,0,0,0,,0,0,0.0,7,1,1,1,,2,40 03:50.306,2.0,0,75 03:34.568,3,0,0,0,67301,0,0,0,N,0,0,0,2,67301,0,,1,1,100.0,N,N,N,0,,1,0,0,3,3,N,713,1,4,0,0,2,0,0,3,4,0,4,3,3.0,N,,,,,,,,,,,
2022114352,952.0,1,0,0,0,0,0,0,0,0,1,0,,67,12,2022,6,40.0248,-75.195,950.0,6,0,0,0,0,0,0,0,1,,0,0,0.0,9,1,1,0,N,2,40 01:29.250,1.0,0,75 11:41.820,3,0,0,0,67301,0,0,0,N,0,0,0,5,67301,0,,1,2,1215.0,N,N,N,0,,1,0,2,0,0,Y,940,1,3,0,0,1,0,0,3,4,0,3,3,,N,,,,,,,,,,,
2022110555,1240.0,1,0,0,0,0,0,0,0,0,5,0,,67,11,2022,2,39.9739,-75.1551,1228.0,6,0,0,0,0,0,0,0,0,,0,0,0.0,9,1,0,0,N,0,39 58:25.920,,0,75 09:18.360,9,0,0,0,67301,0,0,0,N,0,0,0,2,67301,0,,1,1,,N,N,N,0,,0,0,0,0,0,,954,0,2,0,0,0,0,1,3,4,0,2,3,3.0,N,,,,,,,,,,,
2022112222,1806.0,0,0,0,0,0,0,0,0,0,4,0,,67,11,2022,3,40.0535,-74.9823,1800.0,6,0,0,0,0,0,1,0,0,,0,0,0.0,17,3,1,0,N,0,40 03:12.455,,7,74 58:56.174,3,0,0,1,67301,0,0,0,N,0,0,0,2,67301,0,,1,1,,N,N,N,0,,1,0,1,0,0,,1759,1,2,0,0,0,0,0,3,4,0,2,3,3.0,N,,,,,,,,,,,
2022118742,2110.0,2,0,0,0,0,0,0,0,0,4,0,,67,12,2022,3,40.0411,-75.0701,2101.0,6,1,0,0,0,0,0,1,0,,0,0,0.0,20,3,0,1,,1,40 02:27.800,5.0,0,75 04:12.200,0,0,0,0,67301,0,0,0,N,0,0,0,2,67301,0,,1,1,2157.0,N,N,N,0,,0,0,2,3,3,N,2055,0,4,0,0,0,0,0,3,4,0,4,3,3.0,N,,,,,,,,,,,
2022112240,2305.0,2,0,0,0,0,0,0,0,0,6,0,,67,11,2022,3,40.0352,-75.1886,2257.0,6,0,0,0,0,0,0,0,0,,0,0,0.0,22,3,0,0,N,0,40 02:06.890,,0,75 11:18.950,9,0,0,0,67301,0,0,0,N,0,0,0,4,67301,0,,1,1,,N,N,N,0,,0,0,1,0,0,,2224,0,3,0,0,0,0,4,3,4,0,3,3,3.0,N,,,,,,,,,,,
2022119035,526.0,0,0,0,0,0,0,0,0,0,4,0,,67,12,2022,7,40.0294,-75.1248,526.0,6,0,0,0,0,0,0,0,0,,0,0,0.0,5,3,1,1,,1,40 01:45.900,6.0,6,75 07:29.100,3,0,0,0,67301,0,0,0,N,0,0,0,2,67301,0,,1,1,615.0,N,N,N,0,,1,0,2,3,2,Y,500,1,2,0,0,0,0,0,3,4,0,2,3,3.0,N,,,,,,,,,,,
2022097187,1300.0,0,0,0,0,0,0,0,0,0,8,0,,67,10,2022,2,39.9955,-75.1676,1254.0,6,0,0,0,0,0,0,0,0,,0,0,0.0,12,1,1,0,N,0,39 59:43.620,,0,75 10:03.410,3,0,0,0,67301,1,0,0,N,1,0,0,2,67301,0,,1,1,,N,Y,N,0,,1,0,0,0,0,,1251,1,2,0,0,0,0,0,3,4,0,1,3,3.0,N,,,,,,,,,,,
2022098903,720.0,1,0,0,0,0,0,0,0,0,4,0,,67,10,2022,4,40.0014,-75.1515,702.0,6,0,0,0,0,0,0,0,0,,0,0,0.0,6,1,2,1,,0,40 00:05.160,,0,75 09:05.871,3,0,0,0,67301,0,0,0,N,0,0,0,3,67301,0,,1,1,,N,N,N,0,,2,0,2,3,3,,640,2,3,0,0,1,0,0,3,4,0,3,3,,N,,,,,,,,,,,
2022097013,130.0,1,0,0,0,0,0,0,0,0,4,0,,67,10,2022,2,39.8991,-75.1755,120.0,6,0,0,0,0,0,1,0,0,,0,0,0.0,1,3,0,2,,0,39 53:56.825,,2,75 10:31.930,0,0,0,0,67301,0,0,0,N,0,0,0,2,67301,0,,1,1,,N,N,N,0,,0,0,1,3,2,,100,0,2,0,0,0,0,0,3,4,0,2,3,3.0,N,,,,,,,,,,,
2022096727,1154.0,1,0,0,0,0,0,0,0,0,4,0,,67,10,2022,3,40.0808,-75.2027,1116.0,6,0,0,0,0,0,1,1,0,,0,0,0.0,10,1,0,1,,1,40 04:51.446,5.0,0,75 12:09.698,9,0,0,0,67301,0,0,0,N,0,0,0,2,67301,0,,1,1,1150.0,N,N,N,0,,0,0,1,3,2,N,1054,0,2,0,0,0,0,2,3,4,0,2,3,,N,,,,,,,,,,,
2022118695,918.0,2,0,0,0,0,0,0,0,0,1,0,,67,11,2022,4,39.9485,-75.1857,854.0,6,0,1,0,0,0,0,0,0,,0,0,0.0,8,1,0,6,,2,39 56:54.730,4.0,8,75 11:08.323,0,0,0,0,67301,0,0,0,N,0,0,0,3,68K01,0,,7,9,945.0,N,N,N,0,,0,0,1,3,4,N,851,0,3,0,0,0,0,0,3,4,0,3,7,,N,,,,,,,,,,,
2022118170,1822.0,0,0,0,0,0,0,0,0,0,4,0,,67,12,2022,2,40.0224,-75.0844,1821.0,6,0,0,0,0,0,0,0,0,,0,0,0.0,18,3,2,1,,0,40 01:20.800,,0,75 05:04.000,3,0,0,0,67301,0,0,0,N,0,0,0,2,67301,1,,1,1,,N,N,N,0,,1,0,2,3,2,,1820,2,2,0,0,0,0,0,3,4,0,2,3,3.0,N,,,,,,,,,,,
2022122219,645.0,0,0,0,0,0,0,0,0,0,4,0,,67,11,2022,7,39.9858,-75.2156,637.0,6,0,0,0,0,0,0,0,0,,0,0,0.0,6,5,3,1,,0,39 59:08.741,,0,75 12:56.531,3,0,0,0,67301,0,0,0,N,0,0,0,4,67301,0,,1,1,,N,N,N,0,,2,0,2,2,2,,630,3,2,0,0,0,1,1,3,4,0,2,3,3.0,N,,,,,,,,,,,
2022109622,552.0,2,0,0,0,0,0,0,0,0,5,0,,67,11,2022,1,39.9251,-75.1625,549.0,6,0,0,0,0,0,1,0,0,,0,0,0.0,5,3,0,0,N,2,39 55:30.330,2.0,0,75 09:45.120,0,0,0,0,67301,0,0,0,N,0,0,0,1,67301,0,,6,1,715.0,N,N,N,1,,0,0,0,0,0,Y,545,0,3,0,0,0,0,0,3,4,0,3,3,3.0,N,,,,,,,,,,,
2022112191,2256.0,1,0,0,0,0,0,0,0,0,7,0,,67,11,2022,1,39.9163,-75.1917,2253.0,6,0,0,0,0,0,0,0,0,,0,0,0.0,22,2,0,0,N,1,39 54:58.642,2.0,0,75 11:30.201,0,0,0,0,67301,0,0,0,Y,0,0,0,1,67301,0,,4,1,10.0,N,N,N,0,,0,0,0,0,0,N,2250,0,1,0,0,0,0,0,3,4,0,1,3,3.0,N,,,,,,,,,,,
2022109623,1710.0,1,0,0,0,0,0,0,0,0,8,0,,67,11,2022,7,40.037,-75.1758,1704.0,6,0,0,0,0,0,1,0,0,,0,0,0.0,17,3,1,0,N,1,40 02:13.104,1.0,0,75 10:32.837,3,0,0,0,67301,1,0,0,N,1,0,0,2,67301,0,,1,1,25.0,N,N,N,0,,1,0,0,0,0,N,1700,1,2,0,0,0,0,0,3,4,0,1,3,3.0,N,,,,,,,,,,,
2022112211,1121.0,1,0,0,0,0,0,0,0,0,4,0,,67,11,2022,4,39.9566,-75.1513,1107.0,6,0,0,0,0,0,0,1,0,,0,0,0.0,11,1,1,2,,1,39 57:23.624,1.0,0,75 09:04.788,3,0,0,0,67301,0,0,0,N,0,0,0,3,67301,0,,1,1,1145.0,N,N,N,0,,1,0,1,3,2,N,1103,1,2,0,0,0,0,0,3,4,0,2,3,,N,,,,,,,,,,,
2022116718,509.0,1,0,0,0,0,0,0,0,0,4,0,,67,12,2022,7,39.9834,-75.1586,503.0,6,0,0,0,0,0,0,0,0,,0,0,0.0,5,3,1,1,,2,39 59:00.400,4.0,0,75 09:30.800,8,0,0,0,67301,0,0,0,N,0,0,0,8,67505,0,,1,1,630.0,N,N,N,0,,0,0,1,3,2,Y,503,1,2,0,0,2,1,5,3,4,0,2,3,,N,,,,,,,,,,,