CRN,ARRIVAL_TM,AUTOMOBILE_COUNT,BELTED_DEATH_COUNT,BELTED_SUSP_SERIOUS_INJ_COUNT,BICYCLE_COUNT,BICYCLE_DEATH_COUNT,BICYCLE_SUSP_SERIOUS_INJ_COUNT,BUS_COUNT,CHLDPAS_DEATH_COUNT,CHLDPAS_SUSP_SERIOUS_INJ_COUNT,COLLISION_TYPE,COMM_VEH_COUNT,CONS_ZONE_SPD_LIM,COUNTY,CRASH_MONTH,CRASH_YEAR,DAY_OF_WEEK,DEC_LAT,DEC_LONG,DISPATCH_TM,DISTRICT,DRIVER_COUNT_16YR,DRIVER_COUNT_17YR,DRIVER_COUNT_18YR,DRIVER_COUNT_19YR,DRIVER_COUNT_20YR,DRIVER_COUNT_50_64YR,DRIVER_COUNT_65_74YR,DRIVER_COUNT_75PLUS,EST_HRS_CLOSED,FATAL_COUNT,HEAVY_TRUCK_COUNT,HORSE_BUGGY_COUNT,HOUR_OF_DAY,ILLUMINATION,INJURY_COUNT,INTERSECT_TYPE,INTERSECTION_RELATED,LANE_CLOSED,LATITUDE,LN_CLOSE_DIR,LOCATION_TYPE,LONGITUDE,MAX_SEVERITY_LEVEL,MCYCLE_DEATH_COUNT,MCYCLE_SUSP_SERIOUS_INJ_COUNT,MOTORCYCLE_COUNT,MUNICIPALITY,NONMOTR_COUNT,NONMOTR_DEATH_COUNT,NONMOTR_SUSP_SERIOUS_INJ_COUNT,NTFY_HIWY_MAINT,PED_COUNT,PED_DEATH_COUNT,PED_SUSP_SERIOUS_INJ_COUNT,PERSON_COUNT,POLICE_AGCY,POSSIBLE_INJ_COUNT,RDWY_SURF_TYPE_CD,RELATION_TO_ROAD,ROAD_CONDITION,ROADWAY_CLEARED,SCH_BUS_IND,SCH_ZONE_IND,SECONDARY_CRASH,SMALL_TRUCK_COUNT,SPEC_JURIS_CD,SUSP_MINOR_INJ_COUNT,SUSP_SERIOUS_INJ_COUNT,SUV_COUNT,TCD_FUNC_CD,TCD_TYPE,TFC_DETOUR_IND,TIME_OF_DAY,TOT_INJ_COUNT,TOTAL_UNITS,UNB_DEATH_COUNT,UNB_SUSP_SERIOUS_INJ_COUNT,UNBELTED_OCC_COUNT,UNK_INJ_DEG_COUNT,UNK_INJ_PER_COUNT,URBAN_AREA,URBAN_RURAL,VAN_COUNT,VEHICLE_COUNT,WEATHER1,WEATHER2,WORK_ZONE_IND,WORK_ZONE_LOC,WORK_ZONE_TYPE,WORKERS_PRES,WZ_CLOSE_DETOUR,WZ_FLAGGER,WZ_LAW_OFFCR_IND,WZ_LN_CLOSURE,WZ_MOVING,WZ_OTHER,WZ_SHLDER_MDN,WZ_WORKERS_INJ_KILLED
2022118754,1914.0,1,0,0,0,0,0,0,0,0,4,0,,67,10,2022,3,39.9717,-75.2377,1914.0,6,0,0,0,0,0,1,1,0,,0,0,0.0,19,3,0,1,,0,39 58:18.015,,0,75 14:15.889,0,0,0,0,67301,0,0,0,N,0,0,0,4,67301,0,,1,1,,N,N,N,1,,0,0,0,3,3,,1914,0,2,0,0,0,0,0,3,4,0,2,3,3.0,N,,,,,,,,,,,
2022112254,1900.0,3,0,0,0,0,0,0,0,0,5,0,,67,11,2022,2,39.9651,-75.218,1855.0,6,0,0,0,0,0,0,0,0,,0,0,0.0,18,3,1,0,N,0,39 57:54.250,,0,75 13:04.890,2,0,0,0,67301,0,0,0,N,0,0,0,1,67301,0,,6,1,,N,N,N,1,,0,1,2,0,0,,1839,1,6,0,0,0,0,0,3,4,0,6,3,3.0,N,,,,,,,,,,,
2022119583,1824.0,2,0,0,0,0,0,0,0,0,4,0,,67,12,2022,3,40.0219,-75.0401,1824.0,6,0,0,0,0,0,0,0,0,,0,0,0.0,18,2,0,1,,0,40 01:18.700,,0,75 02:24.500,9,0,0,0,67301,0,0,0,N,0,0,0,4,67301,0,,1,1,,N,N,N,0,,0,0,0,3,2,,1824,0,2,0,0,0,0,1,3,4,0,2,3,,N,,,,,,,,,,,
2022112933,1321.0,1,0,0,0,0,0,0,0,0,1,0,,67,11,2022,1,40.0192,-75.1906,1317.0,6,0,0,0,0,1,0,0,0,,0,0,0.0,12,1,0,0,N,0,40 01:08.940,,0,75 11:26.239,0,0,0,0,67301,0,0,0,N,0,0,0,2,67301,0,,1,9,,N,N,N,0,,0,0,1,0,0,,1220,0,3,0,0,0,0,0,3,4,0,2,7,7.0,N,,,,,,,,,,,
2022112253,1947.0,0,0,0,0,0,0,0,0,0,7,0,,67,11,2022,4,40.0104,-75.0793,1947.0,6,1,0,0,0,0,0,0,0,,0,0,0.0,19,3,1,1,,0,40 00:37.446,,0,75 04:45.390,8,0,0,0,67301,0,0,0,N,0,0,0,1,67301,0,,5,1,,N,N,N,0,,0,0,1,3,2,,1943,1,1,0,0,1,1,0,3,4,0,1,3,,N,,,,,,,,,,,
2022112233,410.0,1,0,0,0,0,0,0,0,0,4,0,,67,11,2022,6,39.9266,-75.2356,410.0,6,0,0,0,0,0,0,0,0,,0,0,0.0,4,3,0,1,,2,39 55:35.914,3.0,0,75 14:08.141,0,0,0,0,67301,0,0,0,N,0,0,0,3,67301,0,,1,1,100.0,N,N,N,1,,0,0,0,3,2,N,410,0,3,0,0,0,0,0,3,4,1,3,3,3.0,N,,,,,,,,,,,
2022117053,1446.0,2,0,0,0,0,0,0,0,0,4,0,,67,11,2022,3,40.0011,-75.1247,1446.0,6,0,0,0,0,1,0,0,0,,0,0,0.0,14,1,1,1,,1,40 00:03.985,7.0,0,75 07:29.066,8,0,0,0,67301,0,0,0,N,0,0,0,2,67301,0,,1,1,1500.0,N,N,N,0,,0,0,0,3,2,N,1445,1,2,0,0,0,1,1,3,4,0,2,3,3.0,N,,,,,,,,,,,
2022110680,2010.0,2,0,0,0,0,0,0,0,0,1,0,,67,11,2022,7,40.0308,-75.1464,2005.0,6,0,0,0,0,0,0,0,0,,0,0,0.0,20,3,1,3,,0,40 01:50.986,,0,75 08:47.570,3,0,0,0,67301,0,0,0,N,0,0,0,3,67301,0,,1,1,,N,N,N,0,,1,0,1,3,2,,2000,1,3,0,0,0,0,0,3,4,0,3,3,3.0,N,,,,,,,,,,,
2022118592,1545.0,3,0,0,0,0,0,0,0,0,1,0,,67,12,2022,3,40.0758,-75.1937,1543.0,6,0,0,0,0,1,1,1,0,,0,0,0.0,15,1,0,0,N,1,40 04:32.600,2.0,0,75 11:37.400,0,0,0,0,67301,0,0,0,N,0,0,0,4,67301,0,,1,1,1655.0,N,N,N,0,,0,0,1,0,0,N,1543,0,4,0,0,0,0,0,3,4,0,4,3,3.0,N,,,,,,,,,,,
2022116353,245.0,2,0,0,0,0,0,0,0,0,4,0,,67,11,2022,1,39.9498,-75.2071,242.0,6,0,0,0,0,0,0,0,0,,0,0,0.0,2,3,1,1,,1,39 56:59.221,2.0,0,75 12:25.709,8,0,0,0,67301,0,0,0,N,0,0,0,3,67301,0,,1,1,330.0,N,N,N,0,,0,0,0,3,2,N,230,1,2,0,0,0,1,0,3,4,0,2,3,3.0,N,,,,,,,,,,,
2022096176,2143.0,1,0,0,0,0,0,0,0,0,4,0,,67,10,2022,2,39.9802,-75.1575,2140.0,6,0,0,0,0,1,0,0,0,,0,0,0.0,21,3,2,1,,1,39 58:48.767,1.0,0,75 09:26.884,3,0,0,0,67301,0,0,0,N,0,0,0,2,67505,0,,1,9,2200.0,N,N,Y,0,,2,0,1,3,2,N,2137,2,2,0,0,0,0,0,3,4,0,2,7,,N,,,,,,,,,,,
2022097777,2107.0,2,0,0,0,0,0,0,0,0,4,0,,67,10,2022,3,40.0185,-75.0576,2101.0,6,0,0,0,0,0,0,0,0,,0,0,0.0,21,3,2,1,,2,40 01:06.607,3.0,0,75 03:27.456,8,0,0,0,67301,0,0,0,N,0,0,0,5,67301,0,,1,1,2215.0,N,N,N,0,,0,0,0,3,2,N,2101,2,2,0,0,0,2,0,3,4,0,2,3,,N,,,,,,,,,,,
2022096722,2355.0,0,0,0,0,0,0,0,0,0,99,0,,67,10,2022,1,39.9337,-75.2369,2348.0,6,0,0,0,0,0,0,0,0,,0,0,0.0,21,3,1,0,N,0,39 56:01.312,,0,75 14:12.861,2,0,0,0,67301,0,0,0,N,0,0,0,2,67301,0,,1,1,,N,N,N,0,,0,1,2,0,0,,2151,1,2,0,0,0,0,1,3,4,0,2,3,3.0,N,,,,,,,,,,,
2022118587,851.0,0,0,0,1,0,0,0,0,0,1,0,,67,12,2022,3,39.9232,-75.2205,849.0,6,0,0,0,0,0,0,0,0,,0,0,0.0,8,1,1,2,,0,39 55:23.600,,0,75 13:13.800,3,0,0,0,67301,1,0,0,N,0,0,0,2,67301,0,,1,1,,N,N,N,0,,1,0,0,3,2,,831,1,2,0,0,0,0,1,3,4,0,1,3,3.0,N,,,,,,,,,,,
2022113607,1842.0,1,0,0,0,0,0,0,0,0,8,0,,67,11,2022,6,40.006,-75.0919,1829.0,6,0,0,0,0,0,0,0,0,,0,0,0.0,18,3,1,5,,0,40 00:21.613,,0,75 05:30.664,3,0,0,0,67301,1,0,0,N,1,0,0,2,67301,0,,1,1,,N,N,N,0,,1,0,0,2,2,,1820,1,2,0,0,0,0,0,3,4,0,1,3,,N,,,,,,,,,,,
2022113199,108.0,0,0,0,0,0,0,0,0,0,8,0,,67,11,2022,1,39.993,-75.1345,105.0,6,0,0,0,0,0,0,0,0,,0,0,0.0,0,3,1,1,,0,39 59:34.796,,0,75 08:04.250,2,0,0,0,67301,1,0,1,N,1,0,1,2,67301,0,,1,1,,N,N,N,0,,0,1,0,3,2,,45,1,2,0,0,0,0,0,3,4,0,1,3,3.0,N,,,,,,,,,,,
2022112235,1305.0,1,0,0,0,0,0,0,0,0,4,0,,67,11,2022,5,39.9182,-75.2088,1300.0,6,0,0,0,0,0,0,0,0,,0,0,0.0,14,1,1,2,,0,39 55:05.558,,0,75 12:31.805,4,0,0,0,67301,0,0,0,N,0,0,0,2,67301,1,,1,99,,N,N,N,1,,0,0,0,3,2,,1430,1,2,0,0,0,0,1,3,4,0,2,3,,N,,,,,,,,,,,
2022119013,1001.0,1,0,0,0,0,0,0,0,0,4,0,,67,12,2022,1,40.0631,-75.022,1000.0,6,0,0,0,0,0,1,0,0,,0,0,0.0,17,3,0,1,,0,40 03:47.229,,0,75 01:19.196,0,0,0,0,67301,0,0,0,N,0,0,0,2,67301,0,,1,1,,N,N,N,1,,0,0,0,3,2,,1715,0,2,0,0,0,0,0,3,4,0,2,3,3.0,N,,,,,,,,,,,
2022109359,1507.0,1,0,0,0,0,0,0,0,0,6,0,,67,11,2022,6,40.0272,-75.1592,1501.0,6,0,0,0,0,0,0,0,0,,0,0,0.0,15,1,0,0,N,2,40 01:37.800,5.0,0,75 09:33.270,9,0,0,0,67301,0,0,0,N,0,0,0,1,67301,0,,6,1,100.0,N,N,Y,0,,0,0,1,0,0,Y,1500,0,3,0,0,0,0,1,3,4,1,3,3,3.0,N,,,,,,,,,,,
2022119017,2039.0,1,0,0,0,0,0,0,0,0,8,0,,67,12,2022,3,39.9473,-75.2269,2039.0,6,0,0,0,0,0,0,0,0,,0,0,0.0,20,3,1,3,,0,39 56:50.100,,0,75 13:36.700,8,0,0,0,67301,1,0,0,N,1,0,0,3,67301,0,,1,1,,N,N,N,0,,0,0,0,3,2,,2038,1,2,0,0,0,1,0,3,4,0,1,3,3.0,N,,,,,,,,,,,
2022112897,818.0,1,0,0,0,0,0,0,0,0,4,0,,67,11,2022,5,39.9732,-75.2122,814.0,6,0,0,0,0,0,0,0,0,,0,0,0.0,6,1,1,1,,0,39 58:23.653,,0,75 12:44.012,3,0,0,0,67301,0,0,0,N,0,0,0,2,67301,0,,1,1,,N,N,N,0,,1,0,0,3,2,,612,1,2,0,0,1,0,1,3,4,0,2,3,3.0,N,,,,,,,,,,,
2022114081,1330.0,0,0,0,0,0,0,0,0,0,2,0,,67,11,2022,3,39.9927,-75.1031,1330.0,6,0,0,0,0,0,0,0,0,,0,0,0.0,11,1,0,0,N,0,39 59:33.700,,0,75 06:11.200,9,0,0,0,67301,0,0,0,N,0,0,0,2,67301,0,,1,1,,N,N,N,0,,0,0,2,0,0,,1130,0,2,0,0,0,0,1,3,4,0,2,3,,N,,,,,,,,,,,
2022120913,1122.0,3,0,0,0,0,0,0,0,0,4,0,,67,12,2022,1,39.966,-75.1384,1119.0,6,0,0,0,0,0,0,0,0,,0,0,0.0,11,1,1,3,,2,39 57:57.765,7.0,0,75 08:18.333,8,0,0,0,67301,0,0,0,N,0,0,0,2,67301,0,,1,1,1140.0,N,N,N,0,,0,0,0,9,3,Y,1104,1,3,0,0,0,1,1,3,4,0,3,3,3.0,N,,,,,,,,,,,
2022110254,2103.0,2,0,0,0,0,0,0,0,0,5,0,,67,11,2022,1,40.0208,-75.1251,2103.0,6,0,0,0,0,0,0,0,0,,0,0,0.0,21,3,1,0,N,2,40 01:14.820,4.0,0,75 07:30.490,8,0,0,0,67301,0,0,0,N,0,0,0,2,67301,0,,6,1,1002.0,N,N,Y,0,,0,0,2,0,0,Y,2103,1,4,0,0,2,1,1,3,4,0,4,3,3.0,N,,,,,,,,,,,
2022121082,1130.0,1,0,0,0,0,0,0,0,0,4,0,,67,12,2022,4,40.0732,-75.0152,1124.0,6,0,0,0,0,0,0,0,0,,0,0,0.0,11,1,0,0,N,1,40 04:23.600,3.0,7,75 00:54.300,0,0,0,0,67301,0,0,0,N,0,0,0,2,67301,0,,1,1,1345.0,N,N,N,0,,0,0,0,0,0,N,1120,0,2,0,0,0,0,0,3,4,1,2,3,3.0,N,,,,,,,,,,,
2022124425,709.0,0,0,0,0,0,0,0,0,0,5,0,,67,12,2022,2,39.8989,-75.1688,641.0,6,0,0,0,0,0,1,0,0,,0,0,0.0,6,5,0,0,N,2,39 53:55.964,1.0,0,75 10:07.722,0,0,0,0,67301,0,0,0,N,0,0,0,3,68K01,0,,3,1,750.0,N,N,N,2,,0,0,0,0,0,N,639,0,2,0,0,0,0,0,3,4,0,2,3,,N,,,,,,,,,,,
2022124443,828.0,1,0,0,0,0,0,0,0,0,7,0,,67,12,2022,6,39.9673,-75.1332,823.0,6,0,0,0,0,0,0,0,0,,0,0,0.0,8,1,1,0,N,1,39 58:02.350,2.0,0,75 07:59.500,3,0,0,0,67301,0,0,0,N,0,0,0,1,68K01,0,,4,9,835.0,N,N,N,0,,1,0,0,0,0,N,821,1,1,0,0,0,0,0,3,4,0,1,7,8.0,N,,,,,,,,,,,
2022121936,1044.0,0,0,0,0,0,0,0,0,0,8,0,,67,12,2022,3,39.9449,-75.1598,1033.0,6,0,0,0,0,0,0,0,0,,0,0,0.0,8,1,1,1,,0,39 56:41.600,,0,75 09:35.270,3,0,0,0,67301,1,0,0,N,1,0,0,2,67301,0,,1,1,,N,N,N,0,,1,0,1,3,2,,854,1,2,0,0,0,0,0,3,4,0,1,3,3.0,N,,,,,,,,,,,
2022124783,1635.0,1,0,0,0,0,0,0,0,0,5,0,,67,12,2022,3,40.039,-75.0085,1601.0,6,0,0,0,0,0,0,0,0,,0,0,0.0,16,3,1,0,N,0,40 02:20.600,,0,75 00:30.700,3,0,0,0,67301,0,0,0,N,0,0,0,5,68K01,0,,1,1,,N,N,N,0,,1,0,1,0,0,,1600,1,3,0,0,0,0,1,3,4,0,3,3,3.0,N,,,,,,,,,,,
2022110550,957.0,1,0,0,0,0,0,0,0,0,4,0,,67,11,2022,1,40.0387,-75.0443,930.0,6,0,0,1,0,0,0,0,0,,0,0,0.0,9,1,0,3,,0,40 02:19.208,,0,75 02:39.353,9,0,0,0,67301,0,0,0,N,0,0,0,2,67301,0,,1,1,,N,N,N,0,,0,0,1,3,3,,922,0,3,0,0,2,0,1,3,4,1,3,3,3.0,N,,,,,,,,,,,
2022112243,2000.0,3,0,0,0,0,0,0,0,0,4,0,,67,11,2022,6,40.0674,-75.1505,1956.0,6,0,0,0,1,0,1,0,0,,0,0,0.0,19,3,2,1,,0,40 04:02.557,,0,75 09:01.792,2,0,0,0,67301,3,0,0,N,0,0,0,6,67301,1,,1,1,,N,N,N,0,,0,1,3,3,3,,1956,2,6,0,1,2,0,0,3,4,0,6,3,3.0,N,,,,,,,,,,,
2022114242,2011.0,1,0,0,0,0,0,0,0,0,6,0,,67,11,2022,7,40.0138,-75.1922,1954.0,6,0,0,0,0,0,0,0,1,,0,0,0.0,19,3,0,0,N,0,40 00:49.730,,0,75 11:31.907,0,0,0,0,67301,1,0,0,N,0,0,0,2,67301,0,,6,1,,N,N,N,0,,0,0,1,0,0,,1954,0,2,0,0,0,0,0,3,4,0,2,3,3.0,N,,,,,,,,,,,
2022120514,1008.0,2,0,0,0,0,0,0,0,0,4,0,,67,12,2022,1,40.0004,-75.1565,1007.0,6,0,0,0,0,0,0,0,0,,0,0,0.0,8,1,1,1,,0,40 00:01.544,,0,75 09:23.365,3,0,0,0,67301,0,0,0,N,0,0,0,2,67301,0,,1,1,,N,N,N,0,,1,0,0,3,3,,800,1,2,0,0,1,0,1,3,4,0,2,3,3.0,N,,,,,,,,,,,
2022113334,1050.0,3,0,0,0,0,0,0,0,0,4,0,,67,11,2022,2,39.9404,-75.2366,1046.0,6,0,0,0,0,0,1,1,1,,0,0,0.0,10,1,2,1,,0,39 56:25.327,,0,75 14:11.791,8,0,0,0,67301,0,0,0,N,0,0,0,7,67301,0,,1,1,,N,N,N,0,,0,0,1,3,2,,1028,2,4,0,0,0,2,0,3,4,0,4,4,,N,,,,,,,,,,,
2022113186,1730.0,0,0,0,0,0,0,0,0,0,4,0,,67,11,2022,5,40.0084,-75.0965,1720.0,6,0,0,0,0,0,0,0,0,,0,0,0.0,17,3,3,1,,0,40 00:30.293,,0,75 05:47.331,3,0,0,0,67301,0,0,0,N,0,0,0,4,67301,0,,1,1,,N,N,N,2,,3,0,1,3,3,,1700,3,3,0,0,0,0,0,3,4,0,3,3,,N,,,,,,,,,,,
2022112663,836.0,0,0,0,0,0,0,0,0,0,5,0,,67,11,2022,2,39.9674,-75.1891,830.0,6,0,0,0,0,0,0,0,0,,0,0,0.0,8,1,1,0,N,0,39 58:02.677,,0,75 11:20.807,3,0,0,0,67301,0,0,0,N,0,0,0,2,68K01,0,,2,1,,N,N,N,1,,1,0,0,0,0,,828,1,2,0,0,0,0,0,3,4,1,2,3,,N,,,,,,,,,,,
2022096775,609.0,1,0,0,0,0,0,0,0,0,5,0,,67,10,2022,2,40.0158,-75.1763,603.0,6,0,0,0,0,0,0,0,0,,0,0,0.0,5,3,1,0,N,1,40 00:56.832,2.0,0,75 10:34.820,8,0,0,0,67301,0,0,0,N,0,0,0,2,67301,0,,1,1,650.0,N,N,N,0,,0,0,1,0,0,N,532,1,2,0,0,0,1,0,3,4,0,2,3,,N,,,,,,,,,,,
2022097779,1448.0,1,0,0,0,0,0,0,0,0,4,0,,67,10,2022,2,39.9587,-75.2333,1446.0,6,0,0,0,0,0,0,0,0,,0,0,0.0,14,1,1,1,,0,39 57:31.337,,0,75 13:59.991,3,0,0,0,67301,0,0,0,N,0,0,0,2,67301,0,,1,1,,N,N,N,0,,1,0,1,3,3,,1445,1,2,0,0,0,0,0,3,4,0,2,3,,N,,,,,,,,,,,
2022112198,1725.0,0,0,0,0,0,0,0,0,0,8,0,,67,11,2022,7,40.0499,-75.0673,1725.0,6,0,0,0,0,0,0,0,0,,0,0,0.0,17,3,2,2,,0,40 02:59.864,,0,75 04:02.363,3,0,0,0,67301,2,0,0,N,2,0,0,3,67301,0,,1,1,,N,N,N,0,,2,0,1,0,0,,1725,2,3,0,0,0,0,0,3,4,0,1,3,,N,,,,,,,,,,,
2022122407,2122.0,1,0,0,0,0,0,0,0,0,6,0,,67,12,2022,2,40.0015,-75.1159,2122.0,6,0,0,0,0,0,0,0,0,,0,0,0.0,18,3,1,0,N,0,40 00:05.560,,0,75 06:57.080,2,0,0,0,67301,0,0,0,N,0,0,0,3,67301,0,,1,1,,N,N,Y,1,,0,1,1,0,0,,1844,1,4,0,0,0,0,1,3,4,0,4,3,3.0,N,,,,,,,,,,,
2022110075,339.0,1,0,0,0,0,0,0,0,0,7,0,,67,11,2022,1,39.9025,-75.2248,338.0,6,0,0,0,0,0,0,0,0,,0,0,0.0,3,3,2,2,,0,39 54:08.998,,0,75 13:29.191,2,0,0,0,67301,0,0,0,N,0,0,0,2,67301,0,,4,1,,N,N,N,0,,0,2,0,3,2,,330,2,1,0,0,0,0,0,3,4,0,1,3,3.0,N,,,,,,,,,,,
2022111854,2213.0,2,0,0,0,0,0,0,0,0,1,0,,67,11,2022,4,40.0013,-75.195,2206.0,6,0,0,0,0,0,0,0,0,,0,0,0.0,22,3,0,0,N,0,40 00:04.656,,0,75 11:41.915,0,0,0,0,67301,0,0,0,N,0,0,0,4,68K01,0,,1,1,,N,N,N,0,,0,0,0,0,0,,2205,0,2,0,0,0,0,0,3,4,0,2,3,3.0,N,,,,,,,,,,,
2022117412,216.0,1,0,0,0,0,0,0,0,0,4,0,,67,12,2022,7,39.9239,-75.225,215.0,6,0,0,0,0,0,0,0,0,,0,0,0.0,2,3,1,1,,0,39 55:25.900,,0,75 13:29.900,3,0,0,0,67301,0,0,0,N,0,0,0,2,67301,0,,1,1,,N,N,N,1,,1,0,0,3,1,,214,1,3,0,0,0,0,1,3,4,1,3,3,3.0,N,,,,,,,,,,,
2022122212,1015.0,0,0,0,0,0,0,0,0,0,7,0,,67,12,2022,2,39.9031,-75.156,1006.0,6,0,0,0,0,0,1,0,0,,0,0,0.0,9,1,1,0,N,0,39 54:11.290,,0,75 09:21.650,3,0,0,0,67301,0,0,0,N,0,0,0,1,67301,0,,5,1,,N,N,N,0,,1,0,1,0,0,,950,1,1,0,0,0,0,0,3,4,0,1,3,,N,,,,,,,,,,,
2022090681,1708.0,2,0,0,0,0,0,0,0,0,4,0,,67,9,2022,5,40.0276,-75.0284,1706.0,6,0,0,0,0,0,1,0,0,,0,0,0.0,17,1,1,0,N,1,40 01:39.337,1.0,7,75 01:42.345,3,0,0,0,67301,0,0,0,N,0,0,0,4,67301,0,,1,1,1930.0,N,N,N,0,,1,0,1,0,0,Y,1706,1,3,0,0,0,0,0,3,4,0,3,3,,N,,,,,,,,,,,
2022120899,2304.0,2,0,0,0,0,0,0,0,0,4,0,,67,11,2022,1,39.9603,-75.2269,2304.0,6,0,0,0,0,0,0,0,0,,0,0,0.0,21,3,0,1,,0,39 57:37.019,,0,75 13:36.669,9,0,0,0,67301,0,0,0,N,0,0,0,2,67301,0,,1,1,,N,N,N,0,,0,0,0,3,1,,2156,0,2,0,0,0,0,1,3,4,0,2,3,3.0,N,,,,,,,,,,,
2022089990,1955.0,3,0,0,0,0,0,0,0,0,5,0,,67,9,2022,5,39.9221,-75.1618,1949.0,6,0,0,0,0,0,0,0,0,,0,0,0.0,17,4,0,0,N,0,39 55:19.520,,0,75 09:42.470,9,0,0,0,67301,0,0,0,N,0,0,0,1,67301,0,,6,1,,N,N,N,0,,0,0,3,0,0,,1743,0,6,0,0,0,0,1,3,4,0,6,3,3.0,N,,,,,,,,,,,
2022120499,832.0,2,0,0,0,0,0,0,0,0,6,0,,67,12,2022,3,40.0041,-75.0939,831.0,6,0,0,0,0,0,1,0,0,,0,0,0.0,8,1,2,0,N,1,40 00:14.848,5.0,0,75 05:38.111,3,0,0,0,67301,0,0,0,N,0,0,0,2,67301,1,,1,1,914.0,N,N,N,0,,1,0,0,3,2,Y,830,2,2,0,0,0,0,0,3,4,0,2,3,,N,,,,,,,,,,,
2022090284,930.0,0,0,0,0,0,0,0,0,0,8,0,,67,9,2022,5,40.0257,-75.0554,919.0,6,0,0,0,0,0,0,0,0,,0,0,0.0,9,1,1,1,,0,40 01:32.498,,0,75 03:19.485,8,0,0,0,67301,1,0,0,N,1,0,0,2,67301,0,,1,1,,N,N,N,0,,0,0,0,3,2,,915,1,2,0,0,0,1,1,3,4,0,1,3,3.0,N,,,,,,,,,,,
2022125106,930.0,1,0,0,0,0,0,0,0,0,5,0,,67,12,2022,6,39.9626,-75.233,930.0,6,0,0,0,0,0,0,0,0,,0,0,0.0,9,1,0,0,N,0,39 57:45.320,,99,75 13:58.730,0,0,0,0,67301,0,0,0,N,0,0,0,0,67301,0,,4,1,,N,N,N,0,,0,0,0,0,0,,925,0,2,0,0,0,0,0,3,4,1,2,3,3.0,N,,,,,,,,,,,
2022093415,1859.0,0,0,0,0,0,0,0,0,0,4,0,,67,10,2022,7,39.9461,-75.2165,1859.0,6,0,0,0,0,0,0,0,0,,0,0,0.0,18,3,2,1,,0,39 56:45.794,,0,75 12:59.385,4,0,0,0,67301,0,0,0,N,0,0,0,4,67301,1,,1,1,,N,N,N,0,,0,0,2,3,3,,1853,2,2,0,0,1,1,2,3,4,0,2,3,,N,,,,,,,,,,,
2022093137,810.0,1,0,0,1,0,0,0,0,0,4,0,,67,10,2022,6,39.9609,-75.245,755.0,6,0,0,0,0,0,0,0,0,,0,0,0.0,7,1,1,1,,0,39 57:39.345,,0,75 14:42.087,3,0,0,0,67301,1,0,0,N,0,0,0,3,67301,0,,1,1,,N,N,N,0,,1,0,0,3,2,,735,1,2,0,0,0,0,0,3,4,0,1,3,,N,,,,,,,,,,,
2022118778,2037.0,1,0,0,0,0,0,1,0,0,1,1,,67,12,2022,1,40.0504,-75.0515,2017.0,6,0,0,0,1,0,1,0,0,,0,0,0.0,20,3,2,2,,1,40 03:01.364,2.0,0,75 03:05.380,4,0,0,0,67301,0,0,0,N,0,0,0,4,67508,2,,1,1,9999.0,N,N,N,0,,0,0,1,3,2,N,2017,2,3,0,0,0,0,0,3,4,0,3,3,3.0,N,,,,,,,,,,,
2022093133,2030.0,1,0,0,0,0,0,0,0,0,8,0,,67,9,2022,6,40.0296,-75.1031,2020.0,6,0,0,0,1,0,0,0,0,,0,0,0.0,20,3,1,0,N,2,40 01:46.564,1.0,0,75 06:11.128,2,0,0,0,67301,1,0,1,N,1,0,1,2,67301,0,,1,9,2030.0,N,N,N,0,,0,1,0,0,0,N,2019,1,2,0,0,0,0,0,3,4,0,1,7,,N,,,,,,,,,,,
2022108075,2032.0,1,0,0,0,0,0,0,0,0,8,0,,67,9,2022,4,39.9953,-75.1041,2027.0,6,0,0,0,0,0,0,0,0,,0,0,0.0,20,3,1,0,N,0,39 59:43.100,,0,75 06:14.700,4,0,0,0,67301,1,0,0,N,1,0,0,2,67301,1,,1,1,,N,N,N,0,,0,0,0,0,0,,2019,1,2,0,0,1,0,0,3,4,0,1,99,3.0,N,,,,,,,,,,,
2022089678,902.0,1,0,0,0,0,0,0,0,0,8,0,,67,9,2022,4,39.926,-75.2279,902.0,6,0,0,0,0,0,0,0,0,,0,0,0.0,8,1,1,1,,0,39 55:33.772,,0,75 13:40.573,2,0,0,0,67301,1,0,1,N,1,0,1,2,67301,0,,1,1,,N,N,N,0,,0,1,0,3,2,,839,1,2,0,0,1,0,0,3,4,0,1,3,3.0,N,,,,,,,,,,,
2022120112,1620.0,0,0,0,0,0,0,0,0,0,8,0,,67,12,2022,7,39.9187,-75.1827,1611.0,6,0,0,0,0,0,0,0,0,,0,0,0.0,16,4,1,0,N,0,39 55:07.470,,0,75 10:57.710,3,0,0,0,67301,1,0,0,N,1,0,0,2,67301,0,,1,9,,N,N,N,0,,1,0,1,0,0,,1600,1,2,0,0,0,0,0,3,4,0,1,4,4.0,N,,,,,,,,,,,