CRN,ARRIVAL_TM,AUTOMOBILE_COUNT,BELTED_DEATH_COUNT,BELTED_SUSP_SERIOUS_INJ_COUNT,BICYCLE_COUNT,BICYCLE_DEATH_COUNT,BICYCLE_SUSP_SERIOUS_INJ_COUNT,BUS_COUNT,CHLDPAS_DEATH_COUNT,CHLDPAS_SUSP_SERIOUS_INJ_COUNT,COLLISION_TYPE,COMM_VEH_COUNT,CONS_ZONE_SPD_LIM,COUNTY,CRASH_MONTH,CRASH_YEAR,DAY_OF_WEEK,DEC_LAT,DEC_LONG,DISPATCH_TM,DISTRICT,DRIVER_COUNT_16YR,DRIVER_COUNT_17YR,DRIVER_COUNT_18YR,DRIVER_COUNT_19YR,DRIVER_COUNT_20YR,DRIVER_COUNT_50_64YR,DRIVER_COUNT_65_74YR,DRIVER_COUNT_75PLUS,EST_HRS_CLOSED,FATAL_COUNT,HEAVY_TRUCK_COUNT,HORSE_BUGGY_COUNT,HOUR_OF_DAY,ILLUMINATION,INJURY_COUNT,INTERSECT_TYPE,INTERSECTION_RELATED,LANE_CLOSED,LATITUDE,LN_CLOSE_DIR,LOCATION_TYPE,LONGITUDE,MAX_SEVERITY_LEVEL,MCYCLE_DEATH_COUNT,MCYCLE_SUSP_SERIOUS_INJ_COUNT,MOTORCYCLE_COUNT,MUNICIPALITY,NONMOTR_COUNT,NONMOTR_DEATH_COUNT,NONMOTR_SUSP_SERIOUS_INJ_COUNT,NTFY_HIWY_MAINT,PED_COUNT,PED_DEATH_COUNT,PED_SUSP_SERIOUS_INJ_COUNT,PERSON_COUNT,POLICE_AGCY,POSSIBLE_INJ_COUNT,RDWY_SURF_TYPE_CD,RELATION_TO_ROAD,ROAD_CONDITION,ROADWAY_CLEARED,SCH_BUS_IND,SCH_ZONE_IND,SECONDARY_CRASH,SMALL_TRUCK_COUNT,SPEC_JURIS_CD,SUSP_MINOR_INJ_COUNT,SUSP_SERIOUS_INJ_COUNT,SUV_COUNT,TCD_FUNC_CD,TCD_TYPE,TFC_DETOUR_IND,TIME_OF_DAY,TOT_INJ_COUNT,TOTAL_UNITS,UNB_DEATH_COUNT,UNB_SUSP_SERIOUS_INJ_COUNT,UNBELTED_OCC_COUNT,UNK_INJ_DEG_COUNT,UNK_INJ_PER_COUNT,URBAN_AREA,URBAN_RURAL,VAN_COUNT,VEHICLE_COUNT,WEATHER1,WEATHER2,WORK_ZONE_IND,WORK_ZONE_LOC,WORK_ZONE_TYPE,WORKERS_PRES,WZ_CLOSE_DETOUR,WZ_FLAGGER,WZ_LAW_OFFCR_IND,WZ_LN_CLOSURE,WZ_MOVING,WZ_OTHER,WZ_SHLDER_MDN,WZ_WORKERS_INJ_KILLED
2022095019,1318.0,2,0,0,0,0,0,0,0,0,4,0,,67,9,2022,6,39.9666,-75.2398,1317.0,6,0,0,0,0,0,1,0,0,,0,0,0.0,13,1,1,1,,0,39 57:59.670,,0,75 14:23.337,8,0,0,0,67301,0,0,0,N,0,0,0,2,67301,0,,1,1,,N,N,N,0,,0,0,0,3,2,,1315,1,2,0,0,1,1,0,3,4,0,2,4,,N,,,,,,,,,,,
2022090022,1325.0,0,0,0,0,0,0,0,0,0,8,0,,67,9,2022,5,40.0491,-75.0625,1320.0,6,0,0,0,0,0,0,0,0,,0,0,0.0,11,1,2,2,,0,40 02:56.818,,0,75 03:44.350,3,0,0,0,67301,2,0,0,N,2,0,0,3,67301,0,,1,1,,N,N,N,0,,2,0,0,3,2,,1141,2,3,0,0,0,0,0,3,4,1,1,3,3.0,N,,,,,,,,,,,
2022090616,1420.0,0,0,0,0,0,0,0,0,0,1,0,,67,9,2022,6,39.8919,-75.2419,1405.0,6,0,0,0,0,0,1,0,0,,0,0,0.0,13,1,1,2,,0,39 53:30.990,,0,75 14:30.862,3,0,0,0,67301,0,0,0,N,0,0,0,2,67301,0,,1,1,,N,N,N,0,,1,0,2,3,2,,1326,1,2,0,0,1,0,0,3,4,0,2,3,,N,,,,,,,,,,,
2022090163,2000.0,1,0,0,0,0,0,0,0,0,1,0,,67,9,2022,5,39.9084,-75.1934,1945.0,6,0,0,0,0,0,0,0,0,,0,0,0.0,19,2,1,0,N,0,39 54:30.136,,0,75 11:36.382,3,0,0,0,67301,0,0,0,N,0,0,0,2,67301,0,,1,1,,N,N,N,0,,1,0,1,0,0,,1900,1,2,0,0,1,0,0,3,4,0,2,3,3.0,N,,,,,,,,,,,
2022093814,1121.0,1,0,0,0,0,0,0,0,0,1,0,,67,10,2022,7,39.9877,-75.225,1120.0,6,0,0,0,0,0,1,0,1,,0,0,0.0,10,1,1,2,,0,39 59:15.615,,0,75 13:29.927,3,0,0,0,67301,0,0,0,N,0,0,0,3,67301,0,,1,9,,N,N,N,0,,1,0,1,3,2,,1009,1,2,0,0,0,0,0,3,4,0,2,7,,N,,,,,,,,,,,
2022121806,557.0,1,0,0,0,0,0,0,0,0,5,1,,67,12,2022,2,40.02,-75.1499,557.0,6,0,0,0,0,0,1,0,0,,0,1,0.0,5,3,0,0,N,1,40 01:11.823,4.0,1,75 08:59.532,0,0,0,0,67301,0,0,0,N,0,0,0,2,67301,0,,1,2,700.0,N,N,Y,0,,0,0,0,0,0,N,554,0,2,0,0,0,0,0,3,4,0,2,3,3.0,N,,,,,,,,,,,
2022120908,1158.0,0,0,0,0,0,0,0,0,0,4,2,,67,12,2022,5,39.9891,-75.0896,1157.0,6,0,0,0,0,0,1,0,0,,0,2,0.0,11,1,0,1,,0,39 59:20.627,,0,75 05:22.626,0,0,0,0,67301,0,0,0,N,0,0,0,2,67301,0,,1,9,,N,N,N,0,,0,0,0,3,2,,1100,0,2,0,0,0,0,0,3,4,0,2,7,,N,,,,,,,,,,,
2022119741,908.0,0,0,0,0,0,0,0,0,0,8,0,,67,12,2022,3,40.0404,-75.0308,905.0,6,0,0,0,0,0,0,0,0,,0,0,0.0,9,1,1,2,,1,40 02:25.447,1.0,0,75 01:50.857,3,0,0,0,67301,1,0,0,N,1,0,0,2,67301,0,,1,1,915.0,N,N,N,1,,1,0,0,3,2,N,904,1,2,0,0,0,0,0,3,4,0,1,3,,N,,,,,,,,,,,
2022121302,1359.0,0,0,0,0,0,0,0,0,0,5,0,,67,12,2022,6,40.0408,-75.0054,1325.0,6,0,0,0,0,0,1,0,0,,0,0,0.0,13,1,1,0,N,0,40 02:26.843,,0,75 00:19.431,8,0,0,0,67301,0,0,0,N,0,0,0,3,68K01,0,,1,9,,N,N,N,2,,0,0,0,0,0,,1300,1,2,0,0,0,1,0,3,4,0,2,7,4.0,N,,,,,,,,,,,
2022122392,1949.0,1,0,0,0,0,0,0,0,0,2,0,,67,12,2022,3,40.0595,-75.052,1943.0,6,0,0,0,0,0,0,0,0,,0,0,0.0,19,3,0,1,,1,40 03:34.246,1.0,0,75 03:07.165,0,0,0,0,67301,0,0,0,N,0,0,0,2,67301,0,,1,1,2010.0,N,N,N,1,,0,0,0,3,2,N,1943,0,2,0,0,0,0,0,3,4,0,2,3,,N,,,,,,,,,,,
2022097031,2130.0,1,0,0,0,0,0,0,0,0,1,0,,67,10,2022,6,39.9674,-75.1289,2115.0,6,0,0,0,0,0,0,0,0,,0,0,0.0,20,3,1,5,,0,39 58:02.502,,0,75 07:43.907,3,0,0,1,67301,0,0,0,N,0,0,0,2,67301,0,,1,1,,N,N,N,0,,1,0,0,3,2,,2050,1,2,0,0,1,0,0,3,4,0,2,3,,N,,,,,,,,,,,
2022125233,17.0,2,0,0,0,0,0,0,0,0,2,0,,67,12,2022,6,39.9492,-75.2292,12.0,6,0,0,0,0,0,0,0,0,,0,0,0.0,23,3,0,1,,2,39 56:57.069,5.0,0,75 13:45.019,0,0,0,0,67301,0,0,0,N,0,0,0,3,67301,0,,1,1,45.0,N,N,N,0,,0,0,0,2,3,N,2350,0,2,0,0,0,0,0,3,4,0,2,3,,N,,,,,,,,,,,
2022093816,900.0,1,0,0,0,0,0,0,0,0,4,0,,67,10,2022,5,39.9866,-75.1464,900.0,6,0,0,0,0,0,2,0,0,,0,0,0.0,7,1,1,1,,0,39 59:11.940,,0,75 08:47.191,8,0,0,0,67301,0,0,0,N,0,0,0,2,67301,0,,1,1,,N,N,N,1,,0,0,0,3,3,,745,1,2,0,0,0,1,0,3,4,0,2,3,3.0,N,,,,,,,,,,,
2022121361,245.0,1,0,0,0,0,0,0,0,0,2,0,,67,12,2022,2,40.0181,-75.1491,235.0,6,0,0,1,0,0,0,0,0,,0,0,0.0,2,3,2,0,N,1,40 01:05.005,5.0,0,75 08:56.786,2,0,0,0,67301,0,0,0,N,0,0,0,2,67301,0,,1,1,715.0,N,N,N,0,,0,2,0,3,1,Y,230,2,2,0,0,0,0,0,3,4,1,2,3,3.0,N,,,,,,,,,,,
2022090156,1920.0,1,0,0,0,0,0,0,0,0,4,0,,67,9,2022,6,39.9557,-75.1902,1843.0,6,0,0,0,0,0,0,0,0,,0,0,0.0,18,1,0,0,N,1,39 57:20.351,4.0,0,75 11:24.621,0,0,0,0,67301,0,0,0,N,0,0,0,2,67507,0,,1,1,1920.0,N,N,Y,0,,0,0,2,0,0,Y,1840,0,3,0,0,0,0,0,3,4,0,3,3,3.0,N,,,,,,,,,,,
2022120512,1219.0,0,0,0,0,0,0,0,0,0,8,1,,67,12,2022,6,39.9694,-75.1393,1217.0,6,0,0,0,0,0,0,0,0,,0,1,0.0,12,1,1,0,N,0,39 58:09.912,,0,75 08:21.501,3,0,0,0,67301,1,0,0,N,1,0,0,2,67301,0,,1,9,,N,N,N,0,,1,0,0,0,0,,1210,1,2,0,0,1,0,0,3,4,0,1,7,7.0,N,,,,,,,,,,,
2022113340,1245.0,1,0,0,0,0,0,0,0,0,4,0,,67,11,2022,1,39.9961,-75.1471,1230.0,6,0,0,0,0,0,1,0,0,,0,0,0.0,11,1,1,1,,0,39 59:46.111,,0,75 08:49.516,3,0,0,0,67301,0,0,0,N,0,0,0,3,67301,0,,1,9,,N,N,N,0,,1,0,2,3,2,,1124,1,3,0,0,0,0,0,3,4,0,3,7,,N,,,,,,,,,,,
2022121358,415.0,0,0,0,0,0,0,0,0,0,2,0,,67,11,2022,7,39.9946,-75.0945,415.0,6,0,0,0,0,0,0,0,0,,1,0,0.0,21,3,2,1,,2,39 59:40.673,7.0,0,75 05:40.311,1,0,0,0,67301,1,1,0,N,1,1,0,12,67301,0,2.0,1,1,359.0,N,N,N,1,0.0,2,0,2,3,2,Y,2122,2,4,0,0,0,0,7,3,4,0,3,3,3.0,N,,,,,,,,,,,
2022120895,1345.0,0,0,0,0,0,0,0,0,0,4,1,,67,12,2022,5,40.0403,-75.0584,1318.0,6,0,0,0,0,0,0,0,0,,0,1,0.0,12,1,1,1,,1,40 02:24.930,1.0,6,75 03:30.344,8,0,0,0,67301,0,0,0,N,0,0,0,2,67301,0,,1,9,1705.0,N,N,N,0,,0,0,1,3,8,N,1227,1,2,0,0,1,1,0,3,4,0,2,7,4.0,N,,,,,,,,,,,
2022090814,318.0,2,0,0,0,0,0,0,0,0,4,0,,67,9,2022,5,39.9215,-75.1769,311.0,6,0,0,0,0,0,0,0,0,,0,0,0.0,2,3,1,1,,0,39 55:17.223,,0,75 10:36.951,3,0,0,0,67301,0,0,0,N,0,0,0,2,67301,0,,1,1,,N,N,N,0,,1,0,0,3,2,,228,1,2,0,0,0,0,1,3,4,0,2,3,3.0,N,,,,,,,,,,,
2022121344,1609.0,0,0,0,0,0,0,0,0,0,7,1,,67,12,2022,2,39.9322,-75.2189,1536.0,6,0,0,0,0,0,0,0,0,,0,1,0.0,15,1,0,0,N,1,39 55:56.030,3.0,1,75 13:08.070,0,0,0,0,67301,0,0,0,N,0,0,0,2,67301,0,,1,1,1920.0,N,N,N,0,,0,0,0,0,0,N,1522,0,1,0,0,0,0,0,3,4,0,1,4,,N,,,,,,,,,,,
2022093135,1823.0,0,0,0,0,0,0,0,0,0,1,0,,67,10,2022,6,40.0332,-75.0378,1817.0,6,0,0,0,0,0,1,0,0,,0,0,0.0,18,1,0,1,,0,40 01:59.865,,0,75 02:15.694,0,0,0,0,67301,0,0,0,N,0,0,0,5,67301,0,,1,1,,N,N,N,0,,0,0,1,3,2,,1800,0,2,0,0,0,0,0,3,4,1,2,3,3.0,N,,,,,,,,,,,
2022097874,1016.0,0,0,0,0,0,0,0,0,0,8,0,,67,10,2022,6,39.9646,-75.1675,1014.0,6,0,0,0,0,0,0,0,0,,0,0,0.0,10,1,1,1,,0,39 57:52.534,,0,75 10:03.100,3,0,0,0,67301,1,0,0,N,1,0,0,2,67301,0,,1,1,,N,Y,N,0,,1,0,0,3,3,,1012,1,2,0,0,0,0,0,3,4,0,1,3,3.0,N,,,,,,,,,,,
2022121967,1723.0,2,0,0,0,0,0,0,0,0,1,0,,67,12,2022,4,39.9954,-75.1662,1720.0,6,0,0,0,0,0,0,0,0,,0,0,0.0,17,3,4,0,N,0,39 59:43.602,,0,75 09:58.424,3,0,0,0,67301,0,0,0,N,0,0,0,4,67301,0,,1,1,,N,Y,N,0,,4,0,1,0,0,,1716,4,3,0,0,0,0,0,3,4,0,3,3,,N,,,,,,,,,,,
2022096759,825.0,1,0,0,0,0,0,0,0,0,4,0,,67,9,2022,6,40.0118,-75.11,805.0,6,0,0,0,0,0,1,0,0,,0,0,0.0,8,5,1,1,,0,40 00:42.433,,0,75 06:35.974,3,0,0,0,67301,0,0,0,N,0,0,0,2,67301,0,,1,1,,N,N,N,0,,1,0,0,3,3,,800,1,2,0,0,0,0,0,3,4,0,2,3,3.0,N,,,,,,,,,,,
2022090973,2130.0,1,0,0,0,0,0,0,0,0,8,0,,67,10,2022,7,39.9372,-75.1615,2130.0,6,0,0,0,0,0,0,0,0,,0,0,0.0,20,3,1,1,,0,39 56:13.826,,0,75 09:41.371,8,0,0,0,67301,1,0,0,N,1,0,0,2,67301,0,,1,9,,N,N,N,0,,0,0,0,3,2,,2050,1,2,0,0,0,1,0,3,4,0,1,7,,N,,,,,,,,,,,
2022090301,1250.0,0,0,0,0,0,0,0,0,0,1,0,,67,9,2022,6,39.9231,-75.1699,1250.0,6,0,0,0,0,0,0,1,0,,0,0,0.0,11,1,2,0,N,0,39 55:23.011,,0,75 10:11.633,3,0,0,0,67301,3,0,0,N,0,0,0,4,67301,0,,6,1,,N,N,N,0,,2,0,2,0,0,,1130,2,2,0,0,1,0,0,3,4,0,2,3,,N,,,,,,,,,,,
2022119855,1529.0,2,0,0,0,0,0,0,0,0,1,0,,67,11,2022,5,39.9963,-75.0825,1510.0,6,0,0,0,0,0,0,0,0,,0,0,0.0,15,1,1,0,N,0,39 59:46.837,,0,75 04:57.084,3,0,0,0,67301,0,0,0,N,0,0,0,2,68K01,0,,1,1,,N,N,N,0,,1,0,0,0,0,,1508,1,2,0,0,0,0,0,3,4,0,2,3,3.0,N,,,,,,,,,,,
2022091012,2052.0,1,0,0,0,0,0,0,0,0,8,0,,67,10,2022,7,40.1141,-74.9877,2047.0,6,0,0,0,0,0,0,0,0,,0,0,0.0,20,3,1,1,,0,40 06:50.926,,0,74 59:15.880,3,0,0,0,67301,1,0,0,N,1,0,0,2,67301,0,,1,9,,N,N,N,0,,1,0,0,3,2,,2029,1,2,0,0,0,0,0,3,4,0,1,7,,N,,,,,,,,,,,
2022122221,2325.0,0,0,0,0,0,0,0,0,0,2,0,,67,12,2022,2,39.9734,-75.2276,2320.0,6,0,0,0,0,0,0,1,0,,0,1,0.0,23,3,1,0,N,0,39 58:24.200,,0,75 13:39.400,4,0,0,0,67301,0,0,0,N,0,0,0,1,67301,1,,6,1,,N,N,N,0,,0,0,1,0,0,,2300,1,3,0,0,0,0,0,3,4,1,3,3,,N,,,,,,,,,,,
2022120491,1824.0,1,0,0,0,0,0,0,0,0,7,0,,67,12,2022,6,39.9585,-75.2252,1824.0,6,0,0,0,0,0,0,0,0,,0,0,0.0,18,3,0,1,,0,39 57:30.510,,0,75 13:30.663,0,0,0,0,67301,0,0,0,N,0,0,0,1,67301,0,,5,1,,N,N,N,0,,0,0,0,3,2,,1824,0,1,0,0,0,0,0,3,4,0,1,3,,N,,,,,,,,,,,
2022099081,2209.0,1,0,0,0,0,0,0,0,0,1,0,,67,10,2022,5,39.9104,-75.1585,2209.0,6,0,0,0,0,0,0,0,0,,0,0,0.0,22,3,1,0,N,0,39 54:37.390,,0,75 09:30.560,4,0,0,0,67301,0,0,0,N,0,0,0,3,68K01,1,,1,1,,N,N,N,0,,0,0,1,0,0,,2208,1,2,0,0,1,0,0,3,4,0,2,3,,N,,,,,,,,,,,
2022119746,1835.0,1,0,0,0,0,0,0,0,0,1,0,,67,4,2022,3,40.0298,-75.188,1827.0,6,0,0,1,0,0,1,0,0,,0,0,0.0,18,1,1,0,Y,0,40 01:47.380,,0,75 11:16.690,2,0,1,1,67301,0,0,0,N,0,0,0,2,67301,0,,1,1,,N,N,N,0,,0,1,0,3,1,,1820,1,2,0,0,1,0,0,3,4,0,2,4,4.0,N,,,,,,,,,,,
2022120334,229.0,4,0,0,0,0,0,0,0,0,1,0,,67,12,2022,1,40.0436,-75.1289,228.0,6,0,0,0,0,0,0,0,0,,0,0,0.0,2,3,0,0,N,0,40 02:37.040,,0,75 07:44.070,0,0,0,0,67301,0,0,0,N,0,0,0,1,67301,0,,1,1,,N,N,N,0,,0,0,1,0,0,,226,0,5,0,0,0,0,0,3,4,0,5,3,,N,,,,,,,,,,,
2022119863,1843.0,1,0,0,0,0,0,0,0,0,4,0,,67,12,2022,6,39.927,-75.1952,1828.0,6,0,0,0,1,0,0,0,0,,0,0,0.0,18,3,2,0,N,1,39 55:37.310,3.0,0,75 11:42.730,3,0,0,0,67301,0,0,0,N,0,0,0,5,68K01,0,,1,1,1919.0,N,N,N,0,,2,0,0,0,0,Y,1826,2,2,0,0,0,0,0,3,4,1,2,3,,N,,,,,,,,,,,
2022119027,1734.0,0,0,0,0,0,0,0,0,0,1,0,,67,10,2022,6,39.9852,-75.1461,1734.0,6,0,0,0,0,0,0,0,0,,0,0,0.0,13,1,0,0,N,0,39 59:06.600,,0,75 08:46.000,0,0,0,0,67301,0,0,0,N,0,0,0,1,67301,0,,6,1,,N,N,N,0,,0,0,1,0,0,,1300,0,2,0,0,0,0,0,3,4,0,2,3,,N,,,,,,,,,,,
2022125107,2020.0,1,0,0,0,0,0,0,0,0,8,0,,67,12,2022,2,39.9941,-75.1544,2018.0,6,0,0,0,0,0,0,0,0,,1,0,0.0,20,3,0,0,N,0,39 59:38.890,,0,75 09:15.902,1,0,0,0,67301,1,1,0,N,1,1,0,2,67301,0,2.0,9,1,,N,N,N,0,0.0,0,0,0,0,0,,2016,0,2,0,0,0,0,0,3,4,0,1,3,3.0,N,,,,,,,,,,,
2022094156,1725.0,2,0,0,0,0,0,0,0,0,1,0,,67,10,2022,6,39.965,-75.2257,1719.0,6,0,0,0,0,0,1,0,0,,0,0,0.0,17,1,2,0,Y,0,39 57:54.100,,0,75 13:32.600,4,0,0,0,67301,0,0,0,N,0,0,0,4,67301,2,,1,1,,N,N,N,0,,0,0,0,3,2,,1710,2,2,0,0,3,0,0,3,4,0,2,3,,N,,,,,,,,,,,
2022119853,1104.0,1,0,0,0,0,0,0,0,0,1,1,,67,10,2022,2,39.967,-75.1334,1101.0,6,0,0,0,0,0,0,0,0,,0,1,0.0,10,1,0,0,N,1,39 58:01.220,1.0,0,75 08:00.386,0,0,0,0,67301,0,0,0,N,0,0,0,2,68K01,0,,1,1,1110.0,N,N,N,0,,0,0,0,0,0,N,1058,0,2,0,0,0,0,0,3,4,0,2,3,,N,,,,,,,,,,,
2022106158,447.0,1,0,0,1,0,0,0,0,0,3,0,,67,9,2022,6,39.9496,-75.1997,444.0,6,0,0,0,0,0,0,0,0,,0,0,0.0,4,3,1,0,N,1,39 56:58.586,1.0,0,75 11:58.815,3,0,0,0,67301,1,0,0,N,0,0,0,3,67301,0,,6,1,505.0,N,N,N,0,,1,0,0,0,0,N,441,1,2,0,0,0,0,0,3,4,0,1,3,3.0,N,,,,,,,,,,,
2022119739,2025.0,1,0,0,0,0,0,0,0,0,4,0,,67,11,2022,6,40.0481,-75.2351,2020.0,6,0,0,0,0,0,0,0,0,,0,0,0.0,20,3,1,0,N,0,40 02:53.199,,7,75 14:06.259,8,0,0,1,67301,0,0,0,N,0,0,0,2,67301,0,,1,1,,N,N,N,0,,0,0,0,0,0,,2015,1,2,0,0,0,1,0,3,4,0,2,3,3.0,N,,,,,,,,,,,
2022090504,2358.0,1,0,0,0,0,0,0,0,0,5,0,,67,10,2022,7,40.0772,-75.1839,2357.0,6,0,0,0,0,0,0,0,0,,0,0,0.0,23,3,0,0,N,0,40 04:37.990,,0,75 11:02.070,0,0,0,0,67301,1,0,0,N,0,0,0,2,67301,0,,6,9,,N,N,N,0,,0,0,0,0,0,,2350,0,2,0,0,0,0,0,3,4,1,2,3,7.0,N,,,,,,,,,,,
2022089609,1718.0,0,0,0,0,0,0,0,0,0,0,0,,67,9,2022,4,40.0125,-75.1688,1715.0,6,0,0,0,0,0,0,0,0,,0,0,0.0,17,1,1,0,N,0,40 00:44.829,,0,75 10:07.837,2,0,1,1,67301,0,0,0,N,0,0,0,1,67301,0,,4,1,,N,N,N,0,,0,1,0,0,0,,1711,1,1,0,0,0,0,0,3,4,0,1,3,3.0,N,,,,,,,,,,,
2022091370,2008.0,2,0,0,0,0,0,0,0,0,4,0,,67,10,2022,7,39.9575,-75.2234,2008.0,6,0,0,0,0,0,0,0,0,,0,0,0.0,20,3,2,1,,1,39 57:26.841,1.0,0,75 13:24.214,3,0,0,0,67301,0,0,0,N,0,0,0,3,67301,0,,1,9,2100.0,N,N,N,0,,2,0,0,3,3,Y,2008,2,2,0,0,2,0,0,3,4,0,2,4,7.0,N,,,,,,,,,,,
2022091275,1412.0,1,0,0,0,0,0,0,0,0,7,0,,67,9,2022,5,39.9299,-75.1461,1412.0,6,0,0,0,0,0,0,0,0,,0,0,0.0,14,1,0,0,N,1,39 55:47.516,2.0,3,75 08:46.138,0,0,0,0,67301,0,0,0,N,0,0,0,1,68K01,0,,3,1,1430.0,N,N,N,0,,0,0,0,0,0,N,1402,0,1,0,0,0,0,0,3,4,0,1,3,,N,,,,,,,,,,,
2022090383,1620.0,0,0,0,0,0,0,0,0,0,7,0,,67,9,2022,6,39.9879,-75.2163,1608.0,6,0,0,0,0,0,0,0,0,,0,0,0.0,16,1,1,0,N,0,39 59:16.609,,0,75 12:58.692,3,0,0,0,67301,0,0,0,N,0,0,0,1,67301,0,,4,1,,N,N,N,0,,1,0,1,0,0,,1606,1,1,0,0,1,0,0,3,4,0,1,3,3.0,N,,,,,,,,,,,
2022093818,1159.0,0,0,0,0,0,0,0,0,0,8,0,,67,10,2022,5,39.9803,-75.1463,1159.0,6,0,0,0,0,0,0,0,0,,0,0,0.0,18,1,1,1,,0,39 58:49.115,,0,75 08:46.737,3,0,0,0,67301,1,0,0,N,1,0,0,2,67301,0,,1,1,,N,N,N,1,,1,0,0,3,3,,1810,1,2,0,0,1,0,0,3,4,0,1,3,3.0,N,,,,,,,,,,,
2022089681,900.0,0,0,0,1,0,0,0,0,0,5,0,,67,9,2022,5,39.9743,-75.181,857.0,6,0,0,0,0,0,0,0,0,,0,0,0.0,8,1,1,0,N,0,39 58:27.317,,0,75 10:51.775,8,0,0,0,67301,1,0,0,N,0,0,0,2,67301,0,,1,1,,N,N,N,0,,0,0,0,0,0,,850,1,2,0,0,0,1,0,3,4,0,1,3,3.0,N,,,,,,,,,,,
2022095226,829.0,0,0,0,0,0,0,0,0,0,8,0,,67,9,2022,5,39.9138,-75.2422,828.0,6,0,0,0,0,0,0,0,0,,0,0,0.0,8,1,1,0,N,0,39 54:49.811,,0,75 14:32.000,3,0,0,0,67301,1,0,0,N,1,0,0,2,67301,0,,1,1,,N,N,N,0,,1,0,0,0,0,,827,1,2,0,0,0,0,0,3,4,1,1,3,3.0,N,,,,,,,,,,,
2022121810,1750.0,1,0,0,0,0,0,0,0,0,2,0,,67,12,2022,3,40.0114,-75.1557,1745.0,6,0,0,0,0,0,2,0,0,,0,0,0.0,17,3,0,1,,0,40 00:41.173,,0,75 09:20.476,0,0,0,0,67301,0,0,0,N,0,0,0,4,67301,0,,1,1,,N,N,N,0,,0,0,1,3,3,,1715,0,2,0,0,0,0,0,3,4,0,2,3,3.0,N,,,,,,,,,,,
2022089513,1717.0,2,0,0,0,0,0,0,0,0,4,0,,67,9,2022,4,40.125,-75.0178,1717.0,6,0,0,0,0,0,1,0,0,,0,0,0.0,17,1,1,1,,0,40 07:29.999,,0,75 01:03.946,3,0,0,0,67301,0,0,0,N,0,0,0,2,67301,0,,1,1,,N,N,N,0,,1,0,0,3,3,,1717,1,2,0,0,0,0,0,3,4,0,2,3,3.0,N,,,,,,,,,,,
2022102221,940.0,0,0,0,1,0,0,0,0,0,4,0,,67,10,2022,2,39.9358,-75.1563,927.0,6,0,0,0,0,1,0,0,0,,0,0,0.0,7,5,1,1,,0,39 56:08.847,,0,75 09:22.510,4,0,0,0,67301,1,0,0,N,0,0,0,2,67301,1,,1,1,,N,N,N,0,,0,0,1,3,2,,745,1,2,0,0,0,0,0,3,4,0,1,3,3.0,N,,,,,,,,,,,
2022090314,1914.0,1,0,0,0,0,0,0,0,0,4,0,,67,9,2022,4,39.9562,-75.2196,1909.0,6,0,0,0,0,0,0,0,0,,0,0,0.0,19,4,2,1,,1,39 57:22.441,4.0,0,75 13:10.576,8,0,0,0,67301,1,0,0,Y,0,0,0,3,67301,0,,1,1,2057.0,N,N,N,1,,0,0,1,3,2,N,1902,2,3,0,0,0,2,0,3,4,0,3,3,3.0,N,,,,,,,,,,,
2022090159,1815.0,1,0,0,0,0,0,0,0,0,7,0,,67,9,2022,5,40.0795,-74.9967,1804.0,6,0,0,0,0,0,1,0,0,,0,0,0.0,5,1,1,0,N,0,40 04:46.100,,0,74 59:48.000,8,0,0,0,67301,0,0,0,N,0,0,0,1,67301,0,,6,1,,N,N,N,0,,0,0,0,0,0,,550,1,1,0,0,0,1,0,3,4,0,1,3,3.0,N,,,,,,,,,,,
2022119579,1610.0,0,0,0,1,0,0,0,0,0,4,0,,67,8,2022,1,40.0246,-75.1097,1600.0,6,0,0,0,0,0,0,0,0,,0,0,0.0,1,3,1,5,,0,40 01:28.725,,0,75 06:34.951,8,0,0,0,67301,1,0,0,N,0,0,0,2,67301,0,,1,99,,N,N,N,0,,0,0,0,3,1,,100,1,2,0,0,0,1,1,3,4,0,1,99,98.0,N,,,,,,,,,,,
2022119740,1915.0,1,0,0,0,0,0,0,0,0,7,0,,67,11,2022,4,40.0684,-75.2403,1909.0,6,0,0,0,0,0,0,0,0,,0,0,0.0,19,3,1,2,,0,40 04:06.301,,0,75 14:25.036,3,0,0,0,67301,0,0,0,N,0,0,0,1,67301,0,,4,9,,N,N,N,0,,1,0,0,3,3,,1905,1,1,0,0,1,0,0,3,4,0,1,7,7.0,N,,,,,,,,,,,
2022121796,2359.0,3,0,0,0,0,0,0,0,0,4,0,,67,12,2022,2,40.0581,-75.1897,2359.0,6,0,0,0,0,0,0,0,0,,0,0,0.0,23,3,0,0,N,1,40 03:29.040,4.0,0,75 11:23.070,0,0,0,0,67301,0,0,0,N,0,0,0,1,67301,0,,6,1,100.0,N,N,Y,0,,0,0,0,0,0,N,2354,0,3,0,0,0,0,0,3,4,0,3,3,3.0,N,,,,,,,,,,,
2022121677,1548.0,0,0,0,0,0,0,0,0,0,1,0,,67,12,2022,2,39.8933,-75.2317,1543.0,6,0,0,0,0,0,2,0,0,,0,0,0.0,15,1,1,6,,0,39 53:35.796,,2,75 13:54.001,3,0,0,0,67301,0,0,0,N,0,0,0,2,68K01,0,,1,1,,N,N,N,0,,1,0,1,0,0,,1542,1,2,0,0,0,0,0,3,4,1,2,3,,N,,,,,,,,,,,