CRN,ARRIVAL_TM,AUTOMOBILE_COUNT,BELTED_DEATH_COUNT,BELTED_SUSP_SERIOUS_INJ_COUNT,BICYCLE_COUNT,BICYCLE_DEATH_COUNT,BICYCLE_SUSP_SERIOUS_INJ_COUNT,BUS_COUNT,CHLDPAS_DEATH_COUNT,CHLDPAS_SUSP_SERIOUS_INJ_COUNT,COLLISION_TYPE,COMM_VEH_COUNT,CONS_ZONE_SPD_LIM,COUNTY,CRASH_MONTH,CRASH_YEAR,DAY_OF_WEEK,DEC_LAT,DEC_LONG,DISPATCH_TM,DISTRICT,DRIVER_COUNT_16YR,DRIVER_COUNT_17YR,DRIVER_COUNT_18YR,DRIVER_COUNT_19YR,DRIVER_COUNT_20YR,DRIVER_COUNT_50_64YR,DRIVER_COUNT_65_74YR,DRIVER_COUNT_75PLUS,EST_HRS_CLOSED,FATAL_COUNT,HEAVY_TRUCK_COUNT,HORSE_BUGGY_COUNT,HOUR_OF_DAY,ILLUMINATION,INJURY_COUNT,INTERSECT_TYPE,INTERSECTION_RELATED,LANE_CLOSED,LATITUDE,LN_CLOSE_DIR,LOCATION_TYPE,LONGITUDE,MAX_SEVERITY_LEVEL,MCYCLE_DEATH_COUNT,MCYCLE_SUSP_SERIOUS_INJ_COUNT,MOTORCYCLE_COUNT,MUNICIPALITY,NONMOTR_COUNT,NONMOTR_DEATH_COUNT,NONMOTR_SUSP_SERIOUS_INJ_COUNT,NTFY_HIWY_MAINT,PED_COUNT,PED_DEATH_COUNT,PED_SUSP_SERIOUS_INJ_COUNT,PERSON_COUNT,POLICE_AGCY,POSSIBLE_INJ_COUNT,RDWY_SURF_TYPE_CD,RELATION_TO_ROAD,ROAD_CONDITION,ROADWAY_CLEARED,SCH_BUS_IND,SCH_ZONE_IND,SECONDARY_CRASH,SMALL_TRUCK_COUNT,SPEC_JURIS_CD,SUSP_MINOR_INJ_COUNT,SUSP_SERIOUS_INJ_COUNT,SUV_COUNT,TCD_FUNC_CD,TCD_TYPE,TFC_DETOUR_IND,TIME_OF_DAY,TOT_INJ_COUNT,TOTAL_UNITS,UNB_DEATH_COUNT,UNB_SUSP_SERIOUS_INJ_COUNT,UNBELTED_OCC_COUNT,UNK_INJ_DEG_COUNT,UNK_INJ_PER_COUNT,URBAN_AREA,URBAN_RURAL,VAN_COUNT,VEHICLE_COUNT,WEATHER1,WEATHER2,WORK_ZONE_IND,WORK_ZONE_LOC,WORK_ZONE_TYPE,WORKERS_PRES,WZ_CLOSE_DETOUR,WZ_FLAGGER,WZ_LAW_OFFCR_IND,WZ_LN_CLOSURE,WZ_MOVING,WZ_OTHER,WZ_SHLDER_MDN,WZ_WORKERS_INJ_KILLED
2022061568,236.0,2,0,0,0,0,0,0,0,0,1,0,,67,7,2022,1,40.0104,-75.185,236.0,6,0,0,0,0,0,0,0,0,,0,0,0.0,2,3,2,0,N,2,40 00:37.268,2.0,0,75 11:05.922,3,0,0,0,67301,0,0,0,N,0,0,0,2,67301,0,,1,1,430.0,N,N,Y,0,,2,0,0,0,0,Y,236,2,2,0,0,0,0,0,3,4,0,2,4,4.0,N,,,,,,,,,,,
2022048871,1123.0,0,0,0,0,0,0,0,0,0,1,0,,67,5,2022,4,40.0584,-75.1657,1123.0,6,0,0,0,0,0,0,0,0,,0,0,0.0,11,1,1,0,N,0,40 03:30.168,,0,75 09:56.684,4,0,0,0,67301,0,0,0,N,0,0,0,2,67301,1,,1,1,,N,N,N,0,,0,0,2,0,0,,1123,1,2,0,0,0,0,0,3,4,0,2,3,,N,,,,,,,,,,,
2022063025,1110.0,1,0,0,0,0,0,0,0,0,7,0,,67,5,2022,7,40.054,-75.2316,1104.0,6,0,0,0,0,0,1,0,0,,0,0,0.0,13,1,0,0,Y,0,40 03:14.445,,0,75 13:53.775,9,0,0,0,67301,0,0,0,N,0,0,0,1,67301,0,,5,1,,N,N,N,0,,0,0,0,0,0,,1345,0,1,0,0,0,0,1,3,4,0,1,3,3.0,N,,,,,,,,,,,
2022063061,119.0,1,0,0,0,0,0,0,0,0,1,0,,67,5,2022,1,39.974,-75.2201,119.0,6,0,0,0,0,0,0,0,0,,0,0,0.0,1,3,0,0,N,0,39 58:26.559,,0,75 13:12.382,0,0,0,0,67301,0,0,0,N,0,0,0,3,67301,0,,1,1,,N,N,N,0,,0,0,1,0,0,,118,0,2,0,0,3,0,0,3,4,0,2,3,3.0,N,,,,,,,,,,,
2022062130,815.0,0,0,0,0,0,0,0,0,0,1,0,,67,6,2022,3,40.0093,-75.0664,815.0,6,0,0,0,0,0,0,1,0,,0,0,0.0,7,1,0,0,N,0,40 00:33.324,,0,75 03:59.155,0,0,0,0,67301,0,0,0,N,0,0,0,3,68K01,0,,1,1,,N,N,N,1,,0,0,2,0,0,,756,0,3,0,0,0,0,0,3,4,0,3,3,,N,,,,,,,,,,,
2022061997,535.0,2,0,0,0,0,0,0,0,0,1,1,45.0,67,7,2022,7,40.0159,-75.0522,527.0,6,0,0,0,0,0,1,0,0,,0,1,0.0,5,5,0,0,N,1,40 00:57.267,1.0,0,75 03:08.094,0,0,0,0,67301,0,0,0,N,0,0,0,3,68K01,0,,1,1,700.0,N,N,N,0,,0,0,0,0,0,N,526,0,3,0,0,0,0,0,3,4,0,3,3,,Y,4.0,1.0,N,,,N,,,,Y,N
2022061818,1504.0,0,0,0,0,0,0,0,0,0,1,0,,67,6,2022,4,39.9032,-75.1506,1504.0,6,0,0,0,0,0,1,0,0,,0,0,0.0,14,1,0,0,N,0,39 54:11.646,,0,75 09:02.274,0,0,0,0,67301,0,0,0,N,0,0,0,2,68K01,0,,1,1,,N,N,N,1,,0,0,0,0,0,,1452,0,2,0,0,0,0,0,3,4,1,2,3,3.0,N,,,,,,,,,,,
2022061742,1231.0,1,0,0,0,0,0,0,0,0,4,0,,67,5,2022,3,39.9711,-75.1933,1218.0,6,0,0,0,0,0,0,0,0,,0,0,0.0,12,1,1,0,N,1,39 58:15.911,3.0,0,75 11:35.756,3,0,0,0,67301,0,0,0,N,0,0,0,2,68K01,0,,1,1,1255.0,N,N,N,0,,1,0,1,0,0,N,1213,1,2,0,0,0,0,0,3,4,0,2,4,,N,,,,,,,,,,,
2022061893,1339.0,1,0,0,0,0,0,0,0,0,1,0,,67,6,2022,1,40.0152,-75.0537,1339.0,6,0,0,0,0,0,1,0,0,,0,0,0.0,13,1,0,0,N,0,40 00:54.690,,0,75 03:13.342,0,0,0,0,67301,0,0,0,N,0,0,0,2,68K01,0,,1,1,,N,N,N,0,,0,0,1,0,0,,1320,0,2,0,0,0,0,0,3,4,0,2,3,3.0,N,,,,,,,,,,,
2022062675,539.0,1,0,0,0,0,0,0,0,0,5,1,,67,6,2022,3,40.0357,-75.0174,539.0,6,0,0,0,0,0,1,0,0,,0,1,0.0,5,5,0,0,N,0,40 02:08.508,,0,75 01:02.508,9,0,0,0,67301,0,0,0,N,0,0,0,3,68K01,0,,1,1,,N,N,N,0,,0,0,0,0,0,,529,0,3,0,0,0,0,1,3,4,1,3,3,,N,,,,,,,,,,,
2022048423,1202.0,1,0,0,0,0,0,0,0,0,4,0,,67,5,2022,7,40.0169,-75.0606,1202.0,6,0,0,0,0,0,1,0,0,,0,0,0.0,12,1,1,1,,0,40 01:00.988,,0,75 03:38.322,4,0,0,0,67301,0,0,0,N,0,0,0,3,67301,1,,1,1,,N,N,N,0,,0,0,1,3,2,,1202,1,4,0,0,3,0,0,3,4,2,4,3,3.0,N,,,,,,,,,,,
2022055654,1008.0,1,0,0,0,0,0,0,0,0,4,0,,67,5,2022,3,40.001,-75.148,1008.0,6,0,0,0,0,0,1,0,0,,0,0,0.0,8,1,0,1,,0,40 00:03.481,,0,75 08:52.906,0,0,0,0,67301,0,0,0,N,0,0,0,2,67301,0,,1,1,,N,N,N,0,,0,0,1,3,2,,830,0,2,0,0,0,0,0,3,4,0,2,3,,N,,,,,,,,,,,
2022055655,1040.0,1,0,0,0,0,0,0,0,0,1,0,,67,5,2022,3,40.0144,-75.1185,1039.0,6,0,0,0,0,0,0,0,0,,0,0,0.0,10,1,1,0,N,0,40 00:51.752,,0,75 07:06.645,3,0,0,0,67301,0,0,0,N,0,0,0,2,67301,0,,1,1,,N,N,N,0,,1,0,1,0,0,,1015,1,2,0,0,0,0,0,3,4,0,2,3,3.0,N,,,,,,,,,,,
2022048954,2203.0,0,0,0,0,0,0,0,0,0,4,0,,67,5,2022,7,39.9911,-75.1329,2158.0,6,0,0,0,0,0,1,0,0,,0,0,0.0,21,3,1,1,,0,39 59:28.296,,0,75 07:58.428,3,0,0,2,67301,0,0,0,N,0,0,0,3,67301,0,,1,1,,N,N,N,0,,1,0,1,3,2,,2139,1,3,0,0,0,0,0,3,4,0,3,3,,N,,,,,,,,,,,
2022061023,1619.0,0,0,0,0,0,0,0,0,0,1,1,,67,6,2022,6,39.9459,-75.1423,1612.0,6,0,0,0,1,0,1,0,0,,0,1,0.0,15,1,2,0,N,0,39 56:45.379,,0,75 08:32.109,8,0,0,0,67301,0,0,0,N,0,0,0,2,68K01,0,,1,1,,N,N,N,1,,0,0,0,0,0,,1548,2,2,0,0,0,2,0,3,4,0,2,3,3.0,N,,,,,,,,,,,
2022047770,25.0,1,0,0,0,0,0,0,0,0,4,0,,67,5,2022,1,40.0845,-74.9893,20.0,6,0,0,0,0,0,0,0,0,,0,0,0.0,0,3,1,0,N,0,40 05:04.325,,0,74 59:21.629,4,0,0,0,67301,0,0,0,N,0,0,0,1,67301,1,,5,1,,N,N,N,0,,0,0,1,0,0,,15,1,2,0,0,0,0,0,3,4,0,2,3,3.0,N,,,,,,,,,,,
2022061026,20.0,0,0,0,0,0,0,0,0,0,7,0,,67,6,2022,2,39.9124,-75.1485,2351.0,6,0,0,0,0,0,0,0,0,,0,0,0.0,23,3,0,0,N,0,39 54:44.745,,0,75 08:54.498,0,0,0,0,67301,0,0,0,N,0,0,0,1,68K01,0,,2,1,,N,N,N,1,,0,0,0,0,0,,2339,0,1,0,0,0,0,0,3,4,0,1,3,3.0,N,,,,,,,,,,,
2022047197,1944.0,0,0,0,0,0,0,0,0,0,8,0,,67,5,2022,1,39.9729,-75.2383,1944.0,6,0,0,0,0,0,0,0,0,,0,0,0.0,19,1,1,0,N,0,39 58:22.460,,0,75 14:18.020,8,0,0,0,67301,1,0,0,N,1,0,0,2,67301,0,,1,1,,N,N,N,0,,0,0,0,0,0,,1941,1,2,0,0,1,1,1,3,4,1,1,3,,N,,,,,,,,,,,
2022043913,1.0,1,0,0,0,0,0,0,0,0,7,0,,67,5,2022,6,40.0833,-75.2218,2357.0,6,0,0,0,0,0,0,0,0,,0,0,0.0,23,3,1,0,N,0,40 05:00.030,,0,75 13:18.420,4,0,0,0,67301,0,0,0,N,0,0,0,1,67301,1,,4,9,,N,N,N,0,,0,0,0,0,0,,2350,1,1,0,0,0,0,0,3,4,0,1,7,7.0,N,,,,,,,,,,,
2022057895,429.0,1,0,0,0,0,0,0,0,0,1,0,,67,5,2022,6,39.951,-75.1829,423.0,6,0,0,0,0,0,0,0,0,,0,0,0.0,4,3,2,0,N,2,39 57:03.477,4.0,0,75 10:58.425,4,0,0,0,67301,0,0,0,N,0,0,0,3,68K01,1,,1,1,500.0,N,N,Y,1,,0,0,1,0,0,N,421,2,3,0,0,1,1,0,3,4,0,3,3,,N,,,,,,,,,,,
2022043979,158.0,2,0,0,0,0,0,0,0,0,5,0,,67,5,2022,1,39.957,-75.2133,158.0,6,0,0,0,0,0,1,1,0,,0,0,0.0,1,3,0,1,,0,39 57:25.245,,0,75 12:47.993,0,0,0,0,67301,0,0,0,N,0,0,0,2,67301,0,,1,9,,N,N,N,0,,0,0,0,3,1,,158,0,2,0,0,0,0,0,3,4,0,2,7,7.0,N,,,,,,,,,,,
2022045584,455.0,1,0,0,0,0,0,0,0,0,7,0,,67,5,2022,2,39.9743,-75.1182,454.0,6,0,0,0,0,0,0,0,0,,0,0,0.0,4,3,0,0,N,0,39 58:27.600,,1,75 07:05.600,0,0,0,0,67301,0,0,0,N,0,0,0,1,67301,0,,4,1,,N,N,N,0,,0,0,0,0,0,,440,0,1,0,0,0,0,0,3,4,0,1,3,3.0,N,,,,,,,,,,,
2022056770,1430.0,1,0,0,0,0,0,0,0,0,7,0,,67,5,2022,7,39.8933,-75.2313,1416.0,6,0,0,0,0,0,1,0,0,,0,0,0.0,14,1,1,0,N,1,39 53:35.895,2.0,0,75 13:52.797,8,0,0,0,67301,0,0,0,N,0,0,0,1,68K01,0,,4,9,1500.0,N,N,N,0,,0,0,0,3,8,N,1412,1,1,0,0,0,1,0,3,4,0,1,3,,N,,,,,,,,,,,
2022062308,954.0,3,0,0,0,0,0,0,0,0,1,0,,67,5,2022,7,39.9674,-75.1891,946.0,6,0,0,0,0,1,0,0,0,,0,0,0.0,9,1,0,0,N,0,39 58:02.658,,0,75 11:20.762,0,0,0,0,67301,0,0,0,N,0,0,0,3,68K01,0,,1,1,,N,N,N,0,,0,0,0,0,0,,943,0,3,0,0,0,0,0,3,4,0,3,3,,N,,,,,,,,,,,
2022050557,1047.0,1,0,0,0,0,0,0,0,0,7,0,,67,5,2022,1,39.9727,-75.2596,1047.0,6,0,0,0,0,0,0,0,0,,0,0,0.0,10,1,1,0,N,0,39 58:21.640,,0,75 15:34.710,3,0,0,0,67301,0,0,0,N,0,0,0,1,67301,0,,4,1,,N,N,N,0,,1,0,0,0,0,,1033,1,1,0,0,1,0,0,3,4,0,1,3,,N,,,,,,,,,,,
2022061401,1442.0,2,0,0,0,0,0,0,0,0,4,0,,67,7,2022,6,39.9721,-75.1643,1438.0,6,0,0,0,0,0,0,0,0,,0,0,0.0,14,1,0,1,,0,39 58:19.506,,0,75 09:51.407,0,0,0,0,67301,0,0,0,N,0,0,0,2,67301,0,,1,1,,N,N,N,0,,0,0,0,3,2,,1405,0,2,0,0,0,0,0,3,4,0,2,3,3.0,N,,,,,,,,,,,
2022061936,1643.0,0,0,0,0,0,0,0,0,0,1,0,,67,6,2022,4,40.0227,-75.0371,1639.0,6,0,0,0,0,0,0,0,0,,0,0,0.0,16,1,1,0,N,0,40 01:21.760,,0,75 02:13.565,4,0,0,0,67301,0,0,0,N,0,0,0,2,68K01,1,,1,1,,N,N,N,0,,0,0,2,0,0,,1614,1,2,0,0,0,0,0,3,4,0,2,3,3.0,N,,,,,,,,,,,
2022044134,1700.0,1,0,0,0,0,0,0,0,0,4,0,,67,5,2022,1,40.0037,-75.1689,1614.0,6,0,0,0,0,0,1,0,1,,0,0,0.0,14,1,1,5,,0,40 00:13.178,,0,75 10:08.095,3,0,0,0,67301,0,0,0,N,0,0,0,4,67301,0,,1,1,,N,N,N,1,,1,0,2,3,2,,1412,1,4,0,0,0,0,1,3,4,0,4,3,3.0,N,,,,,,,,,,,
2022056853,1208.0,2,0,0,0,0,0,0,0,0,1,0,,67,5,2022,6,40.0059,-75.0748,1157.0,6,0,0,0,0,0,0,0,0,,0,0,0.0,11,1,1,0,N,1,40 00:21.165,1.0,0,75 04:29.190,8,0,0,0,67301,0,0,0,N,0,0,0,3,68K01,0,,1,1,1230.0,N,N,N,1,,0,0,0,0,0,N,1155,1,3,0,0,0,1,0,3,4,0,3,3,,N,,,,,,,,,,,
2022042901,1844.0,2,0,0,0,0,0,0,0,0,5,0,,67,5,2022,1,39.9069,-75.1385,1837.0,6,0,0,0,0,0,0,0,0,,0,0,0.0,18,1,1,0,N,1,39 54:24.700,4.0,3,75 08:18.500,4,0,0,0,67301,0,0,0,N,0,0,0,3,67501,1,,1,1,1918.0,N,N,N,1,,0,0,0,0,0,N,1834,1,3,0,0,0,0,0,3,4,0,3,3,,N,,,,,,,,,,,
2022045209,1836.0,1,0,0,0,0,0,0,0,0,7,0,,67,5,2022,5,40.0131,-75.0925,1831.0,6,0,0,0,0,0,1,0,0,,0,0,0.0,18,1,1,3,,0,40 00:47.339,,0,75 05:32.935,4,0,0,0,67301,0,0,0,N,0,0,0,1,67301,1,,5,1,,N,N,N,0,,0,0,0,3,3,,1830,1,1,0,0,0,0,0,3,4,0,1,3,,N,,,,,,,,,,,
2022043909,1340.0,1,0,0,0,0,0,0,0,0,4,0,,67,5,2022,4,40.0471,-75.1632,1335.0,6,0,0,0,0,0,1,0,0,,0,0,0.0,13,1,1,1,,0,40 02:49.491,,0,75 09:47.455,3,0,0,0,67301,0,0,0,N,0,0,0,2,67301,0,,1,9,,N,N,N,0,,1,0,1,3,2,,1333,1,2,0,0,0,0,0,3,4,0,2,4,,N,,,,,,,,,,,
2022057909,2352.0,3,0,0,0,0,0,0,0,0,1,0,,67,5,2022,6,39.9337,-75.2001,2342.0,6,0,0,0,0,0,0,0,0,,0,0,0.0,23,3,4,0,N,0,39 56:01.255,,0,75 12:00.216,4,0,0,0,67301,0,0,0,N,0,0,0,4,68K01,4,,1,1,,N,N,N,0,,0,0,1,0,0,,2341,4,4,0,0,0,0,0,3,4,0,4,3,,N,,,,,,,,,,,
2022057887,40.0,1,0,0,0,0,0,0,0,0,7,0,,67,4,2022,7,39.9805,-75.2056,34.0,6,0,0,0,0,0,0,0,0,,0,0,0.0,0,3,1,0,N,1,39 58:49.698,4.0,0,75 12:20.064,8,0,0,0,67301,0,0,0,N,0,0,0,1,68K01,0,,3,1,45.0,N,N,N,0,,0,0,0,0,0,N,31,1,1,0,0,1,1,0,3,4,0,1,3,3.0,N,,,,,,,,,,,
2022044873,1025.0,1,0,0,0,0,0,0,0,0,6,0,,67,5,2022,1,40.0539,-75.0886,1020.0,6,0,0,0,0,0,0,0,0,,0,0,0.0,7,1,0,0,N,0,40 03:13.970,,0,75 05:18.790,0,0,0,0,67301,0,0,0,N,0,0,0,1,67301,0,,6,1,,N,N,N,1,,0,0,0,0,0,,730,0,2,0,0,0,0,0,3,4,0,2,3,,N,,,,,,,,,,,
2022043944,1826.0,1,0,0,0,0,0,0,0,0,8,0,,67,5,2022,4,40.0269,-75.0797,1826.0,6,0,0,0,0,0,0,0,0,,0,0,0.0,18,1,1,0,N,2,40 01:36.890,1.0,0,75 04:47.010,3,0,0,0,67301,1,0,0,N,1,0,0,2,67301,0,,1,1,1835.0,N,N,N,0,,1,0,0,0,0,Y,1821,1,2,0,0,0,0,0,3,4,0,1,3,,N,,,,,,,,,,,
2022062689,2055.0,0,0,0,0,0,0,0,0,0,4,0,,67,6,2022,2,39.9704,-75.1248,2054.0,6,0,0,0,0,0,1,0,0,,0,0,0.0,20,3,0,0,N,1,39 58:13.367,1.0,0,75 07:29.294,0,0,0,0,67301,0,0,0,N,0,0,0,9,68K01,0,,1,1,2110.0,N,N,N,0,,0,0,1,0,0,N,2051,0,2,0,0,6,0,0,3,4,1,2,3,3.0,N,,,,,,,,,,,
2022049043,2205.0,0,0,0,0,0,0,0,0,0,4,0,,67,5,2022,7,40.0823,-75.0377,2201.0,6,0,0,0,0,0,0,0,0,,0,0,0.0,21,3,1,0,N,0,40 04:56.291,,7,75 02:15.691,3,0,0,0,67301,0,0,0,N,0,0,0,3,67301,0,,1,1,,N,N,N,1,,1,0,1,0,0,,2155,1,2,0,0,0,0,0,3,4,0,2,3,3.0,N,,,,,,,,,,,
2022047484,208.0,1,0,0,0,0,0,0,0,0,7,0,,67,5,2022,7,40.042,-75.189,201.0,6,0,0,0,0,0,0,0,0,,0,0,0.0,2,3,0,0,N,0,40 02:31.220,,0,75 11:20.300,9,0,0,0,67301,0,0,0,N,0,0,0,1,67301,0,,5,1,,N,N,N,0,,0,0,0,0,0,,200,0,1,0,0,0,0,1,3,4,0,1,3,3.0,N,,,,,,,,,,,
2022044624,1231.0,0,0,0,0,0,0,0,0,0,8,0,,67,5,2022,3,40.0259,-75.1454,1230.0,6,0,0,0,0,0,0,0,0,,0,0,0.0,15,1,1,1,,0,40 01:33.063,,0,75 08:43.260,2,0,0,0,67301,1,0,1,N,1,0,1,2,67301,0,,1,99,,N,Y,N,0,,0,1,1,3,3,,1545,1,2,0,0,0,0,0,3,4,0,1,99,,N,,,,,,,,,,,
2022056582,656.0,2,0,0,0,0,0,0,0,0,5,0,,67,6,2022,6,40.0323,-75.0198,656.0,6,0,0,0,0,0,0,1,1,,0,0,0.0,6,1,1,0,N,1,40 01:56.136,1.0,7,75 01:11.405,3,0,0,0,67301,0,0,0,N,0,0,0,2,67301,0,,1,1,800.0,N,N,N,0,,1,0,0,3,8,N,640,1,2,0,0,0,0,0,3,4,0,2,4,4.0,N,,,,,,,,,,,
2022043840,226.0,2,0,0,0,0,0,0,0,0,2,0,,67,5,2022,7,40.0781,-75.0366,220.0,6,0,0,0,0,0,0,0,0,,0,0,0.0,2,3,0,0,N,0,40 04:41.221,,0,75 02:11.635,0,0,0,0,67301,0,0,0,N,0,0,0,1,67301,0,,6,9,,N,N,N,0,,0,0,1,0,0,,211,0,3,0,0,0,0,0,3,4,0,3,7,7.0,N,,,,,,,,,,,
2022045608,745.0,1,0,0,0,0,0,0,0,0,7,0,,67,5,2022,7,39.9607,-75.1817,733.0,6,0,0,0,0,0,0,0,0,,0,0,0.0,7,1,0,0,N,0,39 57:38.633,,0,75 10:53.963,0,0,0,0,67301,0,0,0,N,0,0,0,1,68K01,0,,4,9,,N,N,N,0,,0,0,0,0,0,,714,0,1,0,0,0,0,0,3,4,0,1,7,,N,,,,,,,,,,,
2022056479,1632.0,2,0,0,0,0,0,0,0,0,2,0,,67,6,2022,6,39.9865,-75.1579,1630.0,6,0,0,0,0,0,0,0,0,,0,0,0.0,16,1,1,1,N,0,39 59:11.485,,0,75 09:28.427,3,0,0,0,67301,0,0,0,N,0,0,0,3,67505,0,,1,1,,N,N,N,0,,1,0,0,3,2,,1625,1,2,0,0,0,0,0,3,4,0,2,3,3.0,N,,,,,,,,,,,
2022056935,2302.0,1,0,0,0,0,0,0,0,0,7,0,,67,6,2022,6,39.9574,-75.2254,2301.0,6,0,0,0,0,0,0,0,0,,0,0,0.0,22,3,0,0,N,0,39 57:26.740,,0,75 13:31.483,9,0,0,0,67301,0,0,0,N,0,0,0,4,67301,0,,5,1,,N,N,N,0,,0,0,0,0,0,,2258,0,1,0,0,0,0,4,3,4,0,1,3,,N,,,,,,,,,,,
2022044178,2205.0,3,0,0,0,0,0,0,0,0,2,0,,67,5,2022,1,40.0128,-75.072,2151.0,6,0,0,0,0,0,0,0,0,,0,0,0.0,21,3,0,0,N,0,40 00:46.190,,0,75 04:19.109,9,0,0,0,67301,0,0,0,N,0,0,0,1,67301,0,,6,1,,N,N,N,0,,0,0,0,0,0,,2143,0,3,0,0,0,0,1,3,4,0,3,4,4.0,N,,,,,,,,,,,
2022056843,827.0,2,0,0,0,0,0,0,0,0,1,0,,67,4,2022,5,40.0219,-75.0401,755.0,6,0,0,0,0,0,0,0,0,,0,0,0.0,7,1,1,0,N,0,40 01:18.670,,2,75 02:24.442,4,0,0,0,67301,0,0,0,N,0,0,0,2,68K01,1,,1,1,,N,N,N,0,,0,0,0,0,0,,749,1,2,0,0,0,0,0,3,4,0,2,3,,N,,,,,,,,,,,
2022057943,2245.0,1,0,0,0,0,0,0,0,0,7,0,,67,6,2022,3,39.9815,-75.2071,2242.0,6,0,0,0,0,0,0,0,0,,0,0,0.0,22,3,1,0,N,0,39 58:53.289,,0,75 12:25.607,8,0,0,0,67301,0,0,0,N,0,0,0,1,68K01,0,,4,9,,N,N,N,0,,0,0,0,0,0,,2232,1,1,0,0,0,1,0,3,4,0,1,7,,N,,,,,,,,,,,
2022057945,2324.0,0,0,0,0,0,0,0,0,0,7,0,,67,6,2022,3,39.96,-75.1798,2324.0,6,0,0,0,0,0,1,0,0,,0,0,0.0,23,3,0,7,,1,39 57:36.133,3.0,2,75 10:48.072,0,0,0,0,67301,0,0,0,N,0,0,0,1,68K01,0,,2,9,2345.0,N,N,N,0,,0,0,1,0,0,N,2316,0,1,0,0,1,0,0,3,4,0,1,7,7.0,N,,,,,,,,,,,
2022056406,1608.0,0,0,0,0,0,0,1,0,0,8,1,,67,5,2022,2,39.9518,-75.1718,1606.0,6,0,0,0,0,0,0,0,0,,0,0,0.0,99,1,1,1,,0,39 57:06.693,,0,75 10:18.895,3,0,0,0,67301,1,0,0,N,1,0,0,2,67508,0,,1,1,,N,N,Y,0,,1,0,0,3,2,,9999,1,2,0,0,0,0,0,3,4,0,1,3,3.0,N,,,,,,,,,,,
2022056893,2336.0,2,0,0,0,0,0,0,0,0,2,0,,67,6,2022,7,39.9831,-75.1016,2336.0,6,0,0,0,0,0,0,0,0,,0,0,0.0,23,3,2,0,N,1,39 58:59.251,3.0,0,75 06:05.668,4,0,0,0,67301,0,0,0,N,0,0,0,2,67301,2,,1,1,25.0,N,N,N,0,,0,0,0,0,0,N,2332,2,2,0,0,0,0,0,3,4,0,2,3,3.0,N,,,,,,,,,,,
2022044733,640.0,0,0,0,0,0,0,0,0,0,4,0,,67,5,2022,2,40.0324,-75.1076,635.0,6,0,0,0,0,0,0,0,0,,0,0,0.0,6,1,0,2,,0,40 01:56.776,,0,75 06:27.284,0,0,0,0,67301,0,0,0,N,0,0,0,2,67301,0,,1,1,,N,N,N,0,,0,0,1,3,3,,620,0,2,0,0,0,0,0,3,4,1,2,3,3.0,N,,,,,,,,,,,
2022043862,1425.0,1,0,0,0,0,0,0,0,0,8,0,,67,5,2022,2,40.073,-74.9754,1415.0,6,0,0,0,0,0,0,0,0,,0,0,0.0,14,1,1,0,N,0,40 04:22.870,,0,74 58:31.410,8,0,0,0,67301,1,0,0,N,1,0,0,2,67301,0,,1,1,,N,N,N,0,,0,0,0,0,0,,1400,1,2,0,0,0,1,0,3,4,0,1,3,,N,,,,,,,,,,,
2022044762,1946.0,1,0,0,0,0,0,0,0,0,8,0,,67,5,2022,5,39.9206,-75.1704,1736.0,6,0,0,0,0,0,0,0,0,,0,0,0.0,17,4,1,1,,0,39 55:14.358,,0,75 10:14.006,3,0,0,0,67301,1,0,0,N,1,0,0,2,67301,0,,1,1,,N,N,N,0,,1,0,0,3,2,,1733,1,2,0,0,1,0,0,3,4,0,1,3,3.0,N,,,,,,,,,,,
2022043914,2155.0,1,0,0,0,0,0,0,0,0,4,0,,67,5,2022,7,40.0382,-75.1901,2150.0,6,0,0,0,0,2,0,0,0,,0,0,0.0,21,3,0,1,,2,40 02:17.558,7.0,0,75 11:24.246,9,0,0,0,67301,0,0,0,N,0,0,0,3,67301,0,,1,9,2215.0,N,N,N,0,,0,0,2,3,2,Y,2145,0,3,0,0,0,0,2,3,4,0,3,7,7.0,N,,,,,,,,,,,
2022042089,32.0,0,0,0,0,0,0,0,0,0,4,0,,67,5,2022,6,39.9629,-75.1913,30.0,6,0,0,0,0,0,1,0,0,,0,0,0.0,0,3,0,1,,0,39 57:46.535,,0,75 11:28.992,0,0,0,0,67301,0,0,0,N,0,0,0,2,67507,0,,1,1,,N,N,N,0,,0,0,2,3,2,,27,0,2,0,0,0,0,0,3,4,0,2,3,3.0,N,,,,,,,,,,,
2022044567,835.0,3,0,0,0,0,0,0,0,0,4,0,,67,5,2022,4,39.9568,-75.2337,835.0,6,0,0,0,0,0,1,0,0,,0,0,0.0,7,1,1,1,,0,39 57:24.508,,0,75 14:01.435,3,0,0,0,67301,0,0,0,N,0,0,0,2,67301,0,,1,1,,N,N,Y,0,,1,0,1,3,3,,746,1,4,0,0,0,0,0,3,4,0,4,3,,N,,,,,,,,,,,
2022056804,557.0,1,0,0,0,0,0,0,0,0,1,0,,67,6,2022,4,40.0355,-75.1232,552.0,6,0,0,0,0,0,0,0,0,,0,0,0.0,15,1,0,0,N,0,40 02:07.777,,0,75 07:23.389,0,0,0,0,67301,0,0,0,N,0,0,0,2,67301,0,,1,1,,N,N,Y,0,,0,0,1,0,0,,1500,0,2,0,0,2,0,0,3,4,0,2,3,3.0,N,,,,,,,,,,,