CRN,ARRIVAL_TM,AUTOMOBILE_COUNT,BELTED_DEATH_COUNT,BELTED_SUSP_SERIOUS_INJ_COUNT,BICYCLE_COUNT,BICYCLE_DEATH_COUNT,BICYCLE_SUSP_SERIOUS_INJ_COUNT,BUS_COUNT,CHLDPAS_DEATH_COUNT,CHLDPAS_SUSP_SERIOUS_INJ_COUNT,COLLISION_TYPE,COMM_VEH_COUNT,CONS_ZONE_SPD_LIM,COUNTY,CRASH_MONTH,CRASH_YEAR,DAY_OF_WEEK,DEC_LAT,DEC_LONG,DISPATCH_TM,DISTRICT,DRIVER_COUNT_16YR,DRIVER_COUNT_17YR,DRIVER_COUNT_18YR,DRIVER_COUNT_19YR,DRIVER_COUNT_20YR,DRIVER_COUNT_50_64YR,DRIVER_COUNT_65_74YR,DRIVER_COUNT_75PLUS,EST_HRS_CLOSED,FATAL_COUNT,HEAVY_TRUCK_COUNT,HORSE_BUGGY_COUNT,HOUR_OF_DAY,ILLUMINATION,INJURY_COUNT,INTERSECT_TYPE,INTERSECTION_RELATED,LANE_CLOSED,LATITUDE,LN_CLOSE_DIR,LOCATION_TYPE,LONGITUDE,MAX_SEVERITY_LEVEL,MCYCLE_DEATH_COUNT,MCYCLE_SUSP_SERIOUS_INJ_COUNT,MOTORCYCLE_COUNT,MUNICIPALITY,NONMOTR_COUNT,NONMOTR_DEATH_COUNT,NONMOTR_SUSP_SERIOUS_INJ_COUNT,NTFY_HIWY_MAINT,PED_COUNT,PED_DEATH_COUNT,PED_SUSP_SERIOUS_INJ_COUNT,PERSON_COUNT,POLICE_AGCY,POSSIBLE_INJ_COUNT,RDWY_SURF_TYPE_CD,RELATION_TO_ROAD,ROAD_CONDITION,ROADWAY_CLEARED,SCH_BUS_IND,SCH_ZONE_IND,SECONDARY_CRASH,SMALL_TRUCK_COUNT,SPEC_JURIS_CD,SUSP_MINOR_INJ_COUNT,SUSP_SERIOUS_INJ_COUNT,SUV_COUNT,TCD_FUNC_CD,TCD_TYPE,TFC_DETOUR_IND,TIME_OF_DAY,TOT_INJ_COUNT,TOTAL_UNITS,UNB_DEATH_COUNT,UNB_SUSP_SERIOUS_INJ_COUNT,UNBELTED_OCC_COUNT,UNK_INJ_DEG_COUNT,UNK_INJ_PER_COUNT,URBAN_AREA,URBAN_RURAL,VAN_COUNT,VEHICLE_COUNT,WEATHER1,WEATHER2,WORK_ZONE_IND,WORK_ZONE_LOC,WORK_ZONE_TYPE,WORKERS_PRES,WZ_CLOSE_DETOUR,WZ_FLAGGER,WZ_LAW_OFFCR_IND,WZ_LN_CLOSURE,WZ_MOVING,WZ_OTHER,WZ_SHLDER_MDN,WZ_WORKERS_INJ_KILLED
2022057984,244.0,1,0,0,0,0,0,0,0,0,5,1,,67,6,2022,6,39.9422,-75.1434,232.0,6,0,0,0,0,0,1,1,0,,0,1,0.0,2,3,7,0,N,2,39 56:32.088,2.0,2,75 08:36.269,4,0,0,0,67301,0,0,0,Y,0,0,0,7,68K01,7,,1,1,428.0,N,N,N,0,,0,0,1,0,0,N,231,7,3,0,0,0,0,0,3,4,0,3,3,,N,,,,,,,,,,,
2022057039,857.0,0,1,0,0,0,0,0,0,0,2,0,,67,5,2022,7,40.0369,-75.1451,857.0,6,0,0,0,0,0,0,1,0,,1,0,0.0,8,1,1,2,,2,40 02:13.012,1.0,0,75 08:42.745,1,0,0,0,67301,0,0,0,N,0,0,0,3,67301,0,2.0,1,1,1127.0,N,N,N,0,0.0,1,0,2,3,2,Y,857,1,2,0,0,0,0,1,3,4,0,2,3,,N,,,,,,,,,,,
2022060357,610.0,1,0,0,0,0,0,0,0,0,5,0,,67,5,2022,1,39.9213,-75.1758,603.0,6,0,0,0,0,0,0,0,0,,0,0,0.0,5,5,0,0,N,0,39 55:16.770,,0,75 10:32.920,0,0,0,0,67301,0,0,0,N,0,0,0,1,67301,0,,6,1,,N,N,N,0,,0,0,2,0,0,,520,0,4,0,0,0,0,0,3,4,1,4,3,3.0,N,,,,,,,,,,,
2022056855,1624.0,0,0,0,0,0,0,0,0,0,5,1,,67,5,2022,6,39.9456,-75.1426,1615.0,6,0,0,0,0,0,0,0,0,,0,1,0.0,16,1,2,0,N,1,39 56:44.065,2.0,0,75 08:33.353,8,0,0,0,67301,0,0,0,N,0,0,0,2,68K01,0,,1,9,1844.0,N,N,N,0,,0,0,1,0,0,N,1605,2,2,0,0,1,2,0,3,4,0,2,7,,N,,,,,,,,,,,
2022044137,936.0,1,0,0,0,0,0,0,0,0,8,0,,67,5,2022,3,39.9945,-75.1593,934.0,6,0,0,0,0,0,0,0,0,,0,0,0.0,8,1,1,1,,0,39 59:40.362,,0,75 09:33.546,3,0,0,0,67301,1,0,0,N,1,0,0,2,67301,0,,1,1,,N,N,N,0,,1,0,0,3,2,,830,1,2,0,0,0,0,1,3,4,0,1,3,3.0,N,,,,,,,,,,,
2022044045,20.0,2,0,0,0,0,0,0,0,0,3,0,,67,5,2022,7,40.0101,-75.1044,16.0,6,0,0,0,0,0,1,0,0,,0,0,0.0,22,3,1,0,N,0,40 00:36.260,,0,75 06:15.710,3,0,0,0,67301,0,0,0,N,0,0,0,2,67301,0,,1,1,,N,N,N,0,,1,0,0,0,0,,2202,1,2,0,0,0,0,0,3,4,0,2,3,3.0,N,,,,,,,,,,,
2022043267,1952.0,1,0,0,0,0,0,0,0,0,4,0,,67,5,2022,2,39.9773,-75.1581,1950.0,6,0,0,0,0,0,0,0,0,,0,0,0.0,19,1,2,1,,0,39 58:38.272,,0,75 09:29.666,3,0,0,1,67301,0,0,0,N,0,0,0,3,67505,0,,1,1,,N,N,N,0,,2,0,0,3,2,,1946,2,2,0,0,0,0,0,3,4,0,2,3,3.0,N,,,,,,,,,,,
2022056846,1558.0,1,0,0,0,0,0,0,0,0,5,0,,67,5,2022,7,40.0398,-75.0069,1526.0,6,0,0,0,0,0,0,0,0,,0,0,0.0,15,1,1,0,N,0,40 02:23.266,,0,75 00:24.878,8,0,0,0,67301,0,0,0,N,0,0,0,2,68K01,0,,1,9,,N,N,N,0,,0,0,0,0,0,,1526,1,2,0,0,0,1,0,3,4,0,2,7,,N,,,,,,,,,,,
2022043921,2115.0,1,0,0,0,0,0,0,0,0,8,0,,67,5,2022,3,40.0317,-75.1789,2113.0,6,0,0,0,0,0,0,0,0,,0,0,0.0,21,3,1,1,,0,40 01:54.231,,0,75 10:43.900,3,0,0,0,67301,1,0,0,N,1,0,0,2,67301,0,,1,1,,N,N,N,0,,1,0,0,3,2,,2108,1,2,0,0,0,0,0,3,4,0,1,3,,N,,,,,,,,,,,
2022043295,232.0,1,0,0,0,0,0,0,0,0,7,0,,67,5,2022,6,39.9141,-75.1876,231.0,6,0,0,0,1,0,0,0,0,,0,0,0.0,2,3,0,0,N,2,39 54:50.832,3.0,3,75 11:15.251,0,0,0,0,67301,0,0,0,N,0,0,0,2,67501,0,,4,1,250.0,N,N,N,0,,0,0,0,0,0,N,231,0,1,0,0,0,0,0,3,4,0,1,3,3.0,N,,,,,,,,,,,
2022043990,2125.0,0,0,0,1,0,0,0,0,0,1,0,,67,5,2022,4,39.9619,-75.2347,2123.0,6,0,0,0,0,0,0,0,0,,0,0,0.0,21,3,1,0,N,0,39 57:42.810,,0,75 14:05.020,8,0,0,0,67301,1,0,0,N,0,0,0,2,67301,0,,1,1,,N,N,N,0,,0,0,0,0,0,,2118,1,2,0,0,0,1,0,3,4,0,1,3,3.0,N,,,,,,,,,,,
2022047641,309.0,4,0,0,0,0,0,0,0,0,5,0,,67,5,2022,1,39.9482,-75.2355,301.0,6,0,0,0,0,0,0,0,0,,0,0,0.0,2,3,0,0,N,0,39 56:53.560,,0,75 14:07.920,0,0,0,0,67301,0,0,0,N,0,0,0,1,67301,0,,6,9,,N,N,N,0,,0,0,1,0,0,,258,0,7,0,0,0,0,0,3,4,2,7,7,7.0,N,,,,,,,,,,,
2022045903,1145.0,0,0,0,0,0,0,0,0,0,4,0,,67,5,2022,2,40.0269,-75.2272,1140.0,6,0,0,0,0,0,0,0,0,,0,0,0.0,11,1,2,1,,0,40 01:36.861,,0,75 13:37.905,4,0,0,0,67301,0,0,0,N,0,0,0,2,67301,2,,1,1,,N,N,N,0,,0,0,2,3,2,,1140,2,2,0,0,0,0,0,3,4,0,2,3,3.0,N,,,,,,,,,,,
2022056967,2312.0,1,0,0,0,0,0,0,0,0,7,0,,67,3,2022,6,39.9794,-75.1619,2309.0,6,0,0,0,0,0,0,0,0,,0,0,0.0,23,3,0,0,N,0,39 58:46.010,,0,75 09:42.730,9,0,0,0,67301,0,0,0,N,0,0,0,1,67301,0,,4,1,,N,N,N,0,,0,0,0,0,0,,2300,0,1,0,0,0,0,1,3,4,0,1,3,,N,,,,,,,,,,,
2022044761,12.0,0,0,0,0,0,0,0,0,0,8,0,,67,5,2022,6,39.9173,-75.1713,1137.0,6,0,0,0,0,0,0,0,0,,0,0,0.0,23,3,1,3,,0,39 55:02.324,,0,75 10:16.649,3,0,0,0,67301,1,0,0,N,1,0,0,2,67301,0,,1,9,,N,N,N,0,,1,0,1,0,0,,2330,1,2,0,0,0,0,1,3,4,0,1,7,7.0,N,,,,,,,,,,,
2022048024,342.0,1,0,0,0,0,0,0,0,0,8,0,,67,5,2022,1,39.9426,-75.1571,345.0,6,0,0,1,0,0,0,0,0,,0,0,0.0,3,3,1,1,,0,39 56:33.366,,0,75 09:25.422,3,0,0,0,67301,1,0,0,N,1,0,0,2,67301,0,,1,1,,N,N,N,0,,1,0,0,3,2,,341,1,2,0,0,0,0,0,3,4,0,1,3,3.0,N,,,,,,,,,,,
2022043816,1442.0,1,0,0,0,0,0,0,0,0,5,0,,67,5,2022,3,39.9262,-75.1692,1442.0,6,0,0,0,0,0,0,0,1,,0,0,0.0,14,1,0,0,N,2,39 55:34.467,1.0,0,75 10:09.116,0,0,0,0,67301,0,0,0,N,0,0,0,1,67301,0,,3,1,1500.0,N,N,N,0,,0,0,2,0,0,N,1433,0,3,0,0,0,0,0,3,4,0,3,3,,N,,,,,,,,,,,
2022044146,632.0,2,0,0,0,0,0,0,0,0,5,0,,67,5,2022,2,40.1228,-75.0243,624.0,6,0,0,0,0,0,0,0,0,,0,0,0.0,6,5,1,0,N,0,40 07:22.090,,0,75 01:27.410,8,0,0,0,67301,0,0,0,N,0,0,0,1,67301,0,,6,99,,N,N,N,0,,0,0,2,0,0,,623,1,4,0,0,0,1,0,3,4,0,4,3,3.0,N,,,,,,,,,,,
2022057027,952.0,0,0,0,0,0,0,1,0,0,8,1,,67,6,2022,1,39.9713,-75.1498,950.0,6,0,0,0,0,0,0,0,0,,0,0,0.0,9,1,1,0,N,0,39 58:16.690,,0,75 08:59.240,3,0,0,0,67301,1,0,0,N,1,0,0,2,67301,0,,1,1,,N,N,N,0,,1,0,0,0,0,,900,1,2,0,0,0,0,0,3,4,0,1,3,,N,,,,,,,,,,,
2022044135,2047.0,1,0,0,1,0,0,0,0,0,4,0,,67,5,2022,1,40.0209,-75.1504,2047.0,6,0,0,0,0,0,0,0,0,,0,0,0.0,19,1,1,1,,0,40 01:15.412,,0,75 09:01.378,3,0,0,0,67301,1,0,0,N,0,0,0,2,67301,0,,1,1,,N,N,N,0,,1,0,0,0,0,,1945,1,2,0,0,0,0,0,3,4,0,1,3,,N,,,,,,,,,,,
2022047162,1245.0,0,0,0,0,0,0,0,0,0,8,0,,67,5,2022,6,39.9525,-75.1625,1238.0,6,0,0,0,0,0,0,0,0,,0,0,0.0,12,8,1,0,N,0,39 57:08.820,,0,75 09:45.144,2,0,0,0,67301,1,0,1,N,1,0,1,2,67301,0,,4,1,,N,N,N,0,,0,1,0,0,0,,1235,1,2,0,0,0,0,0,3,4,0,1,3,3.0,N,,,,,,,,,,,
2022043889,2050.0,2,0,0,0,0,0,0,0,0,4,0,,67,5,2022,6,39.9356,-75.2259,2050.0,6,0,0,0,0,0,0,0,0,,0,0,0.0,20,3,1,1,,0,39 56:08.274,,0,75 13:33.131,3,0,0,0,67301,0,0,0,N,0,0,0,2,67301,0,,1,9,,N,N,N,0,,1,0,1,3,2,,2045,1,4,0,0,0,0,0,3,4,1,4,7,7.0,N,,,,,,,,,,,
2022044173,1851.0,2,0,0,0,0,0,0,0,0,7,0,,67,5,2022,1,40.0388,-75.044,1845.0,6,0,0,0,0,1,0,0,0,,0,0,0.0,18,1,0,0,N,2,40 02:19.770,2.0,0,75 02:38.490,0,0,0,0,67301,0,0,0,N,0,0,0,2,67301,0,,4,1,1930.0,N,N,Y,0,,0,0,0,0,0,N,1845,0,2,0,0,0,0,0,3,4,0,2,3,,N,,,,,,,,,,,
2022043861,2330.0,0,0,0,0,0,0,0,0,0,4,0,,67,5,2022,1,40.0547,-75.0048,2330.0,6,0,0,0,0,0,0,0,0,,0,0,0.0,21,3,1,1,,0,40 03:17.072,,0,75 00:17.300,2,0,0,0,67301,0,0,0,N,0,0,0,4,67301,0,,1,99,,N,N,N,1,,0,1,1,3,2,,2135,1,2,0,0,0,0,1,3,4,0,2,3,3.0,N,,,,,,,,,,,
2022044110,1142.0,2,0,0,0,0,0,0,0,0,4,0,,67,5,2022,7,40.0299,-75.146,1119.0,6,0,0,0,0,0,1,0,0,,0,0,0.0,19,3,1,1,,0,40 01:47.668,,0,75 08:45.636,3,0,0,0,67301,0,0,0,N,0,0,0,2,67301,0,,1,9,,N,N,N,0,,1,0,0,3,2,,1900,1,2,0,0,0,0,1,3,4,0,2,7,,N,,,,,,,,,,,
2022043815,2046.0,1,0,0,0,0,0,0,0,0,4,0,,67,5,2022,2,39.9391,-75.1586,2046.0,6,0,0,0,0,0,0,0,0,,0,0,0.0,12,1,0,2,,0,39 56:20.735,,0,75 09:31.072,9,0,0,0,67301,0,0,0,N,0,0,0,2,67301,0,,1,1,,N,N,N,0,,0,0,1,0,0,,1200,0,2,0,0,2,0,1,3,4,0,2,3,,N,,,,,,,,,,,
2022056850,631.0,1,0,0,0,0,0,0,0,0,1,0,,67,5,2022,2,39.9646,-75.1851,624.0,6,0,0,0,0,0,0,0,0,,0,0,0.0,6,1,0,0,N,0,39 57:52.484,,0,75 11:06.354,0,0,0,0,67301,0,0,0,N,0,0,0,3,68K01,0,,1,1,,N,N,Y,0,,0,0,2,0,0,,618,0,3,0,0,0,0,0,3,4,0,3,3,3.0,N,,,,,,,,,,,
2022044086,1518.0,0,0,0,0,0,0,0,0,0,8,0,,67,5,2022,6,39.9689,-75.1344,1517.0,6,0,0,0,0,0,0,0,0,,0,0,0.0,22,6,1,1,,0,39 58:07.419,,0,75 08:03.924,3,0,0,0,67301,1,0,0,N,1,0,0,2,67301,0,,1,99,,N,N,N,0,,1,0,1,3,2,,2230,1,2,0,0,0,0,0,3,4,0,1,99,,N,,,,,,,,,,,
2022048887,1745.0,0,0,0,0,0,0,0,0,0,8,0,,67,5,2022,1,39.982,-75.1072,1745.0,6,0,0,0,0,0,0,0,0,,0,0,0.0,16,1,1,0,N,0,39 58:55.330,,0,75 06:25.760,4,0,0,0,67301,1,0,0,N,1,0,0,2,67301,1,,1,9,,N,N,N,0,,0,0,1,0,0,,1603,1,2,0,0,0,0,0,3,4,0,1,3,3.0,N,,,,,,,,,,,
2022050579,2200.0,1,0,0,1,0,0,0,0,0,6,0,,67,5,2022,3,40.0084,-75.1932,2200.0,6,0,0,0,0,0,0,0,0,,0,0,0.0,19,3,1,0,N,0,40 00:30.335,,0,75 11:35.553,3,0,0,0,67301,1,0,0,N,0,0,0,2,67301,0,,1,1,,N,N,N,0,,1,0,0,0,0,,1959,1,2,0,0,0,0,0,3,4,0,1,3,3.0,N,,,,,,,,,,,
2022061685,1512.0,2,0,0,0,0,0,0,0,0,2,0,,67,7,2022,3,39.9832,-75.1568,1510.0,6,0,0,0,0,0,0,1,0,,0,0,0.0,15,1,1,1,,1,39 58:59.480,1.0,0,75 09:24.548,3,0,0,0,67301,0,0,0,N,0,0,0,3,67505,0,,1,1,1535.0,N,N,N,0,,1,0,0,3,2,N,1508,1,2,0,0,0,0,1,3,4,0,2,3,3.0,N,,,,,,,,,,,
2022055639,2100.0,1,0,0,0,0,0,0,0,0,8,0,,67,5,2022,1,39.9733,-75.2423,2100.0,6,0,0,0,0,0,0,0,0,,0,0,0.0,15,1,1,0,N,0,39 58:23.730,,0,75 14:32.140,3,0,0,0,67301,1,0,0,N,1,0,0,2,67301,0,,1,1,,N,N,N,0,,1,0,0,0,0,,1530,1,2,0,0,0,0,1,3,4,0,1,3,3.0,N,,,,,,,,,,,
2022056498,1014.0,1,0,0,0,0,0,0,0,0,7,0,,67,5,2022,7,40.0451,-75.0023,1014.0,6,0,0,0,0,0,0,0,0,,0,0,0.0,10,1,0,0,N,0,40 02:42.444,,0,75 00:08.216,0,0,0,0,67301,0,0,0,N,0,0,0,1,68K01,0,,3,9,,N,N,N,0,,0,0,0,0,0,,1014,0,1,0,0,0,0,0,3,4,0,1,4,7.0,N,,,,,,,,,,,
2022056757,1009.0,1,0,0,0,0,0,0,0,0,7,0,,67,4,2022,7,39.9954,-75.0835,956.0,6,0,0,0,0,0,0,0,0,,0,0,0.0,9,1,0,0,N,1,39 59:43.261,2.0,0,75 05:00.744,0,0,0,0,67301,0,0,0,N,0,0,0,1,68K01,0,,4,1,1035.0,N,N,N,0,,0,0,0,3,8,N,955,0,1,0,0,0,0,0,3,4,0,1,3,,N,,,,,,,,,,,
2022056834,29.0,2,0,0,0,0,0,0,0,0,4,0,,67,6,2022,1,40.0046,-75.164,27.0,6,0,0,0,0,0,0,0,0,,0,0,0.0,0,3,0,1,,0,40 00:16.671,,0,75 09:50.230,0,0,0,0,67301,0,0,0,N,0,0,0,2,67301,0,,1,1,,N,N,N,0,,0,0,0,3,3,,10,0,2,0,0,0,0,0,3,4,0,2,3,3.0,N,,,,,,,,,,,
2022044980,528.0,0,0,0,0,0,0,0,0,0,1,0,,67,5,2022,4,39.8966,-75.2379,523.0,6,0,0,0,0,0,0,0,0,,0,0,0.0,5,1,1,0,N,1,39 53:47.725,2.0,0,75 14:16.383,3,0,0,1,67301,0,0,0,N,0,0,0,2,67301,0,,1,1,630.0,N,N,N,0,,1,0,1,0,0,N,522,1,2,0,0,0,0,0,3,4,0,2,3,3.0,N,,,,,,,,,,,
2022045211,1820.0,0,0,0,0,0,0,0,0,0,4,0,,67,5,2022,4,39.9358,-75.177,1818.0,6,0,0,0,0,0,0,0,0,,0,0,0.0,18,1,1,1,,2,39 56:09.052,1.0,0,75 10:37.250,8,0,0,1,67301,0,0,0,N,0,0,0,2,67301,0,,1,1,1904.0,N,N,N,0,,0,0,1,3,3,Y,1818,1,2,0,0,0,1,0,3,4,0,2,3,,N,,,,,,,,,,,
2022044276,1800.0,2,0,0,0,0,0,0,0,0,5,0,,67,5,2022,1,39.9175,-75.1758,1759.0,6,0,0,0,0,1,0,0,0,,0,0,0.0,17,1,2,0,N,0,39 55:02.900,,0,75 10:32.700,3,0,0,0,67301,0,0,0,N,0,0,0,3,67301,0,,1,1,,N,N,N,0,,1,0,0,0,0,,1758,2,2,0,0,0,1,0,3,4,0,2,3,3.0,N,,,,,,,,,,,
2022044722,1629.0,0,0,0,0,0,0,0,0,0,8,0,,67,5,2022,5,40.0341,-75.1765,1629.0,6,0,0,0,0,0,0,0,0,,0,0,0.0,16,1,2,1,,0,40 02:02.785,,0,75 10:35.468,3,0,0,0,67301,2,0,0,N,2,0,0,4,67301,0,,1,1,,N,N,N,0,,2,0,1,3,2,,1629,2,3,0,0,0,0,0,3,4,0,1,3,,N,,,,,,,,,,,
2022057911,128.0,1,0,0,0,0,0,0,0,0,7,0,,67,5,2022,1,39.9998,-75.0802,122.0,6,0,0,0,0,0,0,0,0,,0,0,0.0,1,3,0,0,N,1,39 59:59.379,2.0,0,75 04:48.684,0,0,0,0,67301,0,0,0,N,0,0,0,1,68K01,0,,2,1,236.0,N,N,N,0,,0,0,0,0,0,N,120,0,1,0,0,0,0,0,3,4,0,1,3,,N,,,,,,,,,,,
2022057897,330.0,1,0,0,0,0,0,0,0,0,7,0,,67,5,2022,1,39.9546,-75.141,229.0,6,0,0,0,0,0,0,0,0,,0,0,0.0,2,3,1,0,N,2,39 57:16.591,1.0,8,75 08:27.561,4,0,0,0,67301,0,0,0,N,0,0,0,1,68K01,1,,4,9,305.0,N,N,N,0,,0,0,0,0,0,N,227,1,1,0,0,0,0,0,3,4,0,1,7,,N,,,,,,,,,,,
2022058157,935.0,1,0,0,0,0,0,0,0,0,8,0,,67,6,2022,4,39.993,-75.244,935.0,6,0,0,0,0,0,0,0,0,,0,0,0.0,9,1,1,0,N,0,39 59:34.635,,0,75 14:38.242,4,0,0,0,67301,1,0,0,N,1,0,0,2,46104,1,,1,1,,N,N,N,0,,0,0,0,0,0,,935,1,2,0,0,1,0,0,3,4,0,1,3,3.0,N,,,,,,,,,,,
2022044081,229.0,2,0,0,0,0,0,0,0,0,5,0,,67,5,2022,6,39.9683,-75.1309,227.0,6,0,0,0,0,0,0,0,0,,0,0,0.0,2,3,0,0,N,0,39 58:06.030,,0,75 07:51.070,0,0,0,0,67301,0,0,0,N,0,0,0,2,67301,0,,6,1,,N,N,N,1,,0,0,1,0,0,,220,0,4,0,0,0,0,0,3,4,0,4,3,3.0,N,,,,,,,,,,,
2022044623,355.0,1,0,0,0,0,0,0,0,0,4,0,,67,5,2022,2,40.0219,-75.1393,343.0,6,0,0,0,0,0,1,0,0,,0,0,0.0,3,3,1,1,,0,40 01:18.260,,0,75 08:23.123,3,0,0,1,67301,0,0,0,N,0,0,0,2,67301,0,,1,1,,N,N,N,0,,1,0,0,3,2,,335,1,2,0,0,0,0,0,3,4,0,2,3,3.0,N,,,,,,,,,,,
2022057899,137.0,0,0,0,0,0,0,0,0,0,5,0,,67,5,2022,2,39.9779,-75.2017,127.0,6,0,0,0,0,0,2,0,0,,0,0,0.0,1,3,0,0,N,0,39 58:40.326,,0,75 12:06.065,0,0,0,0,67301,0,0,0,N,0,0,0,6,68K01,0,,1,1,,N,N,N,0,,0,0,2,0,0,,125,0,2,0,0,0,0,0,3,4,0,2,3,3.0,N,,,,,,,,,,,
2022062121,2.0,1,0,0,0,0,0,0,0,0,5,0,,67,6,2022,5,39.9774,-75.1128,2354.0,6,0,0,0,0,0,0,0,0,,0,0,0.0,23,3,6,0,N,2,39 58:38.478,2.0,0,75 06:46.217,4,0,0,0,67301,0,0,0,N,0,0,0,8,68K01,6,,1,1,5.0,N,N,N,0,,0,0,0,0,0,N,2348,6,2,0,0,0,0,0,3,4,1,2,3,,N,,,,,,,,,,,
2022044144,1220.0,1,0,0,0,0,0,0,0,0,8,0,,67,5,2022,7,40.0356,-75.2174,1220.0,6,0,0,0,0,0,0,0,0,,0,0,0.0,20,3,1,1,,0,40 02:08.088,,0,75 13:02.506,8,0,0,0,67301,1,0,0,N,1,0,0,2,67301,0,,1,99,,N,N,N,0,,0,0,0,9,2,,2030,1,2,0,0,1,1,0,3,4,0,1,7,7.0,N,,,,,,,,,,,
2022043890,2231.0,0,0,0,0,0,0,0,0,0,7,0,,67,5,2022,6,39.9195,-75.2039,2231.0,6,0,0,0,1,0,0,0,0,,0,0,0.0,21,3,1,0,N,0,39 55:10.149,,3,75 12:14.186,3,0,0,0,67301,0,0,0,N,0,0,0,3,67301,0,,3,9,,N,N,N,0,,1,0,1,0,0,,2140,1,1,0,0,0,0,0,3,4,0,1,7,7.0,N,,,,,,,,,,,
2022043860,1646.0,1,0,0,0,0,0,0,0,0,5,0,,67,5,2022,1,40.0653,-75.0198,1636.0,6,0,0,0,0,0,0,0,0,,0,0,0.0,16,1,2,0,N,0,40 03:55.050,,0,75 01:11.390,3,0,0,0,67301,0,0,0,N,0,0,0,3,67301,1,,1,1,,N,N,N,0,,1,0,1,0,0,,1626,2,2,0,0,0,0,0,3,4,0,2,3,3.0,N,,,,,,,,,,,
2022047166,1640.0,0,0,0,0,0,0,0,0,0,0,0,,67,5,2022,4,39.9576,-75.1586,1640.0,6,0,0,0,0,0,0,0,0,,0,0,0.0,18,1,1,1,,0,39 57:27.348,,3,75 09:31.109,8,0,0,1,67301,0,0,0,N,0,0,0,1,67301,0,,1,1,,N,N,N,0,,0,0,0,9,2,,1800,1,2,0,0,0,1,0,3,4,0,1,99,,N,,,,,,,,,,,
2022047205,1215.0,1,0,0,0,0,0,0,0,0,5,0,,67,5,2022,4,40.0198,-75.1105,1215.0,6,0,0,0,0,0,0,0,0,,0,0,0.0,12,1,1,2,,0,40 01:11.359,,0,75 06:37.843,3,0,0,1,67301,0,0,0,N,0,0,0,2,67301,0,,1,1,,N,N,N,0,,1,0,0,3,2,,1200,1,2,0,0,0,0,0,3,4,0,2,3,3.0,N,,,,,,,,,,,
2022047787,1037.0,1,0,0,0,0,0,0,0,0,8,0,,67,5,2022,4,40.0164,-75.1467,1035.0,6,0,0,0,0,0,0,0,0,,0,0,0.0,10,1,1,0,N,0,40 00:59.000,,0,75 08:48.000,2,0,0,0,67301,1,0,1,N,1,0,1,2,67301,0,,1,1,,N,N,N,0,,0,1,0,0,0,,1035,1,2,0,0,1,0,0,3,4,0,1,3,4.0,N,,,,,,,,,,,
2022056859,2206.0,0,0,0,0,0,0,0,0,0,5,0,,67,5,2022,1,39.9364,-75.1994,2144.0,6,0,0,0,0,0,0,0,0,,0,0,0.0,21,3,0,6,,0,39 56:18.041,,2,75 11:51.584,0,0,0,0,67301,0,0,0,N,0,0,0,2,68K01,0,,1,1,,N,N,N,1,,0,0,0,0,0,,2140,0,2,0,0,1,0,0,3,4,1,2,3,,N,,,,,,,,,,,
2022045585,145.0,4,0,0,0,0,0,0,0,0,5,0,,67,5,2022,4,39.9817,-75.1242,140.0,6,0,0,0,0,0,0,0,0,,0,0,0.0,1,3,0,0,N,2,39 58:54.030,2.0,0,75 07:27.070,0,0,0,0,67301,0,0,0,N,0,0,0,1,67301,0,,6,1,328.0,N,N,N,0,,0,0,1,0,0,Y,124,0,5,0,0,0,0,0,3,4,0,5,3,,N,,,,,,,,,,,
2022043954,1610.0,1,0,0,0,0,0,0,0,0,4,0,,67,5,2022,3,39.9625,-75.1957,1605.0,6,0,0,0,0,0,0,1,0,,0,0,0.0,13,1,0,1,,0,39 57:44.821,,0,75 11:44.667,9,0,0,0,67301,0,0,0,N,0,0,0,2,67301,0,,1,1,,N,N,N,1,,0,0,0,3,3,,1350,0,2,0,0,0,0,2,3,4,0,2,3,,N,,,,,,,,,,,
2022062491,830.0,1,0,0,0,0,0,0,0,0,5,0,,67,5,2022,4,39.9801,-75.1059,814.0,6,0,0,0,0,0,1,0,0,,0,0,0.0,8,1,2,0,N,1,39 58:48.259,2.0,0,75 06:21.322,4,0,0,0,67301,0,0,0,N,0,0,0,2,68K01,2,,1,1,900.0,N,N,N,0,,0,0,1,0,0,N,814,2,2,0,0,0,0,0,3,4,0,2,3,,N,,,,,,,,,,,
2022047499,115.0,1,0,0,0,0,0,0,0,0,4,0,,67,5,2022,6,40.0341,-75.124,107.0,6,0,0,0,0,0,0,0,0,,0,0,0.0,22,3,1,1,,0,40 02:02.673,,0,75 07:26.471,4,0,0,0,67301,0,0,0,N,0,0,0,2,67301,1,,1,1,,N,N,N,1,,0,0,0,3,3,,2225,1,2,0,0,1,0,1,3,4,0,2,3,3.0,N,,,,,,,,,,,
2022052119,1934.0,2,0,0,0,0,0,0,0,0,6,0,,67,5,2022,3,40.0182,-75.064,1932.0,6,0,0,0,0,0,1,0,0,,0,0,0.0,19,1,3,0,N,1,40 01:05.650,1.0,0,75 03:50.260,3,0,0,0,67301,0,0,0,N,0,0,0,4,67301,0,,1,1,2035.0,N,N,N,0,,3,0,1,0,0,Y,1923,3,3,0,0,0,0,0,3,4,0,3,4,,N,,,,,,,,,,,