CRN,ARRIVAL_TM,AUTOMOBILE_COUNT,BELTED_DEATH_COUNT,BELTED_SUSP_SERIOUS_INJ_COUNT,BICYCLE_COUNT,BICYCLE_DEATH_COUNT,BICYCLE_SUSP_SERIOUS_INJ_COUNT,BUS_COUNT,CHLDPAS_DEATH_COUNT,CHLDPAS_SUSP_SERIOUS_INJ_COUNT,COLLISION_TYPE,COMM_VEH_COUNT,CONS_ZONE_SPD_LIM,COUNTY,CRASH_MONTH,CRASH_YEAR,DAY_OF_WEEK,DEC_LAT,DEC_LONG,DISPATCH_TM,DISTRICT,DRIVER_COUNT_16YR,DRIVER_COUNT_17YR,DRIVER_COUNT_18YR,DRIVER_COUNT_19YR,DRIVER_COUNT_20YR,DRIVER_COUNT_50_64YR,DRIVER_COUNT_65_74YR,DRIVER_COUNT_75PLUS,EST_HRS_CLOSED,FATAL_COUNT,HEAVY_TRUCK_COUNT,HORSE_BUGGY_COUNT,HOUR_OF_DAY,ILLUMINATION,INJURY_COUNT,INTERSECT_TYPE,INTERSECTION_RELATED,LANE_CLOSED,LATITUDE,LN_CLOSE_DIR,LOCATION_TYPE,LONGITUDE,MAX_SEVERITY_LEVEL,MCYCLE_DEATH_COUNT,MCYCLE_SUSP_SERIOUS_INJ_COUNT,MOTORCYCLE_COUNT,MUNICIPALITY,NONMOTR_COUNT,NONMOTR_DEATH_COUNT,NONMOTR_SUSP_SERIOUS_INJ_COUNT,NTFY_HIWY_MAINT,PED_COUNT,PED_DEATH_COUNT,PED_SUSP_SERIOUS_INJ_COUNT,PERSON_COUNT,POLICE_AGCY,POSSIBLE_INJ_COUNT,RDWY_SURF_TYPE_CD,RELATION_TO_ROAD,ROAD_CONDITION,ROADWAY_CLEARED,SCH_BUS_IND,SCH_ZONE_IND,SECONDARY_CRASH,SMALL_TRUCK_COUNT,SPEC_JURIS_CD,SUSP_MINOR_INJ_COUNT,SUSP_SERIOUS_INJ_COUNT,SUV_COUNT,TCD_FUNC_CD,TCD_TYPE,TFC_DETOUR_IND,TIME_OF_DAY,TOT_INJ_COUNT,TOTAL_UNITS,UNB_DEATH_COUNT,UNB_SUSP_SERIOUS_INJ_COUNT,UNBELTED_OCC_COUNT,UNK_INJ_DEG_COUNT,UNK_INJ_PER_COUNT,URBAN_AREA,URBAN_RURAL,VAN_COUNT,VEHICLE_COUNT,WEATHER1,WEATHER2,WORK_ZONE_IND,WORK_ZONE_LOC,WORK_ZONE_TYPE,WORKERS_PRES,WZ_CLOSE_DETOUR,WZ_FLAGGER,WZ_LAW_OFFCR_IND,WZ_LN_CLOSURE,WZ_MOVING,WZ_OTHER,WZ_SHLDER_MDN,WZ_WORKERS_INJ_KILLED
2022062015,1735.0,1,0,0,0,0,0,0,0,0,7,0,,67,7,2022,7,39.957,-75.1563,1718.0,6,0,0,0,0,1,0,0,0,,0,0,0.0,17,1,0,0,N,1,39 57:25.322,3.0,0,75 09:22.511,0,0,0,0,67301,0,0,0,N,0,0,0,1,68K01,0,,2,1,1740.0,N,N,N,0,,0,0,0,0,0,N,1715,0,1,0,0,0,0,0,3,4,0,1,3,3.0,N,,,,,,,,,,,
2022048061,1324.0,2,0,0,0,0,0,0,0,0,4,0,,67,5,2022,7,40.1343,-75.0091,1324.0,6,0,0,0,0,0,0,1,0,,0,0,0.0,13,1,1,1,,0,40 08:03.746,,0,75 00:32.919,3,0,0,0,67301,0,0,0,N,0,0,0,2,67301,0,,1,1,,N,N,N,0,,1,0,0,3,2,,1324,1,2,0,0,0,0,0,3,4,0,2,3,,N,,,,,,,,,,,
2022062301,1746.0,2,0,0,0,0,0,0,0,0,5,0,,67,5,2022,7,39.946,-75.1425,1738.0,6,0,0,0,0,0,0,0,0,,0,0,0.0,17,1,5,0,N,1,39 56:45.449,2.0,0,75 08:33.062,3,0,0,0,67301,0,0,0,N,0,0,0,9,68K01,3,,1,9,1810.0,N,N,N,0,,2,0,1,0,0,N,1735,5,3,0,0,0,0,0,3,4,0,3,7,7.0,N,,,,,,,,,,,
2022062310,1231.0,1,0,0,0,0,0,0,0,0,1,0,,67,5,2022,2,39.9597,-75.1762,1224.0,6,0,0,0,0,0,0,2,0,,0,0,0.0,12,1,0,0,N,0,39 57:34.802,,0,75 10:34.195,0,0,0,0,67301,0,0,0,N,0,0,0,5,68K01,0,,1,1,,N,N,N,2,,0,0,0,0,0,,1221,0,3,0,0,0,0,0,3,4,0,3,3,3.0,N,,,,,,,,,,,
2022047731,2320.0,1,0,0,0,0,0,0,0,0,4,0,,67,5,2022,7,40.0558,-75.1762,2315.0,6,0,0,1,0,0,0,0,0,,0,0,0.0,23,3,3,1,,0,40 03:20.841,,0,75 10:34.267,3,0,0,0,67301,0,0,0,N,0,0,0,4,67301,0,,1,1,,N,N,Y,0,,1,0,1,3,2,,2309,3,2,0,0,0,2,0,3,4,0,2,3,3.0,N,,,,,,,,,,,
2022057040,1855.0,2,0,0,0,0,0,0,0,0,4,0,,67,6,2022,1,39.9329,-75.1487,1849.0,6,0,0,0,0,0,0,0,0,,0,0,0.0,18,1,1,1,,1,39 55:58.503,1.0,0,75 08:55.417,3,0,0,0,67301,0,0,0,N,0,0,0,2,67301,0,,1,1,1925.0,N,N,N,0,,1,0,0,3,2,N,1831,1,2,0,0,0,0,0,3,4,0,2,3,3.0,N,,,,,,,,,,,
2022057974,945.0,1,0,0,0,0,0,0,0,0,7,0,,67,6,2022,3,39.9909,-75.2041,936.0,6,0,0,0,0,0,0,0,0,,0,0,0.0,9,1,1,0,N,1,39 59:27.349,4.0,0,75 12:14.729,3,0,0,0,67301,0,0,0,N,0,0,0,1,68K01,0,,4,9,30.0,N,N,N,0,,1,0,0,0,0,N,936,1,1,0,0,1,0,0,3,4,0,1,3,3.0,N,,,,,,,,,,,
2022047200,1735.0,0,0,0,0,0,0,0,0,0,8,0,,67,5,2022,4,39.9643,-75.2464,1730.0,6,0,0,0,0,0,0,0,0,,0,0,0.0,15,1,1,1,,0,39 57:51.481,,0,75 14:46.938,3,0,0,0,67301,1,0,0,N,1,0,0,2,67301,0,,1,1,,N,N,N,1,,1,0,0,0,0,,1530,1,2,0,0,0,0,1,3,4,0,1,3,,N,,,,,,,,,,,
2022044109,1335.0,1,0,0,0,0,0,0,0,0,4,0,,67,5,2022,6,40.0411,-75.1202,1335.0,6,0,0,0,0,0,1,0,0,,0,0,0.0,12,1,1,0,N,0,40 02:28.110,,7,75 07:12.600,8,0,0,0,67301,0,0,0,N,0,0,0,3,67301,0,,1,9,,N,N,N,0,,0,0,1,0,0,,1210,1,2,0,0,0,1,1,3,4,0,2,7,4.0,N,,,,,,,,,,,
2022043948,1525.0,1,0,0,0,0,0,0,0,0,1,0,,67,5,2022,7,40.0276,-75.0994,1517.0,6,0,0,0,0,0,0,0,0,,0,0,0.0,15,1,1,0,Y,1,40 01:39.239,1.0,0,75 05:57.772,3,0,0,0,67301,0,0,0,N,0,0,0,4,67301,0,,1,9,1555.0,N,N,N,0,,1,0,2,3,2,Y,1507,1,3,0,0,0,0,0,3,4,0,3,7,4.0,N,,,,,,,,,,,
2022044872,835.0,0,0,0,0,0,0,0,0,0,4,0,,67,5,2022,1,40.0486,-75.087,830.0,6,0,0,0,0,0,0,0,0,,0,0,0.0,7,5,1,1,,0,40 02:54.887,,0,75 05:13.108,3,0,0,0,67301,0,0,0,N,0,0,0,2,67301,0,,1,99,,N,N,N,1,,1,0,1,3,2,,745,1,2,0,0,1,0,0,3,4,0,2,3,,N,,,,,,,,,,,
2022050700,1156.0,2,0,0,0,0,0,0,0,0,4,0,,67,5,2022,3,39.94,-75.1598,1156.0,6,0,0,0,0,0,0,0,1,,0,0,0.0,15,1,1,0,N,0,39 56:24.090,,7,75 09:35.290,3,0,0,0,67301,0,0,0,N,0,0,0,2,67301,0,,1,1,,N,N,N,0,,1,0,0,0,0,,1530,1,2,0,0,1,0,1,3,4,0,2,3,,N,,,,,,,,,,,
2022047642,1835.0,1,0,0,0,0,0,0,0,0,4,0,,67,5,2022,6,39.9859,-75.1661,1828.0,6,0,0,0,0,0,0,0,0,,0,0,0.0,18,1,0,1,,0,39 59:09.409,,0,75 09:58.014,0,0,0,0,67301,0,0,0,N,0,0,0,2,67301,0,,1,9,,N,N,N,0,,0,0,1,3,2,,1827,0,2,0,0,0,0,0,3,4,0,2,3,3.0,N,,,,,,,,,,,
2022048068,838.0,2,0,0,0,0,0,0,0,0,4,0,,67,5,2022,2,40.0749,-75.1699,835.0,6,0,0,0,0,0,0,0,0,,0,0,0.0,7,1,5,1,,2,40 04:29.611,7.0,0,75 10:11.737,3,0,0,0,67301,0,0,0,N,0,0,0,5,67301,4,,1,1,913.0,N,N,N,0,,1,0,1,3,3,Y,750,5,3,0,0,0,0,0,3,4,0,3,4,4.0,N,,,,,,,,,,,
2022044631,1359.0,1,0,0,0,0,0,0,0,0,4,0,,67,5,2022,5,40.006,-75.0914,1353.0,6,0,0,0,0,0,0,0,0,,0,0,0.0,13,1,0,0,N,0,40 00:21.735,,7,75 05:28.921,9,0,0,0,67301,0,0,0,N,0,0,0,2,67301,0,,1,1,,N,N,N,0,,0,0,1,0,0,,1332,0,2,0,0,0,0,1,3,4,0,2,3,,N,,,,,,,,,,,
2022057144,147.0,1,0,0,0,0,0,0,0,0,7,0,,67,6,2022,2,39.9641,-75.1843,147.0,6,0,0,0,0,0,0,0,0,,0,0,0.0,1,3,0,0,N,1,39 57:50.731,3.0,3,75 11:03.579,0,0,0,0,67301,0,0,0,N,0,0,0,0,67301,0,,5,1,347.0,N,N,N,0,,0,0,0,0,0,N,142,0,1,0,0,0,0,0,3,4,0,1,3,3.0,N,,,,,,,,,,,
2022043964,2137.0,2,0,0,0,0,0,0,0,0,5,0,,67,5,2022,1,39.9436,-75.1723,2137.0,6,0,0,0,0,0,0,0,0,,0,0,0.0,21,3,1,0,N,0,39 56:37.000,,0,75 10:20.200,3,0,0,0,67301,1,0,0,N,0,0,0,2,67301,0,,6,1,,N,N,N,0,,1,0,0,0,0,,2137,1,2,0,0,1,0,0,3,4,0,2,4,98.0,N,,,,,,,,,,,
2022047121,920.0,0,0,0,0,0,0,1,0,0,4,1,,67,5,2022,6,39.9224,-75.2232,905.0,6,0,0,0,0,0,0,0,0,,0,0,0.0,9,1,2,1,,0,39 55:20.661,,0,75 13:23.382,4,0,0,0,67301,0,0,0,N,0,0,0,4,67508,2,,1,1,,N,N,Y,0,,0,0,1,3,2,,905,2,2,0,0,0,0,0,3,4,0,2,3,3.0,N,,,,,,,,,,,
2022043943,1313.0,0,0,0,0,0,0,0,0,0,4,0,,67,5,2022,4,40.0003,-75.0837,1305.0,6,0,0,0,0,0,0,0,0,,0,0,0.0,12,1,0,2,,0,40 00:02.000,,2,75 05:00.700,9,0,0,0,67301,0,0,0,N,0,0,0,3,67301,0,,1,1,,N,N,N,0,,0,0,2,3,2,,1230,0,2,0,0,0,0,3,3,4,0,2,4,4.0,N,,,,,,,,,,,
2022047213,2030.0,2,0,0,0,0,0,0,0,0,4,0,,67,5,2022,4,40.0142,-75.1286,2030.0,6,0,0,0,0,0,0,0,0,,0,0,0.0,20,3,2,2,,0,40 00:51.091,,0,75 07:42.974,3,0,0,2,67301,0,0,0,N,0,0,0,4,67301,0,,1,1,,N,N,N,0,,2,0,0,3,3,,2030,2,4,0,0,0,0,0,3,4,0,4,3,3.0,N,,,,,,,,,,,
2022061734,212.0,1,0,0,0,0,0,0,0,0,1,0,,67,5,2022,2,39.9685,-75.1913,208.0,6,0,0,0,0,0,0,0,0,,0,0,0.0,2,3,0,0,N,2,39 58:06.636,4.0,0,75 11:28.610,0,0,0,0,67301,0,0,0,N,0,0,0,2,68K01,0,,1,1,220.0,N,N,N,0,,0,0,0,0,0,N,206,0,2,0,0,0,0,0,3,4,1,2,3,,N,,,,,,,,,,,
2022062134,2302.0,1,0,0,0,0,0,0,0,0,1,0,,67,7,2022,1,39.9284,-75.1963,2254.0,6,0,0,1,0,0,1,0,0,,0,0,0.0,22,2,0,0,N,1,39 55:42.318,4.0,0,75 11:46.812,0,0,0,0,67301,0,0,0,N,0,0,0,4,68K01,0,,1,1,2336.0,N,N,N,0,,0,0,3,0,0,N,2244,0,4,0,0,0,0,0,3,4,0,4,3,3.0,N,,,,,,,,,,,
2022047420,1045.0,3,0,0,0,0,0,0,0,0,4,0,,67,5,2022,6,39.9849,-75.1582,1040.0,6,0,0,0,1,0,1,0,0,,0,0,0.0,10,1,2,1,,0,39 59:05.816,,0,75 09:29.666,4,0,0,0,67301,4,0,0,N,0,0,0,7,67301,2,,1,1,,N,N,N,0,,0,0,1,3,2,,1030,2,4,0,0,0,0,0,3,4,0,4,3,3.0,N,,,,,,,,,,,
2022043887,1447.0,1,0,0,0,0,0,0,0,0,1,0,,67,5,2022,5,39.8897,-75.2338,1440.0,6,0,0,0,0,1,0,0,0,,0,0,0.0,14,1,1,1,,1,39 53:22.940,4.0,0,75 14:01.052,4,0,0,0,67301,0,0,0,N,0,0,0,3,67301,1,,1,1,1520.0,N,N,N,0,,0,0,1,3,4,N,1439,1,2,0,0,0,0,0,3,4,0,2,3,3.0,N,,,,,,,,,,,
2022044132,1720.0,1,0,0,0,0,0,0,0,0,1,0,,67,5,2022,7,39.9968,-75.1642,1715.0,6,0,0,0,0,0,0,0,0,,0,0,0.0,17,1,2,0,N,0,39 59:48.570,,0,75 09:51.010,8,0,0,0,67301,0,0,0,N,0,0,0,3,67301,0,,6,9,,N,N,N,0,,0,0,1,0,0,,1703,2,3,0,0,0,2,1,3,4,0,3,7,4.0,N,,,,,,,,,,,
2022056847,1705.0,2,0,0,0,0,0,0,0,0,1,0,,67,5,2022,7,40.026,-75.0278,1705.0,6,0,0,0,0,1,0,0,0,,0,0,0.0,16,1,0,0,N,0,40 01:33.709,,0,75 01:40.216,0,0,0,0,67301,0,0,0,N,0,0,0,2,68K01,0,,1,9,,N,N,N,0,,0,0,0,0,0,,1656,0,2,0,0,0,0,0,3,4,0,2,7,,N,,,,,,,,,,,
2022056746,1648.0,1,0,0,0,0,0,0,0,0,8,0,,67,6,2022,6,40.0414,-75.0283,1641.0,6,0,0,0,0,0,0,0,0,,0,0,0.0,13,1,1,1,,0,40 02:28.908,,0,75 01:41.719,3,0,0,0,67301,1,0,0,N,1,0,0,1,67301,0,,1,1,,N,N,N,0,,1,0,0,3,2,,1347,1,2,0,0,0,0,0,3,4,0,1,3,,N,,,,,,,,,,,
2022047797,1535.0,2,0,1,0,0,0,0,0,0,4,0,,67,5,2022,7,40.0029,-75.1873,1535.0,6,0,0,0,0,0,0,0,0,,0,0,0.0,14,1,5,1,,0,40 00:10.396,,0,75 11:14.148,2,0,0,0,67301,0,0,0,N,0,0,0,5,67301,0,,1,1,,N,N,Y,0,,4,1,1,0,0,,1424,5,3,0,0,0,0,0,3,4,0,3,3,,N,,,,,,,,,,,
2022062299,125.0,0,0,0,0,0,0,0,0,0,7,0,,67,5,2022,2,39.9836,-75.0973,112.0,6,0,0,0,0,0,0,0,0,,0,0,0.0,1,3,0,0,N,0,39 59:01.098,,0,75 05:50.122,0,0,0,0,67301,0,0,0,N,0,0,0,1,68K01,0,,4,1,,N,N,N,0,,0,0,1,0,0,,110,0,1,0,0,0,0,0,3,4,0,1,3,,N,,,,,,,,,,,
2022057912,352.0,1,0,0,0,0,0,0,0,0,7,0,,67,5,2022,1,40.0064,-75.194,342.0,6,0,0,0,0,0,0,0,0,,0,0,0.0,3,3,0,7,,1,40 00:22.992,3.0,8,75 11:38.316,0,0,0,0,67301,0,0,0,N,0,0,0,1,68K01,0,,7,1,445.0,N,N,N,0,,0,0,0,0,0,N,339,0,1,0,0,0,0,0,3,4,0,1,3,,N,,,,,,,,,,,
2022061786,1033.0,2,0,0,0,0,0,0,0,0,1,0,,67,6,2022,5,39.977,-75.199,1031.0,6,0,0,1,0,0,0,1,0,,0,0,0.0,10,1,0,0,N,0,39 58:37.253,,0,75 11:56.499,9,0,0,0,67301,0,0,0,N,0,0,0,3,68K01,0,,1,1,,N,N,N,0,,0,0,0,0,0,,1028,0,2,0,0,0,0,1,3,4,0,2,3,3.0,N,,,,,,,,,,,
2022044003,1027.0,0,0,0,0,0,0,0,0,0,4,0,,67,5,2022,1,39.9734,-75.1608,1027.0,6,0,0,0,0,1,1,0,0,,0,0,0.0,9,1,1,1,,0,39 58:24.347,,0,75 09:38.721,8,0,0,0,67301,0,0,0,N,0,0,0,2,67301,0,,1,9,,N,N,N,0,,0,0,2,3,2,,955,1,2,0,0,0,1,0,3,4,0,2,7,4.0,N,,,,,,,,,,,
2022056844,438.0,0,0,0,0,0,0,0,0,0,7,0,,67,5,2022,4,39.9605,-75.1813,438.0,6,0,0,0,0,0,0,0,0,,0,0,0.0,4,3,0,0,N,0,39 57:37.661,,3,75 10:52.523,0,0,0,0,67301,0,0,0,N,0,0,0,1,68K01,0,,3,9,,N,N,N,1,,0,0,0,0,0,,430,0,1,0,0,0,0,0,3,4,0,1,7,,N,,,,,,,,,,,
2022044622,855.0,1,0,0,0,0,0,0,0,0,4,0,,67,5,2022,2,39.9528,-75.2284,855.0,6,0,0,0,0,0,0,0,0,,0,0,0.0,6,1,1,1,,0,39 57:10.083,,0,75 13:42.312,3,0,0,0,67301,0,0,0,N,0,0,0,3,67301,0,,1,1,,N,N,N,1,,1,0,0,3,3,,620,1,2,0,0,1,0,0,3,4,0,2,3,3.0,N,,,,,,,,,,,
2022047211,2110.0,2,0,0,0,0,0,0,0,0,4,0,,67,5,2022,7,40.0157,-75.1401,2104.0,6,0,0,0,1,0,0,0,0,,0,0,0.0,20,3,0,1,,0,40 00:56.437,,0,75 08:24.334,0,0,0,0,67301,0,0,0,N,0,0,0,3,67301,0,,1,9,,N,N,N,0,,0,0,0,3,3,,2055,0,2,0,0,0,0,0,3,4,0,2,7,,N,,,,,,,,,,,
2022042643,2000.0,1,0,0,0,0,0,0,0,0,8,0,,67,5,2022,7,39.9588,-75.1909,1958.0,6,0,0,0,0,0,0,0,0,,0,0,0.0,19,3,1,2,,1,39 57:31.532,2.0,0,75 11:27.131,3,0,0,0,67301,1,0,0,N,1,0,0,2,67507,0,,1,9,2013.0,N,N,N,0,,1,0,0,0,0,N,1955,1,2,0,0,0,0,0,3,4,0,1,7,,N,,,,,,,,,,,
2022056497,705.0,2,0,0,0,0,0,0,0,0,7,0,,67,5,2022,7,40.0351,-75.0185,649.0,6,0,0,0,0,0,1,0,0,,0,0,0.0,6,1,0,0,N,1,40 02:06.393,2.0,3,75 01:06.472,0,0,0,0,67301,0,0,0,N,0,0,0,3,68K01,0,,3,8,730.0,N,N,N,1,,0,0,0,0,0,N,640,0,3,0,0,0,0,0,3,4,0,3,4,4.0,N,,,,,,,,,,,
2022044139,600.0,1,0,0,0,0,0,0,0,0,7,0,,67,5,2022,1,39.8824,-75.2485,555.0,6,0,0,0,0,1,0,0,0,,0,0,0.0,5,5,1,0,N,1,39 52:56.772,2.0,2,75 14:54.612,3,0,0,0,67301,0,0,0,N,0,0,0,2,67301,0,,4,9,20.0,N,N,N,0,,1,0,0,0,0,N,547,1,1,0,0,1,0,0,3,4,0,1,7,4.0,N,,,,,,,,,,,
2022056400,950.0,0,0,0,0,0,0,1,0,0,4,1,,67,6,2022,5,39.9457,-75.1733,935.0,6,0,0,0,0,0,0,0,0,,0,0,0.0,9,1,2,1,,0,39 56:44.343,,0,75 10:23.746,4,0,0,0,67301,0,0,0,N,0,0,0,3,67508,2,,1,1,,N,N,Y,1,,0,0,0,3,2,,935,2,2,0,0,1,0,0,3,4,0,2,3,3.0,N,,,,,,,,,,,
2022047204,2216.0,0,0,0,0,0,0,0,0,0,4,0,,67,5,2022,5,40.003,-75.1016,2216.0,6,0,0,0,0,0,0,0,0,,0,0,0.0,22,3,1,5,,0,40 00:10.796,,1,75 06:05.785,3,0,0,0,67301,0,0,0,N,0,0,0,2,67301,0,,1,1,,N,N,N,0,,1,0,2,3,2,,2215,1,2,0,0,0,0,0,3,4,0,2,3,3.0,N,,,,,,,,,,,
2022057894,2229.0,0,0,0,0,0,0,0,0,0,7,0,,67,5,2022,5,39.9699,-75.1255,2224.0,6,0,0,0,0,0,0,0,0,,0,0,0.0,22,3,0,7,,0,39 58:11.804,,2,75 07:31.625,0,0,0,0,67301,0,0,0,N,0,0,0,2,68K01,0,,7,1,,N,N,N,0,,0,0,1,0,0,,2213,0,1,0,0,0,0,0,3,4,0,1,3,3.0,N,,,,,,,,,,,
2022044087,1000.0,0,0,0,0,0,0,0,0,0,4,0,,67,5,2022,2,39.9909,-75.1363,1000.0,6,0,0,0,0,0,1,0,0,,0,0,0.0,14,1,2,0,N,0,39 59:27.300,,7,75 08:10.800,4,0,0,0,67301,0,0,0,N,0,0,0,3,67301,1,,1,1,,N,N,N,0,,0,0,1,0,0,,1440,2,2,0,0,0,1,0,3,4,1,2,3,3.0,N,,,,,,,,,,,
2022043922,119.0,1,0,0,0,0,0,0,0,0,4,0,,67,5,2022,4,40.0635,-75.1698,118.0,6,0,0,0,0,0,0,0,0,,0,0,0.0,1,3,1,1,,1,40 03:48.682,4.0,0,75 10:11.404,3,0,0,0,67301,0,0,0,N,0,0,0,2,67301,0,,1,1,300.0,N,N,N,0,,1,0,1,3,2,N,111,1,2,0,0,1,0,0,3,4,0,2,3,3.0,N,,,,,,,,,,,
2022044755,1935.0,0,0,0,1,0,0,0,0,0,4,0,,67,5,2022,4,39.9573,-75.1523,1930.0,6,0,0,0,0,0,0,0,0,,0,0,0.0,18,1,1,1,,0,39 57:26.368,,2,75 09:08.204,3,0,0,0,67301,1,0,0,N,0,0,0,2,67301,0,,1,1,,N,N,N,0,,1,0,0,3,2,,1830,1,2,0,0,0,0,0,3,4,1,1,3,3.0,N,,,,,,,,,,,
2022056678,1800.0,0,0,0,0,0,0,0,0,0,5,0,,67,6,2022,5,39.9004,-75.2254,1732.0,6,0,0,0,0,0,0,1,0,,0,0,0.0,17,1,0,0,N,0,39 54:01.587,,0,75 13:31.276,9,0,0,0,67301,0,0,0,N,0,0,0,2,67301,0,,1,1,,N,N,N,0,,0,0,2,0,0,,1730,0,2,0,0,0,0,1,3,4,0,2,3,3.0,N,,,,,,,,,,,
2022043833,1942.0,2,0,0,0,0,0,0,0,0,4,0,,67,5,2022,5,39.9615,-75.1517,1942.0,6,0,0,0,0,0,0,1,0,,0,0,0.0,19,1,0,1,,1,39 57:41.631,3.0,0,75 09:06.337,0,0,0,0,67301,0,0,0,N,0,0,0,6,67301,0,,1,1,2022.0,N,N,Y,0,,0,0,1,3,2,N,1940,0,3,0,0,0,0,0,3,4,0,3,3,,N,,,,,,,,,,,
2022043907,1210.0,1,0,0,0,0,0,0,0,0,4,0,,67,5,2022,4,40.0583,-75.1526,1202.0,6,0,0,0,0,0,0,0,0,,0,0,0.0,12,1,1,0,N,0,40 03:29.740,,7,75 09:09.360,8,0,0,0,67301,0,0,0,N,0,0,0,2,67301,0,,1,9,,N,N,N,0,,0,0,2,0,0,,1200,1,3,0,0,0,1,0,3,4,0,3,4,7.0,N,,,,,,,,,,,
2022057029,1930.0,1,0,0,0,0,0,0,0,0,4,0,,67,6,2022,1,39.9573,-75.1522,1930.0,6,0,0,0,0,0,0,1,0,,0,0,0.0,19,1,1,1,,1,39 57:26.357,4.0,0,75 09:08.042,3,0,0,0,67301,0,0,0,N,0,0,0,4,67301,0,,1,1,1954.0,N,N,N,0,,1,0,1,3,2,N,1930,1,2,0,0,0,0,0,3,4,0,2,3,3.0,N,,,,,,,,,,,
2022056899,830.0,2,0,0,0,0,0,0,0,0,4,0,,67,6,2022,6,39.9609,-75.245,828.0,6,0,0,0,0,0,0,0,0,,0,0,0.0,7,1,2,1,,0,39 57:39.345,,0,75 14:42.087,3,0,0,0,67301,0,0,0,N,0,0,0,2,67301,1,,1,1,,N,N,N,0,,1,0,0,3,2,,719,2,2,0,0,0,0,0,3,4,0,2,3,4.0,N,,,,,,,,,,,
2022044082,301.0,0,0,0,0,0,0,0,0,0,5,0,,67,5,2022,6,39.9709,-75.1269,300.0,6,0,0,0,0,0,0,0,0,,0,0,0.0,2,3,0,0,N,2,39 58:15.180,7.0,0,75 07:36.690,9,0,0,0,67301,0,0,0,N,0,0,0,1,67301,0,,6,1,431.0,N,N,N,0,,0,0,4,0,0,Y,237,0,4,0,0,0,0,1,3,4,0,4,3,,N,,,,,,,,,,,
2022056885,655.0,0,0,0,0,0,0,0,0,0,1,1,,67,6,2022,6,40.0073,-75.0761,642.0,6,0,0,0,0,0,0,0,0,,0,1,0.0,6,1,0,0,N,0,40 00:26.240,,0,75 04:34.010,0,0,0,0,67301,0,0,0,N,0,0,0,2,68K01,0,,1,1,,N,N,N,1,,0,0,0,0,0,,631,0,2,0,0,0,0,0,3,4,0,2,3,,N,,,,,,,,,,,
2022043895,350.0,2,0,0,0,0,0,0,0,0,4,0,,67,5,2022,1,39.9195,-75.243,347.0,6,0,0,0,0,0,0,0,0,,0,0,0.0,3,3,1,1,,0,39 55:10.138,,0,75 14:34.767,3,0,0,0,67301,0,0,0,N,0,0,0,3,67301,0,,1,9,,N,N,N,0,,1,0,0,3,2,,345,1,2,0,0,0,0,2,3,4,0,2,7,7.0,N,,,,,,,,,,,
2022057910,2242.0,1,0,0,0,0,0,0,0,0,5,0,,67,5,2022,7,39.9818,-75.2074,2239.0,6,0,0,0,1,0,0,0,0,,0,0,0.0,22,3,0,0,N,0,39 58:54.612,,0,75 12:26.769,0,0,0,0,67301,0,0,0,N,0,0,0,4,68K01,0,,1,1,,N,N,N,0,,0,0,1,0,0,,2216,0,2,0,0,0,0,0,3,4,0,2,3,,N,,,,,,,,,,,
2022047111,930.0,0,0,0,0,0,0,1,0,0,4,1,,67,5,2022,1,39.9264,-75.2244,930.0,6,0,0,0,0,0,0,0,0,,0,0,0.0,9,8,1,2,,0,39 55:35.120,,0,75 13:27.564,4,0,0,0,67301,0,0,0,N,0,0,0,2,67508,1,,1,1,,N,N,Y,0,,0,0,1,3,3,,920,1,2,0,0,0,0,0,3,4,0,2,98,3.0,N,,,,,,,,,,,
2022044047,1720.0,1,0,0,0,0,0,0,0,0,8,0,,67,5,2022,2,39.9963,-75.1139,1720.0,6,0,0,0,0,0,0,0,0,,0,0,0.0,17,1,1,0,N,0,39 59:46.700,,1,75 06:49.900,4,0,0,0,67301,1,0,0,N,1,0,0,2,67301,1,,1,1,,N,N,N,0,,0,0,0,0,0,,1717,1,2,0,0,1,0,0,3,4,0,1,3,3.0,N,,,,,,,,,,,
2022044044,1200.0,1,0,0,0,0,0,0,0,0,8,0,,67,5,2022,7,39.9991,-75.1087,1157.0,6,0,0,0,0,0,0,0,0,,0,0,0.0,10,1,1,5,,0,39 59:56.651,,1,75 06:31.496,8,0,0,0,67301,1,0,0,N,1,0,0,2,67301,0,,1,9,,N,N,N,0,,0,0,0,3,2,,1056,1,2,0,0,0,1,0,3,4,0,1,7,4.0,N,,,,,,,,,,,
2022044517,825.0,0,0,0,0,0,0,0,0,0,1,0,,67,5,2022,5,40.0165,-75.175,812.0,6,0,0,0,0,0,0,0,0,,0,0,0.0,6,1,1,0,N,0,40 00:59.385,,0,75 10:29.914,3,0,0,0,67301,0,0,0,N,0,0,0,2,67301,0,,1,1,,N,N,N,0,,1,0,2,0,0,,645,1,2,0,0,0,0,0,3,4,0,2,3,3.0,N,,,,,,,,,,,
2022049153,615.0,2,0,0,0,0,0,0,0,0,1,0,,67,5,2022,1,39.9043,-75.197,615.0,6,0,0,0,0,1,0,0,0,,0,0,0.0,23,3,2,0,N,0,39 54:15.364,,0,75 11:49.202,8,0,0,0,67301,0,0,0,N,0,0,0,3,67301,0,,1,1,,N,N,N,0,,0,0,0,0,0,,2300,2,2,0,0,0,2,1,3,4,0,2,3,,N,,,,,,,,,,,