CRN,ARRIVAL_TM,AUTOMOBILE_COUNT,BELTED_DEATH_COUNT,BELTED_SUSP_SERIOUS_INJ_COUNT,BICYCLE_COUNT,BICYCLE_DEATH_COUNT,BICYCLE_SUSP_SERIOUS_INJ_COUNT,BUS_COUNT,CHLDPAS_DEATH_COUNT,CHLDPAS_SUSP_SERIOUS_INJ_COUNT,COLLISION_TYPE,COMM_VEH_COUNT,CONS_ZONE_SPD_LIM,COUNTY,CRASH_MONTH,CRASH_YEAR,DAY_OF_WEEK,DEC_LAT,DEC_LONG,DISPATCH_TM,DISTRICT,DRIVER_COUNT_16YR,DRIVER_COUNT_17YR,DRIVER_COUNT_18YR,DRIVER_COUNT_19YR,DRIVER_COUNT_20YR,DRIVER_COUNT_50_64YR,DRIVER_COUNT_65_74YR,DRIVER_COUNT_75PLUS,EST_HRS_CLOSED,FATAL_COUNT,HEAVY_TRUCK_COUNT,HORSE_BUGGY_COUNT,HOUR_OF_DAY,ILLUMINATION,INJURY_COUNT,INTERSECT_TYPE,INTERSECTION_RELATED,LANE_CLOSED,LATITUDE,LN_CLOSE_DIR,LOCATION_TYPE,LONGITUDE,MAX_SEVERITY_LEVEL,MCYCLE_DEATH_COUNT,MCYCLE_SUSP_SERIOUS_INJ_COUNT,MOTORCYCLE_COUNT,MUNICIPALITY,NONMOTR_COUNT,NONMOTR_DEATH_COUNT,NONMOTR_SUSP_SERIOUS_INJ_COUNT,NTFY_HIWY_MAINT,PED_COUNT,PED_DEATH_COUNT,PED_SUSP_SERIOUS_INJ_COUNT,PERSON_COUNT,POLICE_AGCY,POSSIBLE_INJ_COUNT,RDWY_SURF_TYPE_CD,RELATION_TO_ROAD,ROAD_CONDITION,ROADWAY_CLEARED,SCH_BUS_IND,SCH_ZONE_IND,SECONDARY_CRASH,SMALL_TRUCK_COUNT,SPEC_JURIS_CD,SUSP_MINOR_INJ_COUNT,SUSP_SERIOUS_INJ_COUNT,SUV_COUNT,TCD_FUNC_CD,TCD_TYPE,TFC_DETOUR_IND,TIME_OF_DAY,TOT_INJ_COUNT,TOTAL_UNITS,UNB_DEATH_COUNT,UNB_SUSP_SERIOUS_INJ_COUNT,UNBELTED_OCC_COUNT,UNK_INJ_DEG_COUNT,UNK_INJ_PER_COUNT,URBAN_AREA,URBAN_RURAL,VAN_COUNT,VEHICLE_COUNT,WEATHER1,WEATHER2,WORK_ZONE_IND,WORK_ZONE_LOC,WORK_ZONE_TYPE,WORKERS_PRES,WZ_CLOSE_DETOUR,WZ_FLAGGER,WZ_LAW_OFFCR_IND,WZ_LN_CLOSURE,WZ_MOVING,WZ_OTHER,WZ_SHLDER_MDN,WZ_WORKERS_INJ_KILLED
2022047918,2216.0,1,0,0,0,0,0,0,0,0,7,0,,67,5,2022,7,39.9124,-75.1739,2216.0,6,0,0,0,0,0,0,0,0,,0,0,0.0,22,3,0,7,,1,39 54:44.800,2.0,8,75 10:26.200,0,0,0,0,67301,0,0,0,N,0,0,0,2,67501,0,,4,1,2246.0,N,N,N,0,,0,0,0,0,0,N,2216,0,1,0,0,0,0,0,3,4,0,1,3,,N,,,,,,,,,,,
2022047390,2104.0,0,0,0,1,0,0,0,0,0,6,0,,67,5,2022,6,40.0407,-75.0174,2103.0,6,0,0,0,0,0,0,0,0,,0,0,0.0,21,2,1,0,N,0,40 02:26.636,,0,75 01:02.476,3,0,0,0,67301,1,0,0,N,0,0,0,2,67301,0,,1,9,,N,N,N,1,,1,0,0,0,0,,2100,1,2,0,0,0,0,0,3,4,0,1,7,7.0,N,,,,,,,,,,,
2022060358,125.0,0,0,0,0,0,0,0,0,0,7,0,,67,5,2022,3,39.9255,-75.1787,121.0,6,0,0,0,1,0,0,0,0,,0,0,0.0,23,3,0,1,,0,39 55:31.928,,0,75 10:43.231,0,0,0,0,67301,0,0,0,N,0,0,0,1,67301,0,,4,1,,N,N,N,1,,0,0,0,0,0,,2330,0,1,0,0,1,0,0,3,4,0,1,3,3.0,N,,,,,,,,,,,
2022062002,1137.0,0,0,0,0,0,0,0,0,0,7,0,,67,7,2022,7,39.9577,-75.1419,1123.0,6,0,0,0,0,0,0,0,0,,0,0,0.0,11,1,0,0,N,1,39 57:27.858,4.0,8,75 08:30.686,9,0,0,0,67301,0,0,0,N,0,0,0,1,68K01,0,,2,1,1151.0,N,N,N,0,,0,0,1,0,0,N,1121,0,1,0,0,1,0,1,3,4,0,1,3,3.0,N,,,,,,,,,,,
2022044001,1635.0,1,0,0,0,0,0,0,0,0,8,0,,67,5,2022,6,39.9847,-75.1683,1629.0,6,0,0,0,0,0,0,0,0,,0,0,0.0,15,1,1,1,,0,39 59:04.927,,0,75 10:05.915,3,0,0,0,67301,1,0,0,N,1,0,0,2,67301,0,,1,9,,N,N,N,0,,1,0,0,3,3,,1530,1,2,0,0,1,0,1,3,4,0,1,7,4.0,N,,,,,,,,,,,
2022047201,2205.0,0,0,0,0,0,0,0,0,0,4,0,,67,5,2022,4,39.9624,-75.2447,2205.0,6,0,0,0,0,0,0,0,0,,0,0,0.0,22,3,1,1,,0,39 57:44.907,,1,75 14:40.797,4,0,0,0,67301,0,0,0,N,0,0,0,2,67301,1,,1,1,,N,N,N,0,,0,0,1,3,2,,2205,1,2,0,0,1,0,0,3,4,0,2,3,3.0,N,,,,,,,,,,,
2022043854,2350.0,0,0,0,0,0,0,0,0,0,7,0,,67,5,2022,4,40.0436,-75.022,2345.0,6,0,0,0,0,0,0,0,0,,0,0,0.0,22,3,0,0,N,0,40 02:37.003,,0,75 01:19.294,0,0,0,0,67301,0,0,0,N,0,0,0,1,67301,0,,4,1,,N,N,N,0,,0,0,1,0,0,,2230,0,1,0,0,0,0,0,3,4,0,1,3,3.0,N,,,,,,,,,,,
2022056508,1031.0,1,0,0,0,0,0,0,0,0,7,1,,67,5,2022,4,39.8993,-75.1653,1027.0,6,0,0,0,1,0,1,0,0,,0,1,0.0,10,1,1,0,N,1,39 53:57.496,1.0,3,75 09:55.198,3,0,0,0,67301,0,0,0,N,0,0,0,4,68K01,0,,4,1,1125.0,N,N,N,0,,1,0,0,0,0,N,1025,1,2,0,0,0,0,0,3,4,0,2,3,,N,,,,,,,,,,,
2022056932,1920.0,1,0,0,0,0,0,0,0,0,8,0,,67,6,2022,5,39.9517,-75.1587,1907.0,6,0,0,0,0,0,0,0,0,,0,0,0.0,15,1,1,0,N,9,39 57:06.177,,0,75 09:31.464,8,0,0,0,67301,1,0,0,N,1,0,0,2,67301,0,,1,1,,N,N,N,0,,0,0,0,0,0,,1530,1,2,0,0,0,1,0,3,4,0,1,3,3.0,N,,,,,,,,,,,
2022047214,2118.0,0,0,0,0,0,0,0,0,0,4,0,,67,5,2022,5,40.015,-75.1352,2116.0,6,0,0,1,0,0,0,0,0,,0,0,0.0,21,1,2,1,,2,40 00:54.154,6.0,0,75 08:06.604,2,0,0,0,67301,0,0,0,N,0,0,0,3,67301,0,,1,1,2230.0,N,N,N,0,,0,2,1,3,2,Y,2115,2,2,0,0,1,0,0,3,4,0,2,3,,N,,,,,,,,,,,
2022056983,1355.0,2,0,0,0,0,0,0,0,0,1,0,,67,5,2022,1,40.0066,-75.1987,1348.0,6,0,0,0,0,0,0,0,0,,0,0,0.0,13,1,0,0,N,2,40 00:23.820,3.0,0,75 11:55.467,0,0,0,0,67301,0,0,0,N,0,0,0,2,68K01,0,,1,1,1445.0,N,N,N,0,,0,0,0,0,0,N,1340,0,2,0,0,1,0,0,3,4,0,2,3,3.0,N,,,,,,,,,,,
2022047592,1739.0,2,0,0,0,0,0,0,0,0,1,0,,67,5,2022,3,39.9794,-75.204,1736.0,6,0,0,0,0,0,0,0,0,,0,0,0.0,17,1,1,0,N,2,39 58:46.001,4.0,0,75 12:14.406,8,0,0,0,67301,0,0,0,N,0,0,0,3,68K01,0,,1,1,1759.0,N,N,N,0,,0,0,1,0,0,N,1735,1,3,0,0,0,1,0,3,4,0,3,3,,N,,,,,,,,,,,
2022045143,2300.0,0,0,0,0,0,0,0,0,0,8,0,,67,5,2022,3,39.9929,-75.1249,2258.0,6,0,0,0,0,0,0,0,0,,0,0,0.0,22,3,1,0,N,0,39 59:34.550,,0,75 07:29.810,3,0,0,0,67301,1,0,0,N,1,0,0,2,67301,0,,1,1,,N,N,N,0,,1,0,0,0,0,,2256,1,2,0,0,0,0,0,3,4,0,1,3,,N,,,,,,,,,,,
2022045258,1710.0,1,0,0,0,0,0,0,0,0,4,0,,67,5,2022,5,40.0267,-75.1829,1655.0,6,0,0,1,0,0,0,0,0,,0,0,0.0,16,1,3,0,N,2,40 01:36.061,7.0,7,75 10:58.389,3,0,0,0,67301,0,0,0,N,0,0,0,3,67301,0,,1,1,1935.0,N,N,N,1,,1,0,0,0,0,N,1637,3,3,0,0,0,2,0,3,4,1,3,3,,N,,,,,,,,,,,
2022056815,1820.0,2,0,0,0,0,0,0,0,0,4,0,,67,6,2022,7,39.9942,-75.1562,1817.0,6,0,0,0,0,0,0,0,0,,0,0,0.0,17,1,1,1,,0,39 59:38.955,,0,75 09:22.416,8,0,0,0,67301,0,0,0,N,0,0,0,3,67301,0,,1,1,,N,N,N,0,,0,0,0,3,2,,1755,1,2,0,0,0,1,0,3,4,0,2,3,,N,,,,,,,,,,,
2022043841,15.0,1,0,0,0,0,0,0,0,0,7,0,,67,5,2022,7,40.079,-75.0344,8.0,6,0,0,0,0,0,0,0,0,,0,0,0.0,21,3,0,0,N,0,40 04:44.400,,0,75 02:03.800,9,0,0,0,67301,0,0,0,N,0,0,0,1,67301,0,,5,9,,N,N,N,0,,0,0,0,0,0,,2100,0,1,0,0,0,0,1,3,4,0,1,7,,N,,,,,,,,,,,
2022056802,1900.0,1,0,0,0,0,0,0,0,0,8,0,,67,6,2022,7,39.9697,-75.1317,1856.0,6,0,0,0,0,0,0,0,0,,0,0,0.0,18,1,1,1,,0,39 58:10.822,,0,75 07:54.206,3,0,0,0,67301,1,0,0,N,1,0,0,2,67301,0,,1,1,,N,N,N,0,,1,0,0,3,2,,1855,1,2,0,0,0,0,0,3,4,0,1,3,3.0,N,,,,,,,,,,,
2022043824,1830.0,1,0,0,0,0,0,0,0,0,4,0,,67,5,2022,6,40.0316,-75.2076,1830.0,6,0,0,0,0,0,0,0,0,,0,0,0.0,18,4,0,1,,0,40 01:53.814,,0,75 12:27.475,0,0,0,0,67301,0,0,0,N,0,0,0,2,67301,0,,1,9,,N,N,N,0,,0,0,1,3,2,,1830,0,2,0,0,0,0,0,3,4,0,2,7,,N,,,,,,,,,,,
2022044084,45.0,1,0,0,0,0,0,0,0,0,4,0,,67,5,2022,6,39.9717,-75.1259,36.0,6,0,0,0,0,0,0,0,0,,0,0,0.0,22,3,1,1,,0,39 58:18.518,,0,75 07:33.433,3,0,0,0,67301,0,0,0,N,0,0,0,5,67301,0,,1,9,,N,N,N,0,,1,0,1,3,2,,2245,1,2,0,0,0,0,0,3,4,0,2,7,7.0,N,,,,,,,,,,,
2022043868,1847.0,0,0,0,0,0,0,0,0,0,8,0,,67,5,2022,6,39.9497,-75.1675,1847.0,6,0,0,0,0,0,0,0,0,,0,0,0.0,15,1,1,1,,0,39 56:59.121,,0,75 10:03.071,3,0,0,0,67301,1,0,0,N,1,0,0,2,67301,0,,1,9,,N,N,N,1,,1,0,0,3,2,,1534,1,2,0,0,0,0,0,3,4,0,1,7,,N,,,,,,,,,,,
2022047537,1327.0,1,0,0,0,0,0,0,0,0,4,0,,67,5,2022,2,39.9547,-75.1495,1323.0,6,0,0,0,0,0,0,1,0,,0,0,0.0,13,1,2,5,,2,39 57:16.613,2.0,2,75 08:58.311,3,0,0,0,67301,0,0,0,N,0,0,0,2,67301,0,,1,1,1344.0,N,N,N,0,,2,0,1,3,2,Y,1320,2,2,0,0,0,0,0,3,4,0,2,3,,N,,,,,,,,,,,
2022044630,1821.0,3,0,0,0,0,0,0,0,0,4,0,,67,5,2022,4,40.0264,-75.057,1817.0,6,0,0,0,0,1,0,0,0,,0,0,0.0,18,1,1,1,,2,40 01:34.946,2.0,0,75 03:25.050,3,0,0,0,67301,0,0,0,N,0,0,0,4,67301,0,,1,1,2000.0,N,N,N,1,,1,0,0,3,3,Y,1815,1,5,0,0,0,0,0,3,4,1,5,3,,N,,,,,,,,,,,
2022043894,830.0,0,0,0,0,0,0,0,0,0,8,0,,67,5,2022,3,39.9357,-75.2285,828.0,6,0,0,0,0,0,1,0,0,,0,0,0.0,8,1,1,1,,0,39 56:08.664,,0,75 13:42.679,8,0,0,0,67301,1,0,0,N,1,0,0,2,67301,0,,1,1,,N,N,N,0,,0,0,1,3,2,,827,1,2,0,0,0,1,0,3,4,0,1,3,3.0,N,,,,,,,,,,,
2022043991,1050.0,1,0,0,0,0,0,0,0,0,4,0,,67,5,2022,1,39.9916,-75.2281,959.0,6,0,0,0,0,1,0,0,0,,0,0,0.0,9,1,0,1,,0,39 59:29.774,,0,75 13:41.019,0,0,0,0,67301,0,0,0,N,0,0,0,2,67301,0,,1,1,,N,N,N,0,,0,0,1,3,3,,916,0,2,0,0,2,0,0,3,4,0,2,4,4.0,N,,,,,,,,,,,
2022048095,1205.0,1,0,0,0,0,0,0,0,0,8,0,,67,5,2022,1,39.9646,-75.1573,1201.0,6,0,0,0,0,0,0,0,0,,0,0,0.0,11,1,1,0,N,0,39 57:52.590,,0,75 09:26.430,4,0,0,0,67301,1,0,0,N,1,0,0,2,67301,1,,1,1,,N,N,N,0,,0,0,0,0,0,,1155,1,2,0,0,0,0,0,3,4,0,1,3,3.0,N,,,,,,,,,,,
2022061056,1409.0,1,0,0,0,0,0,0,0,0,7,0,,67,7,2022,6,40.0334,-75.1509,1409.0,6,0,0,0,0,0,0,0,0,,0,0,0.0,14,1,1,0,N,0,40 02:00.110,,0,75 09:03.140,3,0,0,0,67301,0,0,0,N,0,0,0,1,67301,0,,4,1,,N,N,N,0,,1,0,0,0,0,,1408,1,1,0,0,1,0,0,3,4,0,1,3,3.0,N,,,,,,,,,,,
2022057991,34.0,1,0,0,0,0,0,0,0,0,1,0,,67,6,2022,1,39.9599,-75.1778,34.0,6,0,0,0,0,0,0,0,0,,0,0,0.0,0,3,2,0,N,2,39 57:35.549,4.0,0,75 10:40.113,3,0,0,0,67301,0,0,0,N,0,0,0,2,68K01,1,,1,1,52.0,N,N,N,0,,1,0,1,0,0,Y,34,2,2,0,0,0,0,0,3,4,0,2,3,,N,,,,,,,,,,,
2022056752,1634.0,1,0,0,0,0,0,0,0,0,1,0,,67,4,2022,3,39.9672,-75.1329,1634.0,6,0,0,0,0,0,1,0,0,,0,0,0.0,16,1,1,0,N,0,39 58:01.748,,0,75 07:58.339,4,0,0,0,67301,0,0,0,N,0,0,0,2,68K01,1,,1,1,,N,N,N,0,,0,0,1,3,8,,1634,1,2,0,0,0,0,0,3,4,0,2,3,,N,,,,,,,,,,,
2022056845,1413.0,0,0,0,0,0,0,0,0,0,1,0,,67,5,2022,5,39.9964,-75.0825,1413.0,6,0,0,0,0,0,1,0,0,,0,0,0.0,14,1,1,0,N,1,39 59:47.000,1.0,0,75 04:56.965,8,0,0,0,67301,0,0,0,N,0,0,0,3,68K01,0,,1,1,1500.0,N,N,N,0,,0,0,3,0,0,Y,1413,1,3,0,0,0,1,0,3,4,0,3,3,,N,,,,,,,,,,,
2022056762,1907.0,1,0,0,0,0,0,0,0,0,5,0,,67,5,2022,2,39.9717,-75.1933,1858.0,6,0,0,0,0,1,1,0,0,,0,0,0.0,18,1,0,7,,1,39 58:18.209,4.0,2,75 11:35.991,0,0,0,0,67301,0,0,0,N,0,0,0,3,68K01,0,,7,1,1930.0,N,N,N,0,,0,0,1,3,8,N,1855,0,2,0,0,0,0,0,3,4,0,2,3,,N,,,,,,,,,,,
2022047210,1735.0,1,0,0,0,0,0,0,0,0,8,0,,67,5,2022,6,39.9998,-75.152,1730.0,6,0,0,0,0,0,0,0,0,,0,0,0.0,16,8,1,1,,0,39 59:59.384,,0,75 09:07.200,4,0,0,0,67301,1,0,0,N,1,0,0,2,67301,1,,1,9,,N,N,N,0,,0,0,0,3,3,,1650,1,2,0,0,0,0,0,3,4,0,1,7,4.0,N,,,,,,,,,,,
2022054156,1650.0,1,0,0,0,0,0,0,0,0,1,0,,67,5,2022,2,40.03,-75.0222,1627.0,6,0,0,0,0,0,0,0,0,,0,0,0.0,16,1,1,0,N,2,40 01:47.839,2.0,3,75 01:20.046,8,0,0,0,67301,0,0,0,N,0,0,0,4,68K01,0,,1,1,1740.0,N,N,Y,1,,0,0,1,0,0,N,1626,1,3,0,0,0,1,1,3,4,0,3,3,3.0,N,,,,,,,,,,,
2022043807,1300.0,0,0,0,1,0,0,0,0,0,1,0,,67,5,2022,5,40.0685,-75.0676,1230.0,6,0,0,0,0,0,0,0,0,,0,0,0.0,12,1,1,0,N,0,40 04:06.420,,0,75 04:03.460,3,0,0,0,67301,1,0,0,N,0,0,0,2,67301,0,,1,99,,N,N,Y,0,,1,0,1,0,0,,1230,1,2,0,0,0,0,0,3,4,0,1,3,,N,,,,,,,,,,,
2022056984,1811.0,0,0,0,0,0,0,0,0,0,0,1,,67,5,2022,5,40.0006,-75.0798,1740.0,6,0,0,0,0,0,0,0,0,,0,1,0.0,17,1,0,6,,2,40 00:01.860,1.0,2,75 04:47.686,0,0,0,0,67301,0,0,0,N,0,0,0,1,68K01,0,,1,1,2359.0,N,N,N,0,,0,0,0,0,0,N,1734,0,1,0,0,0,0,0,3,4,0,1,3,3.0,N,,,,,,,,,,,
2022056865,831.0,1,0,0,0,0,0,0,0,0,1,0,,67,6,2022,2,40.046,-75.0018,801.0,6,0,0,0,0,0,0,0,0,,0,0,0.0,7,1,0,0,N,0,40 02:45.549,,0,75 00:06.395,0,0,0,0,67301,0,0,0,N,0,0,0,2,68K01,0,,1,1,,N,N,N,0,,0,0,1,0,0,,758,0,2,0,0,0,0,0,3,4,0,2,3,3.0,N,,,,,,,,,,,
2022045559,555.0,0,0,0,0,0,0,0,0,0,1,0,,67,5,2022,7,40.0374,-75.1124,552.0,6,0,0,0,0,0,0,0,0,,0,0,0.0,5,5,0,0,N,0,40 02:14.475,,0,75 06:44.793,0,0,0,0,67301,0,0,0,N,0,0,0,1,67301,0,,6,9,,N,N,N,0,,0,0,2,0,0,,544,0,2,0,0,0,0,0,3,4,0,2,7,,N,,,,,,,,,,,
2022057982,2237.0,1,0,0,0,0,0,0,0,0,1,0,,67,6,2022,4,39.9423,-75.1938,2233.0,6,0,0,0,0,0,0,0,0,,0,0,0.0,22,3,1,0,N,2,39 56:32.312,3.0,3,75 11:37.536,3,0,0,0,67301,0,0,0,N,0,0,0,2,68K01,0,,1,1,2300.0,N,N,N,0,,1,0,1,0,0,N,2223,1,2,0,0,1,0,0,3,4,0,2,3,,N,,,,,,,,,,,
2022056981,17.0,1,0,0,0,0,0,0,0,0,5,0,,67,5,2022,2,39.9766,-75.1961,12.0,6,0,0,0,0,0,1,0,0,,0,0,0.0,0,3,0,0,N,0,39 58:35.819,,0,75 11:46.070,0,0,0,0,67301,0,0,0,N,0,0,0,3,68K01,0,,1,1,,N,N,N,0,,0,0,1,0,0,,1,0,2,0,0,0,0,0,3,4,0,2,3,,N,,,,,,,,,,,
2022044085,245.0,1,0,0,0,0,0,0,0,0,7,0,,67,5,2022,2,39.9702,-75.1243,238.0,6,0,0,0,0,0,0,0,0,,0,0,0.0,2,3,1,0,N,1,39 58:12.577,1.0,0,75 07:27.551,8,0,0,0,67301,0,0,0,N,0,0,0,1,67301,0,,4,1,130.0,N,N,N,0,,0,0,0,0,0,N,231,1,1,0,0,0,1,0,3,4,0,1,3,3.0,N,,,,,,,,,,,
2022043996,1058.0,0,0,0,0,0,0,0,0,0,2,0,,67,5,2022,4,39.9752,-75.1882,1000.0,6,0,0,0,0,0,0,1,0,,0,0,0.0,9,1,1,1,,0,39 58:30.584,,0,75 11:17.385,3,0,0,0,67301,0,0,0,N,0,0,0,2,67301,0,,1,9,,N,N,N,0,,1,0,2,3,2,,912,1,2,0,0,0,0,0,3,4,0,2,98,,N,,,,,,,,,,,
2022057017,1300.0,1,0,0,0,0,0,0,0,0,4,0,,67,6,2022,1,40.048,-75.0603,1254.0,6,0,0,0,0,0,0,0,0,,0,0,0.0,12,1,1,0,N,0,40 02:52.765,,7,75 03:37.252,3,0,0,0,67301,0,0,0,N,0,0,0,2,67301,0,,5,1,,N,N,N,0,,1,0,1,0,0,,1247,1,2,0,0,0,0,0,3,4,0,2,3,3.0,N,,,,,,,,,,,
2022049780,13.0,0,0,0,0,0,0,0,0,0,7,0,,67,5,2022,6,39.9178,-75.2175,11.0,6,0,0,0,1,0,0,0,0,,0,0,0.0,23,3,2,0,N,0,39 55:03.952,,0,75 13:02.844,3,0,0,0,67301,0,0,0,N,0,0,0,2,67301,0,,5,9,,N,N,N,0,,2,0,1,3,2,,2339,2,1,0,0,0,0,0,3,4,0,1,7,7.0,N,,,,,,,,,,,
2022049674,2110.0,2,0,0,0,0,0,0,0,0,4,0,,67,5,2022,1,39.9896,-75.1572,2106.0,6,0,0,0,0,0,0,0,0,,0,0,0.0,21,3,0,1,,2,39 59:22.506,7.0,0,75 09:26.013,9,0,0,0,67301,0,0,0,N,0,0,0,5,67301,0,,1,1,1100.0,N,N,N,0,,0,0,0,3,2,Y,2105,0,3,0,0,0,0,1,3,4,1,3,3,,N,,,,,,,,,,,
2022057756,925.0,2,0,0,0,0,0,0,0,0,1,0,,67,6,2022,3,40.0247,-75.0309,919.0,6,0,0,0,0,0,1,0,0,,0,0,0.0,9,1,1,2,,0,40 01:29.065,,0,75 01:51.302,3,0,0,0,67301,0,0,0,N,0,0,0,2,67301,0,,1,1,,N,N,N,0,,1,0,0,0,0,,915,1,2,0,0,0,0,0,3,4,0,2,3,3.0,N,,,,,,,,,,,
2022044983,2028.0,1,0,0,0,0,0,0,0,0,8,0,,67,5,2022,5,39.926,-75.2261,2028.0,6,0,0,0,0,0,0,0,0,,0,0,0.0,18,1,1,0,N,0,39 55:33.760,,0,75 13:33.840,4,0,0,0,67301,1,0,0,N,1,0,0,2,67301,1,,6,1,,N,N,N,0,,0,0,0,0,0,,1818,1,2,0,0,0,0,0,3,4,0,1,3,,N,,,,,,,,,,,
2022043893,150.0,1,0,0,0,0,0,0,0,0,7,0,,67,5,2022,7,39.904,-75.2401,145.0,6,0,0,0,0,0,0,0,0,,0,0,0.0,1,3,1,1,,0,39 54:14.563,,0,75 14:24.409,3,0,0,0,67301,0,0,0,N,0,0,0,1,67301,0,,3,9,,N,N,N,0,,1,0,0,3,2,,140,1,1,0,0,0,0,0,3,4,0,1,7,7.0,N,,,,,,,,,,,
2022057944,2311.0,1,0,0,0,0,0,0,0,0,5,0,,67,6,2022,3,39.9682,-75.1292,2311.0,6,0,0,0,1,0,1,0,0,,0,0,0.0,23,3,3,0,N,1,39 58:05.471,1.0,0,75 07:45.222,4,0,0,0,67301,0,0,0,N,0,0,0,3,68K01,3,,1,9,2322.0,N,N,N,0,,0,0,2,0,0,N,2310,3,3,0,0,0,0,0,3,4,0,3,7,,N,,,,,,,,,,,
2022043908,1328.0,1,0,0,0,0,0,0,0,0,4,0,,67,5,2022,4,40.0355,-75.1788,1322.0,6,0,0,0,0,0,0,0,1,,0,0,0.0,12,1,2,1,,0,40 02:07.785,,0,75 10:43.557,3,0,0,0,67301,0,0,0,N,0,0,0,4,67301,0,,1,1,,N,N,N,0,,2,0,1,3,2,,1212,2,2,0,0,0,0,2,3,4,0,2,4,4.0,N,,,,,,,,,,,
2022044046,1616.0,1,0,0,0,0,0,0,0,0,5,0,,67,5,2022,1,39.9953,-75.1156,1615.0,6,0,0,0,0,0,0,0,0,,0,0,0.0,16,1,0,0,N,0,39 59:43.040,,1,75 06:56.230,0,0,0,0,67301,0,0,0,N,0,0,0,1,67301,0,,6,1,,N,N,N,0,,0,0,0,0,0,,1614,0,2,0,0,1,0,0,3,4,1,2,3,3.0,N,,,,,,,,,,,
2022044981,1031.0,0,0,0,0,0,0,0,0,0,4,0,,67,5,2022,4,39.9234,-75.2317,1031.0,6,0,0,0,0,0,0,0,0,,0,0,0.0,21,3,1,1,,0,39 55:24.182,,0,75 13:54.217,3,0,0,0,67301,0,0,0,N,0,0,0,2,67301,0,,1,1,,N,N,N,1,,1,0,1,3,2,,2115,1,2,0,0,0,0,1,3,4,0,2,3,,N,,,,,,,,,,,
2022044107,49.0,2,0,0,0,0,0,0,0,0,4,0,,67,5,2022,6,40.0245,-75.1478,41.0,6,0,0,0,0,0,0,0,0,,0,0,0.0,0,3,3,1,,0,40 01:28.221,,0,75 08:52.104,2,0,0,0,67301,3,0,1,N,0,0,0,6,67301,0,,1,1,,N,N,Y,0,,2,1,1,3,2,,39,3,3,0,0,1,0,1,3,4,0,3,3,3.0,N,,,,,,,,,,,
2022056490,1335.0,1,0,0,0,0,0,0,0,0,4,1,,67,6,2022,6,40.0418,-75.1921,1307.0,6,0,0,1,0,0,0,0,0,,0,1,0.0,12,1,1,1,,1,40 02:30.603,7.0,0,75 11:31.679,4,0,0,0,67301,0,0,0,N,0,0,0,3,67301,1,,1,1,1300.0,N,N,N,0,,0,0,0,3,2,N,1236,1,2,0,0,0,0,0,3,4,0,2,3,,N,,,,,,,,,,,
2022046459,2255.0,1,0,0,0,0,0,0,0,0,4,0,,67,5,2022,5,40.0167,-75.0836,2250.0,6,0,0,0,0,0,0,0,0,,0,0,0.0,22,3,2,5,,0,40 01:00.493,,1,75 05:01.333,8,0,0,0,67301,0,0,0,N,0,0,0,2,67508,0,,1,1,,N,N,Y,0,,0,0,1,3,2,,2250,2,2,0,0,1,2,0,3,4,0,2,3,3.0,N,,,,,,,,,,,
2022043946,120.0,1,0,0,0,0,0,0,0,0,4,0,,67,5,2022,5,40.0218,-75.0941,110.0,6,0,0,0,0,0,0,0,0,,0,0,0.0,1,3,1,3,,0,40 01:18.641,,0,75 05:38.598,3,0,0,0,67301,0,0,0,N,0,0,0,2,67301,0,,1,1,,N,N,N,0,,1,0,0,3,2,,110,1,2,0,0,0,0,0,3,4,1,2,3,3.0,N,,,,,,,,,,,
2022044720,1937.0,0,0,0,0,0,0,0,0,0,0,0,,67,5,2022,4,40.0673,-75.0592,1932.0,6,0,0,0,0,0,1,0,0,,0,0,0.0,19,4,1,1,,0,40 04:02.287,,0,75 03:33.217,3,0,0,1,67301,0,0,0,N,0,0,0,1,67301,0,,1,1,,N,N,N,0,,1,0,0,3,3,,1931,1,1,0,0,0,0,0,3,4,0,1,3,3.0,N,,,,,,,,,,,
2022048471,1725.0,1,0,0,0,0,0,0,0,0,4,0,,67,5,2022,2,39.9701,-75.1304,1722.0,6,0,0,0,0,0,0,1,0,,0,0,0.0,17,1,0,1,,0,39 58:12.871,,0,75 07:49.819,9,0,0,0,67301,0,0,0,N,0,0,0,6,67301,0,,1,1,,N,N,N,0,,0,0,2,3,2,,1721,0,3,0,0,0,0,3,3,4,0,3,3,3.0,N,,,,,,,,,,,
2022061707,1529.0,1,0,0,0,0,0,0,0,0,8,0,,67,7,2022,3,40.0829,-75.037,1524.0,6,0,0,0,0,0,0,0,1,,0,0,0.0,14,1,1,0,N,0,40 04:58.430,,7,75 02:13.020,8,0,0,0,67301,1,0,0,N,1,0,0,2,67301,0,,6,1,,N,N,N,0,,0,0,0,0,0,,1455,1,2,0,0,1,1,0,3,4,0,1,3,3.0,N,,,,,,,,,,,
2022062127,334.0,1,0,0,0,0,0,0,0,0,7,0,,67,6,2022,4,39.9937,-75.1993,329.0,6,0,0,0,0,0,0,0,0,,0,0,0.0,3,3,0,0,N,2,39 59:37.293,4.0,0,75 11:57.631,9,0,0,0,67301,0,0,0,N,0,0,0,1,68K01,0,,4,1,410.0,N,N,N,0,,0,0,0,0,0,Y,329,0,1,0,0,0,0,1,3,4,0,1,3,3.0,N,,,,,,,,,,,