CRN,ARRIVAL_TM,AUTOMOBILE_COUNT,BELTED_DEATH_COUNT,BELTED_SUSP_SERIOUS_INJ_COUNT,BICYCLE_COUNT,BICYCLE_DEATH_COUNT,BICYCLE_SUSP_SERIOUS_INJ_COUNT,BUS_COUNT,CHLDPAS_DEATH_COUNT,CHLDPAS_SUSP_SERIOUS_INJ_COUNT,COLLISION_TYPE,COMM_VEH_COUNT,CONS_ZONE_SPD_LIM,COUNTY,CRASH_MONTH,CRASH_YEAR,DAY_OF_WEEK,DEC_LAT,DEC_LONG,DISPATCH_TM,DISTRICT,DRIVER_COUNT_16YR,DRIVER_COUNT_17YR,DRIVER_COUNT_18YR,DRIVER_COUNT_19YR,DRIVER_COUNT_20YR,DRIVER_COUNT_50_64YR,DRIVER_COUNT_65_74YR,DRIVER_COUNT_75PLUS,EST_HRS_CLOSED,FATAL_COUNT,HEAVY_TRUCK_COUNT,HORSE_BUGGY_COUNT,HOUR_OF_DAY,ILLUMINATION,INJURY_COUNT,INTERSECT_TYPE,INTERSECTION_RELATED,LANE_CLOSED,LATITUDE,LN_CLOSE_DIR,LOCATION_TYPE,LONGITUDE,MAX_SEVERITY_LEVEL,MCYCLE_DEATH_COUNT,MCYCLE_SUSP_SERIOUS_INJ_COUNT,MOTORCYCLE_COUNT,MUNICIPALITY,NONMOTR_COUNT,NONMOTR_DEATH_COUNT,NONMOTR_SUSP_SERIOUS_INJ_COUNT,NTFY_HIWY_MAINT,PED_COUNT,PED_DEATH_COUNT,PED_SUSP_SERIOUS_INJ_COUNT,PERSON_COUNT,POLICE_AGCY,POSSIBLE_INJ_COUNT,RDWY_SURF_TYPE_CD,RELATION_TO_ROAD,ROAD_CONDITION,ROADWAY_CLEARED,SCH_BUS_IND,SCH_ZONE_IND,SECONDARY_CRASH,SMALL_TRUCK_COUNT,SPEC_JURIS_CD,SUSP_MINOR_INJ_COUNT,SUSP_SERIOUS_INJ_COUNT,SUV_COUNT,TCD_FUNC_CD,TCD_TYPE,TFC_DETOUR_IND,TIME_OF_DAY,TOT_INJ_COUNT,TOTAL_UNITS,UNB_DEATH_COUNT,UNB_SUSP_SERIOUS_INJ_COUNT,UNBELTED_OCC_COUNT,UNK_INJ_DEG_COUNT,UNK_INJ_PER_COUNT,URBAN_AREA,URBAN_RURAL,VAN_COUNT,VEHICLE_COUNT,WEATHER1,WEATHER2,WORK_ZONE_IND,WORK_ZONE_LOC,WORK_ZONE_TYPE,WORKERS_PRES,WZ_CLOSE_DETOUR,WZ_FLAGGER,WZ_LAW_OFFCR_IND,WZ_LN_CLOSURE,WZ_MOVING,WZ_OTHER,WZ_SHLDER_MDN,WZ_WORKERS_INJ_KILLED
2022063088,1000.0,0,0,0,0,0,0,0,0,0,7,0,,67,6,2022,5,39.9798,-75.2252,954.0,6,0,0,0,0,0,0,1,0,,0,0,0.0,9,1,1,0,N,0,39 58:47.191,,0,75 13:30.682,3,0,0,0,67301,0,0,0,N,0,0,0,1,67301,0,,4,9,,N,N,N,0,,1,0,0,0,0,,949,1,1,0,0,0,0,0,3,4,1,1,7,4.0,N,,,,,,,,,,,
2022072201,1729.0,1,0,0,0,0,0,1,0,0,6,1,,67,7,2022,1,39.9396,-75.148,1729.0,6,0,0,0,0,0,0,0,0,,0,0,0.0,18,1,1,1,,0,39 56:22.680,,0,75 08:52.771,8,0,0,0,67301,0,0,0,N,0,0,0,2,67301,0,,1,1,,N,N,N,0,,0,0,0,0,0,,1810,1,2,0,0,1,1,0,3,4,0,2,3,,N,,,,,,,,,,,
2022061053,2003.0,2,0,0,0,0,0,0,0,0,4,0,,67,6,2022,4,40.0429,-75.15,2003.0,6,0,0,0,0,0,1,0,0,,0,0,0.0,20,1,0,1,,1,40 02:34.562,2.0,0,75 08:59.841,0,0,0,0,67301,0,0,0,N,0,0,0,3,67301,0,,1,1,2200.0,N,N,N,0,,0,0,0,3,3,N,2003,0,2,0,0,0,0,0,3,4,0,2,3,3.0,N,,,,,,,,,,,
2022060126,1804.0,2,0,0,0,0,0,0,0,0,1,0,,67,6,2022,1,40.024,-75.1596,1804.0,6,0,0,0,0,0,0,0,0,,0,0,0.0,17,1,1,1,,0,40 01:26.350,,0,75 09:34.481,3,0,0,0,67301,0,0,0,N,0,0,0,3,67301,0,,1,1,,N,N,N,0,,1,0,0,3,2,,1750,1,2,0,0,0,0,0,3,4,0,2,3,98.0,N,,,,,,,,,,,
2022072495,1705.0,1,0,0,1,0,0,0,0,0,5,0,,67,8,2022,2,39.9316,-75.2258,1654.0,6,0,0,0,0,0,0,0,0,,0,0,0.0,16,1,1,0,N,0,39 55:53.670,,0,75 13:32.880,4,0,0,0,67301,1,0,0,N,0,0,0,1,67301,1,,1,1,,N,N,N,0,,0,0,0,0,0,,1651,1,2,0,0,0,0,0,3,4,0,1,3,,N,,,,,,,,,,,
2022060115,1500.0,1,0,0,0,0,0,0,0,0,4,0,,67,6,2022,1,40.0242,-75.1328,1500.0,6,0,0,0,0,0,0,0,0,,0,0,0.0,3,6,0,5,,0,40 01:26.931,,0,75 07:59.528,0,0,0,0,67301,0,0,0,N,0,0,0,2,67301,0,,1,99,,N,N,N,0,,0,0,0,3,2,,300,0,2,0,0,0,0,0,3,4,0,2,99,,N,,,,,,,,,,,
2022061464,50.0,1,0,0,0,0,0,0,0,0,1,0,,67,7,2022,7,40.0275,-75.0991,43.0,6,0,0,0,0,0,1,0,0,,0,0,0.0,0,3,0,1,,2,40 01:39.097,1.0,0,75 05:56.781,0,0,0,0,67301,0,0,0,N,0,0,0,2,67301,0,,1,1,130.0,N,N,N,0,,0,0,1,3,2,N,30,0,2,0,0,0,0,0,3,4,0,2,3,3.0,N,,,,,,,,,,,
2022073713,211.0,0,0,0,0,0,0,0,0,0,7,0,,67,8,2022,4,40.0179,-75.1664,203.0,6,0,0,0,0,0,0,1,0,,0,0,0.0,2,2,0,6,,0,40 01:04.468,,7,75 09:58.894,0,0,0,0,67301,0,0,0,N,0,0,0,1,67301,0,,4,1,,N,N,N,1,,0,0,0,0,0,,200,0,1,0,0,1,0,0,3,4,0,1,3,3.0,N,,,,,,,,,,,
2022066839,1416.0,1,0,0,0,0,0,0,0,0,7,0,,67,6,2022,7,39.8915,-75.2228,1414.0,6,0,0,0,0,0,0,0,0,,0,0,0.0,14,1,1,0,N,0,39 53:29.232,,3,75 13:22.177,3,0,0,0,67301,0,0,0,N,0,0,0,1,68K01,0,,2,1,,N,N,N,0,,1,0,0,0,0,,1414,1,2,0,0,0,0,0,3,4,0,1,3,,N,,,,,,,,,,,
2022093801,1625.0,0,0,0,0,0,0,0,0,0,8,0,,67,10,2022,2,40.0709,-74.9857,1621.0,6,0,0,0,0,0,0,0,1,,0,0,0.0,16,1,1,0,N,0,40 04:15.070,,0,74 59:08.630,8,0,0,0,67301,1,0,0,N,1,0,0,2,67301,0,,1,1,,N,N,N,0,,0,0,0,0,0,,1605,1,2,0,0,0,1,0,3,4,1,1,3,3.0,N,,,,,,,,,,,
2022063331,2300.0,0,0,0,0,0,0,0,0,0,5,0,,67,7,2022,7,39.9576,-75.2234,2253.0,6,0,0,0,0,0,1,0,0,,0,0,0.0,22,3,0,0,N,2,39 57:27.490,4.0,0,75 13:24.100,0,0,0,0,67301,0,0,0,N,0,0,0,1,67301,0,,6,1,49.0,N,N,N,0,,0,0,1,0,0,N,2253,0,2,0,0,0,0,0,3,4,1,2,4,4.0,N,,,,,,,,,,,
2022072778,727.0,1,0,0,0,0,0,0,0,0,7,0,,67,5,2022,2,39.8991,-75.1725,648.0,6,0,0,0,0,0,0,0,0,,0,0,0.0,6,1,0,0,N,0,39 53:56.669,,8,75 10:21.099,9,0,0,0,67301,0,0,0,N,0,0,0,1,68K01,0,,4,1,,N,N,N,0,,0,0,0,0,0,,647,0,1,0,0,0,0,1,3,4,0,1,3,,N,,,,,,,,,,,
2022060001,1339.0,3,0,0,0,0,0,0,0,0,5,0,,67,6,2022,1,40.0465,-75.0832,1329.0,6,0,0,0,0,0,0,0,0,,0,0,0.0,13,1,1,0,N,0,40 02:47.300,,0,75 04:59.440,4,0,0,0,67301,0,0,0,N,0,0,0,1,67301,1,,6,1,,N,N,Y,0,,0,0,0,0,0,,1318,1,3,0,0,0,0,0,3,4,0,3,3,,N,,,,,,,,,,,
2022060685,143.0,0,0,0,0,0,0,0,0,0,7,0,,67,6,2022,5,40.0004,-75.1561,142.0,6,0,0,1,0,0,0,0,0,,0,0,0.0,1,3,0,0,N,1,40 00:01.360,4.0,0,75 09:21.810,0,0,0,0,67301,0,0,0,N,0,0,0,1,67301,0,,4,1,503.0,N,N,N,0,,0,0,1,0,0,N,142,0,2,0,0,1,0,0,3,4,1,2,3,3.0,N,,,,,,,,,,,
2022072290,1350.0,2,0,0,0,0,0,0,0,0,4,0,,67,8,2022,2,39.9719,-75.1487,1339.0,6,0,0,0,0,0,0,0,0,,0,0,0.0,10,1,1,1,,0,39 58:18.717,,0,75 08:55.168,3,0,0,0,67301,0,0,0,N,0,0,0,1,67301,0,,1,1,,N,N,N,0,,1,0,0,3,3,,1045,1,2,0,0,1,0,0,3,4,0,2,3,4.0,N,,,,,,,,,,,
2022072277,751.0,2,0,0,0,0,0,0,0,0,4,0,,67,8,2022,2,39.9932,-75.1069,749.0,6,0,0,0,0,0,0,0,0,,0,0,0.0,7,1,0,1,,1,39 59:35.462,4.0,0,75 06:24.911,9,0,0,0,67301,0,0,0,N,0,0,0,2,67301,0,,1,1,820.0,N,N,N,0,,0,0,0,3,3,N,747,0,3,0,0,0,0,1,3,4,1,3,4,4.0,N,,,,,,,,,,,
2022072197,1206.0,0,0,0,1,0,0,0,0,0,4,0,,67,8,2022,4,40.0482,-75.0606,1203.0,6,0,0,0,0,0,0,0,0,,0,0,0.0,21,3,1,0,N,9,40 02:53.350,,0,75 03:38.276,8,0,0,0,67301,1,0,0,N,0,0,0,1,67301,0,,1,1,,N,N,N,0,,0,0,1,0,0,,2130,1,2,0,0,0,1,0,3,4,0,1,3,3.0,N,,,,,,,,,,,
2022069586,58.0,1,0,0,0,0,0,0,0,0,1,0,,67,6,2022,2,39.8918,-75.1983,47.0,6,0,0,0,0,0,0,0,0,,0,0,0.0,0,3,0,0,N,1,39 53:30.464,1.0,3,75 11:53.997,0,0,0,0,67301,0,0,0,N,0,0,0,3,68K01,0,,2,1,140.0,N,N,N,0,,0,0,1,0,0,N,45,0,3,0,0,0,0,0,3,4,1,3,3,,N,,,,,,,,,,,
2022072226,1645.0,1,0,0,0,0,0,1,0,0,4,1,,67,4,2022,6,39.9389,-75.2298,1639.0,6,0,0,0,0,0,0,1,0,,0,0,0.0,15,1,4,1,,0,39 56:20.000,,0,75 13:47.150,3,0,0,0,67301,0,0,0,N,0,0,0,5,67301,0,,1,1,,Y,N,N,0,,4,0,1,3,3,,1546,4,3,0,0,0,0,0,3,4,0,3,3,98.0,N,,,,,,,,,,,
2022072256,540.0,2,0,0,0,0,0,0,0,0,4,0,,67,8,2022,4,39.9497,-75.227,539.0,6,0,0,0,0,0,0,0,0,,0,0,0.0,5,1,0,1,,0,39 56:58.861,,0,75 13:37.260,0,0,0,0,67301,0,0,0,N,0,0,0,2,67301,0,,1,1,,N,N,N,0,,0,0,0,0,0,,539,0,2,0,0,0,0,0,3,4,0,2,3,3.0,N,,,,,,,,,,,
2022073665,1210.0,2,0,0,0,0,0,0,0,0,4,0,,67,8,2022,4,39.983,-75.1014,1210.0,6,0,0,0,0,0,0,1,0,,0,0,0.0,11,1,3,1,,1,39 58:58.706,3.0,0,75 06:05.180,3,0,0,0,67301,0,0,0,N,0,0,0,4,67301,0,,1,1,1256.0,N,N,N,0,,3,0,0,3,2,N,1120,3,2,0,0,0,0,0,3,4,0,2,3,3.0,N,,,,,,,,,,,
2022073830,203.0,1,0,0,0,0,0,0,0,0,5,0,,67,8,2022,6,39.974,-75.2046,201.0,6,0,0,0,0,0,0,0,0,,0,0,0.0,1,3,1,0,N,2,39 58:26.564,6.0,0,75 12:16.419,3,0,0,0,67301,0,0,0,N,0,0,0,1,67301,0,,3,1,330.0,N,N,N,1,,1,0,1,0,0,Y,155,1,3,0,0,0,0,0,3,4,0,3,3,3.0,N,,,,,,,,,,,
2022057701,,1,0,0,0,0,0,0,0,0,1,0,,67,5,2022,7,40.031,-75.0218,,6,0,0,0,0,0,0,0,0,,0,0,0.0,12,1,1,0,N,0,40 01:51.596,,3,75 01:18.318,8,0,0,0,67301,0,0,0,N,0,0,0,2,00000,0,,1,1,,,,N,0,,0,0,1,0,0,,1230,1,2,0,0,0,1,0,3,4,0,2,3,,N,,,,,,,,,,,
2022063089,831.0,0,0,0,0,0,0,0,0,0,4,0,,67,6,2022,6,39.9781,-75.2142,831.0,6,0,0,0,0,0,0,0,0,,0,0,0.0,8,1,3,0,N,1,39 58:41.035,4.0,0,75 12:51.167,3,0,0,0,67301,0,0,0,N,0,0,0,3,67301,1,,1,1,1050.0,N,N,N,0,,2,0,2,0,0,N,831,3,2,0,0,2,0,0,3,4,0,2,3,,N,,,,,,,,,,,
2022072274,1919.0,2,0,0,0,0,0,0,0,0,4,0,,67,7,2022,7,39.9915,-75.1008,1906.0,6,0,0,0,0,0,0,0,0,,0,0,0.0,19,4,0,0,N,1,39 59:29.314,2.0,0,75 06:02.830,0,0,0,0,67301,0,0,0,N,0,0,0,2,67301,0,,1,1,15.0,N,N,N,0,,0,0,0,0,0,N,1905,0,2,0,0,0,0,0,3,4,0,2,3,3.0,N,,,,,,,,,,,
2022072239,613.0,1,0,0,0,0,0,0,0,0,7,0,,67,8,2022,1,40.0391,-75.1844,609.0,6,0,0,0,0,0,0,0,0,,0,0,0.0,5,5,1,0,N,0,40 02:20.730,,0,75 11:03.970,2,0,0,0,67301,0,0,0,N,0,0,0,1,67301,0,,4,1,,N,N,N,0,,0,1,0,0,0,,540,1,1,0,1,1,0,0,3,4,0,1,3,,N,,,,,,,,,,,
2022068780,325.0,1,0,0,0,0,0,0,0,0,4,0,,67,6,2022,7,39.9945,-75.1593,318.0,6,0,0,0,0,0,0,0,0,,0,0,0.0,3,3,2,1,,0,39 59:40.391,,0,75 09:33.775,3,0,0,0,67301,0,0,0,N,0,0,0,3,67301,0,,1,1,,N,N,N,0,,2,0,1,3,2,,300,2,2,0,0,0,0,0,3,4,0,2,3,,N,,,,,,,,,,,
2022060113,1400.0,2,0,0,0,0,0,0,0,0,1,0,,67,6,2022,7,40.0475,-75.1428,1400.0,6,0,0,0,0,0,0,0,0,,0,0,0.0,3,6,1,1,,0,40 02:51.013,,0,75 08:34.447,8,0,0,0,67301,0,0,0,N,0,0,0,3,67301,0,,1,99,,N,N,N,0,,0,0,0,3,2,,314,1,2,0,0,1,1,2,3,4,0,2,99,,N,,,,,,,,,,,
2022060116,1950.0,1,0,0,0,0,0,0,0,0,4,0,,67,6,2022,3,40.0274,-75.1335,1950.0,6,0,0,0,0,0,0,0,1,,0,0,0.0,19,4,0,1,,0,40 01:38.672,,0,75 08:00.625,0,0,0,0,67301,0,0,0,N,0,0,0,2,67301,0,,1,1,,N,N,N,0,,0,0,2,3,3,,1916,0,3,0,0,0,0,0,3,4,0,3,3,,N,,,,,,,,,,,
2022060802,945.0,1,0,0,0,0,0,0,0,0,4,0,,67,6,2022,5,40.0845,-74.9737,940.0,6,0,0,0,0,1,0,0,0,,0,0,0.0,9,1,1,1,,0,40 05:04.128,,0,74 58:25.148,3,0,0,0,67301,0,0,0,N,0,0,0,2,67301,0,,1,1,,N,N,N,0,,1,0,1,3,1,,930,1,2,0,0,0,0,0,3,4,0,2,3,3.0,N,,,,,,,,,,,
2022060153,1421.0,1,0,0,0,0,0,0,0,0,8,0,,67,6,2022,3,39.9914,-75.1552,1419.0,6,0,0,0,0,0,0,0,0,,0,0,0.0,14,1,4,1,,1,39 59:21.740,4.0,0,75 09:19.962,8,0,0,0,67301,4,0,0,N,4,0,0,5,67301,0,,1,1,1510.0,N,N,N,0,,0,0,0,3,2,Y,1419,4,5,0,0,0,4,0,3,4,0,1,3,3.0,N,,,,,,,,,,,
2022060104,2055.0,2,0,0,0,0,0,0,0,0,4,0,,67,6,2022,2,39.9888,-75.1244,2051.0,6,0,0,0,0,0,0,0,0,,0,0,0.0,20,3,0,2,,0,39 59:19.628,,0,75 07:27.958,0,0,0,0,67301,0,0,0,N,0,0,0,2,67301,0,,1,1,,N,N,N,0,,0,0,0,3,3,,2044,0,2,0,0,0,0,0,3,4,0,2,3,3.0,N,,,,,,,,,,,
2022060123,1815.0,1,0,0,0,0,0,0,0,0,4,0,,67,6,2022,6,40.0146,-75.1567,1814.0,6,0,0,0,0,0,1,0,0,,0,0,0.0,17,1,3,1,,0,40 00:52.752,,0,75 09:24.063,8,0,0,0,67301,0,0,0,N,0,0,0,3,67301,0,,1,1,,N,Y,N,0,,0,0,0,3,2,,1740,3,2,0,0,0,3,0,3,4,1,2,3,3.0,N,,,,,,,,,,,
2022060687,1640.0,0,0,0,0,0,0,0,0,0,4,0,,67,6,2022,4,40.0287,-75.2055,1638.0,6,0,0,0,0,0,2,0,0,,0,0,0.0,16,1,1,1,,0,40 01:43.143,,0,75 12:20.140,8,0,0,1,67301,0,0,0,N,0,0,0,2,67301,0,,1,1,,N,N,N,0,,0,0,1,3,2,,1636,1,2,0,0,0,1,0,3,4,0,2,3,3.0,N,,,,,,,,,,,
2022066838,1552.0,2,0,0,0,0,0,0,0,0,1,0,,67,6,2022,6,39.9055,-75.1496,1543.0,6,0,0,0,0,0,0,0,0,,0,0,0.0,15,1,0,0,N,0,39 54:19.950,,8,75 08:58.649,9,0,0,0,67301,0,0,0,N,0,0,0,3,68K01,0,,1,1,,N,N,N,0,,0,0,0,0,0,,1540,0,3,0,0,0,0,1,3,4,0,3,3,3.0,N,,,,,,,,,,,
2022060466,920.0,1,0,0,0,0,0,0,0,0,3,0,,67,6,2022,3,39.946,-75.1556,915.0,6,0,0,0,0,0,1,0,0,,0,0,0.0,9,1,0,0,N,0,39 56:45.600,,0,75 09:20.000,0,0,0,0,67301,0,0,0,N,0,0,0,2,67301,0,,1,1,,N,N,N,0,,0,0,0,0,0,,900,0,2,0,0,0,0,0,3,4,1,2,3,3.0,N,,,,,,,,,,,
2022093390,228.0,1,0,0,0,0,0,0,0,0,7,0,,67,10,2022,7,39.958,-75.1632,228.0,6,0,0,0,0,0,0,0,0,,0,0,0.0,2,3,0,0,N,0,39 57:28.954,,0,75 09:47.441,0,0,0,0,67301,0,0,0,N,0,0,0,1,68K01,0,,2,1,,N,N,N,0,,0,0,0,0,0,,223,0,1,0,0,1,0,0,3,4,0,1,3,,N,,,,,,,,,,,
2022094880,101.0,3,0,0,0,0,0,0,0,0,1,0,,67,10,2022,5,40.028,-75.11,56.0,6,0,0,0,0,0,0,0,0,,0,0,0.0,0,3,0,2,,2,40 01:40.967,4.0,0,75 06:36.138,0,0,0,0,67301,0,0,0,N,0,0,0,4,67301,0,,1,1,145.0,N,N,N,0,,0,0,0,3,2,N,55,0,3,0,0,2,0,0,3,4,0,3,4,4.0,N,,,,,,,,,,,
2022060173,1945.0,1,0,0,0,0,0,0,0,0,4,0,,67,6,2022,6,39.9819,-75.239,1800.0,6,0,0,0,0,0,0,0,0,,0,0,0.0,18,1,0,1,,0,39 58:55.028,,0,75 14:20.537,0,0,0,0,67301,0,0,0,N,0,0,0,2,67301,0,,1,1,,N,N,N,0,,0,0,0,3,2,,1800,0,2,0,0,0,0,0,3,4,0,2,3,3.0,N,,,,,,,,,,,
2022072588,1531.0,1,0,0,0,0,0,0,0,0,8,0,,67,5,2022,3,39.9965,-75.1135,1531.0,6,0,0,0,0,0,0,0,0,,0,0,0.0,15,1,1,1,,0,39 59:47.227,,0,75 06:48.563,3,0,0,0,67301,1,0,0,N,1,0,0,2,67301,0,,1,1,,N,N,N,0,,1,0,0,3,2,,1530,1,2,0,0,0,0,1,3,4,0,1,3,4.0,N,,,,,,,,,,,
2022060010,1003.0,2,0,0,0,0,0,0,0,0,4,0,,67,6,2022,7,40.0641,-75.2396,959.0,6,0,0,0,0,0,0,0,1,,0,0,0.0,9,1,0,1,,0,40 03:50.880,,0,75 14:22.409,9,0,0,0,67301,0,0,0,N,0,0,0,3,67301,0,,1,1,,N,N,N,0,,0,0,0,3,2,,950,0,2,0,0,0,0,3,3,4,0,2,3,3.0,N,,,,,,,,,,,
2022068206,115.0,3,0,0,0,0,0,0,0,0,1,0,,67,7,2022,7,39.9619,-75.1829,109.0,6,0,0,0,0,0,1,0,0,,0,0,0.0,0,3,2,0,N,2,39 57:42.878,3.0,3,75 10:58.294,2,0,0,0,67301,2,0,2,N,2,0,2,8,68K01,0,,2,1,200.0,N,N,N,0,,0,2,1,0,0,N,55,2,6,0,0,2,0,0,3,4,0,4,3,,N,,,,,,,,,,,
2022060024,1609.0,1,0,0,0,0,0,0,0,0,5,0,,67,6,2022,1,40.0994,-74.9731,1558.0,6,0,0,0,0,0,0,1,0,,0,0,0.0,15,1,0,0,N,0,40 05:57.800,,0,74 58:23.000,0,0,0,0,67301,0,0,0,N,0,0,0,1,67301,0,,6,1,,N,N,N,0,,0,0,1,0,0,,1530,0,2,0,0,0,0,0,3,4,0,2,3,3.0,N,,,,,,,,,,,
2022060370,238.0,1,0,0,0,0,0,0,0,0,5,0,,67,6,2022,4,39.9479,-75.1425,234.0,6,0,0,0,0,0,0,0,0,,0,0,0.0,2,3,1,0,N,1,39 56:52.370,1.0,0,75 08:33.100,3,0,0,0,67301,0,0,0,N,0,0,0,1,67301,0,,6,1,339.0,N,N,N,0,,1,0,1,0,0,N,233,1,2,0,0,0,0,0,3,4,0,2,3,3.0,N,,,,,,,,,,,
2022072563,20.0,1,0,0,0,0,0,1,0,0,4,1,,67,8,2022,2,39.9528,-75.1669,17.0,6,0,0,0,0,0,0,0,0,,0,0,0.0,0,3,1,1,,0,39 57:10.026,,0,75 10:00.661,3,0,0,0,67301,0,0,0,N,0,0,0,2,67301,0,,1,1,,N,N,N,0,,1,0,0,3,2,,15,1,2,0,0,0,0,0,3,4,0,2,3,3.0,N,,,,,,,,,,,
2022061576,1425.0,1,0,0,0,0,0,0,0,0,8,0,,67,7,2022,6,39.9823,-75.2268,1422.0,6,0,0,0,0,0,0,1,0,,0,0,0.0,14,1,1,0,N,0,39 58:56.200,,0,75 13:36.340,3,0,0,0,67301,1,0,0,N,1,0,0,2,67301,0,,1,1,,N,N,N,0,,1,0,0,0,0,,1421,1,2,0,0,0,0,0,3,4,0,1,3,3.0,N,,,,,,,,,,,
2022093134,1930.0,0,0,0,0,0,0,0,0,0,1,0,,67,10,2022,2,40.0396,-75.0458,1922.0,6,0,0,0,0,0,1,0,0,,0,0,0.0,17,1,1,1,,0,40 02:22.384,,0,75 02:44.945,3,0,0,0,67301,0,0,0,N,0,0,0,2,67301,0,,1,9,,N,N,N,0,,1,0,2,0,0,,1735,1,2,0,0,0,0,1,3,4,0,2,7,,N,,,,,,,,,,,
2022093809,45.0,2,0,0,0,0,0,0,0,0,2,0,,67,10,2022,2,39.893,-75.2402,40.0,6,0,0,1,0,0,0,0,0,,0,0,0.0,0,3,3,0,N,2,39 53:34.646,3.0,0,75 14:24.698,3,0,0,0,67301,0,0,0,N,0,0,0,4,67301,0,,1,1,330.0,N,N,N,0,,3,0,0,3,2,Y,17,3,2,0,0,0,0,0,3,4,0,2,3,3.0,N,,,,,,,,,,,
2022060120,1013.0,1,0,0,0,0,0,0,0,0,4,0,,67,6,2022,5,40.0243,-75.1613,1012.0,6,0,0,0,0,0,1,0,0,,0,0,0.0,10,1,4,1,,0,40 01:27.530,,0,75 09:40.561,3,0,0,0,67301,0,0,0,N,0,0,0,4,67301,2,,1,9,,N,N,N,0,,2,0,1,3,3,,1001,4,2,0,0,0,0,0,3,4,0,2,7,4.0,N,,,,,,,,,,,
2022072812,311.0,1,0,0,0,0,0,0,0,0,1,0,,67,7,2022,4,40.0063,-75.1972,307.0,6,0,0,0,0,0,0,0,0,,0,0,0.0,3,2,4,0,N,1,40 00:22.676,4.0,0,75 11:49.812,3,0,0,0,67301,0,0,0,N,0,0,0,4,68K01,0,,1,1,400.0,N,N,N,0,,4,0,1,0,0,N,303,4,2,0,0,1,0,0,3,4,0,2,3,3.0,N,,,,,,,,,,,
2022072296,1335.0,1,0,0,0,0,0,0,0,0,5,1,,67,4,2022,6,39.9991,-75.1668,1328.0,6,0,0,0,0,0,0,0,0,,0,1,0.0,13,1,1,0,N,0,39 59:56.900,,0,75 10:00.600,3,0,0,0,67301,2,0,0,N,0,0,0,3,67301,0,,6,1,,N,N,N,0,,1,0,0,0,0,,1302,1,2,0,0,0,0,0,3,4,0,2,3,3.0,N,,,,,,,,,,,
2022060124,2314.0,1,0,0,0,0,0,0,0,0,4,0,,67,6,2022,6,40.0037,-75.1771,2312.0,6,0,0,0,0,0,0,0,0,,0,0,0.0,21,3,1,2,,0,40 00:13.392,,0,75 10:37.626,3,0,0,0,67301,0,0,0,N,0,0,0,2,67301,0,,1,1,,N,N,N,0,,1,0,1,3,3,,2100,1,2,0,0,0,0,1,3,4,0,2,3,3.0,N,,,,,,,,,,,
2022073268,1647.0,2,0,0,0,0,0,0,0,0,1,0,,67,7,2022,6,40.0362,-75.0162,1601.0,6,0,0,0,0,0,0,0,0,,0,0,0.0,15,1,0,0,N,0,40 02:10.362,,0,75 00:58.495,0,0,0,0,67301,0,0,0,N,0,0,0,2,68K01,0,,1,1,,N,N,N,0,,0,0,0,0,0,,1557,0,2,0,0,0,0,0,3,4,0,2,3,3.0,N,,,,,,,,,,,
2022072603,1405.0,1,0,0,0,0,0,0,0,0,8,0,,67,5,2022,2,39.9952,-75.1158,1325.0,6,0,0,0,0,0,0,0,0,,0,0,0.0,13,1,1,5,,0,39 59:42.687,,1,75 06:56.840,8,0,0,0,67301,1,0,0,N,1,0,0,2,67301,0,,1,9,,N,N,N,0,,0,0,0,3,2,,1313,1,2,0,0,1,1,0,3,4,0,1,7,7.0,N,,,,,,,,,,,
2022072248,1146.0,1,0,0,0,0,0,0,0,0,7,0,,67,8,2022,6,40.0121,-75.0693,1146.0,6,0,0,0,0,0,0,0,0,,0,0,0.0,11,1,1,0,N,1,40 00:43.570,1.0,0,75 04:09.639,4,0,0,0,67301,0,0,0,N,0,0,0,1,67301,1,,5,1,1237.0,N,N,N,0,,0,0,0,0,0,Y,1145,1,1,0,0,0,0,0,3,4,0,1,4,,N,,,,,,,,,,,
2022093778,2249.0,1,0,0,0,0,0,0,0,0,5,0,,67,10,2022,2,40.0122,-75.0595,2238.0,6,0,0,0,0,0,0,0,0,,0,0,0.0,22,3,0,0,N,0,40 00:43.885,,0,75 03:34.147,9,0,0,0,67301,0,0,0,N,0,0,0,2,68K01,0,,1,1,,N,N,N,0,,0,0,0,0,0,,2224,0,2,0,0,0,0,1,3,4,0,2,3,3.0,N,,,,,,,,,,,
2022093068,958.0,0,0,0,0,0,0,0,0,0,5,0,,67,10,2022,7,40.0587,-75.1863,957.0,6,0,0,0,0,0,0,0,0,,0,0,0.0,9,1,1,1,,0,40 03:31.170,,0,75 11:10.567,4,0,0,0,67301,0,0,0,N,0,0,0,1,67301,1,,1,1,,N,N,N,0,,0,0,2,3,3,,940,1,2,0,0,0,0,0,3,4,0,2,3,,N,,,,,,,,,,,
2022072816,615.0,0,0,0,0,0,0,0,0,0,7,1,,67,7,2022,7,40.0457,-74.9998,610.0,6,0,0,0,0,0,0,0,0,,0,1,0.0,6,1,1,0,N,1,40 02:44.609,1.0,2,74 59:59.210,8,0,0,0,67301,0,0,0,Y,0,0,0,2,68K01,0,,2,1,1000.0,N,N,N,0,,0,0,0,0,0,N,606,1,1,0,0,0,1,0,3,4,0,1,3,3.0,N,,,,,,,,,,,