CRN,ARRIVAL_TM,AUTOMOBILE_COUNT,BELTED_DEATH_COUNT,BELTED_SUSP_SERIOUS_INJ_COUNT,BICYCLE_COUNT,BICYCLE_DEATH_COUNT,BICYCLE_SUSP_SERIOUS_INJ_COUNT,BUS_COUNT,CHLDPAS_DEATH_COUNT,CHLDPAS_SUSP_SERIOUS_INJ_COUNT,COLLISION_TYPE,COMM_VEH_COUNT,CONS_ZONE_SPD_LIM,COUNTY,CRASH_MONTH,CRASH_YEAR,DAY_OF_WEEK,DEC_LAT,DEC_LONG,DISPATCH_TM,DISTRICT,DRIVER_COUNT_16YR,DRIVER_COUNT_17YR,DRIVER_COUNT_18YR,DRIVER_COUNT_19YR,DRIVER_COUNT_20YR,DRIVER_COUNT_50_64YR,DRIVER_COUNT_65_74YR,DRIVER_COUNT_75PLUS,EST_HRS_CLOSED,FATAL_COUNT,HEAVY_TRUCK_COUNT,HORSE_BUGGY_COUNT,HOUR_OF_DAY,ILLUMINATION,INJURY_COUNT,INTERSECT_TYPE,INTERSECTION_RELATED,LANE_CLOSED,LATITUDE,LN_CLOSE_DIR,LOCATION_TYPE,LONGITUDE,MAX_SEVERITY_LEVEL,MCYCLE_DEATH_COUNT,MCYCLE_SUSP_SERIOUS_INJ_COUNT,MOTORCYCLE_COUNT,MUNICIPALITY,NONMOTR_COUNT,NONMOTR_DEATH_COUNT,NONMOTR_SUSP_SERIOUS_INJ_COUNT,NTFY_HIWY_MAINT,PED_COUNT,PED_DEATH_COUNT,PED_SUSP_SERIOUS_INJ_COUNT,PERSON_COUNT,POLICE_AGCY,POSSIBLE_INJ_COUNT,RDWY_SURF_TYPE_CD,RELATION_TO_ROAD,ROAD_CONDITION,ROADWAY_CLEARED,SCH_BUS_IND,SCH_ZONE_IND,SECONDARY_CRASH,SMALL_TRUCK_COUNT,SPEC_JURIS_CD,SUSP_MINOR_INJ_COUNT,SUSP_SERIOUS_INJ_COUNT,SUV_COUNT,TCD_FUNC_CD,TCD_TYPE,TFC_DETOUR_IND,TIME_OF_DAY,TOT_INJ_COUNT,TOTAL_UNITS,UNB_DEATH_COUNT,UNB_SUSP_SERIOUS_INJ_COUNT,UNBELTED_OCC_COUNT,UNK_INJ_DEG_COUNT,UNK_INJ_PER_COUNT,URBAN_AREA,URBAN_RURAL,VAN_COUNT,VEHICLE_COUNT,WEATHER1,WEATHER2,WORK_ZONE_IND,WORK_ZONE_LOC,WORK_ZONE_TYPE,WORKERS_PRES,WZ_CLOSE_DETOUR,WZ_FLAGGER,WZ_LAW_OFFCR_IND,WZ_LN_CLOSURE,WZ_MOVING,WZ_OTHER,WZ_SHLDER_MDN,WZ_WORKERS_INJ_KILLED
2022060695,1150.0,1,0,0,0,0,0,0,0,0,4,0,,67,6,2022,2,40.0625,-75.0094,1142.0,6,0,0,0,0,0,0,0,0,,0,0,0.0,11,1,1,1,,0,40 03:45.334,,0,75 00:34.383,3,0,0,0,67301,0,0,0,N,0,0,0,2,67301,0,,1,1,,N,N,N,0,,1,0,1,3,2,,1141,1,2,0,0,0,0,0,3,4,0,2,4,4.0,N,,,,,,,,,,,
2022073284,1224.0,2,0,0,0,0,0,0,0,0,1,0,,67,7,2022,7,40.0163,-75.0515,1224.0,6,0,0,0,0,0,0,0,0,,0,0,0.0,11,1,1,0,N,0,40 00:58.670,,0,75 03:05.237,3,0,0,0,67301,0,0,0,N,0,0,0,4,68K01,0,,1,1,,N,N,Y,0,,1,0,0,0,0,,1159,1,2,0,0,0,0,0,3,4,0,2,3,3.0,N,,,,,,,,,,,
2022060705,1929.0,1,0,0,0,0,0,0,0,0,1,0,,67,6,2022,5,40.0171,-75.0898,1921.0,6,0,0,0,0,0,0,0,0,,0,0,0.0,18,1,0,0,N,0,40 01:01.540,,0,75 05:23.400,0,0,0,0,67301,0,0,0,N,0,0,0,1,67301,0,,6,1,,N,N,N,0,,0,0,1,0,0,,1815,0,2,0,0,0,0,0,3,4,0,2,3,3.0,N,,,,,,,,,,,
2022060172,1955.0,0,0,0,0,0,0,0,0,0,8,0,,67,6,2022,6,39.9753,-75.2494,1953.0,6,0,0,0,0,0,0,1,0,,0,0,0.0,19,1,1,0,N,0,39 58:30.950,,0,75 14:57.750,8,0,0,0,67301,1,0,0,N,1,0,0,2,67301,0,,1,1,,N,N,N,0,,0,0,1,0,0,,1941,1,2,0,0,1,1,0,3,4,0,1,3,3.0,N,,,,,,,,,,,
2022061506,1836.0,0,0,0,0,0,0,0,0,0,5,0,,67,7,2022,6,40.0779,-74.9852,1832.0,6,0,0,0,0,0,0,0,0,,0,0,0.0,18,1,0,0,N,0,40 04:40.340,,0,74 59:06.770,0,0,0,0,67301,0,0,0,N,0,0,0,1,67301,0,,6,1,,N,N,N,0,,0,0,2,0,0,,1828,0,2,0,0,0,0,0,3,4,0,2,3,3.0,N,,,,,,,,,,,
2022072590,1255.0,3,0,0,0,0,0,0,0,0,1,0,,67,6,2022,6,40.0144,-75.1051,1247.0,6,0,0,0,0,0,0,0,0,,0,0,0.0,0,3,0,0,N,0,40 00:51.670,,0,75 06:18.420,0,0,0,0,67301,0,0,0,N,0,0,0,1,67301,0,,6,1,,N,N,N,0,,0,0,0,0,0,,46,0,3,0,0,1,0,0,3,4,0,3,3,3.0,N,,,,,,,,,,,
2022060062,25.0,0,0,0,0,0,0,0,0,0,8,0,,67,6,2022,1,39.9585,-75.2252,21.0,6,0,0,0,0,0,0,0,0,,0,0,0.0,23,3,1,1,,0,39 57:30.470,,0,75 13:30.671,4,0,0,0,67301,1,0,0,N,1,0,0,2,67301,1,,1,1,,N,N,N,0,,0,0,0,3,2,,2344,1,2,0,0,0,0,0,3,4,0,1,3,3.0,N,,,,,,,,,,,
2022072614,1318.0,0,0,0,1,0,0,0,0,0,8,0,,67,7,2022,7,39.9964,-75.1135,1318.0,6,0,0,0,0,0,0,1,0,,0,0,0.0,13,1,1,3,,0,39 59:47.175,,0,75 06:48.425,3,0,0,0,67301,1,0,0,N,0,0,0,2,67301,0,,1,1,,N,N,N,1,,1,0,0,3,2,,1318,1,2,0,0,0,0,0,3,4,0,1,3,3.0,N,,,,,,,,,,,
2022072987,2155.0,1,0,0,0,0,0,0,0,0,8,0,,67,8,2022,7,40.0763,-75.0204,2152.0,6,0,0,0,1,0,0,0,0,,1,0,0.0,21,3,0,0,N,2,40 04:34.768,6.0,0,75 01:13.264,1,0,0,0,67301,1,1,0,N,1,1,0,2,67301,0,2.0,1,1,2155.0,N,N,N,0,0.0,0,0,0,0,0,Y,2151,0,2,0,0,0,0,0,3,4,0,1,3,,N,,,,,,,,,,,
2022072216,930.0,2,0,0,0,0,0,0,0,0,4,0,,67,7,2022,7,40.0921,-74.9819,925.0,6,1,0,0,0,0,0,0,0,,0,0,0.0,9,1,1,2,,0,40 05:31.677,,0,74 58:54.773,4,0,0,0,67301,0,0,0,N,0,0,0,3,67301,1,,1,1,,N,N,N,0,,0,0,0,3,2,,915,1,2,0,0,0,0,0,3,4,0,2,3,3.0,N,,,,,,,,,,,
2022095214,1646.0,0,0,0,0,0,0,0,0,0,1,0,,67,10,2022,5,40.0241,-75.0319,1617.0,6,0,0,0,0,0,1,0,0,,0,1,0.0,16,1,1,0,N,0,40 01:26.774,,0,75 01:54.766,4,0,0,0,67301,0,0,0,N,0,0,0,4,68K01,1,,1,9,,N,N,N,0,,0,0,2,0,0,,1609,1,3,0,0,0,0,0,3,4,0,3,7,,N,,,,,,,,,,,
2022094022,743.0,2,0,0,0,0,0,0,0,0,1,0,,67,8,2022,4,40.0185,-75.047,725.0,6,0,0,0,0,0,0,0,0,,0,0,0.0,7,1,0,0,N,0,40 01:06.527,,0,75 02:49.339,0,0,0,0,67301,0,0,0,N,0,0,0,4,68K01,0,,1,1,,N,N,N,0,,0,0,1,0,0,,723,0,3,0,0,0,0,0,3,4,0,3,3,3.0,N,,,,,,,,,,,
2022095022,802.0,2,0,0,0,0,0,0,0,0,1,0,,67,10,2022,1,39.9614,-75.2328,757.0,6,0,0,0,0,0,0,0,0,,0,0,0.0,7,1,1,0,N,0,39 57:40.970,,7,75 13:57.970,3,0,0,0,67301,0,0,0,N,0,0,0,1,67301,0,,2,9,,N,N,N,0,,1,0,1,0,0,,731,1,3,0,0,0,0,0,3,4,0,3,7,,N,,,,,,,,,,,
2022095734,2155.0,1,0,0,0,0,0,0,0,0,4,0,,67,10,2022,7,40.0619,-75.1632,2154.0,6,0,0,0,0,0,0,0,0,,0,0,0.0,21,3,0,1,,0,40 03:42.886,,0,75 09:47.382,0,0,0,0,67301,0,0,0,N,0,0,0,1,67301,0,,1,1,,N,N,N,0,,0,0,0,2,3,,2140,0,2,0,0,0,0,0,3,4,0,2,3,3.0,N,,,,,,,,,,,
2022088171,915.0,1,0,0,0,0,0,0,0,0,6,0,,67,9,2022,1,40.0037,-75.1282,915.0,6,0,0,0,0,0,0,0,0,,0,0,0.0,8,1,1,0,N,0,40 00:13.420,,0,75 07:41.350,3,0,0,0,67301,0,0,0,N,0,0,0,1,67301,0,,6,1,,N,N,N,0,,1,0,2,0,0,,838,1,3,0,0,1,0,0,3,4,0,3,3,,N,,,,,,,,,,,
2022088704,155.0,1,0,0,0,0,0,0,0,0,1,0,,67,9,2022,1,39.9253,-75.1936,149.0,6,0,0,0,0,0,1,0,0,,0,0,0.0,1,3,2,0,N,0,39 55:31.085,,0,75 11:37.135,3,0,0,0,67301,0,0,0,N,0,0,0,4,68K01,0,,1,1,,N,N,N,0,,1,0,1,0,0,,144,2,3,0,0,0,1,1,3,4,0,3,3,,N,,,,,,,,,,,
2022097372,854.0,2,0,0,0,0,0,0,0,0,1,0,,67,9,2022,4,39.9612,-75.1824,854.0,6,0,0,0,0,0,0,0,0,,0,0,0.0,8,1,0,7,,0,39 57:40.397,,2,75 10:56.651,0,0,0,0,67301,0,0,0,N,0,0,0,2,68K01,0,,1,1,,N,N,N,0,,0,0,0,0,0,,854,0,2,0,0,0,0,0,3,4,0,2,3,3.0,N,,,,,,,,,,,
2022081089,955.0,1,0,0,0,0,0,0,0,0,5,0,,67,9,2022,1,39.9227,-75.1615,951.0,6,0,0,0,0,0,0,0,0,,0,0,0.0,9,1,0,0,N,0,39 55:21.620,,0,75 09:41.240,9,0,0,0,67301,0,0,0,N,0,0,0,1,67301,0,,6,1,,N,N,Y,2,,0,0,0,0,0,,940,0,4,0,0,0,0,1,3,4,1,4,3,3.0,N,,,,,,,,,,,
2022097444,2325.0,1,0,0,0,0,0,0,0,0,1,0,,67,7,2022,2,39.9949,-75.2181,2314.0,6,0,0,0,0,0,0,0,0,,0,0,0.0,22,3,1,0,N,0,39 59:41.503,,0,75 13:05.119,3,0,0,0,67301,0,0,0,N,0,0,0,2,67301,0,,1,1,,N,N,N,0,,1,0,1,0,0,,2200,1,2,0,0,0,0,0,3,4,0,2,3,3.0,N,,,,,,,,,,,
2022097019,415.0,1,0,0,0,0,0,0,0,0,5,0,,67,7,2022,7,39.9671,-75.248,405.0,6,0,0,0,0,0,0,0,0,,0,0,0.0,2,3,1,0,N,0,39 58:01.720,,0,75 14:52.640,3,0,0,0,67301,1,0,0,N,0,0,0,2,67301,0,,6,1,,N,N,N,0,,1,0,1,0,0,,200,1,2,0,0,0,0,1,3,4,0,2,3,,N,,,,,,,,,,,
2022093653,1542.0,1,0,0,0,0,0,0,0,0,8,0,,67,10,2022,1,40.0571,-75.1882,1541.0,6,0,0,0,0,0,0,0,1,,0,0,0.0,15,1,1,0,N,0,40 03:25.599,,0,75 11:17.454,3,0,0,0,67301,1,0,0,N,1,0,0,2,67301,0,,5,1,,N,N,N,0,,1,0,0,0,0,,1500,1,2,0,0,0,0,0,3,4,0,1,3,3.0,N,,,,,,,,,,,
2022094150,957.0,0,0,0,0,0,0,0,0,0,3,1,,67,10,2022,5,39.9635,-75.1746,954.0,6,0,0,0,0,0,0,1,0,,0,1,0.0,9,1,0,0,N,1,39 57:48.700,1.0,7,75 10:28.480,0,0,0,0,67301,0,0,0,N,0,0,0,2,67301,0,,1,1,1050.0,N,N,N,0,,0,0,1,0,0,N,945,0,2,0,0,0,0,0,3,4,0,2,3,,N,,,,,,,,,,,
2022097020,315.0,1,0,0,0,0,0,0,0,0,1,0,,67,8,2022,1,39.9619,-75.2265,305.0,6,0,0,0,0,0,0,0,0,,0,0,0.0,2,3,0,0,N,0,39 57:42.760,,0,75 13:35.460,9,0,0,0,67301,0,0,0,N,0,0,0,3,67301,0,,1,1,,N,N,N,0,,0,0,1,0,0,,234,0,2,0,0,0,0,1,3,4,0,2,3,3.0,N,,,,,,,,,,,
2022081865,31.0,1,0,0,0,0,0,0,0,0,4,0,,67,9,2022,1,40.0147,-75.1323,27.0,6,0,0,0,0,0,0,0,0,,0,0,0.0,0,3,0,2,,0,40 00:52.826,,0,75 07:56.362,0,0,0,0,67301,0,0,0,N,0,0,0,3,67301,0,,1,1,,N,N,N,1,,0,0,1,3,2,,27,0,3,0,0,0,0,0,3,4,0,3,3,3.0,N,,,,,,,,,,,
2022097017,135.0,0,0,0,0,0,0,0,0,0,4,0,,67,7,2022,5,39.9759,-75.2402,135.0,6,0,0,0,0,0,0,0,0,,0,0,0.0,1,3,0,1,,2,39 58:33.268,6.0,0,75 14:24.842,0,0,0,0,67301,0,0,0,N,0,0,0,2,67301,0,,1,1,345.0,N,N,N,0,,0,0,2,3,2,Y,134,0,2,0,0,0,0,0,3,4,0,2,3,3.0,N,,,,,,,,,,,
2022081977,16.0,0,0,0,1,0,0,0,0,0,4,0,,67,9,2022,1,39.939,-75.2324,9.0,6,0,0,0,0,0,0,0,0,,0,0,0.0,23,3,1,1,,0,39 56:20.464,,0,75 13:56.607,8,0,0,0,67301,1,0,0,N,0,0,0,2,67301,0,,1,1,,N,N,N,0,,0,0,1,3,2,,2303,1,2,0,0,0,1,1,3,4,0,1,3,3.0,N,,,,,,,,,,,
2022096478,735.0,0,0,0,0,0,0,0,0,0,0,0,,67,9,2022,3,39.9577,-75.1489,727.0,6,0,0,0,0,0,0,0,0,,0,0,0.0,7,1,0,6,,0,39 57:27.556,,2,75 08:55.899,9,0,0,0,67301,0,0,0,N,0,0,0,1,68K01,0,,1,9,,N,N,N,0,,0,0,1,0,0,,709,0,1,0,0,0,0,1,3,4,0,1,7,7.0,N,,,,,,,,,,,
2022097346,627.0,0,0,0,0,0,0,0,0,0,7,0,,67,8,2022,7,39.9717,-75.1933,621.0,6,0,0,0,0,0,0,0,0,,0,0,0.0,6,1,0,7,,0,39 58:18.209,,2,75 11:35.991,0,0,0,0,67301,0,0,0,Y,0,0,0,2,68K01,0,,7,1,,N,N,N,0,,0,0,1,0,0,,615,0,1,0,0,0,0,0,3,4,0,1,3,3.0,N,,,,,,,,,,,
2022083622,2225.0,2,0,0,0,0,0,0,0,0,5,0,,67,9,2022,2,39.9746,-75.1992,2222.0,6,0,0,0,0,0,0,0,0,,0,0,0.0,22,3,0,1,,1,39 58:28.663,3.0,2,75 11:57.118,0,0,0,0,67301,0,0,0,N,0,0,0,2,67301,0,,1,1,2345.0,N,N,N,0,,0,0,0,3,2,N,2221,0,2,0,0,0,0,0,3,4,0,2,3,3.0,N,,,,,,,,,,,
2022096238,2242.0,0,0,0,0,0,0,0,0,0,7,0,,67,10,2022,2,40.0391,-75.0085,2227.0,6,0,0,0,0,0,0,0,0,,0,0,0.0,22,3,0,0,N,0,40 02:20.646,,0,75 00:30.469,0,0,0,0,67301,0,0,0,N,0,0,0,1,68K01,0,,4,8,,N,N,N,0,,0,0,0,0,0,,2225,0,1,0,0,0,0,0,3,4,1,1,7,,N,,,,,,,,,,,
2022094289,103.0,0,0,0,0,0,0,1,0,0,1,1,,67,10,2022,6,40.0186,-75.1831,20.0,6,0,0,0,0,0,0,0,0,,0,0,0.0,0,3,2,1,,0,40 01:06.988,,0,75 10:59.131,8,0,0,0,67301,0,0,0,N,0,0,0,2,67508,0,,1,1,,N,N,N,0,,0,0,1,3,3,,20,2,2,0,0,1,2,0,3,4,0,2,3,3.0,N,,,,,,,,,,,
2022095015,1841.0,1,0,0,0,0,0,0,0,0,1,0,,67,8,2022,1,39.9488,-75.2044,1815.0,6,0,0,0,0,0,0,0,0,,0,0,0.0,17,1,0,0,N,0,39 56:55.610,,0,75 12:15.680,0,0,0,0,67301,0,0,0,N,0,0,0,2,67301,0,,1,1,,N,N,N,0,,0,0,1,0,0,,1737,0,2,0,0,0,0,0,3,4,0,2,3,3.0,N,,,,,,,,,,,
2022093625,131.0,1,0,0,0,0,0,0,0,0,7,0,,67,10,2022,7,40.0071,-75.0731,120.0,6,0,0,0,0,0,0,0,0,,0,0,0.0,1,3,1,0,N,0,40 00:25.411,,0,75 04:22.989,8,0,0,0,67301,0,0,0,N,0,0,0,1,68K01,0,,4,1,,N,N,N,0,,0,0,0,0,0,,117,1,1,0,0,0,1,0,3,4,0,1,3,3.0,N,,,,,,,,,,,
2022094469,200.0,0,0,0,0,0,0,0,0,0,7,0,,67,10,2022,2,40.0304,-75.022,127.0,6,0,0,0,0,0,0,0,0,,0,0,0.0,1,3,0,0,N,0,40 01:49.545,,0,75 01:19.203,0,0,0,0,67301,0,0,0,N,0,0,0,1,68K01,0,,5,9,,N,N,N,0,,0,0,1,0,0,,127,0,1,0,0,0,0,0,3,4,0,1,7,,N,,,,,,,,,,,
2022091582,2018.0,2,0,0,0,0,0,0,0,0,5,0,,67,9,2022,7,39.9246,-75.1471,2016.0,6,0,0,0,0,1,0,0,0,,0,0,0.0,20,3,2,0,N,0,39 55:28.409,,3,75 08:49.574,4,0,0,0,67301,0,0,0,N,0,0,0,3,68K01,2,,1,1,,N,N,N,0,,0,0,1,0,0,,2014,2,3,0,0,1,0,0,3,4,0,3,3,,N,,,,,,,,,,,
2022085871,1646.0,1,0,0,0,0,0,0,0,0,4,0,,67,9,2022,1,40.0299,-75.1533,1645.0,6,0,0,0,0,0,2,0,0,,0,0,0.0,15,1,2,5,,0,40 01:47.773,,0,75 09:11.764,8,0,0,0,67301,0,0,0,N,0,0,0,2,67301,0,,1,1,,N,N,N,0,,0,0,1,3,2,,1540,2,2,0,0,0,2,0,3,4,0,2,3,98.0,N,,,,,,,,,,,
2022097018,49.0,0,0,0,0,0,0,0,0,0,2,0,,67,7,2022,1,39.9651,-75.2404,49.0,6,0,0,0,0,0,0,0,0,,0,0,0.0,0,3,1,0,N,0,39 57:54.310,,0,75 14:25.300,3,0,0,0,67301,0,0,0,N,0,0,0,2,67301,0,,1,1,,N,N,N,0,,1,0,2,0,0,,15,1,3,0,0,0,0,0,3,4,0,3,3,3.0,N,,,,,,,,,,,
2022096748,830.0,1,0,0,0,0,0,0,0,0,2,0,,67,10,2022,7,39.9813,-75.174,830.0,6,0,0,0,0,0,0,0,0,,0,0,0.0,6,1,0,2,,0,39 58:52.820,,0,75 10:26.399,0,0,0,0,67301,0,0,0,N,0,0,0,2,67301,0,,1,1,,N,N,N,0,,0,0,0,3,3,,630,0,2,0,0,0,0,0,3,4,0,2,3,3.0,N,,,,,,,,,,,
2022097352,840.0,0,0,0,0,0,0,0,0,0,7,0,,67,9,2022,4,39.9106,-75.1491,825.0,6,0,0,0,0,0,0,0,0,,0,0,0.0,6,1,1,6,,0,39 54:38.233,,2,75 08:56.679,3,0,0,0,67301,0,0,0,N,0,0,0,1,68K01,0,,2,9,,N,N,N,0,,1,0,1,0,0,,635,1,1,0,0,0,0,0,3,4,0,1,7,,N,,,,,,,,,,,
2022093657,1717.0,1,0,0,0,0,0,0,0,0,4,1,,67,10,2022,1,39.9669,-75.2096,1630.0,6,0,0,0,0,0,0,0,0,,0,1,0.0,16,1,1,1,,0,39 58:00.724,,0,75 12:34.682,8,0,0,0,67301,0,0,0,N,0,0,0,2,67301,0,,1,1,,N,N,N,0,,0,0,0,3,3,,1617,1,2,0,0,0,1,1,3,4,0,2,3,3.0,N,,,,,,,,,,,
2022093797,2324.0,1,0,0,0,0,0,0,0,0,8,0,,67,10,2022,7,39.9221,-75.1616,2324.0,6,0,0,0,0,0,0,0,0,,0,0,0.0,20,6,1,1,,0,39 55:19.419,,0,75 09:41.738,2,0,0,0,67301,1,0,1,N,1,0,1,1,67301,0,,1,1,,N,N,N,0,,0,1,0,9,3,,2045,1,2,0,0,0,0,0,3,4,0,1,3,98.0,N,,,,,,,,,,,
2022087884,1852.0,1,0,0,0,0,0,0,0,0,1,0,,67,9,2022,6,40.0242,-75.0317,1837.0,6,0,0,0,0,0,0,1,0,,0,0,0.0,18,1,0,0,N,0,40 01:27.025,,0,75 01:54.002,0,0,0,0,67301,0,0,0,N,0,0,0,7,68K01,0,,1,1,,N,N,N,0,,0,0,2,0,0,,1835,0,3,0,0,0,0,0,3,4,0,3,3,3.0,N,,,,,,,,,,,
2022081976,1326.0,1,0,0,0,0,0,0,0,0,7,0,,67,9,2022,1,39.8954,-75.2335,1325.0,6,0,0,0,0,0,0,0,0,,0,0,0.0,13,1,0,2,,0,39 53:43.553,,0,75 14:00.574,0,0,0,0,67301,0,0,0,N,0,0,0,1,67301,0,,4,1,,N,N,N,0,,0,0,0,3,2,,1320,0,1,0,0,0,0,0,3,4,0,1,3,3.0,N,,,,,,,,,,,
2022081679,1845.0,1,0,0,0,0,0,0,0,0,4,0,,67,9,2022,2,40.0626,-75.043,1835.0,6,0,0,0,0,0,1,0,0,,0,0,0.0,18,1,1,1,,0,40 03:45.528,,0,75 02:34.801,3,0,0,0,67301,0,0,0,N,0,0,0,3,67301,0,,1,1,,N,N,Y,0,,1,0,1,3,2,,1830,1,3,0,0,0,0,0,3,4,0,3,3,,N,,,,,,,,,,,
2022084564,1730.0,1,0,0,0,0,0,0,0,0,8,0,,67,9,2022,1,40.0016,-75.1528,1717.0,6,0,0,0,0,0,0,0,0,,0,0,0.0,12,1,1,1,,0,40 00:05.705,,0,75 09:10.074,4,0,0,0,67301,1,0,0,N,1,0,0,2,67301,1,,1,99,,N,N,N,0,,0,0,0,3,2,,1230,1,2,0,0,0,0,0,3,4,0,1,3,3.0,N,,,,,,,,,,,
2022080826,1513.0,1,0,0,0,0,0,0,0,0,6,0,,67,9,2022,6,40.0647,-75.001,1503.0,6,0,0,0,0,0,0,0,1,,0,0,0.0,15,1,2,0,N,1,40 03:52.800,6.0,0,75 00:03.630,3,0,0,0,67301,0,0,0,N,0,0,0,2,67301,0,,1,1,1540.0,N,N,N,0,,2,0,1,0,0,N,1500,2,2,0,0,2,0,0,3,4,0,2,3,3.0,N,,,,,,,,,,,
2022097096,532.0,1,0,0,0,0,0,0,0,0,1,0,,67,8,2022,1,39.953,-75.1932,530.0,6,0,0,0,0,0,0,0,0,,0,0,0.0,5,3,0,0,N,1,39 57:10.622,4.0,0,75 11:35.667,0,0,0,0,67301,0,0,0,N,0,0,0,1,67504,0,,6,1,550.0,N,N,N,0,,0,0,1,0,0,N,529,0,2,0,0,0,0,0,3,4,0,2,3,,N,,,,,,,,,,,
2022079639,1250.0,2,0,0,0,0,0,0,0,0,4,0,,67,8,2022,3,40.0737,-74.9802,1243.0,6,0,0,0,0,0,0,0,0,,0,0,0.0,12,1,1,2,,1,40 04:25.251,1.0,0,74 58:48.825,3,0,0,0,67301,0,0,0,N,0,0,0,3,67301,0,,1,1,20.0,N,N,N,0,,1,0,0,3,3,N,1231,1,2,0,0,0,0,0,3,4,0,2,3,3.0,N,,,,,,,,,,,
2022094155,2015.0,2,0,1,0,0,0,0,0,0,4,0,,67,10,2022,3,39.9688,-75.2454,2014.0,6,0,0,0,0,0,0,0,0,,0,0,0.0,20,3,3,2,,0,39 58:07.841,,0,75 14:43.541,2,0,0,0,67301,0,0,0,N,0,0,0,3,67301,0,,1,9,,N,N,N,1,,2,1,0,3,3,,2013,3,3,0,0,2,0,0,3,4,0,3,7,4.0,N,,,,,,,,,,,
2022088029,2053.0,2,0,0,0,0,0,0,0,0,4,0,,67,8,2022,4,39.9629,-75.1913,2053.0,6,0,0,0,0,0,0,0,1,,0,0,0.0,20,4,1,1,,0,39 57:46.535,,0,75 11:28.992,3,0,0,0,67301,0,0,0,N,0,0,0,2,67301,0,,1,1,,N,N,N,0,,1,0,0,3,2,,2052,1,2,0,0,0,0,0,3,4,0,2,3,3.0,N,,,,,,,,,,,
2022079946,1650.0,1,0,0,0,0,0,0,0,0,4,0,,67,8,2022,3,40.0675,-75.1793,1647.0,6,0,0,0,0,0,1,0,0,,0,0,0.0,16,1,1,1,,0,40 04:02.989,,0,75 10:45.548,4,0,0,0,67301,0,0,0,N,0,0,0,2,67301,1,,1,1,,N,N,N,0,,0,0,1,3,2,,1622,1,2,0,0,0,0,0,3,4,0,2,3,3.0,N,,,,,,,,,,,
2022080272,2036.0,0,0,0,0,0,0,0,0,0,8,0,,67,8,2022,4,40.114,-75.0247,2030.0,6,0,0,0,0,0,0,0,1,,0,0,0.0,20,3,1,2,,0,40 06:50.274,,0,75 01:28.927,3,0,0,0,67301,1,0,0,N,1,0,0,2,67301,0,,1,1,,N,N,N,0,,1,0,0,3,3,,2015,1,2,0,0,0,0,0,3,4,1,1,3,,N,,,,,,,,,,,
2022080395,2143.0,1,0,0,0,0,0,0,0,0,4,0,,67,8,2022,4,40.0299,-75.1031,2143.0,6,0,0,1,0,0,0,0,0,,0,0,0.0,21,3,1,1,,2,40 01:47.679,2.0,0,75 06:11.073,3,0,0,0,67301,0,0,0,N,0,0,0,3,67301,0,,1,1,2220.0,N,N,N,1,,1,0,0,3,2,N,2143,1,2,0,0,0,0,0,3,4,0,2,3,,N,,,,,,,,,,,
2022080560,2101.0,0,0,0,0,0,0,0,0,0,7,0,,67,9,2022,5,39.9163,-75.1676,2054.0,6,0,0,0,0,0,1,0,0,,0,0,0.0,20,3,1,1,,1,39 54:58.650,3.0,0,75 10:03.268,3,0,0,0,67301,0,0,0,N,0,0,0,1,67301,0,,4,1,2300.0,N,N,N,0,,1,0,0,3,2,N,2023,1,1,0,0,0,0,0,3,4,1,1,3,3.0,N,,,,,,,,,,,
2022095491,110.0,2,0,0,0,0,0,0,0,0,4,0,,67,8,2022,2,39.9695,-75.2254,110.0,6,0,0,0,0,0,0,0,0,,0,0,0.0,0,3,0,1,,0,39 58:10.246,,0,75 13:31.336,0,0,0,0,67301,0,0,0,N,0,0,0,2,67301,0,,1,1,,N,N,N,0,,0,0,0,3,2,,14,0,2,0,0,1,0,0,3,4,0,2,3,3.0,N,,,,,,,,,,,
2022081864,2030.0,1,0,0,0,0,0,0,0,0,8,0,,67,9,2022,7,40.0232,-75.1244,2030.0,6,0,0,0,0,0,1,0,0,,1,0,0.0,17,1,0,1,,0,40 01:23.401,,0,75 07:27.865,1,0,0,0,67301,1,1,0,N,1,1,0,2,67301,0,2.0,1,1,,N,N,N,0,0.0,0,0,0,0,0,,1758,0,2,0,0,1,0,0,3,4,0,1,3,,N,,,,,,,,,,,
2022082077,1849.0,1,0,0,0,0,0,0,0,0,8,0,,67,9,2022,6,40.0276,-75.0963,1842.0,6,0,0,0,0,0,0,0,0,,0,0,0.0,18,1,1,1,,0,40 01:39.408,,0,75 05:46.513,3,0,0,0,67301,1,0,0,N,1,0,0,2,67301,0,,1,1,,N,N,N,0,,1,0,0,0,0,,1814,1,2,0,0,0,0,0,3,4,0,1,3,,N,,,,,,,,,,,
2022080815,1935.0,1,0,0,0,0,0,0,0,0,8,0,,67,9,2022,6,39.918,-75.2339,1928.0,6,0,0,0,0,0,0,0,0,,0,0,0.0,18,1,1,0,N,0,39 55:04.930,,0,75 14:01.920,3,0,0,0,67301,1,0,0,N,1,0,0,3,67301,0,,1,1,,N,N,N,0,,1,0,0,0,0,,1853,1,2,0,0,0,0,0,3,4,0,1,3,3.0,N,,,,,,,,,,,