CRN,ARRIVAL_TM,AUTOMOBILE_COUNT,BELTED_DEATH_COUNT,BELTED_SUSP_SERIOUS_INJ_COUNT,BICYCLE_COUNT,BICYCLE_DEATH_COUNT,BICYCLE_SUSP_SERIOUS_INJ_COUNT,BUS_COUNT,CHLDPAS_DEATH_COUNT,CHLDPAS_SUSP_SERIOUS_INJ_COUNT,COLLISION_TYPE,COMM_VEH_COUNT,CONS_ZONE_SPD_LIM,COUNTY,CRASH_MONTH,CRASH_YEAR,DAY_OF_WEEK,DEC_LAT,DEC_LONG,DISPATCH_TM,DISTRICT,DRIVER_COUNT_16YR,DRIVER_COUNT_17YR,DRIVER_COUNT_18YR,DRIVER_COUNT_19YR,DRIVER_COUNT_20YR,DRIVER_COUNT_50_64YR,DRIVER_COUNT_65_74YR,DRIVER_COUNT_75PLUS,EST_HRS_CLOSED,FATAL_COUNT,HEAVY_TRUCK_COUNT,HORSE_BUGGY_COUNT,HOUR_OF_DAY,ILLUMINATION,INJURY_COUNT,INTERSECT_TYPE,INTERSECTION_RELATED,LANE_CLOSED,LATITUDE,LN_CLOSE_DIR,LOCATION_TYPE,LONGITUDE,MAX_SEVERITY_LEVEL,MCYCLE_DEATH_COUNT,MCYCLE_SUSP_SERIOUS_INJ_COUNT,MOTORCYCLE_COUNT,MUNICIPALITY,NONMOTR_COUNT,NONMOTR_DEATH_COUNT,NONMOTR_SUSP_SERIOUS_INJ_COUNT,NTFY_HIWY_MAINT,PED_COUNT,PED_DEATH_COUNT,PED_SUSP_SERIOUS_INJ_COUNT,PERSON_COUNT,POLICE_AGCY,POSSIBLE_INJ_COUNT,RDWY_SURF_TYPE_CD,RELATION_TO_ROAD,ROAD_CONDITION,ROADWAY_CLEARED,SCH_BUS_IND,SCH_ZONE_IND,SECONDARY_CRASH,SMALL_TRUCK_COUNT,SPEC_JURIS_CD,SUSP_MINOR_INJ_COUNT,SUSP_SERIOUS_INJ_COUNT,SUV_COUNT,TCD_FUNC_CD,TCD_TYPE,TFC_DETOUR_IND,TIME_OF_DAY,TOT_INJ_COUNT,TOTAL_UNITS,UNB_DEATH_COUNT,UNB_SUSP_SERIOUS_INJ_COUNT,UNBELTED_OCC_COUNT,UNK_INJ_DEG_COUNT,UNK_INJ_PER_COUNT,URBAN_AREA,URBAN_RURAL,VAN_COUNT,VEHICLE_COUNT,WEATHER1,WEATHER2,WORK_ZONE_IND,WORK_ZONE_LOC,WORK_ZONE_TYPE,WORKERS_PRES,WZ_CLOSE_DETOUR,WZ_FLAGGER,WZ_LAW_OFFCR_IND,WZ_LN_CLOSURE,WZ_MOVING,WZ_OTHER,WZ_SHLDER_MDN,WZ_WORKERS_INJ_KILLED
2022050038,243.0,2,0,0,0,0,0,0,0,0,1,0,,67,5,2022,2,39.9859,-75.1562,241.0,6,0,0,0,0,0,0,0,0,,0,0,0.0,2,3,2,0,N,1,39 59:09.402,1.0,0,75 09:22.384,3,0,0,0,67301,2,0,0,N,0,0,0,3,67505,1,,6,1,325.0,N,N,N,0,,1,0,0,0,0,N,219,2,2,0,0,0,0,0,3,4,0,2,3,3.0,N,,,,,,,,,,,
2022052925,157.0,3,0,0,0,0,0,0,0,0,5,0,,67,6,2022,7,40.0211,-75.1641,155.0,6,0,0,0,0,0,0,0,0,,0,0,0.0,1,3,2,0,N,0,40 01:16.000,,0,75 09:50.800,3,0,0,0,67301,0,0,0,N,0,0,0,3,67301,0,,1,1,,N,N,N,0,,2,0,0,0,0,,153,2,3,0,0,0,0,1,3,4,0,3,3,3.0,N,,,,,,,,,,,
2022055657,521.0,2,0,0,0,0,0,0,0,0,4,0,,67,5,2022,2,40.0246,-75.1232,514.0,6,0,0,0,0,0,0,0,0,,0,0,0.0,5,3,1,1,,0,40 01:28.477,,0,75 07:23.473,3,0,0,0,67301,0,0,0,N,0,0,0,2,67301,0,,1,1,,N,N,N,0,,1,0,0,3,1,,514,1,2,0,0,0,0,0,3,4,0,2,3,3.0,N,,,,,,,,,,,
2022050520,1733.0,0,0,0,0,0,0,0,0,0,5,0,,67,5,2022,2,39.9035,-75.1739,1733.0,6,0,0,0,0,0,0,0,0,,0,0,0.0,17,1,0,0,N,1,39 54:12.751,1.0,0,75 10:25.924,0,0,0,0,67301,0,0,0,N,0,0,0,7,67301,0,,1,1,1800.0,N,N,N,0,,0,0,2,0,0,Y,1716,0,2,0,0,0,0,0,3,4,0,2,3,3.0,N,,,,,,,,,,,
2022052593,2246.0,1,0,0,0,0,0,0,0,0,5,0,,67,5,2022,3,39.9277,-75.1763,2245.0,6,0,0,0,0,0,0,0,0,,0,0,0.0,22,3,0,0,N,2,39 55:39.890,3.0,0,75 10:34.800,9,0,0,0,67301,0,0,0,N,0,0,0,2,67301,0,,6,1,2300.0,N,N,N,0,,0,0,0,0,0,Y,2230,0,3,0,0,1,0,1,3,4,2,3,3,,N,,,,,,,,,,,
2022057543,927.0,2,0,0,0,0,0,0,0,0,5,0,,67,6,2022,6,39.9761,-75.2555,834.0,6,0,0,0,0,0,1,0,0,,0,0,0.0,8,5,0,0,N,0,39 58:33.790,,0,75 15:19.970,0,0,0,0,67301,0,0,0,N,0,0,0,1,67301,0,,6,1,,N,N,N,0,,0,0,2,0,0,,834,0,4,0,0,0,0,0,3,4,0,4,4,4.0,N,,,,,,,,,,,
2022066297,24.0,0,0,0,0,0,0,0,0,0,0,1,,67,6,2022,3,40.0111,-75.0619,24.0,6,0,0,0,0,0,0,0,0,,0,0,0.0,0,3,1,0,N,1,40 00:39.869,2.0,0,75 03:42.856,3,0,0,0,67301,0,0,0,N,0,0,0,1,68K01,0,,1,1,433.0,N,N,N,1,,1,0,0,0,0,N,24,1,1,0,0,0,0,0,3,4,0,1,3,,N,,,,,,,,,,,
2022067167,2216.0,1,0,0,0,0,0,0,0,0,7,0,,67,6,2022,5,39.9374,-75.144,2206.0,6,0,0,0,0,1,0,0,0,,0,0,0.0,21,3,0,0,N,2,39 56:14.769,1.0,0,75 08:38.283,0,0,0,0,67301,0,0,0,N,0,0,0,1,68K01,0,,3,1,1045.0,N,N,N,0,,0,0,0,0,0,N,2157,0,1,0,0,0,0,0,3,4,0,1,3,3.0,N,,,,,,,,,,,
2022051459,1321.0,0,0,0,1,0,0,0,0,0,4,0,,67,6,2022,5,40.0152,-75.1498,1321.0,6,0,0,0,0,0,0,0,0,,0,0,0.0,12,1,1,1,,0,40 00:55.044,,0,75 08:59.736,3,0,0,0,67301,1,0,0,N,0,0,0,2,67301,0,,1,1,,N,N,N,0,,1,0,0,3,2,,1215,1,2,0,0,0,0,0,3,4,0,1,3,,N,,,,,,,,,,,
2022065460,2000.0,0,0,0,0,0,0,0,0,0,7,0,,67,7,2022,7,39.9137,-75.1481,1957.0,6,0,0,0,0,0,1,0,0,,0,0,0.0,19,1,1,0,N,1,39 54:49.309,1.0,7,75 08:53.295,3,0,0,1,67301,0,0,0,N,0,0,0,1,67301,0,,5,1,2100.0,N,N,N,0,,1,0,0,0,0,N,1957,1,1,0,0,0,0,0,3,4,0,1,3,4.0,N,,,,,,,,,,,
2022065991,2312.0,1,0,0,0,0,0,0,0,0,7,0,,67,7,2022,7,39.957,-75.1526,2302.0,6,0,0,0,0,0,0,0,0,,0,0,0.0,22,3,0,0,N,0,39 57:25.154,,0,75 09:09.249,0,0,0,0,67301,0,0,0,N,0,0,0,1,68K01,0,,4,9,,N,N,N,0,,0,0,0,0,0,,2251,0,1,0,0,0,0,0,3,4,0,1,7,7.0,N,,,,,,,,,,,
2022066146,2256.0,1,1,0,0,0,0,0,0,0,4,0,,67,7,2022,1,40.0517,-75.194,2254.0,6,0,0,0,0,0,0,0,0,,1,0,0.0,22,3,0,1,,2,40 03:06.000,7.0,0,75 11:38.700,1,0,0,0,67301,0,0,0,N,0,0,0,2,67301,0,2.0,1,1,300.0,N,N,N,1,0.0,0,0,0,3,2,N,2250,0,2,0,0,1,0,0,3,4,0,2,3,,N,,,,,,,,,,,
2022050730,924.0,1,0,0,0,0,0,0,0,0,6,0,,67,5,2022,2,40.03,-75.0405,920.0,6,0,0,0,0,0,0,1,0,,0,0,0.0,9,1,0,0,N,1,40 01:48.052,3.0,0,75 02:25.843,0,0,0,0,67301,0,0,0,N,0,0,0,1,67301,0,,6,1,958.0,N,N,N,1,,0,0,2,0,0,N,913,0,4,0,0,0,0,0,3,4,0,4,3,,N,,,,,,,,,,,
2022079371,1005.0,0,0,0,0,0,0,1,0,0,4,1,,67,8,2022,2,39.99,-75.185,953.0,6,0,0,0,0,0,0,1,0,,0,0,0.0,6,5,0,1,,2,39 59:24.028,2.0,0,75 11:06.172,0,0,0,0,67301,0,0,0,N,0,0,0,1,67301,0,,1,1,1005.0,Y,N,N,0,,0,0,1,3,3,Y,648,0,3,0,0,0,0,0,3,4,1,3,3,3.0,N,,,,,,,,,,,
2022069694,2150.0,1,0,0,0,0,0,0,0,0,4,0,,67,7,2022,4,39.9709,-75.2059,2150.0,6,0,0,0,0,0,0,0,0,,0,0,0.0,21,3,1,2,,0,39 58:15.077,,0,75 12:21.275,3,0,0,0,67301,0,0,0,N,0,0,0,3,67301,0,,1,1,,N,N,N,0,,1,0,0,3,3,,2150,1,2,0,0,0,0,0,3,4,0,2,3,3.0,N,,,,,,,,,,,
2022070253,2025.0,3,0,0,0,0,0,0,0,0,5,0,,67,7,2022,1,39.9869,-75.1635,2021.0,6,0,0,0,0,0,0,0,0,,0,0,0.0,19,3,0,0,N,0,39 59:12.960,,0,75 09:48.550,0,0,0,0,67301,0,0,0,N,0,0,0,1,67301,0,,6,9,,N,N,N,0,,0,0,0,0,0,,1903,0,3,0,0,0,0,0,3,4,0,3,7,7.0,N,,,,,,,,,,,
2022070023,2044.0,2,0,0,0,0,0,0,0,0,4,0,,67,7,2022,7,39.991,-75.1561,2034.0,6,0,0,0,0,0,1,1,0,,0,0,0.0,20,3,2,1,,0,39 59:27.542,,0,75 09:22.060,4,0,0,0,67301,0,0,0,N,0,0,0,2,67301,2,,1,1,,N,N,N,0,,0,0,0,3,3,,2000,2,2,0,0,0,0,0,3,4,0,2,3,3.0,N,,,,,,,,,,,
2022079782,1733.0,2,0,0,0,0,0,0,0,0,4,0,,67,8,2022,3,40.0355,-75.1086,1730.0,6,1,0,0,0,0,1,0,0,,0,0,0.0,17,1,0,1,,2,40 02:07.572,4.0,0,75 06:30.576,0,0,0,0,67301,0,0,0,N,0,0,0,2,67301,0,,1,1,1750.0,N,N,N,0,,0,0,0,3,2,N,1725,0,2,0,0,0,0,0,3,4,0,2,3,,N,,,,,,,,,,,
2022066911,730.0,1,0,0,0,0,0,0,0,0,4,0,,67,7,2022,5,40.067,-75.1583,722.0,6,0,0,0,0,0,0,0,0,,0,0,0.0,6,1,1,5,,0,40 04:01.027,,0,75 09:29.868,3,0,0,0,67301,0,0,0,N,0,0,0,2,67301,0,,1,1,,N,N,N,0,,1,0,1,3,2,,642,1,2,0,0,0,0,1,3,4,0,2,3,3.0,N,,,,,,,,,,,
2022072284,2210.0,2,0,0,0,0,0,0,0,0,4,0,,67,7,2022,1,40.0125,-75.1401,2208.0,6,0,0,0,0,0,0,0,0,,0,0,0.0,22,3,1,1,,0,40 00:45.093,,0,75 08:24.381,3,0,0,0,67301,0,0,0,N,0,0,0,2,67301,0,,1,1,,N,N,Y,0,,1,0,2,3,3,,2205,1,4,0,0,0,0,0,3,4,0,4,3,3.0,N,,,,,,,,,,,
2022051465,855.0,2,0,0,0,0,0,0,0,0,4,0,,67,6,2022,5,40.012,-75.176,848.0,6,0,0,0,0,0,1,0,0,,0,0,0.0,8,1,1,1,,0,40 00:43.041,,0,75 10:33.654,3,0,0,0,67301,0,0,0,N,0,0,0,2,67301,0,,1,1,,N,N,N,0,,1,0,0,3,2,,815,1,2,0,0,0,0,0,3,4,0,2,3,3.0,N,,,,,,,,,,,
2022051644,2100.0,4,0,0,0,0,0,0,0,0,4,0,,67,5,2022,2,40.0363,-75.0718,2052.0,6,0,1,0,0,0,0,0,0,,0,0,0.0,20,3,1,1,,0,40 02:10.662,,0,75 04:18.319,3,0,0,0,67301,0,0,0,N,0,0,0,2,67301,0,,1,1,,N,N,N,0,,1,0,1,3,2,,2052,1,5,0,0,0,0,0,3,4,0,5,3,3.0,N,,,,,,,,,,,
2022066283,2251.0,0,0,0,0,0,0,0,0,0,5,0,,67,6,2022,1,39.9796,-75.1063,2241.0,6,0,0,0,0,0,0,0,0,,0,0,0.0,21,3,1,0,N,0,39 58:46.716,,0,75 06:22.503,3,0,0,0,67301,0,0,0,N,0,0,0,2,68K01,0,,1,1,,N,N,N,0,,1,0,0,0,0,,2144,1,2,0,0,0,0,1,3,4,1,2,3,,N,,,,,,,,,,,
2022050578,326.0,2,0,0,0,0,0,0,0,0,6,0,,67,5,2022,3,40.0241,-75.148,324.0,6,0,0,0,0,0,0,0,0,,0,0,0.0,3,3,0,0,N,0,40 01:26.889,,0,75 08:52.787,9,0,0,0,67301,0,0,0,N,0,0,0,2,67301,0,,6,1,,N,N,Y,0,,0,0,0,3,2,,310,0,3,0,0,0,0,1,3,4,1,3,3,3.0,N,,,,,,,,,,,
2022061565,2130.0,1,0,0,0,0,0,0,0,0,5,0,,67,6,2022,5,39.9896,-75.1259,2130.0,6,0,0,0,0,0,0,0,0,,0,0,0.0,11,1,2,0,N,0,39 59:22.700,,1,75 07:33.100,3,0,0,0,67301,0,0,0,N,0,0,0,3,67301,0,,1,1,,N,N,N,1,,2,0,0,0,0,,1130,2,2,0,0,0,0,1,3,4,0,2,3,3.0,N,,,,,,,,,,,
2022055557,1338.0,1,0,0,0,0,0,0,0,0,5,0,,67,6,2022,1,40.0357,-75.2358,1336.0,6,0,0,0,0,0,1,0,0,,0,0,0.0,13,1,3,0,N,0,40 02:08.540,,0,75 14:08.700,4,0,0,0,67301,0,0,0,N,0,0,0,4,67301,3,,1,1,,N,N,N,0,,0,0,1,0,0,,1333,3,2,0,0,0,0,0,3,4,0,2,3,3.0,N,,,,,,,,,,,
2022050571,155.0,2,0,0,0,0,0,0,0,0,4,0,,67,5,2022,2,40.0159,-75.1173,155.0,6,0,0,0,0,0,0,0,0,,0,0,0.0,1,3,1,5,,0,40 00:57.425,,0,75 07:02.566,3,0,0,0,67301,0,0,0,N,0,0,0,2,67301,0,,1,1,,N,N,N,0,,1,0,0,0,0,,145,1,2,0,0,0,0,1,3,4,0,2,3,,N,,,,,,,,,,,
2022065788,1149.0,1,0,0,0,0,0,0,0,0,5,1,,67,7,2022,4,40.022,-75.1279,1149.0,6,0,0,0,0,0,1,0,1,,0,1,0.0,10,1,1,0,N,0,40 01:19.140,,0,75 07:40.340,8,0,0,0,67301,0,0,0,N,0,0,0,2,67301,0,,1,99,,N,N,N,0,,0,0,0,0,0,,1000,1,2,0,0,1,1,1,3,4,0,2,3,,N,,,,,,,,,,,
2022051514,1307.0,0,0,0,0,0,0,0,0,0,8,0,,67,5,2022,2,39.8919,-75.2419,1307.0,6,0,0,0,0,0,1,0,0,,0,0,0.0,13,1,1,2,,0,39 53:30.990,,0,75 14:30.862,3,0,0,0,67301,1,0,0,N,1,0,0,2,67301,0,,1,1,,N,N,N,0,,1,0,1,3,4,,1300,1,2,0,0,0,0,0,3,4,0,1,3,3.0,N,,,,,,,,,,,
2022065789,1151.0,1,0,0,0,0,0,0,0,0,99,0,,67,7,2022,6,40.0123,-75.1384,1150.0,6,0,0,1,0,0,0,0,0,,0,0,0.0,11,1,1,0,N,0,40 00:44.270,,0,75 08:18.340,3,0,0,0,67301,0,0,0,N,0,0,0,1,67301,0,,1,1,,N,N,N,0,,1,0,0,0,0,,1135,1,2,0,0,1,0,0,3,4,0,2,3,3.0,N,,,,,,,,,,,
2022050538,1745.0,1,0,0,0,0,0,0,0,0,4,0,,67,5,2022,2,40.0532,-75.1577,1743.0,6,0,0,0,0,0,0,0,0,,0,0,0.0,16,1,1,1,,0,40 03:11.681,,0,75 09:27.698,4,0,0,0,67301,0,0,0,N,0,0,0,3,67301,1,,1,1,,N,N,N,0,,0,0,2,3,3,,1648,1,3,0,0,0,0,1,3,4,0,3,3,3.0,N,,,,,,,,,,,
2022050528,227.0,0,0,0,0,0,0,0,0,0,8,0,,67,5,2022,1,39.9519,-75.1433,224.0,6,0,0,0,0,0,0,0,0,,0,0,0.0,2,3,1,1,,1,39 57:06.954,4.0,0,75 08:35.878,2,0,0,0,67301,1,0,1,N,1,0,1,2,67301,0,,1,1,330.0,N,N,N,0,,0,1,0,3,2,Y,223,1,2,0,0,0,0,0,3,4,0,1,3,3.0,N,,,,,,,,,,,
2022053023,1220.0,1,0,0,0,0,0,0,0,0,4,0,,67,6,2022,1,39.9434,-75.2323,1208.0,6,0,0,0,0,0,0,0,0,,0,0,0.0,21,3,2,1,,0,39 56:36.138,,0,75 13:56.392,8,0,0,0,67301,0,0,0,N,0,0,0,3,67301,0,,1,1,,N,N,N,0,,0,0,1,3,2,,2140,2,2,0,0,3,2,1,3,4,0,2,99,3.0,N,,,,,,,,,,,
2022070079,630.0,1,0,0,0,0,0,0,0,0,8,0,,67,7,2022,1,39.9978,-75.1242,630.0,6,0,0,0,0,0,0,0,0,,0,0,0.0,6,1,1,0,N,0,39 59:52.210,,0,75 07:26.972,2,0,0,0,67301,1,0,1,N,1,0,1,2,67301,0,,4,1,,N,N,N,0,,0,1,0,0,0,,625,1,2,0,0,1,0,0,3,4,0,1,3,3.0,N,,,,,,,,,,,
2022072273,1752.0,0,0,0,0,0,0,0,0,0,4,0,,67,7,2022,6,39.9942,-75.1078,1746.0,6,0,0,0,0,0,1,0,0,,0,0,0.0,17,1,2,1,,0,39 59:39.142,,0,75 06:28.047,3,0,0,0,67301,0,0,0,N,0,0,0,2,67301,1,,1,1,,N,N,N,0,,1,0,2,3,2,,1740,2,2,0,0,1,0,0,3,4,0,2,3,3.0,N,,,,,,,,,,,
2022051519,218.0,2,0,0,0,0,0,0,0,0,1,0,,67,6,2022,5,39.9355,-75.2231,208.0,6,0,0,0,0,0,0,0,0,,0,0,0.0,1,3,0,0,N,0,39 56:07.630,,0,75 13:23.330,9,0,0,0,67301,0,0,0,N,0,0,0,2,67301,0,,1,1,,N,N,N,0,,0,0,0,0,0,,130,0,3,0,0,0,0,2,3,4,0,3,3,3.0,N,,,,,,,,,,,
2022063229,416.0,0,0,0,0,0,0,0,0,0,4,0,,67,5,2022,3,40.0459,-75.1304,410.0,6,0,0,1,0,0,0,1,0,,0,0,0.0,3,3,1,1,,0,40 02:45.217,,0,75 07:49.707,3,0,0,0,67301,0,0,0,N,0,0,0,2,67301,0,,1,1,,N,N,N,0,,1,0,2,3,3,,356,1,2,0,0,0,0,1,3,4,0,2,3,3.0,N,,,,,,,,,,,
2022055624,2030.0,0,0,0,0,0,0,0,0,0,1,0,,67,6,2022,1,39.9741,-75.2052,2028.0,6,0,0,0,0,0,0,0,0,,0,0,0.0,20,4,1,0,N,0,39 58:26.614,,0,75 12:18.824,4,0,0,0,67301,0,0,0,N,0,0,0,2,67301,1,,1,1,,N,N,N,0,,0,0,1,0,0,,2023,1,2,0,0,1,0,1,3,4,0,2,3,3.0,N,,,,,,,,,,,
2022066170,1032.0,1,0,0,0,0,0,0,0,0,8,0,,67,7,2022,4,40.0003,-75.0837,1025.0,6,0,0,0,0,0,0,0,0,,1,0,0.0,10,1,0,2,,2,40 00:01.227,5.0,2,75 05:01.681,1,0,0,0,67301,1,1,0,N,1,1,0,2,67301,0,2.0,1,1,1228.0,N,N,Y,0,0.0,0,0,0,3,2,Y,1021,0,2,0,0,0,0,0,3,4,0,1,3,3.0,N,,,,,,,,,,,
2022055539,1304.0,2,0,0,0,0,0,0,0,0,4,0,,67,6,2022,4,39.9181,-75.171,1304.0,6,0,0,0,0,0,0,0,0,,0,0,0.0,12,1,0,1,,0,39 55:05.344,,0,75 10:15.986,0,0,0,0,67301,0,0,0,N,0,0,0,3,67301,0,,1,1,,N,N,N,0,,0,0,0,1,2,,1255,0,2,0,0,0,0,0,3,4,0,2,3,3.0,N,,,,,,,,,,,
2022051385,1528.0,2,0,0,0,0,0,0,0,0,1,0,,67,6,2022,4,40.0277,-75.0993,1524.0,6,0,0,0,0,0,0,1,0,,0,0,0.0,9,1,1,0,Y,0,40 01:39.632,,0,75 05:57.589,3,0,0,0,67301,0,0,0,N,0,0,0,2,67301,0,,1,1,,N,N,N,0,,1,0,0,3,2,,900,1,2,0,0,0,0,0,3,4,0,2,3,3.0,N,,,,,,,,,,,
2022064765,2208.0,1,0,0,0,0,0,0,0,0,4,0,,67,6,2022,5,39.9548,-75.2179,2206.0,6,0,0,0,0,1,0,0,0,,0,0,0.0,22,3,3,1,,0,39 57:17.373,,0,75 13:04.418,3,0,0,0,67301,0,0,0,N,0,0,0,3,67301,0,,1,1,,N,N,N,0,,3,0,1,3,2,,2206,3,2,0,0,2,0,0,3,4,0,2,3,,N,,,,,,,,,,,
2022051961,1240.0,1,0,0,0,0,0,0,0,0,4,0,,67,6,2022,6,40.046,-75.0823,1234.0,6,0,0,0,0,0,0,0,0,,0,0,0.0,12,1,1,1,,0,40 02:45.589,,0,75 04:56.402,3,0,0,0,67301,0,0,0,N,0,0,0,2,67301,0,,1,1,,N,N,N,0,,1,0,1,3,2,,1234,1,2,0,0,0,0,0,3,4,0,2,3,,N,,,,,,,,,,,
2022065775,2120.0,1,0,0,0,0,0,0,0,0,4,0,,67,6,2022,6,39.9451,-75.2423,2100.0,6,0,0,0,0,0,0,0,0,,0,0,0.0,15,1,1,0,N,0,39 56:42.441,,0,75 14:32.335,3,0,0,0,67301,0,0,0,N,0,0,0,1,67301,0,,1,1,,N,N,N,0,,1,0,0,3,3,,1500,1,2,0,0,0,0,0,3,4,0,2,3,3.0,N,,,,,,,,,,,
2022067352,1829.0,2,0,0,0,0,0,0,0,0,4,0,,67,6,2022,1,39.9929,-75.2007,1824.0,6,0,0,0,0,0,1,0,0,,0,0,0.0,18,1,3,0,N,0,39 59:34.527,,0,75 12:02.396,3,0,0,0,67301,0,0,0,N,0,0,0,3,68K01,0,,1,1,,N,N,N,0,,2,0,0,0,0,,1812,3,2,0,0,1,1,0,3,4,0,2,3,,N,,,,,,,,,,,
2022057681,,0,0,0,0,0,0,0,0,0,5,0,,67,3,2022,4,40.0611,-75.0833,,6,0,0,0,0,0,0,0,0,,0,0,0.0,15,1,1,0,N,0,40 03:40.139,,0,75 04:59.776,8,0,0,0,67301,0,0,0,N,0,0,0,2,00000,0,,1,1,,,,N,0,,0,0,1,0,0,,1554,1,2,0,0,0,1,0,3,4,1,2,3,,N,,,,,,,,,,,
2022066913,1225.0,2,0,0,0,0,0,0,0,0,1,0,,67,7,2022,4,40.0036,-75.1812,1221.0,6,0,0,0,0,0,0,0,1,,0,0,0.0,12,1,2,0,N,0,40 00:13.031,,0,75 10:52.358,3,0,0,0,67301,0,0,0,N,0,0,0,5,67301,0,,1,1,,N,N,N,0,,2,0,2,0,0,,1200,2,4,0,0,0,0,0,3,4,0,4,3,3.0,N,,,,,,,,,,,
2022079172,609.0,0,0,0,0,0,0,0,0,0,4,0,,67,8,2022,2,39.9595,-75.162,606.0,6,0,0,0,0,0,1,0,0,,0,0,0.0,6,5,1,1,,0,39 57:34.154,,0,75 09:43.529,3,0,0,0,67301,0,0,0,N,0,0,0,3,67301,0,,1,1,,N,N,N,0,,1,0,2,3,2,,600,1,2,0,0,0,0,2,3,4,0,2,3,4.0,N,,,,,,,,,,,
2022079764,2147.0,2,0,0,0,0,0,0,0,0,4,0,,67,8,2022,2,39.9536,-75.1986,2146.0,6,0,0,0,0,1,0,0,0,,0,0,0.0,21,3,0,1,,0,39 57:13.151,,0,75 11:55.547,0,0,0,0,67301,0,0,0,N,0,0,0,3,67504,0,,1,1,,N,N,N,0,,0,0,0,3,2,,2140,0,2,0,0,0,0,0,3,4,0,2,3,3.0,N,,,,,,,,,,,
2022068627,1622.0,1,0,0,0,0,0,0,0,0,1,0,,67,7,2022,3,40.0604,-74.9904,1619.0,6,0,0,0,0,0,0,1,0,,0,0,0.0,14,1,1,1,,0,40 03:37.434,,0,74 59:25.565,3,0,0,0,67301,0,0,0,N,0,0,0,2,67301,0,,1,1,,N,N,N,0,,1,0,1,3,2,,1457,1,2,0,0,0,0,1,3,4,0,2,4,4.0,N,,,,,,,,,,,
2022078367,25.0,0,0,0,0,0,0,0,0,0,8,0,,67,8,2022,6,39.995,-75.1542,18.0,6,0,0,0,0,0,0,0,0,,0,0,0.0,22,3,1,0,N,9,39 59:41.834,,0,75 09:15.263,2,0,0,0,67301,1,0,1,N,1,0,1,2,67301,0,,1,1,,N,N,N,0,,0,1,1,0,0,,2212,1,2,0,0,0,0,0,3,4,0,1,3,,N,,,,,,,,,,,
2022080192,2010.0,3,0,0,0,0,0,0,0,0,4,0,,67,7,2022,2,39.9583,-75.1658,1919.0,6,0,0,0,0,0,2,0,0,,0,0,0.0,19,1,1,7,,0,39 57:29.748,,2,75 09:56.922,3,0,0,0,67301,0,0,0,N,0,0,0,4,68K01,0,,1,1,,N,N,N,0,,1,0,0,3,4,,1910,1,4,0,0,0,0,1,3,4,0,4,3,3.0,N,,,,,,,,,,,
2022078409,218.0,1,0,0,0,0,0,0,0,0,5,0,,67,7,2022,1,39.9596,-75.1808,218.0,6,0,0,0,0,0,0,0,0,,0,0,0.0,2,3,0,0,N,2,39 57:34.432,4.0,0,75 10:50.877,9,0,0,0,67301,0,0,0,N,0,0,0,3,68K01,0,,1,1,250.0,N,N,N,0,,0,0,0,0,0,Y,202,0,2,0,0,0,0,1,3,4,0,2,3,3.0,N,,,,,,,,,,,
2022065799,18.0,0,0,0,0,0,0,0,0,0,8,0,,67,7,2022,1,40.0331,-75.1706,18.0,6,0,0,0,0,0,0,0,0,,1,0,0.0,0,3,0,1,,2,40 01:59.289,5.0,0,75 10:14.197,1,0,0,0,67301,1,1,0,N,1,1,0,2,67301,0,1.0,1,1,203.0,N,N,N,0,0.0,0,0,1,3,2,Y,14,0,2,0,0,0,0,1,3,4,0,1,3,4.0,N,,,,,,,,,,,
2022061760,1506.0,2,0,0,0,0,0,0,0,0,1,0,,67,5,2022,2,39.9921,-75.0859,1446.0,6,0,0,1,0,0,0,0,0,,0,0,0.0,14,1,0,0,N,0,39 59:31.729,,0,75 05:09.099,0,0,0,0,67301,0,0,0,N,0,0,0,4,68K01,0,,1,1,,N,N,N,0,,0,0,0,0,0,,1430,0,2,0,0,0,0,0,3,4,0,2,3,,N,,,,,,,,,,,
2022052116,2226.0,2,0,0,0,0,0,0,0,0,1,0,,67,6,2022,7,39.9885,-75.1368,2225.0,6,0,0,0,0,0,0,0,0,,0,0,0.0,22,3,0,1,,0,39 59:18.538,,0,75 08:12.526,0,0,0,0,67301,0,0,0,N,0,0,0,2,67301,0,,1,1,,N,N,N,0,,0,0,0,3,3,,2220,0,2,0,0,1,0,0,3,4,0,2,3,3.0,N,,,,,,,,,,,
2022061759,2050.0,2,0,0,0,0,0,0,0,0,1,0,,67,5,2022,1,40.0334,-75.0205,2033.0,6,0,0,0,0,0,1,0,0,,0,0,0.0,20,3,1,0,N,2,40 02:00.297,2.0,3,75 01:13.724,8,0,0,0,67301,0,0,0,N,0,0,0,3,68K01,0,,1,1,2140.0,N,N,N,0,,0,0,0,0,0,N,2031,1,3,0,0,0,1,0,3,4,1,3,3,,N,,,,,,,,,,,
2022055681,2355.0,2,0,0,0,0,0,0,0,0,1,0,,67,6,2022,6,40.0145,-75.1782,2342.0,6,0,0,0,0,0,0,0,0,,0,0,0.0,22,3,2,0,N,0,40 00:52.042,,1,75 10:41.615,8,0,0,0,67301,0,0,0,N,0,0,0,3,67301,0,,1,1,,N,N,N,0,,0,0,0,0,0,,2230,2,2,0,0,3,2,0,3,4,0,2,3,3.0,N,,,,,,,,,,,