CRN,ARRIVAL_TM,AUTOMOBILE_COUNT,BELTED_DEATH_COUNT,BELTED_SUSP_SERIOUS_INJ_COUNT,BICYCLE_COUNT,BICYCLE_DEATH_COUNT,BICYCLE_SUSP_SERIOUS_INJ_COUNT,BUS_COUNT,CHLDPAS_DEATH_COUNT,CHLDPAS_SUSP_SERIOUS_INJ_COUNT,COLLISION_TYPE,COMM_VEH_COUNT,CONS_ZONE_SPD_LIM,COUNTY,CRASH_MONTH,CRASH_YEAR,DAY_OF_WEEK,DEC_LAT,DEC_LONG,DISPATCH_TM,DISTRICT,DRIVER_COUNT_16YR,DRIVER_COUNT_17YR,DRIVER_COUNT_18YR,DRIVER_COUNT_19YR,DRIVER_COUNT_20YR,DRIVER_COUNT_50_64YR,DRIVER_COUNT_65_74YR,DRIVER_COUNT_75PLUS,EST_HRS_CLOSED,FATAL_COUNT,HEAVY_TRUCK_COUNT,HORSE_BUGGY_COUNT,HOUR_OF_DAY,ILLUMINATION,INJURY_COUNT,INTERSECT_TYPE,INTERSECTION_RELATED,LANE_CLOSED,LATITUDE,LN_CLOSE_DIR,LOCATION_TYPE,LONGITUDE,MAX_SEVERITY_LEVEL,MCYCLE_DEATH_COUNT,MCYCLE_SUSP_SERIOUS_INJ_COUNT,MOTORCYCLE_COUNT,MUNICIPALITY,NONMOTR_COUNT,NONMOTR_DEATH_COUNT,NONMOTR_SUSP_SERIOUS_INJ_COUNT,NTFY_HIWY_MAINT,PED_COUNT,PED_DEATH_COUNT,PED_SUSP_SERIOUS_INJ_COUNT,PERSON_COUNT,POLICE_AGCY,POSSIBLE_INJ_COUNT,RDWY_SURF_TYPE_CD,RELATION_TO_ROAD,ROAD_CONDITION,ROADWAY_CLEARED,SCH_BUS_IND,SCH_ZONE_IND,SECONDARY_CRASH,SMALL_TRUCK_COUNT,SPEC_JURIS_CD,SUSP_MINOR_INJ_COUNT,SUSP_SERIOUS_INJ_COUNT,SUV_COUNT,TCD_FUNC_CD,TCD_TYPE,TFC_DETOUR_IND,TIME_OF_DAY,TOT_INJ_COUNT,TOTAL_UNITS,UNB_DEATH_COUNT,UNB_SUSP_SERIOUS_INJ_COUNT,UNBELTED_OCC_COUNT,UNK_INJ_DEG_COUNT,UNK_INJ_PER_COUNT,URBAN_AREA,URBAN_RURAL,VAN_COUNT,VEHICLE_COUNT,WEATHER1,WEATHER2,WORK_ZONE_IND,WORK_ZONE_LOC,WORK_ZONE_TYPE,WORKERS_PRES,WZ_CLOSE_DETOUR,WZ_FLAGGER,WZ_LAW_OFFCR_IND,WZ_LN_CLOSURE,WZ_MOVING,WZ_OTHER,WZ_SHLDER_MDN,WZ_WORKERS_INJ_KILLED
2022025238,941.0,1,0,0,0,0,0,0,0,0,4,0,,67,3,2022,7,39.9435,-75.2352,938.0,6,0,0,0,0,0,0,0,0,,0,0,0.0,8,1,1,1,,0,39 56:36.600,,0,75 14:06.878,3,0,0,0,67301,0,0,0,N,0,0,0,2,67301,0,,1,9,,N,N,Y,0,,1,0,2,3,3,,835,1,3,0,0,0,0,0,3,4,0,3,7,7.0,N,,,,,,,,,,,
2022019667,1620.0,1,0,0,0,0,0,0,0,0,8,0,,67,2,2022,6,40.0444,-75.1435,1615.0,6,0,0,0,0,0,0,0,0,,0,0,0.0,16,1,1,1,,0,40 02:39.820,,0,75 08:36.842,3,0,0,0,67301,1,0,0,N,1,0,0,2,67301,0,,1,1,,N,N,N,0,,1,0,0,3,2,,1614,1,2,0,0,0,0,0,3,4,0,1,3,,N,,,,,,,,,,,
2022035571,1600.0,2,0,0,0,0,0,0,0,0,1,0,,67,4,2022,3,40.0202,-75.1141,1553.0,6,0,0,0,0,0,0,0,0,,0,0,0.0,15,1,1,1,,0,40 01:12.880,,0,75 06:50.704,8,0,0,0,67301,0,0,0,N,0,0,0,3,67508,0,,1,1,,N,N,N,0,,0,0,0,3,2,,1553,1,2,0,0,0,1,0,3,4,0,2,3,3.0,N,,,,,,,,,,,
2022032887,40.0,1,0,0,0,0,0,0,0,0,5,0,,67,4,2022,2,40.0505,-75.1597,35.0,6,0,0,0,0,0,0,0,0,,0,0,0.0,0,3,0,0,N,0,40 03:01.750,,0,75 09:34.860,0,0,0,0,67301,0,0,0,N,0,0,0,1,67301,0,,6,1,,N,N,N,0,,0,0,2,0,0,,30,0,3,0,0,0,0,0,3,4,0,3,3,3.0,N,,,,,,,,,,,
2022052335,2000.0,1,0,0,0,0,0,0,0,0,4,0,,67,6,2022,7,39.9649,-75.1952,2000.0,6,0,0,0,0,0,0,0,0,,0,0,0.0,19,1,0,0,N,0,39 57:53.480,,0,75 11:42.560,9,0,0,0,67301,0,0,0,N,0,0,0,2,67301,0,,6,1,,N,N,N,0,,0,0,1,0,0,,1916,0,2,0,0,0,0,2,3,4,0,2,3,3.0,N,,,,,,,,,,,
2022029232,1300.0,1,0,0,0,0,0,0,0,0,4,0,,67,3,2022,4,39.9558,-75.236,1257.0,6,0,0,0,0,0,1,0,0,,0,0,0.0,12,1,3,1,,1,39 57:20.995,4.0,0,75 14:09.589,3,0,0,0,67301,0,0,0,N,0,0,0,3,67301,0,,1,1,1400.0,N,N,N,0,,3,0,1,3,2,Y,1249,3,2,0,0,0,0,0,3,4,0,2,3,3.0,N,,,,,,,,,,,
2022029224,915.0,2,0,1,0,0,0,0,0,0,5,0,,67,3,2022,3,40.0298,-75.0877,912.0,6,0,0,0,1,0,1,0,1,,0,0,0.0,9,1,3,0,Y,1,40 01:47.058,1.0,0,75 05:16.261,2,0,0,0,67301,0,0,0,N,0,0,0,3,67301,1,,1,1,1010.0,N,N,N,1,,1,1,0,3,2,Y,908,3,3,0,0,1,0,0,3,4,0,3,3,3.0,N,,,,,,,,,,,
2022041593,2027.0,0,0,0,0,0,0,1,0,0,8,1,,67,4,2022,2,40.0205,-75.1924,2017.0,6,0,0,0,0,0,0,0,0,,0,0,0.0,20,3,1,1,,0,40 01:13.816,,0,75 11:32.569,8,0,0,0,67301,1,0,0,N,1,0,0,2,67508,0,,1,1,,N,N,Y,0,,0,0,0,3,2,,2017,1,2,0,0,0,1,0,3,4,0,1,3,3.0,N,,,,,,,,,,,
2022050974,2250.0,1,0,0,0,0,0,1,0,0,4,1,,67,5,2022,1,39.9917,-75.1856,2235.0,6,0,0,0,0,0,0,0,0,,0,0,0.0,22,3,5,1,,1,39 59:30.115,1.0,0,75 11:08.190,4,0,0,0,67301,0,0,0,N,0,0,0,6,67508,5,,1,1,9999.0,N,N,Y,0,,0,0,0,3,2,N,2235,5,2,0,0,0,0,0,3,4,0,2,3,3.0,N,,,,,,,,,,,
2022043874,1016.0,0,0,0,0,0,0,0,0,0,4,2,,67,4,2022,5,39.9202,-75.2133,955.0,6,0,0,0,0,0,0,0,0,,0,2,0.0,7,1,0,0,N,0,39 55:12.760,,7,75 12:47.910,0,0,0,0,67301,0,0,0,N,0,0,0,2,67301,0,,1,1,,N,N,N,0,,0,0,0,0,0,,741,0,2,0,0,0,0,0,3,4,0,2,3,3.0,N,,,,,,,,,,,
2022029253,2109.0,2,0,0,0,0,0,0,0,0,4,0,,67,3,2022,5,39.9927,-75.1451,2109.0,6,0,0,0,0,0,0,0,0,,0,0,0.0,21,3,0,1,,0,39 59:33.986,,0,75 08:42.408,0,0,0,0,67301,0,0,0,N,0,0,0,3,67301,0,,1,9,,N,N,N,0,,0,0,1,3,2,,2100,0,3,0,0,0,0,0,3,4,0,3,7,,N,,,,,,,,,,,
2022044148,1346.0,1,0,0,0,0,0,0,0,0,4,0,,67,5,2022,2,39.9753,-75.1916,1346.0,6,0,0,0,0,0,0,0,0,,0,0,0.0,13,1,0,0,N,1,39 58:31.142,1.0,7,75 11:29.928,0,0,0,0,67301,0,0,0,N,0,0,0,2,67301,0,,1,1,1500.0,N,N,N,0,,0,0,1,0,0,N,1346,0,2,0,0,1,0,0,3,4,0,2,3,3.0,N,,,,,,,,,,,
2022049539,1535.0,0,0,0,0,0,0,0,0,0,7,1,,67,5,2022,5,39.9915,-75.2258,1516.0,6,0,0,0,0,0,0,0,0,,0,1,0.0,15,1,0,0,N,1,39 59:29.340,3.0,1,75 13:32.890,0,0,0,0,67301,0,0,0,N,0,0,0,2,67301,0,,1,1,1800.0,N,N,N,0,,0,0,0,3,8,N,1516,0,1,0,0,0,0,0,3,4,0,1,4,4.0,N,,,,,,,,,,,
2022014906,2028.0,1,0,0,0,0,0,0,0,0,7,0,,67,2,2022,2,39.9992,-75.1551,2026.0,6,0,0,0,0,0,0,0,0,,0,0,0.0,20,3,1,2,,0,39 59:57.026,,0,75 09:18.482,2,0,0,0,67301,0,0,0,N,0,0,0,1,67301,0,,5,9,,N,N,N,0,,0,1,0,3,3,,2010,1,1,0,0,0,0,0,3,4,0,1,7,,N,,,,,,,,,,,
2022032872,10.0,0,0,0,0,0,0,0,0,0,1,1,,67,4,2022,7,39.9684,-75.1909,5.0,6,0,0,0,0,0,1,0,0,,0,1,0.0,0,3,1,0,N,2,39 58:06.118,4.0,0,75 11:27.134,8,0,0,0,67301,0,0,0,Y,0,0,0,4,67301,0,,2,99,45.0,N,N,N,0,,0,0,2,0,0,N,5,1,3,0,0,0,1,0,3,4,0,3,3,3.0,N,,,,,,,,,,,
2022043871,1145.0,0,0,0,0,0,0,0,0,0,4,0,,67,4,2022,3,39.9182,-75.2088,1140.0,6,0,0,0,0,0,0,1,0,,0,0,0.0,11,1,2,2,,0,39 55:05.829,,7,75 12:32.558,8,0,0,0,67301,0,0,0,N,0,0,0,3,67301,0,,1,1,,N,N,Y,0,,0,0,1,3,2,,1130,2,2,0,0,0,2,0,3,4,1,2,3,98.0,N,,,,,,,,,,,
2022048665,1555.0,2,0,0,0,0,0,0,0,0,1,0,,67,5,2022,4,39.9772,-75.1995,1532.0,6,0,0,0,0,0,0,0,0,,0,0,0.0,15,1,1,0,N,1,39 58:38.067,4.0,0,75 11:58.198,4,0,0,0,67301,0,0,0,N,0,0,0,2,68K01,1,,1,1,1600.0,N,N,N,0,,0,0,0,0,0,N,1528,1,2,0,0,0,0,0,3,4,0,2,3,3.0,N,,,,,,,,,,,
2022021474,1233.0,0,0,0,0,0,0,0,0,0,4,0,,67,2,2022,1,39.9549,-75.2087,1231.0,6,0,0,0,0,0,1,0,0,,0,0,0.0,12,1,1,1,,1,39 57:17.575,1.0,0,75 12:31.268,2,0,0,0,67301,1,0,1,N,1,0,1,3,67301,0,,1,1,1330.0,N,N,N,0,,0,1,1,3,2,Y,1230,1,3,0,0,0,0,0,3,4,1,2,3,3.0,N,,,,,,,,,,,
2022016634,1637.0,0,0,0,0,0,0,0,0,0,8,0,,67,2,2022,6,39.9406,-75.2216,1633.0,6,0,0,0,0,0,0,0,0,,0,0,0.0,16,1,1,1,,0,39 56:26.318,,0,75 13:17.587,8,0,0,0,67301,1,0,0,N,1,0,0,2,67301,0,,1,1,,N,N,N,0,,0,0,1,3,3,,1628,1,2,0,0,0,1,0,3,4,0,1,3,3.0,N,,,,,,,,,,,
2022044303,2137.0,3,0,0,0,0,0,0,0,0,2,0,,67,4,2022,1,39.9241,-75.1523,2131.0,6,0,0,0,0,0,0,0,0,,0,0,0.0,21,3,2,0,N,0,39 55:26.920,,0,75 09:08.190,3,0,0,0,67301,0,0,0,N,0,0,0,3,67301,0,,1,1,,N,N,N,1,,2,0,4,0,0,,2128,2,9,0,0,0,0,0,3,4,1,9,3,,N,,,,,,,,,,,
2022025804,1756.0,1,0,0,0,0,0,0,0,0,4,0,,67,3,2022,7,39.9998,-75.1148,1745.0,6,0,0,0,0,0,0,0,0,,0,0,0.0,17,1,1,1,,0,39 59:59.413,,0,75 06:53.265,3,0,0,0,67301,0,0,0,N,0,0,0,2,67301,0,,1,1,,N,N,N,0,,1,0,1,2,2,,1743,1,2,0,0,0,0,0,3,4,0,2,3,98.0,N,,,,,,,,,,,
2022043876,1518.0,1,0,0,0,0,0,0,0,0,1,0,,67,4,2022,6,39.9468,-75.2357,1518.0,6,0,0,0,0,0,0,0,0,,0,0,0.0,15,1,0,0,N,0,39 56:48.616,,0,75 14:08.452,0,0,0,0,67301,0,0,0,N,0,0,0,1,67301,0,,4,1,,N,N,N,1,,0,0,0,3,7,,1518,0,2,0,0,1,0,0,3,4,0,2,3,3.0,N,,,,,,,,,,,
2022031370,2008.0,0,0,0,0,0,0,0,0,0,4,0,,67,3,2022,1,40.0392,-75.0668,2008.0,6,0,0,0,0,0,1,0,0,,0,0,0.0,17,3,1,1,,0,40 02:21.129,,0,75 04:00.301,3,0,0,0,67301,0,0,0,N,0,0,0,2,67301,0,,1,1,,N,N,N,0,,1,0,2,3,2,,1731,1,2,0,0,2,0,0,3,4,0,2,3,3.0,N,,,,,,,,,,,
2022043968,245.0,1,0,0,0,0,0,0,0,0,5,0,,67,4,2022,7,39.9536,-75.2395,240.0,6,0,0,0,0,0,0,0,0,,0,0,0.0,0,3,0,0,N,0,39 57:13.040,,0,75 14:22.260,0,0,0,0,67301,0,0,0,N,0,0,0,1,67301,0,,6,9,,N,N,N,0,,0,0,1,0,0,,33,0,3,0,0,0,0,0,3,4,0,3,7,7.0,N,,,,,,,,,,,
2022020345,1551.0,1,0,0,0,0,0,0,0,0,4,0,,67,2,2022,4,40.0276,-75.1654,1551.0,6,0,0,0,0,0,0,0,0,,0,0,0.0,15,1,1,1,,1,40 01:39.377,3.0,0,75 09:55.494,3,0,0,0,67301,0,0,0,N,0,0,0,2,67301,0,,1,1,1655.0,N,N,N,0,,1,0,1,3,2,N,1521,1,2,0,0,0,0,0,3,4,0,2,3,,N,,,,,,,,,,,
2022031219,1711.0,1,0,0,0,0,0,0,0,0,1,0,,67,3,2022,4,39.901,-75.2042,1707.0,6,0,0,0,0,0,0,1,0,,0,0,0.0,17,1,3,0,N,2,39 54:03.705,6.0,3,75 12:15.245,3,0,0,0,67301,0,0,0,N,0,0,0,6,67301,0,,1,1,1755.0,N,N,N,3,,3,0,2,9,7,N,1706,3,6,0,0,0,0,0,3,4,0,6,3,3.0,N,,,,,,,,,,,
2022029200,1731.0,1,0,0,0,0,0,0,0,0,4,0,,67,3,2022,6,39.9083,-75.2231,1731.0,6,0,0,0,0,0,0,0,0,,0,0,0.0,17,1,2,0,N,1,39 54:29.433,3.0,7,75 13:23.276,2,0,0,0,67301,0,0,0,N,0,0,0,3,67301,1,,1,1,1900.0,N,N,N,0,,0,1,1,3,2,N,1730,2,2,0,1,1,0,0,3,4,0,2,3,3.0,N,,,,,,,,,,,
2022052561,1910.0,3,0,0,0,0,0,0,0,0,2,0,,67,6,2022,4,39.9944,-75.0949,1910.0,6,0,0,0,0,0,0,0,0,,0,0,0.0,17,1,2,0,N,0,39 59:39.950,,0,75 05:41.693,8,0,0,0,67301,0,0,0,N,0,0,0,3,67301,0,,1,1,,N,N,N,0,,0,0,0,0,0,,1750,2,3,0,0,1,2,0,3,4,0,3,3,3.0,N,,,,,,,,,,,
2022053204,315.0,0,0,0,0,0,0,0,0,0,8,0,,67,4,2022,1,39.9724,-75.1665,315.0,6,0,0,0,0,0,0,0,0,,0,0,0.0,3,3,1,5,,0,39 58:20.544,,0,75 09:59.380,3,0,0,0,67301,1,0,0,N,1,0,0,2,67301,0,,1,1,,N,N,N,0,,1,0,0,3,2,,313,1,2,0,0,0,0,0,3,4,0,1,3,3.0,N,,,,,,,,,,,
2022045904,1541.0,0,0,0,0,0,0,0,0,0,8,0,,67,5,2022,2,40.0721,-75.033,1536.0,6,0,0,0,0,0,1,0,0,,0,0,0.0,15,1,1,2,,0,40 04:19.712,,0,75 01:58.660,3,0,0,0,67301,2,0,0,N,2,0,0,4,67301,0,,1,1,,N,N,N,0,,1,0,1,3,2,,1510,1,3,0,0,0,0,0,3,4,0,1,3,3.0,N,,,,,,,,,,,
2022046201,639.0,1,0,0,0,0,0,0,0,0,4,0,,67,4,2022,4,39.9308,-75.1459,627.0,6,0,0,0,0,0,1,0,0,,0,0,0.0,6,1,2,0,N,2,39 55:50.937,2.0,0,75 08:45.390,3,0,0,0,67301,0,0,0,N,0,0,0,4,68K01,0,,1,1,700.0,N,N,N,0,,2,0,2,0,0,N,624,2,3,0,0,0,0,0,3,4,0,3,3,3.0,N,,,,,,,,,,,
2022029243,1216.0,1,0,0,0,0,0,0,0,0,5,0,,67,3,2022,2,39.9873,-75.1639,1216.0,6,0,0,1,0,0,0,0,1,,0,0,0.0,12,1,1,0,N,0,39 59:14.180,,0,75 09:49.880,4,0,0,0,67301,0,0,0,N,0,0,0,2,67301,1,,1,1,,N,N,N,1,,0,0,2,0,0,,1216,1,4,0,0,1,0,0,3,4,0,4,3,3.0,N,,,,,,,,,,,
2022041163,554.0,1,0,0,0,0,0,0,0,0,7,0,,67,4,2022,1,39.9553,-75.1809,550.0,6,0,0,0,0,0,0,0,0,,0,0,0.0,5,3,0,0,N,1,39 57:19.217,3.0,0,75 10:51.364,0,0,0,0,67301,0,0,0,N,0,0,0,1,68K01,0,,4,1,630.0,N,N,N,0,,0,0,0,0,0,N,549,0,1,0,0,0,0,0,3,4,0,1,3,,N,,,,,,,,,,,
2022030286,56.0,0,0,0,0,0,0,0,0,0,1,0,,67,3,2022,6,39.9508,-75.2417,56.0,6,0,0,0,0,0,0,0,0,,0,0,0.0,0,3,0,0,N,0,39 57:02.750,,0,75 14:30.070,0,0,0,0,67301,0,0,0,N,0,0,0,2,67301,0,,1,1,,N,N,N,1,,0,0,1,0,0,,21,0,2,0,0,0,0,0,3,4,0,2,3,3.0,N,,,,,,,,,,,
2022030191,1212.0,1,0,0,0,0,0,0,0,0,1,0,,67,3,2022,4,40.0508,-75.164,1212.0,6,0,0,0,0,0,0,0,0,,0,0,0.0,10,1,1,0,N,0,40 03:02.850,,0,75 09:50.480,8,0,0,0,67301,0,0,0,N,0,0,0,1,67301,0,,6,1,,N,N,N,0,,0,0,1,0,0,,1051,1,2,0,0,0,1,0,3,4,0,2,3,3.0,N,,,,,,,,,,,
2022029168,1055.0,0,0,0,0,0,0,0,0,0,8,0,99.0,67,3,2022,5,39.9298,-75.1442,1046.0,6,0,0,0,0,0,0,0,0,,0,0,0.0,10,1,1,2,,2,39 55:47.711,2.0,0,75 08:40.000,3,0,0,0,67301,1,0,0,N,1,0,0,2,67301,0,,1,9,1110.0,N,N,N,0,,1,0,1,3,2,N,1040,1,2,0,0,0,0,0,3,4,0,1,7,,Y,4.0,3.0,Y,,,N,,,Y,,Y
2022026856,2.0,2,0,0,0,0,0,0,0,0,1,0,,67,2,2022,7,39.9601,-75.1796,2343.0,6,0,0,0,0,0,0,0,0,,0,0,0.0,23,3,3,0,N,2,39 57:36.317,4.0,3,75 10:46.482,4,0,0,0,67301,0,0,0,N,0,0,0,6,68K01,3,,1,9,40.0,N,N,N,0,,0,0,1,0,0,Y,2340,3,3,0,0,0,0,0,3,4,0,3,10,,N,,,,,,,,,,,
2022029196,1351.0,0,0,0,1,0,0,0,0,0,3,0,,67,3,2022,5,39.9486,-75.1778,1200.0,6,0,0,0,0,0,0,0,0,,0,0,0.0,20,3,1,1,,0,39 56:54.998,,0,75 10:40.196,3,0,0,0,67301,1,0,0,N,0,0,0,2,67301,0,,1,99,,N,N,N,0,,1,0,1,3,2,,2015,1,2,0,0,0,0,1,3,4,0,1,99,,N,,,,,,,,,,,
2022048293,131.0,1,0,0,0,0,0,0,0,0,7,0,,67,5,2022,1,40.0413,-75.1067,123.0,6,0,0,0,0,0,0,0,0,,0,0,0.0,1,3,0,1,,0,40 02:28.749,,0,75 06:24.204,9,0,0,0,67301,0,0,0,N,0,0,0,1,67301,0,,2,1,,N,N,N,0,,0,0,0,3,2,,122,0,1,0,0,0,0,1,3,4,0,1,3,,N,,,,,,,,,,,
2022049089,1805.0,2,0,0,0,0,0,0,0,0,4,0,,67,5,2022,4,40.0861,-75.2119,1756.0,6,0,0,0,0,0,0,1,0,,0,0,0.0,17,1,1,1,,0,40 05:09.747,,0,75 12:42.989,4,0,0,0,67301,0,0,0,N,0,0,0,4,67301,1,,1,1,,N,N,N,0,,0,0,0,3,2,,1756,1,2,0,0,0,0,0,3,4,0,2,3,3.0,N,,,,,,,,,,,
2022030067,539.0,1,0,0,0,0,0,0,0,0,7,0,,67,3,2022,5,40.0571,-75.129,538.0,6,0,0,0,0,0,0,0,0,,0,0,0.0,5,3,1,1,,0,40 03:25.421,,0,75 07:44.576,3,0,0,0,67301,0,0,0,N,0,0,0,1,67301,0,,4,8,,N,N,N,0,,1,0,1,3,2,,500,1,2,0,0,0,0,0,3,4,0,2,7,98.0,N,,,,,,,,,,,
2022023742,1332.0,1,0,0,0,0,0,0,0,0,4,0,,67,3,2022,4,40.0385,-75.1584,1325.0,6,1,0,0,0,0,0,0,0,,0,0,0.0,13,1,1,2,,0,40 02:18.646,,0,75 09:30.419,4,0,0,0,67301,0,0,0,N,0,0,0,2,67301,1,,1,1,,N,N,N,0,,0,0,1,3,3,,1321,1,2,0,0,2,0,0,3,4,0,2,3,3.0,N,,,,,,,,,,,
2022032312,2019.0,2,0,0,0,0,0,0,0,0,1,0,,67,3,2022,7,39.9576,-75.1473,2014.0,6,0,0,0,0,0,0,0,0,,0,0,0.0,20,3,1,0,N,1,39 57:27.203,4.0,3,75 08:50.153,3,0,0,0,67301,0,0,0,N,0,0,0,4,68K01,0,,1,1,2025.0,N,N,N,0,,1,0,0,0,0,N,2012,1,3,0,0,0,0,1,3,4,0,3,3,,N,,,,,,,,,,,
2022016125,1548.0,1,0,0,0,0,0,0,0,0,1,0,,67,2,2022,7,39.9075,-75.1429,1545.0,6,0,0,0,0,0,0,1,0,,0,0,0.0,15,1,0,0,N,0,39 54:27.000,,3,75 08:34.600,0,0,0,0,67301,0,0,0,N,0,0,0,3,67501,0,,1,1,,N,N,N,0,,0,0,1,3,8,,1540,0,2,0,0,0,0,0,3,4,0,2,3,3.0,N,,,,,,,,,,,
2022023719,1045.0,0,0,0,0,0,0,0,0,0,8,0,,67,3,2022,7,39.9534,-75.1547,1040.0,6,0,0,0,0,0,0,0,0,,0,0,0.0,9,1,1,1,,0,39 57:12.074,,0,75 09:16.972,3,0,0,0,67301,1,0,0,N,1,0,0,2,67301,0,,1,1,,N,N,N,1,,1,0,0,3,2,,945,1,2,0,0,0,0,1,3,4,0,1,3,3.0,N,,,,,,,,,,,
2022038511,1736.0,1,0,0,0,0,0,0,0,0,1,0,,67,3,2022,4,39.943,-75.1931,1729.0,6,0,0,0,0,0,2,0,0,,0,0,0.0,17,1,0,0,N,2,39 56:34.620,3.0,3,75 11:35.270,0,0,0,0,67301,0,0,0,N,0,0,0,2,68K01,0,,1,1,1800.0,N,N,N,1,,0,0,0,0,0,N,1725,0,2,0,0,0,0,0,3,4,0,2,3,,N,,,,,,,,,,,
2022021351,333.0,0,0,0,0,0,0,0,0,0,1,0,,67,2,2022,2,40.0318,-75.1056,328.0,6,0,0,0,0,0,0,0,0,,0,0,0.0,3,3,1,2,,2,40 01:54.593,7.0,0,75 06:20.165,3,0,0,0,67301,0,0,0,N,0,0,0,2,67301,0,,1,1,500.0,N,N,N,0,,1,0,2,3,2,Y,320,1,2,0,0,0,0,0,3,4,0,2,3,3.0,N,,,,,,,,,,,
2022020293,1011.0,0,0,0,0,0,0,0,0,0,4,0,,67,2,2022,2,39.9815,-75.2262,1009.0,6,0,0,0,0,0,0,0,1,,0,0,0.0,9,1,1,1,,0,39 58:53.410,,0,75 13:34.260,4,0,0,0,67301,0,0,0,N,0,0,0,2,67301,1,,1,1,,N,N,N,0,,0,0,2,0,0,,949,1,2,0,0,0,0,0,3,4,0,2,3,3.0,N,,,,,,,,,,,
2022044376,2318.0,0,0,0,0,0,0,0,0,0,0,0,,67,4,2022,7,40.0299,-75.0222,2257.0,6,0,0,0,0,0,0,0,0,,0,0,0.0,22,3,1,0,N,0,40 01:47.816,,0,75 01:20.059,3,0,0,1,67301,0,0,0,N,0,0,0,1,68K01,0,,1,1,,N,N,N,0,,1,0,0,0,0,,2253,1,2,0,0,0,0,0,3,4,0,1,3,,N,,,,,,,,,,,
2022032702,1630.0,2,0,0,0,0,0,0,0,0,1,0,,67,3,2022,7,39.8889,-75.2022,1625.0,6,0,0,0,0,0,0,0,0,,0,0,0.0,16,1,2,0,N,2,39 53:20.121,1.0,3,75 12:08.081,8,0,0,0,67301,0,0,0,N,0,0,0,5,68K01,0,,2,2,1715.0,N,N,N,0,,0,0,1,0,0,N,1625,2,3,0,0,0,2,0,3,4,0,3,2,2.0,N,,,,,,,,,,,
2022015354,720.0,2,0,0,0,0,0,0,0,0,6,0,,67,2,2022,4,40.0231,-75.1973,712.0,6,0,0,0,0,0,1,0,0,,0,0,0.0,7,1,0,0,N,1,40 01:22.990,2.0,0,75 11:50.440,9,0,0,0,67301,0,0,0,N,0,0,0,2,67301,0,,1,2,15.0,N,N,N,0,,0,0,0,0,0,N,712,0,2,0,0,2,0,2,3,4,0,2,3,,N,,,,,,,,,,,
2022021449,2100.0,2,0,0,0,0,0,0,0,0,1,0,,67,2,2022,7,40.0948,-75.0153,2100.0,6,0,0,0,0,0,0,1,0,,0,0,0.0,16,1,3,1,,0,40 05:41.184,,0,75 00:55.174,8,0,0,0,67301,0,0,0,N,0,0,0,4,67301,0,,1,1,,N,N,N,0,,0,0,0,3,2,,1600,3,2,0,0,0,3,1,3,4,0,2,3,3.0,N,,,,,,,,,,,
2022016055,55.0,1,0,0,0,0,0,0,0,0,7,0,,67,2,2022,3,40.0242,-75.148,53.0,6,0,0,0,0,0,0,0,0,,0,0,0.0,0,3,1,0,N,0,40 01:27.074,,0,75 08:52.747,3,0,0,0,67301,0,0,0,N,0,0,0,1,67301,0,,5,9,,N,N,N,0,,1,0,0,0,0,,40,1,1,0,0,0,0,0,3,4,0,1,3,,N,,,,,,,,,,,
2022044724,1618.0,1,0,0,0,0,0,1,0,0,4,1,,67,5,2022,4,39.914,-75.1499,1618.0,6,0,0,0,0,0,1,0,0,,0,0,0.0,16,1,2,1,,0,39 54:50.430,,0,75 08:59.773,3,0,0,0,67301,0,0,0,N,0,0,0,2,67301,0,,1,1,,N,N,N,0,,2,0,0,3,2,,1610,2,2,0,0,0,0,0,3,4,0,2,4,4.0,N,,,,,,,,,,,
2022044035,735.0,3,0,0,0,0,0,0,0,0,1,0,,67,4,2022,1,40.001,-75.1004,735.0,6,0,0,0,0,0,0,0,0,,0,0,0.0,5,3,0,0,N,0,40 00:03.670,,0,75 06:01.460,0,0,0,0,67301,0,0,0,N,0,0,0,1,67301,0,,6,99,,N,N,N,0,,0,0,0,0,0,,549,0,3,0,0,0,0,0,3,4,0,3,99,98.0,N,,,,,,,,,,,
2022016148,1119.0,2,0,0,0,0,0,0,0,0,4,0,,67,2,2022,7,40.0331,-75.107,1119.0,6,0,0,0,0,0,0,0,0,,0,0,0.0,6,3,1,1,,0,40 01:59.326,,0,75 06:25.057,3,0,0,0,67301,0,0,0,N,0,0,0,4,67301,0,,1,1,,N,N,N,0,,1,0,1,3,2,,640,1,3,0,0,0,0,1,3,4,0,3,99,,N,,,,,,,,,,,
2022043684,832.0,1,0,0,0,0,0,0,0,0,5,0,,67,4,2022,7,40.0514,-74.9894,817.0,6,0,0,0,0,0,0,0,0,,0,0,0.0,8,1,1,0,N,1,40 03:05.128,2.0,0,74 59:22.011,4,0,0,0,67301,0,0,0,N,0,0,0,2,68K01,1,,1,9,840.0,N,N,N,0,,0,0,1,0,0,N,812,1,2,0,0,0,0,0,3,4,0,2,7,,N,,,,,,,,,,,
2022016058,20.0,2,0,0,0,0,0,0,0,0,6,0,,67,2,2022,7,40.0507,-75.1486,18.0,6,0,0,0,0,0,1,0,0,,0,0,0.0,23,3,0,1,,2,40 03:02.643,6.0,0,75 08:55.120,0,0,0,0,67301,0,0,0,N,0,0,0,3,67301,0,,1,1,200.0,N,N,N,0,,0,0,1,3,2,Y,2350,0,3,0,0,0,0,0,3,4,0,3,3,,N,,,,,,,,,,,