CRN,ARRIVAL_TM,AUTOMOBILE_COUNT,BELTED_DEATH_COUNT,BELTED_SUSP_SERIOUS_INJ_COUNT,BICYCLE_COUNT,BICYCLE_DEATH_COUNT,BICYCLE_SUSP_SERIOUS_INJ_COUNT,BUS_COUNT,CHLDPAS_DEATH_COUNT,CHLDPAS_SUSP_SERIOUS_INJ_COUNT,COLLISION_TYPE,COMM_VEH_COUNT,CONS_ZONE_SPD_LIM,COUNTY,CRASH_MONTH,CRASH_YEAR,DAY_OF_WEEK,DEC_LAT,DEC_LONG,DISPATCH_TM,DISTRICT,DRIVER_COUNT_16YR,DRIVER_COUNT_17YR,DRIVER_COUNT_18YR,DRIVER_COUNT_19YR,DRIVER_COUNT_20YR,DRIVER_COUNT_50_64YR,DRIVER_COUNT_65_74YR,DRIVER_COUNT_75PLUS,EST_HRS_CLOSED,FATAL_COUNT,HEAVY_TRUCK_COUNT,HORSE_BUGGY_COUNT,HOUR_OF_DAY,ILLUMINATION,INJURY_COUNT,INTERSECT_TYPE,INTERSECTION_RELATED,LANE_CLOSED,LATITUDE,LN_CLOSE_DIR,LOCATION_TYPE,LONGITUDE,MAX_SEVERITY_LEVEL,MCYCLE_DEATH_COUNT,MCYCLE_SUSP_SERIOUS_INJ_COUNT,MOTORCYCLE_COUNT,MUNICIPALITY,NONMOTR_COUNT,NONMOTR_DEATH_COUNT,NONMOTR_SUSP_SERIOUS_INJ_COUNT,NTFY_HIWY_MAINT,PED_COUNT,PED_DEATH_COUNT,PED_SUSP_SERIOUS_INJ_COUNT,PERSON_COUNT,POLICE_AGCY,POSSIBLE_INJ_COUNT,RDWY_SURF_TYPE_CD,RELATION_TO_ROAD,ROAD_CONDITION,ROADWAY_CLEARED,SCH_BUS_IND,SCH_ZONE_IND,SECONDARY_CRASH,SMALL_TRUCK_COUNT,SPEC_JURIS_CD,SUSP_MINOR_INJ_COUNT,SUSP_SERIOUS_INJ_COUNT,SUV_COUNT,TCD_FUNC_CD,TCD_TYPE,TFC_DETOUR_IND,TIME_OF_DAY,TOT_INJ_COUNT,TOTAL_UNITS,UNB_DEATH_COUNT,UNB_SUSP_SERIOUS_INJ_COUNT,UNBELTED_OCC_COUNT,UNK_INJ_DEG_COUNT,UNK_INJ_PER_COUNT,URBAN_AREA,URBAN_RURAL,VAN_COUNT,VEHICLE_COUNT,WEATHER1,WEATHER2,WORK_ZONE_IND,WORK_ZONE_LOC,WORK_ZONE_TYPE,WORKERS_PRES,WZ_CLOSE_DETOUR,WZ_FLAGGER,WZ_LAW_OFFCR_IND,WZ_LN_CLOSURE,WZ_MOVING,WZ_OTHER,WZ_SHLDER_MDN,WZ_WORKERS_INJ_KILLED
2022029166,1612.0,2,0,0,0,0,0,0,0,0,4,0,,67,3,2022,3,40.0431,-75.0738,1605.0,6,0,0,0,0,0,1,0,0,,0,0,0.0,16,1,2,1,,0,40 02:35.284,,0,75 04:25.695,3,0,0,0,67301,0,0,0,N,0,0,0,3,67301,0,,1,1,,N,N,N,0,,2,0,0,3,2,,1600,2,2,0,0,0,0,0,3,4,0,2,3,,N,,,,,,,,,,,
2022023781,2009.0,0,0,0,0,0,0,0,0,0,8,0,,67,2,2022,5,40.011,-75.1508,2004.0,6,0,0,0,0,0,1,0,0,,0,0,0.0,19,3,1,0,N,0,40 00:39.554,,0,75 09:02.714,8,0,0,0,67301,1,0,0,N,1,0,0,2,67301,0,,1,1,,N,N,N,0,,0,0,0,0,0,,1951,1,2,0,0,0,1,0,3,4,1,1,3,,N,,,,,,,,,,,
2022015196,1005.0,0,0,0,0,0,0,0,0,0,4,0,,67,2,2022,3,40.0082,-75.0904,947.0,6,0,0,0,0,0,1,0,0,,0,0,0.0,9,1,1,0,N,1,40 00:29.653,5.0,0,75 05:25.482,4,0,0,0,67301,0,0,0,N,0,0,0,2,67301,1,,1,1,1145.0,N,N,N,1,,0,0,0,0,0,N,908,1,2,0,0,1,0,0,3,4,1,2,3,3.0,N,,,,,,,,,,,
2022030458,1029.0,0,0,0,0,0,0,0,0,0,4,0,,67,3,2022,2,40.0341,-75.124,1024.0,6,0,0,0,0,0,1,0,1,,0,0,0.0,9,1,2,1,,0,40 02:02.673,,0,75 07:26.472,3,0,0,0,67301,0,0,0,N,0,0,0,3,67301,0,,1,1,,N,N,N,0,,2,0,2,3,3,,957,2,2,0,0,0,0,0,3,4,0,2,3,4.0,N,,,,,,,,,,,
2022015363,341.0,0,0,0,0,0,0,0,0,0,7,0,,67,2,2022,3,39.9732,-75.1657,341.0,6,0,0,0,0,0,1,0,0,,0,0,0.0,3,3,0,2,,0,39 58:23.613,,0,75 09:56.354,0,0,0,0,67301,0,0,0,N,0,0,0,1,67301,0,,4,9,,N,Y,N,0,,0,0,1,3,3,,335,0,1,0,0,0,0,0,3,4,0,1,3,,N,,,,,,,,,,,
2022052120,35.0,0,0,0,0,0,0,0,0,0,8,0,,67,6,2022,1,40.014,-75.1579,10.0,6,0,0,0,0,0,0,0,0,,0,0,0.0,0,3,1,1,,0,40 00:50.523,,99,75 09:28.694,3,0,0,0,67301,1,0,0,N,1,0,0,1,67301,0,,1,1,,N,N,N,0,,1,0,0,3,3,,5,1,2,0,0,0,0,0,3,4,0,1,3,3.0,N,,,,,,,,,,,
2022029229,1226.0,1,0,0,0,0,0,0,0,0,5,1,,67,3,2022,3,39.9368,-75.1793,1225.0,6,0,0,0,0,0,0,0,0,,0,1,0.0,18,4,1,0,N,0,39 56:12.450,,0,75 10:45.440,3,0,0,0,67301,1,0,0,N,0,0,0,2,67301,0,,6,1,,N,N,N,0,,1,0,0,0,0,,1800,1,2,0,0,0,0,0,3,4,0,2,99,,N,,,,,,,,,,,
2022022828,1550.0,0,0,0,0,0,0,0,0,0,8,0,,67,3,2022,7,39.9605,-75.1885,1545.0,6,0,0,0,1,0,0,0,0,,0,0,0.0,15,1,1,0,N,0,39 57:37.800,,0,75 11:18.500,4,0,0,0,67301,1,0,0,N,1,0,0,2,67507,1,,1,1,,N,N,N,0,,0,0,1,0,0,,1540,1,2,0,0,0,0,0,3,4,0,1,3,,N,,,,,,,,,,,
2022043896,2007.0,1,0,0,0,0,0,0,0,0,4,0,,67,5,2022,1,39.9372,-75.2265,2004.0,6,0,0,0,0,0,0,0,0,,0,0,0.0,19,4,1,0,N,0,39 56:13.970,,0,75 13:35.410,8,0,0,0,67301,0,0,0,N,0,0,0,1,67301,0,,1,1,,N,N,N,0,,0,0,0,0,0,,1956,1,2,0,0,0,1,0,3,4,0,2,3,,N,,,,,,,,,,,
2022019988,1732.0,0,0,0,0,0,0,0,0,0,7,0,,67,2,2022,4,39.9643,-75.1998,1726.0,6,0,0,1,0,0,0,0,0,,0,0,0.0,17,1,1,1,,0,39 57:51.602,,0,75 11:59.459,8,0,0,0,67301,1,0,0,N,1,0,0,2,67301,0,,4,1,,N,N,N,0,,0,0,1,3,3,,1719,1,2,0,0,1,1,0,3,4,0,1,3,,N,,,,,,,,,,,
2022023715,1503.0,2,0,0,0,0,0,0,0,0,4,0,,67,3,2022,6,40.0293,-75.206,1456.0,6,0,0,0,0,0,0,0,0,,0,0,0.0,12,1,0,2,,0,40 01:45.378,,0,75 12:21.576,9,0,0,0,67301,0,0,0,N,0,0,0,2,67301,0,,1,1,,N,N,N,0,,0,0,0,3,3,,1227,0,2,0,0,0,0,2,3,4,0,2,3,3.0,N,,,,,,,,,,,
2022016520,1834.0,1,0,0,0,0,0,0,0,0,4,0,,67,2,2022,1,39.9524,-75.1468,1815.0,6,0,0,0,0,0,0,0,0,,0,0,0.0,17,3,2,1,,0,39 57:08.532,,0,75 08:48.479,3,0,0,0,67301,0,0,0,N,0,0,0,3,67301,0,,1,9,,N,N,N,1,,2,0,0,3,2,,1755,2,2,0,0,2,0,0,3,4,0,2,4,10.0,N,,,,,,,,,,,
2022043799,1631.0,1,0,0,0,0,0,0,0,0,2,0,,67,4,2022,2,40.0424,-75.0827,1631.0,6,0,0,0,0,0,1,0,0,,0,0,0.0,16,1,0,1,,0,40 02:32.725,,0,75 04:57.598,0,0,0,0,67301,0,0,0,N,0,0,0,2,67301,0,,1,1,,N,N,N,0,,0,0,1,0,0,,1610,0,2,0,0,2,0,0,3,4,0,2,3,3.0,N,,,,,,,,,,,
2022020138,950.0,0,0,0,0,0,0,0,0,0,8,0,,67,2,2022,3,39.9702,-75.1597,930.0,6,0,0,0,0,0,0,0,0,,0,0,0.0,16,1,1,1,,0,39 58:12.846,,0,75 09:35.189,3,0,0,0,67301,1,0,0,N,1,0,0,2,67301,0,,1,1,,N,N,N,0,,1,0,1,3,2,,1615,1,2,0,0,0,0,1,3,4,0,1,3,3.0,N,,,,,,,,,,,
2022046207,543.0,1,0,0,0,0,0,0,0,0,6,0,,67,4,2022,6,40.0472,-75.0007,521.0,6,0,0,0,0,0,1,0,0,,0,0,0.0,5,3,0,0,N,0,40 02:49.799,,0,75 00:02.671,0,0,0,0,67301,0,0,0,N,0,0,0,2,68K01,0,,1,1,,N,N,N,0,,0,0,1,0,0,,512,0,2,0,0,0,0,0,3,4,0,2,3,,N,,,,,,,,,,,
2022029695,852.0,1,0,0,0,0,0,0,0,0,8,0,,67,3,2022,5,39.9619,-75.1593,846.0,6,0,0,0,0,0,0,0,0,,0,0,0.0,8,1,1,1,,0,39 57:43.355,,0,75 09:33.331,2,0,0,0,67301,1,0,1,N,1,0,1,2,67301,0,,1,9,,N,N,N,0,,0,1,0,3,2,,841,1,2,0,0,0,0,0,3,4,0,1,4,7.0,N,,,,,,,,,,,
2022032886,2214.0,2,0,0,0,0,0,0,0,0,1,0,,67,4,2022,7,40.0392,-75.1776,2213.0,6,0,0,0,0,0,1,1,0,,0,0,0.0,22,2,1,2,,0,40 02:21.230,,0,75 10:39.415,8,0,0,0,67301,0,0,0,N,0,0,0,2,67301,0,,1,1,,N,N,N,0,,0,0,0,3,2,,2205,1,2,0,0,0,1,0,3,4,0,2,3,,N,,,,,,,,,,,
2022043849,241.0,1,0,0,0,0,0,0,0,0,2,0,,67,4,2022,7,40.0605,-75.0193,229.0,6,0,0,0,0,0,1,0,0,,0,1,0.0,2,3,0,0,N,0,40 03:37.756,,0,75 01:09.553,9,0,0,0,67301,0,0,0,N,0,0,0,1,67301,0,,1,1,,N,N,N,0,,0,0,0,0,0,,222,0,3,0,0,1,0,1,3,4,0,2,3,3.0,N,,,,,,,,,,,
2022025165,1544.0,1,0,0,0,0,0,0,0,0,5,0,,67,3,2022,5,40.0419,-75.1798,1544.0,6,0,0,0,0,0,1,0,0,,0,0,0.0,15,1,0,0,N,1,40 02:30.872,5.0,0,75 10:47.336,9,0,0,0,67301,0,0,0,N,0,0,0,2,67301,0,,1,1,1730.0,N,N,N,0,,0,0,1,0,0,Y,1534,0,2,0,0,0,0,1,3,4,0,2,3,3.0,N,,,,,,,,,,,
2022029940,1818.0,1,0,0,0,0,0,0,0,0,5,0,,67,3,2022,6,40.1072,-75.0536,1803.0,6,0,0,0,0,0,0,0,0,,0,0,0.0,17,1,0,0,N,0,40 06:26.053,,0,75 03:12.827,0,0,0,0,67301,0,0,0,N,0,0,0,3,67301,0,,1,1,,N,N,N,0,,0,0,1,0,0,,1711,0,2,0,0,0,0,0,3,4,0,2,3,,N,,,,,,,,,,,
2022044083,1618.0,1,0,0,0,0,0,0,0,0,7,0,,67,5,2022,6,39.975,-75.1213,1616.0,6,0,0,0,0,0,0,0,0,,0,0,0.0,16,1,1,0,N,0,39 58:30.020,,0,75 07:16.739,3,0,0,0,67301,0,0,0,N,0,0,0,1,67301,0,,5,9,,N,N,N,0,,1,0,0,0,0,,1616,1,1,0,0,0,0,0,3,4,0,1,7,,N,,,,,,,,,,,
2022019711,2149.0,0,0,0,0,0,0,0,0,0,5,0,,67,2,2022,2,39.8773,-75.2529,2139.0,6,0,0,0,0,0,0,0,0,,0,0,0.0,21,3,0,0,N,0,39 52:38.202,,8,75 15:10.306,0,0,0,0,67301,0,0,0,N,0,0,0,2,67301,0,,2,1,,N,N,N,0,,0,0,2,0,0,,2135,0,2,0,0,0,0,0,3,4,0,2,3,3.0,N,,,,,,,,,,,
2022019673,1645.0,2,0,0,0,0,0,0,0,0,1,0,,67,2,2022,7,40.0096,-75.1803,1645.0,6,0,0,0,0,0,1,0,0,,0,0,0.0,16,1,1,2,,1,40 00:34.737,1.0,0,75 10:49.079,3,0,0,0,67301,0,0,0,N,0,0,0,2,67301,0,,1,1,1715.0,N,Y,N,0,,1,0,0,3,2,N,1640,1,2,0,0,0,0,0,3,4,0,2,3,3.0,N,,,,,,,,,,,
2022024893,1112.0,1,0,0,0,0,0,0,0,0,1,0,,67,3,2022,4,39.9593,-75.225,1105.0,6,0,0,0,0,0,1,0,0,,0,0,0.0,10,1,1,0,N,0,39 57:33.575,,0,75 13:30.008,3,0,0,0,67301,0,0,0,N,0,0,0,3,67301,0,,1,1,,N,N,N,1,,1,0,0,0,0,,1034,1,2,0,0,0,0,2,3,4,0,2,3,,N,,,,,,,,,,,
2022029184,2145.0,1,0,0,0,0,0,0,0,0,5,0,,67,3,2022,5,40.1132,-75.0253,2140.0,6,0,0,0,0,0,1,0,0,,0,0,0.0,21,3,1,0,N,1,40 06:47.380,2.0,0,75 01:31.240,4,0,0,0,67301,0,0,0,N,0,0,0,1,67301,1,,6,9,1100.0,N,N,N,0,,0,0,1,0,0,N,2135,1,2,0,0,1,0,0,3,4,0,2,4,4.0,N,,,,,,,,,,,
2022043728,1706.0,1,0,0,0,0,0,0,0,0,7,0,,67,5,2022,6,39.8868,-75.2142,1645.0,6,0,0,0,0,0,0,0,0,,0,0,0.0,16,1,0,0,N,1,39 53:12.315,2.0,0,75 12:51.246,0,0,0,0,67301,0,0,0,N,0,0,0,1,68K01,0,,4,9,1718.0,N,N,N,0,,0,0,0,0,0,Y,1643,0,1,0,0,0,0,0,3,4,0,1,7,,N,,,,,,,,,,,
2022023786,313.0,1,0,0,0,0,0,0,0,0,0,0,,67,3,2022,5,39.9716,-75.1463,310.0,6,0,0,0,0,0,1,0,0,,0,0,0.0,2,3,1,1,,0,39 58:17.655,,0,75 08:46.741,8,0,0,0,67301,0,0,0,N,0,0,0,1,67301,0,,1,1,,N,N,N,0,,0,0,2,3,2,,258,1,3,0,0,0,1,0,3,4,0,3,3,3.0,N,,,,,,,,,,,
2022043949,26.0,1,0,0,0,0,0,0,0,0,4,0,,67,5,2022,2,40.0329,-75.0487,18.0,6,0,0,0,0,0,0,0,0,,0,0,0.0,23,3,3,1,,0,40 01:58.459,,0,75 02:55.285,3,0,0,0,67301,0,0,0,N,0,0,0,3,67301,0,,1,1,,N,N,N,0,,3,0,1,3,3,,2348,3,2,0,0,0,0,0,3,4,0,2,3,3.0,N,,,,,,,,,,,
2022025806,339.0,1,0,0,0,0,0,0,0,0,7,0,,67,3,2022,2,39.9737,-75.1218,338.0,6,0,0,0,0,0,1,0,0,,0,0,0.0,3,3,1,0,N,0,39 58:25.326,,0,75 07:18.474,2,0,0,0,67301,0,0,0,N,0,0,0,1,67301,0,,4,1,,N,N,N,0,,0,1,0,0,0,,300,1,1,0,0,0,0,0,3,4,0,1,3,3.0,N,,,,,,,,,,,
2022027314,856.0,4,0,0,0,0,0,0,0,0,1,0,,67,3,2022,6,39.9791,-75.2037,855.0,6,0,0,0,0,0,1,0,0,,0,0,0.0,8,1,2,0,N,1,39 58:44.950,3.0,0,75 12:13.550,3,0,0,0,67301,0,0,0,N,0,0,0,6,68K01,0,,1,1,907.0,N,N,N,0,,1,0,1,0,0,N,854,2,5,0,0,0,1,0,3,4,0,5,3,,N,,,,,,,,,,,
2022043846,1430.0,1,0,0,0,0,0,0,0,0,4,0,,67,4,2022,3,40.0691,-75.0074,1415.0,6,0,0,0,0,1,0,0,0,,0,0,0.0,14,1,1,0,N,0,40 04:08.785,,7,75 00:26.506,8,0,0,0,67301,0,0,0,N,0,0,0,2,67301,0,,1,1,,N,N,N,0,,0,0,1,0,0,,1402,1,2,0,0,0,1,0,3,4,0,2,3,3.0,N,,,,,,,,,,,
2022041578,937.0,0,0,0,0,0,0,1,0,0,4,1,,67,4,2022,6,39.9705,-75.1523,937.0,6,0,0,0,0,0,1,0,0,,0,0,0.0,9,1,2,0,N,0,39 58:13.792,,7,75 09:08.419,4,0,0,0,67301,0,0,0,N,0,0,0,4,67508,2,,1,1,,N,N,N,0,,0,0,1,0,0,,937,2,2,0,0,1,0,0,3,4,0,2,3,3.0,N,,,,,,,,,,,
2022029188,2053.0,1,0,0,0,0,0,0,0,0,5,0,,67,3,2022,1,40.0811,-75.0808,2037.0,6,0,0,0,0,0,0,0,0,,0,0,0.0,20,3,0,0,N,0,40 04:52.070,,0,75 04:50.850,0,0,0,0,67301,0,0,0,N,0,0,0,1,67301,0,,6,1,,N,N,N,0,,0,0,1,0,0,,2009,0,2,0,0,0,0,0,3,4,0,2,3,3.0,N,,,,,,,,,,,
2022029245,1935.0,1,0,0,0,0,0,0,0,0,4,0,,67,3,2022,3,39.9866,-75.1712,1935.0,6,0,0,0,0,0,1,0,0,,1,0,0.0,19,2,0,2,,2,39 59:11.810,7.0,0,75 10:16.442,1,1,0,1,67301,0,0,0,N,0,0,0,2,67301,0,2.0,1,1,2145.0,N,N,N,0,0.0,0,0,0,3,2,Y,1934,0,2,0,0,1,0,0,3,4,0,2,3,3.0,N,,,,,,,,,,,
2022016311,1207.0,0,0,0,0,0,0,0,0,0,8,0,,67,2,2022,7,40.0353,-75.0438,1159.0,6,0,0,0,0,0,0,1,0,,0,0,0.0,11,1,1,0,N,0,40 02:07.009,,0,75 02:37.741,3,0,0,0,67301,1,0,0,N,1,0,0,3,67301,0,,1,1,,N,N,N,1,,1,0,0,0,0,,1151,1,2,0,0,0,0,0,3,4,0,1,3,,N,,,,,,,,,,,
2022032900,2120.0,1,0,0,0,0,0,0,0,0,8,0,,67,3,2022,5,39.965,-75.2246,2112.0,6,0,0,0,0,0,0,0,0,,0,0,0.0,20,3,1,1,,0,39 57:53.852,,0,75 13:28.466,3,0,0,0,67301,1,0,0,N,1,0,0,2,67301,0,,1,9,,N,N,N,0,,1,0,0,3,2,,2000,1,2,0,0,0,0,0,3,4,0,1,7,7.0,N,,,,,,,,,,,
2022043938,225.0,1,0,0,0,0,0,0,0,0,8,0,,67,5,2022,1,40.0136,-75.0685,222.0,6,0,0,0,0,0,0,0,0,,1,0,0.0,2,3,0,5,,2,40 00:48.808,4.0,0,75 04:07.229,1,0,0,0,67301,1,1,0,N,1,1,0,2,67301,0,2.0,1,1,155.0,N,N,N,0,0.0,0,0,0,3,2,Y,221,0,2,0,0,0,0,0,3,4,0,1,3,3.0,N,,,,,,,,,,,
2022045264,2125.0,1,0,0,0,0,0,0,0,0,8,0,,67,5,2022,6,39.9333,-75.1434,2123.0,6,0,0,0,0,0,1,0,0,,0,0,0.0,21,3,2,1,,0,39 55:59.902,,0,75 08:36.154,3,0,0,0,67301,2,0,0,N,2,0,0,3,67301,0,,1,9,,N,N,N,0,,2,0,0,3,2,,2120,2,3,0,0,0,0,0,3,4,0,1,7,,N,,,,,,,,,,,
2022016140,2257.0,2,0,0,0,0,0,0,0,0,5,0,,67,2,2022,7,39.96,-75.2374,2256.0,6,0,0,0,0,0,0,0,0,,0,0,0.0,22,3,1,0,N,0,39 57:35.953,,0,75 14:14.508,3,0,0,0,67301,0,0,0,N,0,0,0,2,67301,0,,1,1,,N,N,N,0,,1,0,0,0,0,,2245,1,2,0,0,0,0,0,3,4,0,2,3,,N,,,,,,,,,,,
2022015918,603.0,2,0,0,0,0,0,0,0,0,4,0,,67,2,2022,6,39.9547,-75.1495,558.0,6,0,0,0,0,0,0,0,0,,0,0,0.0,5,1,1,5,,0,39 57:16.781,,2,75 08:58.276,8,0,0,0,67301,0,0,0,N,0,0,0,2,67301,0,,1,1,,N,N,N,0,,0,0,0,3,2,,557,1,2,0,0,0,1,0,3,4,0,2,3,,N,,,,,,,,,,,
2022023707,1814.0,1,0,0,0,0,0,0,0,0,5,0,,67,3,2022,4,40.0342,-75.1045,1814.0,6,0,0,0,1,0,0,0,0,,0,0,0.0,18,3,0,0,N,0,40 02:03.040,,0,75 06:16.070,0,0,0,0,67301,1,0,0,N,0,0,0,2,67301,0,,6,1,,N,N,N,0,,0,0,1,0,0,,1814,0,2,0,0,1,0,0,3,4,0,2,3,3.0,N,,,,,,,,,,,
2022014704,836.0,2,0,0,0,0,0,0,0,0,4,0,,67,2,2022,3,40.035,-75.1884,836.0,6,0,0,0,0,0,0,0,1,,0,0,0.0,8,1,4,2,,2,40 02:05.989,5.0,0,75 11:18.376,4,0,0,0,67301,0,0,0,N,0,0,0,4,67301,4,,1,1,30.0,N,N,N,0,,0,0,1,0,0,Y,836,4,3,0,0,4,0,0,3,4,0,3,3,,N,,,,,,,,,,,
2022042350,1939.0,1,0,0,0,0,0,0,0,0,1,0,,67,4,2022,4,39.9724,-75.1937,1933.0,6,0,0,0,0,0,0,0,0,,0,0,0.0,19,4,0,0,N,1,39 58:20.554,3.0,0,75 11:37.225,0,0,0,0,67301,0,0,0,N,0,0,0,6,68K01,0,,1,1,1945.0,N,N,N,0,,0,0,2,0,0,N,1932,0,3,0,0,0,0,0,3,4,0,3,3,3.0,N,,,,,,,,,,,
2022041596,1115.0,1,0,0,0,0,0,1,0,0,4,1,,67,4,2022,5,40.0268,-75.1173,1052.0,6,0,0,0,0,0,1,0,0,,0,0,0.0,10,1,1,1,,0,40 01:36.458,,0,75 07:02.144,8,0,0,0,67301,0,0,0,N,0,0,0,2,67508,0,,1,9,,N,N,Y,0,,0,0,0,3,2,,1052,1,2,0,0,0,1,0,3,4,0,2,7,7.0,N,,,,,,,,,,,
2022025297,2100.0,0,0,0,0,0,0,0,0,0,8,0,,67,3,2022,3,39.999,-75.1332,1601.0,6,0,0,0,0,0,0,0,0,,0,0,0.0,16,1,1,1,,0,39 59:56.501,,0,75 07:59.705,3,0,0,0,67301,1,0,0,N,1,0,0,2,67301,0,,1,1,,N,N,N,0,,1,0,1,3,2,,1600,1,2,0,0,0,0,0,3,4,0,1,3,3.0,N,,,,,,,,,,,
2022021497,1635.0,3,0,0,0,0,0,0,0,0,4,0,,67,2,2022,2,40.0715,-75.169,1622.0,6,0,0,0,1,0,1,0,0,,0,0,0.0,15,1,1,1,,0,40 04:17.313,,0,75 10:08.464,3,0,0,0,67301,0,0,0,N,0,0,0,2,67301,0,,1,1,,N,N,N,0,,1,0,0,3,3,,1535,1,3,0,0,0,0,0,3,4,0,3,3,,N,,,,,,,,,,,
2022030978,1710.0,2,0,0,0,0,0,0,0,0,5,0,,67,3,2022,2,40.0583,-75.0269,1705.0,6,0,0,0,0,0,0,0,0,,0,0,0.0,16,1,1,2,,0,40 03:29.761,,0,75 01:36.796,8,0,0,0,67301,0,0,0,N,0,0,0,2,67301,0,,1,1,,N,N,N,0,,0,0,0,0,0,,1648,1,2,0,0,0,1,0,3,4,0,2,4,4.0,N,,,,,,,,,,,
2022029670,1733.0,1,0,0,0,0,0,0,0,0,8,0,,67,3,2022,7,39.945,-75.2393,1733.0,6,0,0,0,0,0,0,0,0,,0,0,0.0,17,1,4,0,N,0,39 56:42.204,,0,75 14:21.474,3,0,0,0,67301,4,0,0,N,4,0,0,5,67301,0,,1,1,,N,N,N,0,,4,0,0,0,0,,1733,4,5,0,0,1,0,0,3,4,0,1,3,3.0,N,,,,,,,,,,,
2022044034,1045.0,1,0,0,0,0,0,0,0,0,1,0,,67,4,2022,7,40.0122,-75.1089,1037.0,6,0,0,0,0,0,2,0,0,,0,0,0.0,8,1,1,0,N,0,40 00:43.980,,0,75 06:32.080,4,0,0,0,67301,0,0,0,N,0,0,0,2,67301,1,,1,1,,N,N,N,0,,0,0,1,0,0,,815,1,3,0,0,0,0,0,3,4,0,3,3,3.0,N,,,,,,,,,,,
2022023480,1912.0,1,0,0,0,0,0,0,0,0,7,0,,67,3,2022,2,39.9559,-75.1484,1912.0,6,0,0,0,0,0,0,0,0,,0,0,0.0,19,3,0,0,N,0,39 57:21.249,,2,75 08:54.382,0,0,0,0,67301,0,0,0,N,0,0,0,1,67501,0,,2,1,,N,N,N,0,,0,0,0,0,0,,1912,0,1,0,0,0,0,0,3,4,0,1,3,3.0,N,,,,,,,,,,,
2022040466,1847.0,1,0,0,0,0,0,0,0,0,1,0,,67,4,2022,5,39.8877,-75.2038,1835.0,6,0,0,0,0,0,1,0,0,,0,0,0.0,18,1,1,0,N,0,39 53:15.886,,0,75 12:13.743,8,0,0,0,67301,0,0,0,N,0,0,0,4,68K01,0,,1,1,,N,N,N,1,,0,0,1,0,0,,1832,1,3,0,0,0,1,1,3,4,0,3,3,3.0,N,,,,,,,,,,,
2022032884,1709.0,2,0,0,0,0,0,0,0,0,4,0,,67,4,2022,6,40.0463,-75.1924,1707.0,6,0,1,0,0,0,0,1,0,,0,0,0.0,17,1,1,1,,0,40 02:46.600,,0,75 11:32.477,3,0,0,0,67301,0,0,0,N,0,0,0,3,67301,0,,1,1,,N,N,N,0,,1,0,1,3,2,,1702,1,3,0,0,1,0,0,3,4,0,3,3,3.0,N,,,,,,,,,,,
2022016076,31.0,1,0,0,0,0,0,0,0,0,4,0,,67,2,2022,1,39.9742,-75.1333,31.0,6,0,0,0,0,0,0,0,0,,0,0,0.0,0,3,0,1,,0,39 58:26.987,,0,75 07:59.978,0,0,0,0,67301,0,0,0,N,0,0,0,2,67301,0,,1,9,,N,N,N,0,,0,0,1,3,3,,25,0,2,0,0,0,0,0,3,4,0,2,10,,N,,,,,,,,,,,
2022024079,1114.0,0,0,0,0,0,0,0,0,0,5,0,,67,3,2022,1,39.9579,-75.1613,1003.0,6,0,0,0,0,0,0,0,0,,0,0,0.0,2,3,0,0,N,0,39 57:28.541,,99,75 09:40.544,0,0,0,0,67301,0,0,0,N,0,0,0,1,67301,0,,6,1,,N,N,N,0,,0,0,1,0,0,,200,0,2,0,0,0,0,0,3,4,0,2,3,3.0,N,,,,,,,,,,,
2022029251,1630.0,0,0,0,0,0,0,0,0,0,4,0,,67,3,2022,4,40.015,-75.1352,1630.0,6,0,0,0,1,0,0,0,0,,0,0,0.0,14,1,1,1,,0,40 00:54.154,,0,75 08:06.604,3,0,0,1,67301,0,0,0,N,0,0,0,2,67301,0,,1,1,,N,N,N,0,,1,0,0,3,2,,1420,1,2,0,0,0,0,0,3,4,1,2,3,3.0,N,,,,,,,,,,,
2022037959,1400.0,0,0,0,1,0,0,0,0,0,4,0,,67,4,2022,6,39.9785,-75.1567,1355.0,6,0,0,0,0,0,0,0,0,,0,0,0.0,13,1,1,2,,0,39 58:42.639,,0,75 09:24.066,3,0,0,0,67301,1,0,0,N,0,0,0,2,67505,0,,1,1,,N,N,N,0,,1,0,1,3,4,N,1329,1,2,0,0,0,0,0,3,4,0,1,3,,N,,,,,,,,,,,
2022032882,200.0,2,0,0,0,0,0,0,0,0,5,0,,67,4,2022,3,39.935,-75.2296,143.0,6,0,0,0,0,0,0,0,0,,0,0,0.0,1,3,0,0,N,0,39 56:06.170,,0,75 13:46.520,0,0,0,0,67301,0,0,0,N,0,0,0,1,67301,0,,6,1,,N,N,N,0,,0,0,1,0,0,,135,0,3,0,0,0,0,0,3,4,0,3,3,3.0,N,,,,,,,,,,,
2022019693,104.0,2,0,0,0,0,0,0,0,0,5,0,,67,2,2022,2,40.055,-75.1497,59.0,6,0,0,0,0,0,0,0,0,,0,0,0.0,0,3,0,0,N,0,40 03:17.870,,0,75 08:58.780,0,0,0,0,67301,0,0,0,N,0,0,0,1,67301,0,,6,1,,N,N,N,0,,0,0,2,0,0,,58,0,4,0,0,0,0,0,3,4,0,4,3,3.0,N,,,,,,,,,,,