CRN,ARRIVAL_TM,AUTOMOBILE_COUNT,BELTED_DEATH_COUNT,BELTED_SUSP_SERIOUS_INJ_COUNT,BICYCLE_COUNT,BICYCLE_DEATH_COUNT,BICYCLE_SUSP_SERIOUS_INJ_COUNT,BUS_COUNT,CHLDPAS_DEATH_COUNT,CHLDPAS_SUSP_SERIOUS_INJ_COUNT,COLLISION_TYPE,COMM_VEH_COUNT,CONS_ZONE_SPD_LIM,COUNTY,CRASH_MONTH,CRASH_YEAR,DAY_OF_WEEK,DEC_LAT,DEC_LONG,DISPATCH_TM,DISTRICT,DRIVER_COUNT_16YR,DRIVER_COUNT_17YR,DRIVER_COUNT_18YR,DRIVER_COUNT_19YR,DRIVER_COUNT_20YR,DRIVER_COUNT_50_64YR,DRIVER_COUNT_65_74YR,DRIVER_COUNT_75PLUS,EST_HRS_CLOSED,FATAL_COUNT,HEAVY_TRUCK_COUNT,HORSE_BUGGY_COUNT,HOUR_OF_DAY,ILLUMINATION,INJURY_COUNT,INTERSECT_TYPE,INTERSECTION_RELATED,LANE_CLOSED,LATITUDE,LN_CLOSE_DIR,LOCATION_TYPE,LONGITUDE,MAX_SEVERITY_LEVEL,MCYCLE_DEATH_COUNT,MCYCLE_SUSP_SERIOUS_INJ_COUNT,MOTORCYCLE_COUNT,MUNICIPALITY,NONMOTR_COUNT,NONMOTR_DEATH_COUNT,NONMOTR_SUSP_SERIOUS_INJ_COUNT,NTFY_HIWY_MAINT,PED_COUNT,PED_DEATH_COUNT,PED_SUSP_SERIOUS_INJ_COUNT,PERSON_COUNT,POLICE_AGCY,POSSIBLE_INJ_COUNT,RDWY_SURF_TYPE_CD,RELATION_TO_ROAD,ROAD_CONDITION,ROADWAY_CLEARED,SCH_BUS_IND,SCH_ZONE_IND,SECONDARY_CRASH,SMALL_TRUCK_COUNT,SPEC_JURIS_CD,SUSP_MINOR_INJ_COUNT,SUSP_SERIOUS_INJ_COUNT,SUV_COUNT,TCD_FUNC_CD,TCD_TYPE,TFC_DETOUR_IND,TIME_OF_DAY,TOT_INJ_COUNT,TOTAL_UNITS,UNB_DEATH_COUNT,UNB_SUSP_SERIOUS_INJ_COUNT,UNBELTED_OCC_COUNT,UNK_INJ_DEG_COUNT,UNK_INJ_PER_COUNT,URBAN_AREA,URBAN_RURAL,VAN_COUNT,VEHICLE_COUNT,WEATHER1,WEATHER2,WORK_ZONE_IND,WORK_ZONE_LOC,WORK_ZONE_TYPE,WORKERS_PRES,WZ_CLOSE_DETOUR,WZ_FLAGGER,WZ_LAW_OFFCR_IND,WZ_LN_CLOSURE,WZ_MOVING,WZ_OTHER,WZ_SHLDER_MDN,WZ_WORKERS_INJ_KILLED
2022016164,1034.0,3,0,0,0,0,0,0,0,0,2,0,,67,2,2022,2,40.0413,-75.1549,1027.0,6,0,0,0,1,0,0,1,0,,0,0,0.0,9,1,3,0,N,0,40 02:28.500,,0,75 09:17.600,3,0,0,0,67301,0,0,0,N,0,0,0,4,67301,0,,1,2,,N,N,N,0,,3,0,1,0,0,,928,3,4,0,0,0,0,0,3,4,0,4,10,4.0,N,,,,,,,,,,,
2022043870,1535.0,0,0,0,0,0,0,0,0,0,4,0,,67,4,2022,3,39.9241,-75.2277,1527.0,6,0,0,0,0,0,1,0,0,,0,0,0.0,15,1,1,1,,0,39 55:26.552,,0,75 13:39.745,4,0,0,0,67301,0,0,0,N,0,0,0,6,67301,1,,1,1,,N,N,N,0,,0,0,2,3,2,,1525,1,2,0,0,6,0,0,3,4,0,2,4,4.0,N,,,,,,,,,,,
2022048411,1035.0,1,0,0,0,0,0,1,0,0,4,1,,67,5,2022,5,39.9197,-75.2122,1023.0,6,0,0,1,0,0,0,1,0,,0,0,0.0,9,1,3,0,N,1,39 55:11.040,1.0,0,75 12:43.750,3,0,0,0,67301,0,0,0,N,0,0,0,10,67301,1,,1,1,1100.0,Y,N,N,0,,2,0,0,0,0,N,915,3,2,0,0,0,0,0,3,4,0,2,3,3.0,N,,,,,,,,,,,
2022024526,1827.0,2,0,0,0,0,0,0,0,0,6,0,,67,3,2022,4,39.9198,-75.2025,1821.0,6,0,0,0,2,0,0,0,0,,0,0,0.0,18,3,0,0,N,0,39 55:11.119,,3,75 12:08.935,9,0,0,0,67301,0,0,0,N,0,0,0,6,67301,0,,1,9,,N,N,N,0,,0,0,1,0,0,,1818,0,3,0,0,0,0,4,3,4,0,3,7,7.0,N,,,,,,,,,,,
2022024590,1907.0,2,0,0,0,0,0,0,0,0,4,0,,67,3,2022,4,40.0775,-75.0438,1855.0,6,0,0,0,1,0,0,0,0,,0,0,0.0,18,3,1,2,,0,40 04:39.140,,0,75 02:37.514,8,0,0,0,67301,0,0,0,N,0,0,0,3,67301,0,,1,9,,N,N,N,0,,0,0,0,3,2,,1840,1,2,0,0,0,1,0,3,4,0,2,7,,N,,,,,,,,,,,
2022026751,740.0,0,0,0,0,0,0,0,0,0,4,0,,67,3,2022,3,40.059,-75.0441,729.0,6,0,0,0,0,0,0,0,0,,0,0,0.0,7,5,3,1,,0,40 03:32.389,,0,75 02:38.685,3,0,0,0,67301,0,0,0,N,0,0,0,5,67301,0,,1,1,,N,N,N,0,,1,0,2,3,2,,725,3,2,0,0,0,2,0,3,4,0,2,3,3.0,N,,,,,,,,,,,
2022023753,248.0,2,0,0,0,0,0,0,0,0,4,0,,67,2,2022,1,40.0443,-75.0541,241.0,6,0,0,0,1,0,0,0,0,,0,0,0.0,2,3,0,1,,0,40 02:39.468,,0,75 03:14.798,0,0,0,0,67301,0,0,0,N,0,0,0,4,67301,0,,1,1,,N,N,Y,0,,0,0,1,3,2,,238,0,4,0,0,0,0,0,3,4,1,4,3,3.0,N,,,,,,,,,,,
2022026777,2047.0,0,0,0,0,0,0,0,0,0,8,0,,67,3,2022,3,40.0456,-75.165,2047.0,6,0,0,0,0,0,0,0,0,,0,0,0.0,20,3,1,0,N,2,40 02:44.169,5.0,0,75 09:54.118,3,0,0,0,67301,1,0,0,N,1,0,0,2,67301,0,,1,1,2140.0,N,N,N,0,,1,0,1,0,0,Y,2043,1,2,0,0,0,0,0,3,4,0,1,3,3.0,N,,,,,,,,,,,
2022046918,1756.0,1,0,0,0,0,0,0,0,0,1,0,,67,4,2022,6,40.0086,-75.0695,1753.0,6,0,0,0,0,0,1,0,0,,0,0,0.0,17,1,1,0,N,0,40 00:31.081,,3,75 04:10.135,8,0,0,1,67301,0,0,0,N,0,0,0,2,68K01,0,,1,1,,N,N,N,0,,0,0,0,0,0,,1752,1,2,0,0,0,1,1,3,4,0,2,3,,N,,,,,,,,,,,
2022043842,1320.0,0,0,0,0,0,0,0,0,0,4,0,,67,5,2022,1,40.0854,-75.0374,1302.0,6,0,0,0,0,0,0,0,0,,0,0,0.0,12,1,2,1,,0,40 05:07.463,,0,75 02:14.492,8,0,0,0,67301,0,0,0,N,0,0,0,2,67301,0,,1,1,,N,N,N,0,,0,0,2,3,2,,1255,2,2,0,0,0,2,0,3,4,0,2,4,,N,,,,,,,,,,,
2022038491,1526.0,3,0,0,0,0,0,0,0,0,5,0,,67,4,2022,7,39.961,-75.1881,1457.0,6,0,0,0,1,0,0,0,0,,0,0,0.0,8,1,0,0,N,0,39 57:39.700,,0,75 11:17.200,0,0,0,0,67301,0,0,0,N,0,0,0,1,67507,0,,6,1,,N,N,Y,0,,0,0,0,0,0,,815,0,3,0,0,0,0,0,3,4,0,3,3,3.0,N,,,,,,,,,,,
2022020079,1435.0,0,0,0,0,0,0,0,0,0,4,0,,67,2,2022,2,40.0846,-75.0249,1430.0,6,0,0,0,0,0,0,0,0,,0,0,0.0,14,1,2,2,,0,40 05:04.613,,0,75 01:29.525,8,0,0,0,67301,0,0,0,N,0,0,0,3,67301,0,,1,1,,N,N,N,1,,0,0,1,3,2,,1420,2,2,0,0,0,2,0,3,4,0,2,3,3.0,N,,,,,,,,,,,
2022043855,1216.0,1,0,0,0,0,0,0,0,0,8,0,,67,5,2022,5,40.096,-74.9768,1212.0,6,0,0,0,0,0,0,0,0,,0,0,0.0,12,1,1,2,,0,40 05:45.430,,0,74 58:36.413,3,0,0,0,67301,1,0,0,N,1,0,0,2,67301,0,,1,1,,N,N,N,0,,1,0,0,0,0,,1212,1,2,0,0,0,0,0,3,4,0,1,3,3.0,N,,,,,,,,,,,
2022013519,100.0,1,0,0,0,0,0,0,0,0,7,0,,67,2,2022,6,39.9604,-75.1812,49.0,6,0,0,0,0,0,0,0,0,,0,0,0.0,0,2,1,7,,0,39 57:37.466,,8,75 10:52.167,4,0,0,0,67301,0,0,0,Y,0,0,0,1,68K01,1,,7,9,,N,N,N,0,,0,0,0,0,0,,49,1,1,0,0,1,0,0,3,4,0,1,7,,N,,,,,,,,,,,
2022038547,1918.0,1,0,0,0,0,0,0,0,0,5,0,,67,4,2022,2,40.0511,-74.9894,1906.0,6,0,0,0,0,0,0,0,0,,0,0,0.0,18,3,0,0,N,0,40 03:04.117,,0,74 59:21.711,0,0,0,0,67301,0,0,0,N,0,0,0,2,68K01,0,,1,9,,N,N,N,0,,0,0,1,0,0,,1806,0,2,0,0,0,0,0,3,4,0,2,7,,N,,,,,,,,,,,
2022013331,1200.0,2,0,0,0,0,0,0,0,0,3,0,,67,2,2022,1,39.9769,-75.1551,1155.0,6,0,0,0,0,0,0,0,0,,0,0,0.0,11,1,0,2,,0,39 58:36.735,,7,75 09:18.244,0,0,0,0,67301,0,0,0,N,0,0,0,3,67505,0,,1,1,,N,N,N,0,,0,0,0,0,0,,1145,0,2,0,0,0,0,0,3,4,0,2,3,3.0,N,,,,,,,,,,,
2022037915,1156.0,0,0,0,1,0,0,0,0,0,4,1,,67,4,2022,6,39.9576,-75.1912,1155.0,6,0,0,0,0,0,0,0,0,,0,1,0.0,11,1,1,0,N,0,39 57:27.200,,7,75 11:28.200,3,0,0,0,67301,1,0,0,N,0,0,0,2,67507,0,,1,1,,N,N,N,0,,1,0,0,0,0,,1150,1,2,0,0,0,0,0,3,4,0,1,3,,N,,,,,,,,,,,
2022014593,1843.0,0,0,0,0,0,0,0,0,0,8,0,,67,2,2022,6,40.0959,-75.0252,1828.0,6,0,0,0,0,0,1,0,0,,0,0,0.0,18,3,1,1,,0,40 05:45.132,,0,75 01:30.792,8,0,0,0,67301,1,0,0,N,1,0,0,2,67301,0,,1,9,,N,N,N,0,,0,0,1,3,2,,1828,1,2,0,0,0,1,0,3,4,0,1,4,,N,,,,,,,,,,,
2022014904,248.0,1,0,0,0,0,0,0,0,0,7,0,,67,2,2022,7,39.9953,-75.156,247.0,6,0,0,0,0,0,0,0,0,,0,0,0.0,2,3,1,0,N,2,39 59:43.040,7.0,0,75 09:21.540,3,0,0,0,67301,0,0,0,N,0,0,0,1,67301,0,,4,1,340.0,N,N,N,0,,1,0,0,0,0,N,243,1,1,0,0,0,0,0,3,4,0,1,3,3.0,N,,,,,,,,,,,
2022033137,15.0,1,0,0,0,0,0,0,0,0,1,0,,67,4,2022,4,39.8986,-75.21,11.0,6,0,0,0,0,0,1,0,0,,0,0,0.0,0,3,1,0,N,0,39 53:54.825,,3,75 12:35.831,3,0,0,0,67301,0,0,0,N,0,0,0,2,67301,0,,1,9,,N,N,N,0,,1,0,0,0,0,,1,1,2,0,0,0,0,0,3,4,1,2,7,,N,,,,,,,,,,,
2022029719,1838.0,1,0,0,0,0,0,0,0,0,5,0,,67,3,2022,2,40.0219,-75.1269,1834.0,6,0,0,0,0,0,0,0,0,,0,0,0.0,17,1,0,0,N,1,40 01:18.710,4.0,0,75 07:36.770,0,0,0,0,67301,0,0,0,N,0,0,0,2,67301,0,,1,1,1920.0,N,N,N,0,,0,0,1,0,0,N,1748,0,2,0,0,2,0,0,3,4,0,2,3,3.0,N,,,,,,,,,,,
2022020660,1530.0,2,0,0,0,0,0,0,0,0,4,0,,67,2,2022,5,40.0175,-75.0855,1520.0,6,0,0,0,0,0,1,0,0,,0,0,0.0,15,1,0,1,,0,40 01:02.938,,0,75 05:07.940,9,0,0,0,67301,0,0,0,N,0,0,0,3,67301,0,,1,1,,N,N,N,0,,0,0,0,3,3,,1517,0,2,0,0,0,0,1,3,4,0,2,3,,N,,,,,,,,,,,
2022032926,1843.0,1,0,0,0,0,0,0,0,0,4,0,,67,3,2022,3,39.9964,-75.1258,1843.0,6,0,0,0,0,0,1,0,0,,0,0,0.0,16,1,0,1,,0,39 59:47.115,,0,75 07:32.807,0,0,0,0,67301,0,0,0,N,0,0,0,2,67301,0,,1,1,,N,N,N,0,,0,0,1,3,3,,1643,0,2,0,0,0,0,0,3,4,0,2,3,3.0,N,,,,,,,,,,,
2022013942,1952.0,0,0,0,0,0,0,0,0,0,5,0,,67,2,2022,6,40.0264,-75.0272,1946.0,6,0,0,0,0,0,0,0,0,,0,0,0.0,19,3,0,0,N,1,40 01:34.958,2.0,0,75 01:37.941,0,0,0,0,67301,0,0,0,N,0,0,0,2,68K01,0,,1,9,1955.0,N,N,N,0,,0,0,2,0,0,N,1945,0,2,0,0,0,0,0,3,4,0,2,7,7.0,N,,,,,,,,,,,
2022014655,215.0,1,0,0,0,0,0,0,0,0,4,0,,67,2,2022,5,39.9113,-75.2427,2300.0,6,0,0,0,0,0,1,0,0,,0,0,0.0,23,3,0,5,,0,39 54:40.810,,0,75 14:33.592,0,0,0,0,67301,0,0,0,N,0,0,0,2,67301,0,,1,9,,N,N,N,0,,0,0,1,3,2,,2330,0,2,0,0,1,0,0,3,4,0,2,7,7.0,N,,,,,,,,,,,
2022039423,2216.0,1,0,0,0,0,0,0,0,0,1,0,,67,4,2022,3,39.9816,-75.1018,2203.0,6,0,0,0,0,0,0,0,1,,0,0,0.0,21,3,0,0,N,0,39 58:53.637,,0,75 06:06.384,0,0,0,0,67301,0,0,0,N,0,0,0,2,68K01,0,,1,9,,N,N,N,0,,0,0,1,0,0,,2103,0,2,0,0,0,0,0,3,4,0,2,7,3.0,N,,,,,,,,,,,
2022040203,1701.0,1,0,0,0,0,0,0,0,0,1,0,,67,3,2022,2,40.0303,-75.0221,1647.0,6,0,0,0,0,1,0,0,0,,0,0,0.0,16,1,1,0,N,0,40 01:49.019,,3,75 01:19.448,3,0,0,0,67301,0,0,0,N,0,0,0,2,68K01,0,,1,1,,N,N,N,0,,1,0,1,0,0,,1645,1,2,0,0,0,0,0,3,4,0,2,3,3.0,N,,,,,,,,,,,
2022043942,915.0,0,0,0,0,0,0,0,0,0,7,1,,67,5,2022,4,40.0146,-75.0857,859.0,6,0,0,0,0,0,0,0,0,,0,1,0.0,7,1,2,0,N,2,40 00:52.654,2.0,0,75 05:08.552,2,0,0,0,67301,0,0,0,N,0,0,0,3,67301,0,,5,9,1055.0,N,N,N,0,,1,1,0,0,0,Y,746,2,1,0,0,0,0,0,3,4,0,1,7,7.0,N,,,,,,,,,,,
2022048040,1040.0,1,0,0,0,0,0,0,0,0,2,1,,67,5,2022,7,39.9664,-75.2076,1039.0,6,0,0,0,0,0,1,0,0,,0,0,0.0,10,1,0,1,,0,39 57:59.017,,0,75 12:27.213,9,0,0,0,67301,0,0,0,N,0,0,0,2,67301,0,,1,1,,N,N,N,1,,0,0,1,3,2,,1026,0,3,0,0,0,0,1,3,4,0,3,3,3.0,N,,,,,,,,,,,
2022049517,2048.0,0,0,0,0,0,0,0,0,0,7,0,,67,5,2022,1,40.0052,-75.2181,2048.0,6,0,0,0,0,0,0,0,0,,0,0,0.0,20,3,2,0,N,2,40 00:18.773,2.0,0,75 13:05.115,2,0,1,2,67301,0,0,0,N,0,0,0,3,46104,1,,3,1,2150.0,N,N,Y,0,,0,1,0,0,0,Y,2048,2,3,0,0,0,0,1,3,4,1,3,3,,N,,,,,,,,,,,
2022032813,1115.0,0,0,0,0,0,0,0,0,0,7,0,,67,4,2022,3,39.9221,-75.1899,1112.0,6,0,0,0,0,0,0,0,0,,0,0,0.0,11,1,1,0,N,0,39 55:19.500,,3,75 11:23.500,4,0,0,0,67301,0,0,0,N,0,0,0,3,67501,1,,4,1,,N,N,N,0,,0,0,1,0,0,,1112,1,1,0,0,0,0,0,3,4,0,1,3,3.0,N,,,,,,,,,,,
2022038129,2358.0,3,0,0,0,0,0,0,0,0,5,0,,67,4,2022,6,39.9613,-75.1871,2356.0,6,0,0,0,0,0,0,0,0,,0,0,0.0,23,3,0,0,N,2,39 57:40.700,1.0,0,75 11:13.400,0,0,0,0,67301,0,0,0,N,0,0,0,1,67507,0,,6,1,137.0,N,N,N,0,,0,0,0,0,0,Y,2356,0,3,0,0,0,0,0,3,4,0,3,3,3.0,N,,,,,,,,,,,
2022032889,1210.0,0,0,0,0,0,0,0,0,0,1,0,,67,4,2022,3,40.0571,-75.1727,1208.0,6,0,0,0,0,0,0,0,0,,0,0,0.0,11,1,0,0,N,0,40 03:25.650,,0,75 10:21.620,0,0,0,0,67301,0,0,0,N,0,0,0,1,67301,0,,6,1,,N,N,N,0,,0,0,2,0,0,,1100,0,2,0,0,0,0,0,3,4,0,2,4,4.0,N,,,,,,,,,,,
2022014869,2358.0,1,0,0,0,0,0,0,0,0,2,0,,67,2,2022,6,40.0362,-75.1495,2357.0,6,0,0,0,0,0,0,1,0,,0,0,0.0,23,3,2,0,N,2,40 02:10.420,7.0,0,75 08:58.300,2,0,0,0,67301,0,0,0,N,0,0,0,5,67301,0,,1,1,410.0,N,N,N,0,,0,2,3,0,0,Y,2354,2,4,0,1,1,0,0,3,4,0,4,3,,N,,,,,,,,,,,
2022014867,717.0,0,0,0,0,0,0,0,0,0,4,0,,67,2,2022,5,40.0412,-75.1182,717.0,6,0,0,0,0,0,0,0,0,,0,0,0.0,8,1,1,2,,0,40 02:28.226,,0,75 07:05.422,8,0,0,0,67301,0,0,0,N,0,0,0,4,67301,0,,1,9,,N,N,N,0,,0,0,2,3,3,,830,1,2,0,0,0,1,3,3,4,0,2,3,10.0,N,,,,,,,,,,,
2022038648,1335.0,0,0,0,0,0,0,0,0,0,0,1,,67,3,2022,4,39.8916,-75.2376,1328.0,6,0,0,0,0,0,1,0,0,,0,1,0.0,13,1,1,0,N,2,39 53:29.892,2.0,0,75 14:15.400,4,0,0,0,67301,0,0,0,N,0,0,0,1,68K01,1,,1,1,1813.0,N,N,N,0,,0,0,0,0,0,Y,1328,1,1,0,0,0,0,0,3,4,0,1,3,,N,,,,,,,,,,,
2022014868,1410.0,1,0,0,0,0,0,0,0,0,4,0,,67,2,2022,5,40.026,-75.1467,1402.0,6,0,0,0,0,0,1,0,1,,0,0,0.0,13,1,1,1,,0,40 01:33.733,,0,75 08:48.040,3,0,0,0,67301,0,0,0,N,0,0,0,2,67301,0,,1,9,,N,N,N,0,,1,0,1,3,2,,1311,1,2,0,0,0,0,0,3,4,0,2,7,7.0,N,,,,,,,,,,,
2022013434,151.0,1,0,0,0,0,0,0,0,0,2,0,,67,2,2022,7,39.9564,-75.1488,151.0,6,0,0,0,0,0,0,0,0,,0,0,0.0,1,3,1,0,N,0,39 57:22.862,,2,75 08:55.749,3,0,0,0,67301,0,0,0,N,0,0,0,2,67501,0,,1,1,,N,N,N,0,,1,0,1,3,8,,151,1,2,0,0,0,0,0,3,4,0,2,3,,N,,,,,,,,,,,
2022039375,2110.0,1,0,1,0,0,0,0,0,0,7,0,,67,4,2022,4,40.0355,-75.0172,2101.0,6,0,0,0,0,0,1,0,0,,0,0,0.0,20,3,1,0,N,1,40 02:07.785,1.0,0,75 01:01.764,2,0,0,0,67301,0,0,0,N,0,0,0,1,68K01,0,,2,1,2139.0,N,N,N,0,,0,1,0,0,0,N,2059,1,1,0,0,0,0,0,3,4,0,1,3,3.0,N,,,,,,,,,,,
2022019625,2157.0,2,0,0,0,0,0,0,0,0,5,0,,67,2,2022,4,39.9559,-75.2166,2157.0,6,0,0,0,0,0,1,0,0,,0,0,0.0,21,3,1,0,N,1,39 57:21.111,4.0,0,75 12:59.831,3,0,0,0,67301,0,0,0,N,0,0,0,1,67301,0,,6,1,2359.0,N,N,N,0,,1,0,1,0,0,N,2157,1,4,0,0,0,0,0,3,4,1,4,3,3.0,N,,,,,,,,,,,
2022043994,1615.0,1,0,0,0,0,0,0,0,0,2,0,,67,5,2022,3,39.9918,-75.1864,1610.0,6,0,0,0,0,0,0,0,0,,0,0,0.0,16,1,1,2,,0,39 59:30.408,,0,75 11:10.966,3,0,0,0,67301,0,0,0,N,0,0,0,2,67301,0,,1,1,,N,N,N,0,,1,0,1,3,2,,1600,1,2,0,0,0,0,0,3,4,0,2,3,3.0,N,,,,,,,,,,,
2022037090,746.0,2,0,0,0,0,0,0,0,0,1,0,,67,3,2022,5,40.0217,-75.0406,738.0,6,0,0,0,0,0,0,0,0,,0,0,0.0,7,1,1,0,N,2,40 01:18.213,2.0,2,75 02:26.003,8,0,0,0,67301,0,0,0,N,0,0,0,3,68K01,0,,1,9,750.0,N,N,N,0,,0,0,1,0,0,N,736,1,3,0,0,0,1,1,3,4,0,3,7,,N,,,,,,,,,,,
2022023759,2345.0,0,0,0,0,0,0,0,0,0,4,0,,67,2,2022,2,39.9609,-75.245,2338.0,6,0,0,0,0,0,0,0,0,,0,0,0.0,22,3,2,1,,0,39 57:39.347,,0,75 14:42.100,3,0,0,0,67301,0,0,0,N,0,0,0,2,67301,0,,1,9,,N,N,N,0,,2,0,2,3,2,,2230,2,2,0,0,0,0,0,3,4,0,2,3,3.0,N,,,,,,,,,,,
2022032914,1708.0,2,0,0,0,0,0,0,0,0,5,0,,67,4,2022,1,39.9883,-75.1557,1704.0,6,0,0,0,0,0,0,0,0,,0,0,0.0,17,1,0,0,N,1,39 59:17.707,1.0,0,75 09:20.570,0,0,0,0,67301,0,0,0,N,0,0,0,2,67301,0,,1,1,1831.0,N,N,N,0,,0,0,1,0,0,Y,1700,0,3,0,0,1,0,0,3,4,0,3,3,3.0,N,,,,,,,,,,,
2022023735,159.0,1,0,0,0,0,0,0,0,0,4,0,,67,3,2022,6,39.9387,-75.2243,154.0,6,0,0,0,0,0,0,0,0,,0,0,0.0,1,3,1,1,,0,39 56:19.388,,0,75 13:27.483,3,0,0,0,67301,0,0,0,N,0,0,0,2,67301,0,,1,1,,N,N,N,0,,1,0,1,3,2,,129,1,2,0,0,0,0,0,3,4,0,2,3,,N,,,,,,,,,,,
2022027318,1317.0,1,0,0,0,0,0,0,0,0,5,0,,67,3,2022,7,40.0379,-75.0111,1257.0,6,0,0,0,0,0,0,0,0,,0,0,0.0,12,1,0,0,N,0,40 02:16.266,,0,75 00:40.079,0,0,0,0,67301,0,0,0,N,0,0,0,2,68K01,0,,1,1,,N,N,N,0,,0,0,1,0,0,,1256,0,2,0,0,0,0,0,3,4,0,2,3,3.0,N,,,,,,,,,,,
2022042348,2217.0,1,0,0,0,0,0,0,0,0,7,0,,67,4,2022,3,39.9082,-75.1495,2215.0,6,0,0,0,0,1,0,0,0,,0,0,0.0,21,3,2,0,N,1,39 54:29.693,2.0,0,75 08:58.267,3,0,0,0,67301,0,0,0,N,0,0,0,2,68K01,1,,3,1,2230.0,N,N,N,0,,1,0,0,0,0,N,2143,2,1,0,0,0,0,0,3,4,0,1,3,3.0,N,,,,,,,,,,,
2022029167,1800.0,0,0,0,0,0,0,0,0,0,4,0,,67,3,2022,3,40.0574,-75.0768,1750.0,6,0,0,0,0,0,1,0,0,,0,0,0.0,17,1,1,1,,0,40 03:26.473,,0,75 04:36.598,3,0,0,1,67301,0,0,0,N,0,0,0,2,67301,0,,1,1,,N,N,N,0,,1,0,1,3,2,,1720,1,2,0,0,0,0,0,3,4,0,2,3,3.0,N,,,,,,,,,,,
2022038575,1748.0,1,0,0,0,0,0,0,0,0,7,0,,67,1,2022,1,39.899,-75.1747,1743.0,6,0,0,0,0,0,0,0,0,,0,0,0.0,17,3,0,0,N,1,39 53:56.472,1.0,3,75 10:28.850,0,0,0,0,67301,0,0,0,N,0,0,0,1,68K01,0,,3,7,1845.0,N,N,N,0,,0,0,0,0,0,N,1738,0,1,0,0,0,0,0,3,4,0,1,2,,N,,,,,,,,,,,
2022038669,804.0,0,0,0,0,0,0,0,0,0,5,1,,67,4,2022,6,40.0405,-75.0054,741.0,6,0,0,0,0,0,1,0,0,,0,1,0.0,7,1,1,0,N,0,40 02:25.813,,0,75 00:19.446,3,0,0,0,67301,0,0,0,N,0,0,0,2,68K01,0,,1,1,,N,N,N,0,,1,0,0,0,0,,739,1,2,0,0,0,0,1,3,4,1,2,3,,N,,,,,,,,,,,
2022016552,2336.0,0,0,0,0,0,0,0,0,0,2,0,,67,2,2022,6,40.0134,-75.2055,2334.0,6,0,0,0,0,0,0,0,0,,0,0,0.0,23,3,0,0,N,2,40 00:48.226,3.0,2,75 12:19.885,0,0,0,0,67301,0,0,0,N,0,0,0,3,68K01,0,,1,1,115.0,N,N,N,0,,0,0,2,0,0,N,2331,0,2,0,0,0,0,0,3,4,0,2,3,,N,,,,,,,,,,,
2022039771,2200.0,1,0,0,0,0,0,0,0,0,4,0,,67,4,2022,1,39.9699,-75.1255,2152.0,6,0,0,0,0,0,0,0,0,,0,0,0.0,21,3,1,7,,1,39 58:11.804,1.0,2,75 07:31.625,3,0,0,0,67301,0,0,0,N,0,0,0,1,68K01,0,,7,1,2210.0,N,N,N,0,,1,0,0,0,0,N,2151,1,1,0,0,1,0,0,3,4,0,1,3,3.0,N,,,,,,,,,,,
2022043515,1125.0,2,0,0,0,0,0,0,0,0,5,0,,67,4,2022,7,39.9519,-75.1844,1120.0,6,0,0,0,0,0,0,0,0,,0,0,0.0,11,1,0,0,N,0,39 57:06.695,,3,75 11:03.906,0,0,0,0,67301,0,0,0,N,0,0,0,2,67504,0,,1,1,,N,N,N,0,,0,0,0,0,0,,1120,0,2,0,0,0,0,0,3,4,0,2,3,,N,,,,,,,,,,,
2022013932,1551.0,1,0,0,0,0,0,0,0,0,1,0,,67,2,2022,5,39.9464,-75.1422,1523.0,6,0,0,0,0,0,0,0,0,,0,0,0.0,15,1,1,0,N,0,39 56:47.048,,0,75 08:31.751,4,0,0,0,67301,0,0,0,N,0,0,0,2,68K01,1,,1,9,,N,N,N,0,,0,0,1,0,0,,1519,1,2,0,0,0,0,0,3,4,0,2,7,,N,,,,,,,,,,,
2022034785,220.0,1,0,0,0,0,0,0,0,0,5,1,,67,4,2022,6,39.9539,-75.1399,217.0,6,0,0,0,0,0,0,0,0,,0,1,0.0,2,3,0,0,N,0,39 57:14.176,,3,75 08:23.478,9,0,0,0,67301,0,0,0,N,0,0,0,2,67501,0,,1,9,,N,N,Y,0,,0,0,0,3,1,,217,0,2,0,0,0,0,1,3,4,0,2,4,,N,,,,,,,,,,,
2022044037,1617.0,2,0,0,0,0,0,0,0,0,4,0,,67,4,2022,2,40.0058,-75.0964,1614.0,6,0,0,0,0,0,1,0,0,,0,0,0.0,15,1,0,1,,0,40 00:21.036,,0,75 05:47.139,9,0,0,0,67301,0,0,0,N,0,0,0,3,67301,0,,1,1,,N,N,N,0,,0,0,0,3,2,,1550,0,2,0,0,0,0,1,3,4,0,2,3,4.0,N,,,,,,,,,,,
2022041389,1446.0,0,0,0,0,0,0,0,0,0,1,0,,67,4,2022,7,39.9654,-75.186,1446.0,6,0,1,0,0,0,0,0,0,,0,0,0.0,14,1,2,0,N,2,39 57:55.514,3.0,0,75 11:09.762,8,0,0,0,67301,0,0,0,N,0,0,0,4,68K01,0,,1,1,1450.0,N,N,N,0,,0,0,2,3,8,N,1430,2,2,0,0,0,2,0,3,4,0,2,3,,N,,,,,,,,,,,
2022025599,1712.0,1,0,0,0,0,0,0,0,0,4,0,,67,3,2022,6,39.9674,-75.2457,1710.0,6,0,0,0,0,0,2,0,0,,0,0,0.0,17,1,0,1,,0,39 58:02.410,,0,75 14:45.030,0,0,0,0,67301,0,0,0,N,0,0,0,3,67301,0,,1,1,,N,N,N,0,,0,0,1,3,2,,1708,0,3,0,0,0,0,0,3,4,1,3,3,3.0,N,,,,,,,,,,,