CRN,ARRIVAL_TM,AUTOMOBILE_COUNT,BELTED_DEATH_COUNT,BELTED_SUSP_SERIOUS_INJ_COUNT,BICYCLE_COUNT,BICYCLE_DEATH_COUNT,BICYCLE_SUSP_SERIOUS_INJ_COUNT,BUS_COUNT,CHLDPAS_DEATH_COUNT,CHLDPAS_SUSP_SERIOUS_INJ_COUNT,COLLISION_TYPE,COMM_VEH_COUNT,CONS_ZONE_SPD_LIM,COUNTY,CRASH_MONTH,CRASH_YEAR,DAY_OF_WEEK,DEC_LAT,DEC_LONG,DISPATCH_TM,DISTRICT,DRIVER_COUNT_16YR,DRIVER_COUNT_17YR,DRIVER_COUNT_18YR,DRIVER_COUNT_19YR,DRIVER_COUNT_20YR,DRIVER_COUNT_50_64YR,DRIVER_COUNT_65_74YR,DRIVER_COUNT_75PLUS,EST_HRS_CLOSED,FATAL_COUNT,HEAVY_TRUCK_COUNT,HORSE_BUGGY_COUNT,HOUR_OF_DAY,ILLUMINATION,INJURY_COUNT,INTERSECT_TYPE,INTERSECTION_RELATED,LANE_CLOSED,LATITUDE,LN_CLOSE_DIR,LOCATION_TYPE,LONGITUDE,MAX_SEVERITY_LEVEL,MCYCLE_DEATH_COUNT,MCYCLE_SUSP_SERIOUS_INJ_COUNT,MOTORCYCLE_COUNT,MUNICIPALITY,NONMOTR_COUNT,NONMOTR_DEATH_COUNT,NONMOTR_SUSP_SERIOUS_INJ_COUNT,NTFY_HIWY_MAINT,PED_COUNT,PED_DEATH_COUNT,PED_SUSP_SERIOUS_INJ_COUNT,PERSON_COUNT,POLICE_AGCY,POSSIBLE_INJ_COUNT,RDWY_SURF_TYPE_CD,RELATION_TO_ROAD,ROAD_CONDITION,ROADWAY_CLEARED,SCH_BUS_IND,SCH_ZONE_IND,SECONDARY_CRASH,SMALL_TRUCK_COUNT,SPEC_JURIS_CD,SUSP_MINOR_INJ_COUNT,SUSP_SERIOUS_INJ_COUNT,SUV_COUNT,TCD_FUNC_CD,TCD_TYPE,TFC_DETOUR_IND,TIME_OF_DAY,TOT_INJ_COUNT,TOTAL_UNITS,UNB_DEATH_COUNT,UNB_SUSP_SERIOUS_INJ_COUNT,UNBELTED_OCC_COUNT,UNK_INJ_DEG_COUNT,UNK_INJ_PER_COUNT,URBAN_AREA,URBAN_RURAL,VAN_COUNT,VEHICLE_COUNT,WEATHER1,WEATHER2,WORK_ZONE_IND,WORK_ZONE_LOC,WORK_ZONE_TYPE,WORKERS_PRES,WZ_CLOSE_DETOUR,WZ_FLAGGER,WZ_LAW_OFFCR_IND,WZ_LN_CLOSURE,WZ_MOVING,WZ_OTHER,WZ_SHLDER_MDN,WZ_WORKERS_INJ_KILLED
2022016149,850.0,2,0,0,0,0,0,0,0,0,1,0,,67,2,2022,6,40.0819,-75.0307,842.0,6,0,0,0,0,1,1,0,1,,0,0,0.0,8,1,1,0,N,2,40 04:54.916,3.0,0,75 01:50.395,3,0,0,0,67301,0,0,0,N,0,0,0,5,67301,0,,1,1,200.0,N,N,N,0,,1,0,2,0,0,Y,830,1,4,0,0,0,0,0,3,4,0,4,3,,N,,,,,,,,,,,
2022024133,1815.0,0,0,0,0,0,0,0,0,0,8,0,,67,3,2022,2,39.9589,-75.2414,1810.0,6,0,0,0,0,0,0,0,0,,0,0,0.0,16,1,1,1,,0,39 57:32.141,,0,75 14:29.004,3,0,0,0,67301,1,0,0,N,1,0,0,2,67301,0,,1,1,,N,N,N,0,,1,0,1,3,2,,1622,1,2,0,0,0,0,0,3,4,0,1,4,4.0,N,,,,,,,,,,,
2022050620,516.0,1,0,0,0,0,0,0,0,0,7,0,,67,5,2022,1,40.0367,-75.1904,514.0,6,0,0,0,0,0,0,0,0,,1,0,0.0,5,5,1,0,N,0,40 02:12.200,,0,75 11:25.610,1,0,0,0,67301,0,0,0,N,0,0,0,2,67301,0,2.0,4,1,,N,N,N,0,0.0,0,1,0,0,0,,510,1,1,0,0,0,0,0,3,4,0,1,3,,N,,,,,,,,,,,
2022038526,2155.0,1,0,0,0,0,0,0,0,0,7,0,,67,4,2022,5,39.96,-75.1798,2133.0,6,0,0,0,0,0,0,0,0,,0,0,0.0,21,3,0,7,,2,39 57:36.017,4.0,2,75 10:47.219,0,0,0,0,67301,0,0,0,N,0,0,0,2,68K01,0,,2,9,2230.0,N,N,N,0,,0,0,0,0,0,N,2131,0,1,0,0,0,0,0,3,4,0,1,7,,N,,,,,,,,,,,
2022012321,635.0,0,0,0,0,0,0,0,0,0,7,0,,67,2,2022,5,39.9104,-75.1584,635.0,6,0,0,0,0,0,0,0,0,,0,0,0.0,6,3,0,0,N,0,39 54:37.400,,3,75 09:30.200,0,0,0,0,67301,0,0,0,N,0,0,0,1,67501,0,,4,9,,N,N,N,0,,0,0,1,3,8,,635,0,1,0,0,0,0,0,3,4,0,1,7,7.0,N,,,,,,,,,,,
2022014701,938.0,2,0,0,0,0,0,0,0,0,4,0,,67,2,2022,6,40.0741,-75.1584,924.0,6,0,0,0,0,0,0,1,0,,0,0,0.0,9,1,2,5,,0,40 04:26.918,,0,75 09:30.203,3,0,0,0,67301,0,0,0,N,0,0,0,2,67301,0,,1,9,,N,N,N,0,,2,0,0,3,2,,924,2,2,0,0,0,0,0,3,4,0,2,7,7.0,N,,,,,,,,,,,
2022014591,826.0,1,0,0,0,0,0,0,0,0,5,0,,67,2,2022,6,40.1184,-75.0182,826.0,6,0,0,0,0,0,0,0,0,,0,0,0.0,8,1,1,0,N,0,40 07:06.314,,0,75 01:05.620,3,0,0,0,67301,0,0,0,N,0,0,0,4,67301,0,,1,9,,N,N,N,0,,1,0,1,0,0,,825,1,2,0,0,0,0,0,3,4,0,2,7,4.0,N,,,,,,,,,,,
2022012272,1245.0,0,0,0,0,0,0,0,0,0,1,0,,67,2,2022,4,39.9586,-75.1677,1236.0,6,0,0,0,0,0,1,0,0,,0,0,0.0,12,1,1,0,N,0,39 57:31.018,,0,75 10:03.792,8,0,0,0,67301,0,0,0,N,0,0,0,3,68K01,0,,1,9,,N,N,N,0,,0,0,2,0,0,,1233,1,2,0,0,1,1,0,3,4,0,2,3,,N,,,,,,,,,,,
2022014735,146.0,2,0,0,0,0,0,0,0,0,4,0,,67,2,2022,7,40.0323,-75.0309,140.0,6,0,0,0,0,0,0,0,0,,0,0,0.0,1,3,2,1,,0,40 01:56.357,,0,75 01:51.292,3,0,0,0,67301,0,0,0,N,0,0,0,3,67301,0,,1,1,,N,N,N,0,,2,0,0,3,2,,120,2,2,0,0,0,0,0,3,4,0,2,3,3.0,N,,,,,,,,,,,
2022014785,400.0,2,0,0,0,0,0,0,0,0,4,0,,67,2,2022,6,39.9719,-75.236,350.0,6,0,0,0,0,0,0,0,0,,0,0,0.0,3,3,2,1,,0,39 58:18.876,,0,75 14:09.635,4,0,0,0,67301,0,0,0,N,0,0,0,2,67301,2,,1,9,,N,N,N,0,,0,0,0,3,3,,342,2,2,0,0,0,0,0,3,4,0,2,7,7.0,N,,,,,,,,,,,
2022030412,1108.0,1,0,0,0,0,0,0,0,0,4,0,,67,3,2022,1,40.0016,-75.1528,1104.0,6,0,0,0,0,0,0,0,0,,0,0,0.0,11,1,0,1,,0,40 00:05.705,,0,75 09:10.074,0,0,0,0,67301,0,0,0,N,0,0,0,3,67301,0,,1,1,,N,N,N,0,,0,0,1,3,2,,1104,0,2,0,0,0,0,0,3,4,0,2,3,3.0,N,,,,,,,,,,,
2022040195,1650.0,3,0,0,0,0,0,0,0,0,2,0,,67,3,2022,4,39.8982,-75.1838,1612.0,6,0,0,0,0,0,0,0,0,,0,0,0.0,16,1,1,0,N,1,39 53:53.407,2.0,0,75 11:01.665,3,0,0,0,67301,0,0,0,N,0,0,0,4,68K01,0,,1,9,1724.0,N,N,N,0,,1,0,0,0,0,N,1610,1,3,0,0,0,0,0,3,4,0,3,4,7.0,N,,,,,,,,,,,
2022023745,840.0,1,0,0,0,0,0,0,0,0,4,0,,67,3,2022,7,40.0576,-75.1549,830.0,6,0,0,0,0,0,1,0,0,,0,0,0.0,8,1,1,2,,0,40 03:27.370,,0,75 09:17.632,3,0,0,0,67301,0,0,0,N,0,0,0,2,67301,0,,1,1,,N,N,N,0,,1,0,1,3,3,,800,1,2,0,0,0,0,0,3,4,0,2,3,,N,,,,,,,,,,,
2022044032,526.0,1,0,0,0,0,0,0,0,0,1,0,,67,4,2022,7,39.9992,-75.1095,526.0,6,0,0,0,0,0,0,0,0,,0,0,0.0,5,3,0,0,N,2,39 59:56.980,3.0,0,75 06:34.130,9,0,0,0,67301,0,0,0,N,0,0,0,1,67301,0,,6,1,600.0,N,N,N,0,,0,0,2,0,0,Y,526,0,3,0,0,0,0,1,3,4,0,3,3,3.0,N,,,,,,,,,,,
2022045332,1114.0,1,0,0,0,0,0,0,0,0,1,0,,67,4,2022,2,39.9419,-75.194,1101.0,6,0,0,0,0,0,0,0,0,,0,0,0.0,11,1,0,0,N,1,39 56:30.939,4.0,0,75 11:38.538,0,0,0,0,67301,0,0,0,N,0,0,0,4,68K01,0,,1,1,1134.0,N,N,N,0,,0,0,1,0,0,N,1100,0,2,0,0,1,0,0,3,4,0,2,3,,N,,,,,,,,,,,
2022049172,1426.0,2,0,0,0,0,0,0,0,0,4,0,,67,5,2022,5,39.9239,-75.2221,1426.0,6,0,0,0,0,0,0,0,0,,0,0,0.0,13,1,1,1,,0,39 55:26.137,,0,75 13:19.522,3,0,0,0,67301,0,0,0,N,0,0,0,2,67301,0,,1,1,,N,N,N,0,,1,0,0,3,2,,1302,1,2,0,0,0,0,1,3,4,0,2,3,3.0,N,,,,,,,,,,,
2022014558,1800.0,3,0,0,0,0,0,0,0,0,5,1,,67,2,2022,5,39.9228,-75.1483,1758.0,6,0,0,0,0,0,0,0,0,,0,1,0.0,17,3,0,0,N,2,39 55:22.190,4.0,0,75 08:53.810,0,0,0,0,67301,0,0,0,N,0,0,0,1,67301,0,,6,9,1852.0,N,N,N,2,,0,0,6,0,0,Y,1745,0,12,0,0,0,0,0,3,4,0,12,7,,N,,,,,,,,,,,
2022037952,2157.0,1,0,0,0,0,0,1,0,0,1,1,,67,4,2022,2,40.0403,-75.0585,2154.0,6,0,0,0,0,0,1,0,0,,0,0,0.0,21,3,1,1,,0,40 02:25.164,,0,75 03:30.737,8,0,0,0,67301,0,0,0,N,0,0,0,2,67508,0,,1,1,,N,N,Y,0,,0,0,0,3,2,,2154,1,2,0,0,0,1,0,3,4,0,2,3,3.0,N,,,,,,,,,,,
2022014748,427.0,1,0,0,0,0,0,0,0,0,4,0,,67,2,2022,1,39.9738,-75.2064,427.0,6,0,0,0,0,0,0,0,0,,0,0,0.0,4,3,3,1,,0,39 58:25.797,,0,75 12:23.198,2,0,0,0,67301,0,0,0,N,0,0,0,3,67301,1,,1,1,,N,N,N,0,,1,1,1,3,2,,424,3,2,0,0,0,0,0,3,4,0,2,3,,N,,,,,,,,,,,
2022029755,850.0,2,0,0,0,0,0,0,0,0,4,0,,67,3,2022,3,39.966,-75.2472,844.0,6,0,0,0,1,0,1,0,0,,0,0,0.0,8,1,2,1,,0,39 57:57.423,,0,75 14:49.883,4,0,0,0,67301,0,0,0,N,0,0,0,3,67301,2,,1,1,,N,N,N,0,,0,0,1,3,3,,803,2,3,0,0,3,0,0,3,4,0,3,3,3.0,N,,,,,,,,,,,
2022029217,435.0,0,0,0,0,0,0,0,0,0,4,0,,67,3,2022,5,40.0275,-75.0624,433.0,6,0,0,0,0,0,0,0,0,,0,0,0.0,4,3,2,1,,1,40 01:38.783,3.0,0,75 03:44.998,3,0,0,0,67301,0,0,0,N,0,0,0,2,67301,0,,1,9,500.0,N,N,N,0,,2,0,2,3,2,N,430,2,2,0,0,0,0,0,3,4,0,2,4,7.0,N,,,,,,,,,,,
2022023928,1645.0,0,0,0,1,0,0,0,0,0,4,0,,67,3,2022,2,39.9521,-75.2144,1642.0,6,0,0,0,0,0,0,0,0,,0,0,0.0,16,1,1,1,,0,39 57:07.390,,0,75 12:51.785,4,0,0,0,67301,1,0,0,N,0,0,0,4,67301,1,,1,9,,N,N,N,0,,0,0,0,3,3,,1640,1,2,0,0,0,0,1,3,4,1,1,7,4.0,N,,,,,,,,,,,
2022020534,2025.0,2,0,0,0,0,0,0,0,0,1,0,,67,2,2022,6,40.0365,-75.174,2020.0,6,0,0,0,0,0,0,0,0,,0,0,0.0,20,3,0,0,Y,1,40 02:11.400,3.0,0,75 10:26.500,0,0,0,0,67301,0,0,0,N,0,0,0,4,67301,0,,1,1,2059.0,N,N,N,0,,0,0,2,3,2,Y,2019,0,4,0,0,1,0,0,3,4,0,4,3,3.0,N,,,,,,,,,,,
2022023736,347.0,1,0,0,0,0,0,0,0,0,7,0,,67,3,2022,6,39.9239,-75.2456,347.0,6,0,0,0,0,0,0,0,0,,0,0,0.0,3,3,0,0,N,0,39 55:25.946,,0,75 14:44.097,9,0,0,0,67301,0,0,0,N,0,0,0,1,67301,0,,9,1,,N,N,N,0,,0,0,0,3,2,,347,0,1,0,0,0,0,1,3,4,0,1,3,3.0,N,,,,,,,,,,,
2022030781,1836.0,0,0,0,0,0,0,0,0,0,7,0,,67,3,2022,6,39.9937,-75.1399,1820.0,6,0,0,0,0,0,0,0,0,,0,0,0.0,17,1,0,1,,0,39 59:37.312,,0,75 08:23.470,0,0,0,0,67301,0,0,0,N,0,0,0,1,67301,0,,5,1,,N,N,N,0,,0,0,0,3,2,,1735,0,1,0,0,1,0,0,3,4,1,1,3,,N,,,,,,,,,,,
2022022909,1838.0,1,0,0,0,0,0,0,0,0,7,0,,67,3,2022,6,39.9128,-75.1811,1834.0,6,0,0,0,0,0,0,0,0,,0,0,0.0,18,3,0,0,N,0,39 54:45.900,,8,75 10:52.100,0,0,0,0,67301,0,0,0,N,0,0,0,1,67501,0,,4,1,,N,N,N,0,,0,0,0,0,0,,1834,0,1,0,0,0,0,0,3,4,0,1,3,,N,,,,,,,,,,,
2022020657,1959.0,0,0,0,0,0,0,0,0,0,5,0,,67,2,2022,6,39.9298,-75.1556,1958.0,6,0,0,0,0,0,0,0,0,,0,0,0.0,19,3,3,0,N,0,39 55:47.450,,0,75 09:20.070,3,0,0,0,67301,0,0,0,N,0,0,0,3,67301,0,,1,1,,N,N,N,0,,3,0,0,0,0,,1956,3,2,0,0,0,0,0,3,4,2,2,3,,N,,,,,,,,,,,
2022023712,1928.0,0,0,0,0,0,0,0,0,0,8,0,,67,2,2022,2,39.9347,-75.1523,1926.0,6,0,0,0,0,0,0,0,0,,0,0,0.0,19,3,2,1,,0,39 56:04.970,,0,75 09:08.445,3,0,0,0,67301,2,0,0,N,2,0,0,3,67301,0,,1,1,,N,N,N,0,,2,0,0,3,2,,1924,2,3,0,0,0,0,0,3,4,0,1,3,3.0,N,,,,,,,,,,,
2022021363,126.0,2,0,0,0,0,0,0,0,0,6,0,,67,2,2022,4,39.9809,-75.2065,122.0,6,0,0,0,0,0,0,0,0,,0,0,0.0,1,2,0,0,N,2,39 58:51.396,3.0,0,75 12:23.407,0,0,0,0,67301,0,0,0,N,0,0,0,2,68K01,0,,1,9,135.0,N,N,Y,0,,0,0,0,0,0,Y,116,0,2,0,0,1,0,0,3,4,0,2,3,3.0,N,,,,,,,,,,,
2022015562,1620.0,1,0,0,0,0,0,0,0,0,7,0,,67,2,2022,5,40.0028,-75.1378,1620.0,6,0,0,0,0,0,0,0,0,,0,0,0.0,15,1,1,5,,0,40 00:10.040,,0,75 08:16.231,3,0,0,0,67301,0,0,0,N,0,0,0,1,67301,0,,4,9,,N,N,N,0,,1,0,0,3,2,,1550,1,1,0,0,0,0,0,3,4,0,1,7,7.0,N,,,,,,,,,,,
2022033142,2346.0,0,0,0,0,0,0,0,0,0,4,0,,67,2,2022,3,40.0615,-75.0589,2344.0,6,0,0,0,0,0,0,0,0,,0,0,0.0,22,3,1,1,,0,40 03:41.263,,0,75 03:32.076,4,0,0,0,67301,0,0,0,N,0,0,0,2,67301,1,,1,9,,N,N,N,0,,0,0,2,3,3,,2230,1,3,0,0,0,0,0,3,4,1,3,7,,N,,,,,,,,,,,
2022044116,2035.0,1,0,0,0,0,0,0,0,0,4,0,,67,4,2022,7,40.0148,-75.1517,2035.0,6,0,0,0,0,0,1,0,0,,0,0,0.0,16,1,1,2,,9,40 00:53.355,,0,75 09:06.285,3,0,0,1,67301,0,0,0,N,0,0,0,2,67301,0,,1,1,,N,N,N,0,,1,0,0,0,0,,1640,1,2,0,0,0,0,0,3,4,0,2,3,,N,,,,,,,,,,,
2022019554,1855.0,0,0,0,0,0,0,0,0,0,4,0,,67,2,2022,6,39.9155,-75.1613,1852.0,6,0,0,0,1,0,1,0,0,,0,0,0.0,17,1,1,1,,0,39 54:55.783,,0,75 09:40.760,3,0,0,0,67301,0,0,0,N,0,0,0,2,67301,0,,1,1,,N,N,N,0,,1,0,1,3,2,,1715,1,2,0,0,0,0,1,3,4,1,2,3,3.0,N,,,,,,,,,,,
2022013785,1642.0,0,0,0,0,0,0,0,0,0,1,0,,67,2,2022,1,39.9479,-75.1866,1635.0,6,0,0,0,0,0,2,0,0,,0,0,0.0,16,1,2,6,,1,39 56:52.422,4.0,2,75 11:11.789,3,0,0,0,67301,0,0,0,N,0,0,0,4,68K01,0,,7,1,1715.0,N,N,N,0,,2,0,2,0,0,N,1609,2,2,0,0,0,0,0,3,4,0,2,3,3.0,N,,,,,,,,,,,
2022043924,236.0,1,0,0,0,0,0,0,0,0,5,0,,67,4,2022,7,40.0356,-75.0377,234.0,6,0,0,0,0,0,0,0,0,,0,0,0.0,2,3,0,0,N,0,40 02:08.050,,0,75 02:15.830,0,0,0,0,67301,0,0,0,N,0,0,0,1,67301,0,,6,1,,N,N,N,0,,0,0,3,0,0,,233,0,4,0,0,0,0,0,3,4,0,4,3,,N,,,,,,,,,,,
2022020081,1455.0,2,0,0,0,0,0,0,0,0,8,0,,67,2,2022,3,39.9921,-75.14,1452.0,6,0,0,0,0,0,0,0,0,,0,0,0.0,14,1,1,0,Y,0,39 59:31.604,,0,75 08:24.053,3,0,0,0,67301,1,0,0,N,1,0,0,3,67301,0,,4,1,,N,N,N,0,,1,0,0,3,2,,1428,1,3,0,0,0,0,0,3,4,0,2,3,3.0,N,,,,,,,,,,,
2022021407,1841.0,1,0,0,0,0,0,0,0,0,1,0,45.0,67,2,2022,5,40.0209,-75.0426,1826.0,6,0,0,0,1,0,0,0,0,,0,0,0.0,18,3,0,0,N,0,40 01:15.194,,0,75 02:33.192,0,0,0,0,67301,0,0,0,N,0,0,0,2,68K01,0,,1,1,,N,N,N,0,,0,0,1,0,0,,1824,0,2,0,0,0,0,0,3,4,0,2,3,3.0,Y,4.0,1.0,N,,,N,,,,Y,N
2022029354,840.0,1,0,0,0,0,0,0,0,0,8,0,,67,3,2022,5,40.0136,-75.1587,840.0,6,0,0,0,0,0,0,0,0,,0,0,0.0,8,1,1,2,,0,40 00:49.197,,0,75 09:31.528,8,0,0,0,67301,1,0,0,N,1,0,0,2,67301,0,,1,9,,N,N,N,0,,0,0,0,3,2,,834,1,2,0,0,0,1,0,3,4,0,1,4,7.0,N,,,,,,,,,,,
2022018319,109.0,1,0,0,0,0,0,0,0,0,7,0,,67,2,2022,1,39.9869,-75.2084,109.0,6,0,0,0,0,0,1,0,0,,0,0,0.0,1,3,0,0,N,1,39 59:12.711,3.0,2,75 12:30.117,0,0,0,0,67301,0,0,0,Y,0,0,0,1,68K01,0,,4,1,140.0,N,N,N,0,,0,0,0,0,0,N,104,0,1,0,0,0,0,0,3,4,0,1,3,3.0,N,,,,,,,,,,,
2022019644,2359.0,0,0,0,0,0,0,0,0,0,7,0,,67,2,2022,7,40.0193,-75.1194,2356.0,6,0,0,0,0,0,0,1,0,,0,0,0.0,23,3,1,11,,0,40 01:09.623,,0,75 07:09.840,3,0,0,0,67301,0,0,0,N,0,0,0,1,67301,0,,5,1,,N,N,N,0,,1,0,1,0,0,,2355,1,1,0,0,0,0,0,3,4,0,1,3,3.0,N,,,,,,,,,,,
2022029270,910.0,2,0,0,0,0,0,0,0,0,4,0,,67,2,2022,2,40.0517,-75.153,901.0,6,0,0,0,0,0,0,0,0,,0,0,0.0,9,1,1,1,,0,40 03:06.267,,0,75 09:10.785,8,0,0,0,67301,0,0,0,N,0,0,0,2,67301,0,,1,1,,N,N,N,0,,0,0,0,3,2,,900,1,2,0,0,0,1,0,3,4,0,2,3,3.0,N,,,,,,,,,,,
2022024592,854.0,2,0,0,0,0,0,0,0,0,6,0,,67,3,2022,2,39.9726,-75.2293,854.0,6,0,0,0,0,0,0,0,0,,0,0,0.0,2,6,0,0,N,0,39 58:21.290,,0,75 13:45.550,0,0,0,0,67301,0,0,0,N,0,0,0,1,67301,0,,6,1,,N,N,Y,1,,0,0,0,0,0,,225,0,3,0,0,0,0,0,3,4,0,3,99,,N,,,,,,,,,,,
2022019510,1351.0,1,0,0,0,0,0,0,0,0,7,0,,67,2,2022,1,39.9118,-75.1685,1349.0,6,0,0,0,0,0,0,0,0,,0,0,0.0,13,1,0,0,N,1,39 54:42.300,3.0,3,75 10:06.600,9,0,0,0,67301,0,0,0,N,0,0,0,2,67501,0,,4,1,1433.0,N,N,N,0,,0,0,0,3,1,N,1349,0,1,0,0,2,0,2,3,4,0,1,3,3.0,N,,,,,,,,,,,
2022024129,900.0,0,0,0,0,0,0,0,0,0,8,0,,67,3,2022,2,40.0604,-74.9904,847.0,6,0,0,0,0,0,0,0,0,,0,0,0.0,6,1,1,1,,0,40 03:37.434,,0,74 59:25.565,3,0,0,0,67301,1,0,0,N,1,0,0,2,67301,0,,1,1,,N,Y,N,0,,1,0,0,3,2,,618,1,2,0,0,0,0,0,3,4,0,1,3,3.0,N,,,,,,,,,,,
2022014824,2341.0,1,0,0,0,0,0,0,0,0,5,0,,67,2,2022,5,40.0112,-75.136,2331.0,6,0,0,0,0,0,0,0,0,,0,0,0.0,23,3,0,0,N,1,40 00:40.400,1.0,0,75 08:09.630,9,0,0,0,67301,0,0,0,N,0,0,0,1,67301,0,,6,9,130.0,N,N,N,0,,0,0,1,0,0,N,2307,0,2,0,0,0,0,1,3,4,0,2,7,7.0,N,,,,,,,,,,,
2022014809,1936.0,1,0,0,0,0,0,0,0,0,2,0,,67,2,2022,6,39.9906,-75.1155,1926.0,6,0,0,0,0,0,0,0,0,,0,0,0.0,19,3,3,0,N,1,39 59:26.160,1.0,0,75 06:55.875,3,0,0,0,67301,0,0,0,N,0,0,0,4,67301,0,,1,9,1950.0,N,N,N,1,,3,0,0,0,0,N,1923,3,2,0,0,2,0,0,3,4,0,2,7,3.0,N,,,,,,,,,,,
2022014654,340.0,3,0,0,0,0,0,0,0,0,4,0,,67,2,2022,5,39.9389,-75.2298,332.0,6,0,0,0,0,0,0,0,0,,0,0,0.0,2,3,1,1,,0,39 56:20.000,,0,75 13:47.150,4,0,0,0,67301,0,0,0,N,0,0,0,2,67301,1,,1,9,,N,N,N,2,,0,0,0,3,3,,252,1,5,0,0,2,0,1,3,4,0,5,7,7.0,N,,,,,,,,,,,
2022038557,902.0,2,0,0,0,0,0,0,0,0,5,1,,67,4,2022,4,39.9853,-75.2082,902.0,6,0,0,0,0,0,2,0,0,,0,1,0.0,8,1,0,0,N,1,39 59:07.249,3.0,0,75 12:29.435,0,0,0,0,67301,0,0,0,N,0,0,0,6,68K01,0,,1,1,952.0,N,N,N,1,,0,0,1,0,0,N,859,0,5,0,0,0,0,0,3,4,0,5,3,,N,,,,,,,,,,,
2022038507,1547.0,2,0,0,0,0,0,0,0,0,1,0,,67,3,2022,5,40.0299,-75.0223,1510.0,6,0,0,0,0,0,0,0,0,,0,0,0.0,15,1,2,0,N,1,40 01:47.477,2.0,0,75 01:20.261,8,0,0,0,67301,0,0,0,N,0,0,0,4,68K01,0,,1,9,1620.0,N,N,N,0,,0,0,1,0,0,N,1509,2,3,0,0,0,2,0,3,4,0,3,7,,N,,,,,,,,,,,
2022038522,1449.0,1,0,0,0,0,0,0,0,0,5,0,,67,4,2022,5,39.9494,-75.1418,1420.0,6,0,0,0,0,0,0,0,0,,0,0,0.0,14,1,0,0,N,0,39 56:57.988,,0,75 08:30.651,0,0,0,0,67301,0,0,0,N,0,0,0,2,68K01,0,,1,1,,N,N,N,0,,0,0,1,0,0,,1420,0,2,0,0,0,0,0,3,4,0,2,4,,N,,,,,,,,,,,
2022019551,2200.0,0,0,0,0,0,0,0,0,0,5,0,,67,2,2022,3,39.9184,-75.1586,2150.0,6,0,0,0,0,0,0,0,0,,0,0,0.0,20,3,0,0,N,0,39 55:06.310,,0,75 09:31.090,0,0,0,0,67301,0,0,0,N,0,0,0,1,67301,0,,4,1,,N,N,N,1,,0,0,1,0,0,,2030,0,2,0,0,0,0,0,3,4,0,2,3,,N,,,,,,,,,,,
2022032855,1047.0,2,0,0,0,0,0,0,0,0,4,0,,67,4,2022,6,39.9585,-75.1487,1046.0,6,0,0,0,0,0,1,0,0,,0,0,0.0,10,1,0,1,,0,39 57:30.611,,0,75 08:55.408,0,0,0,0,67301,0,0,0,N,0,0,0,2,67301,0,,1,1,,N,N,N,0,,0,0,0,3,3,,1045,0,2,0,0,0,0,0,3,4,0,2,4,4.0,N,,,,,,,,,,,
2022035904,1705.0,0,0,0,0,0,0,0,0,0,5,0,,67,4,2022,6,40.0035,-75.1548,1700.0,6,0,0,0,0,0,0,0,0,,0,0,0.0,16,1,0,0,N,2,40 00:12.500,4.0,0,75 09:17.300,0,0,0,0,67301,0,0,0,N,0,0,0,1,67505,0,,6,1,40.0,N,N,N,0,,0,0,2,0,0,Y,1655,0,2,0,0,0,0,0,3,4,0,2,3,3.0,N,,,,,,,,,,,
2022039405,2333.0,2,0,0,0,0,0,0,0,0,1,0,,67,4,2022,7,39.9715,-75.1231,2333.0,6,0,0,0,0,0,0,0,0,,0,0,0.0,23,3,1,0,N,2,39 58:17.540,1.0,0,75 07:23.089,8,0,0,0,67301,0,0,0,N,0,0,0,3,68K01,0,,1,1,2345.0,N,N,N,0,,0,0,0,0,0,N,2321,1,3,0,0,0,1,1,3,4,0,3,3,,N,,,,,,,,,,,
2022016249,2130.0,1,0,0,0,0,0,0,0,0,5,0,,67,2,2022,6,39.8984,-75.2102,2115.0,6,0,0,0,0,0,0,0,0,,0,0,0.0,21,3,2,0,N,0,39 53:54.388,,3,75 12:36.807,2,0,0,0,67301,0,0,0,N,0,0,0,3,67301,0,,1,9,,N,N,N,0,,1,1,2,0,0,,2110,2,3,0,0,0,0,0,3,4,0,3,3,3.0,N,,,,,,,,,,,
2022015545,1700.0,1,0,0,0,0,0,0,0,0,8,0,,67,2,2022,6,39.94,-75.2139,1650.0,6,0,0,0,0,0,0,0,0,,0,0,0.0,16,3,1,1,,0,39 56:23.899,,0,75 12:49.910,8,0,0,0,67301,1,0,0,N,1,0,0,2,67301,0,,1,2,,N,N,N,0,,0,0,0,3,2,,1650,1,2,0,0,0,1,0,3,4,0,1,7,6.0,N,,,,,,,,,,,
2022014657,220.0,1,0,0,0,0,0,0,0,0,5,0,,67,2,2022,1,39.9133,-75.2451,211.0,6,0,0,0,0,0,0,0,0,,0,0,0.0,2,3,0,0,N,2,39 54:47.740,4.0,0,75 14:42.460,0,0,0,0,67301,0,0,0,N,0,0,0,1,67301,0,,6,1,145.0,N,N,N,0,,0,0,1,0,0,N,206,0,2,0,0,0,0,0,3,4,0,2,3,3.0,N,,,,,,,,,,,
2022038666,942.0,0,0,0,0,0,0,0,0,0,1,0,,67,4,2022,5,40.0278,-75.0246,942.0,6,0,0,0,0,0,1,0,0,,0,0,0.0,9,1,0,0,N,0,40 01:40.087,,0,75 01:28.527,0,0,0,0,67301,0,0,0,N,0,0,0,2,68K01,0,,1,1,,N,N,N,0,,0,0,2,0,0,,931,0,2,0,0,0,0,0,3,4,0,2,3,,N,,,,,,,,,,,