CRN,ARRIVAL_TM,AUTOMOBILE_COUNT,BELTED_DEATH_COUNT,BELTED_SUSP_SERIOUS_INJ_COUNT,BICYCLE_COUNT,BICYCLE_DEATH_COUNT,BICYCLE_SUSP_SERIOUS_INJ_COUNT,BUS_COUNT,CHLDPAS_DEATH_COUNT,CHLDPAS_SUSP_SERIOUS_INJ_COUNT,COLLISION_TYPE,COMM_VEH_COUNT,CONS_ZONE_SPD_LIM,COUNTY,CRASH_MONTH,CRASH_YEAR,DAY_OF_WEEK,DEC_LAT,DEC_LONG,DISPATCH_TM,DISTRICT,DRIVER_COUNT_16YR,DRIVER_COUNT_17YR,DRIVER_COUNT_18YR,DRIVER_COUNT_19YR,DRIVER_COUNT_20YR,DRIVER_COUNT_50_64YR,DRIVER_COUNT_65_74YR,DRIVER_COUNT_75PLUS,EST_HRS_CLOSED,FATAL_COUNT,HEAVY_TRUCK_COUNT,HORSE_BUGGY_COUNT,HOUR_OF_DAY,ILLUMINATION,INJURY_COUNT,INTERSECT_TYPE,INTERSECTION_RELATED,LANE_CLOSED,LATITUDE,LN_CLOSE_DIR,LOCATION_TYPE,LONGITUDE,MAX_SEVERITY_LEVEL,MCYCLE_DEATH_COUNT,MCYCLE_SUSP_SERIOUS_INJ_COUNT,MOTORCYCLE_COUNT,MUNICIPALITY,NONMOTR_COUNT,NONMOTR_DEATH_COUNT,NONMOTR_SUSP_SERIOUS_INJ_COUNT,NTFY_HIWY_MAINT,PED_COUNT,PED_DEATH_COUNT,PED_SUSP_SERIOUS_INJ_COUNT,PERSON_COUNT,POLICE_AGCY,POSSIBLE_INJ_COUNT,RDWY_SURF_TYPE_CD,RELATION_TO_ROAD,ROAD_CONDITION,ROADWAY_CLEARED,SCH_BUS_IND,SCH_ZONE_IND,SECONDARY_CRASH,SMALL_TRUCK_COUNT,SPEC_JURIS_CD,SUSP_MINOR_INJ_COUNT,SUSP_SERIOUS_INJ_COUNT,SUV_COUNT,TCD_FUNC_CD,TCD_TYPE,TFC_DETOUR_IND,TIME_OF_DAY,TOT_INJ_COUNT,TOTAL_UNITS,UNB_DEATH_COUNT,UNB_SUSP_SERIOUS_INJ_COUNT,UNBELTED_OCC_COUNT,UNK_INJ_DEG_COUNT,UNK_INJ_PER_COUNT,URBAN_AREA,URBAN_RURAL,VAN_COUNT,VEHICLE_COUNT,WEATHER1,WEATHER2,WORK_ZONE_IND,WORK_ZONE_LOC,WORK_ZONE_TYPE,WORKERS_PRES,WZ_CLOSE_DETOUR,WZ_FLAGGER,WZ_LAW_OFFCR_IND,WZ_LN_CLOSURE,WZ_MOVING,WZ_OTHER,WZ_SHLDER_MDN,WZ_WORKERS_INJ_KILLED
2022039358,640.0,0,0,0,0,0,0,0,0,0,1,0,,67,3,2022,2,40.0374,-75.0131,619.0,6,0,0,0,0,0,0,0,0,,0,0,0.0,6,5,3,0,N,1,40 02:14.595,2.0,0,75 00:47.145,3,0,0,0,67301,0,0,0,N,0,0,0,3,68K01,2,,1,1,720.0,N,N,N,0,,1,0,2,0,0,N,600,3,2,0,0,0,0,0,3,4,0,2,3,3.0,N,,,,,,,,,,,
2022019640,737.0,3,0,0,0,0,0,0,0,0,5,0,,67,2,2022,7,40.0244,-75.1221,734.0,6,0,0,0,0,0,0,0,0,,0,0,0.0,7,1,1,0,N,0,40 01:27.900,,0,75 07:19.600,3,0,0,0,67301,0,0,0,N,0,0,0,1,67301,0,,6,1,,N,N,N,0,,1,0,0,0,0,,721,1,4,0,0,0,0,0,3,4,1,4,3,3.0,N,,,,,,,,,,,
2022050874,435.0,1,0,0,0,0,0,0,0,0,7,0,,67,2,2022,4,39.9813,-75.2069,433.0,6,0,0,0,0,0,0,0,0,,0,0,0.0,4,3,0,0,N,0,39 58:52.567,,0,75 12:24.834,9,0,0,0,67301,0,0,0,N,0,0,0,1,68K01,0,,4,9,,N,N,N,0,,0,0,0,0,0,,431,0,1,0,0,0,0,1,3,4,0,1,3,3.0,N,,,,,,,,,,,
2022023797,1859.0,0,0,0,0,0,0,0,0,0,8,0,,67,3,2022,3,40.014,-75.1581,1852.0,6,0,0,0,0,0,0,0,0,,0,0,0.0,18,3,1,0,N,0,40 00:50.242,,0,75 09:29.269,3,0,0,0,67301,1,0,0,N,1,0,0,4,67301,0,,1,1,,N,N,N,0,,1,0,1,0,0,,1850,1,2,0,0,0,0,0,3,4,0,1,3,,N,,,,,,,,,,,
2022014767,1210.0,0,0,0,0,0,0,0,0,0,8,0,,67,2,2022,7,39.9558,-75.1915,1204.0,6,0,0,0,0,0,0,0,0,,0,0,0.0,12,1,2,1,,0,39 57:20.966,,0,75 11:29.280,3,0,0,0,67301,2,0,0,N,2,0,0,3,67301,0,,1,1,,N,N,N,0,,2,0,0,3,2,,1204,2,3,0,0,0,0,0,3,4,1,1,3,,N,,,,,,,,,,,
2022038518,928.0,0,0,0,0,0,0,0,0,0,7,0,,67,4,2022,2,40.0387,-75.0088,908.0,6,0,0,0,0,0,0,0,0,,0,0,0.0,8,1,0,0,N,0,40 02:19.280,,0,75 00:31.662,0,0,0,0,67301,0,0,0,N,0,0,0,1,68K01,0,,4,1,,N,N,N,0,,0,0,1,0,0,,836,0,1,0,0,0,0,0,3,4,0,1,3,,N,,,,,,,,,,,
2022014652,905.0,1,0,0,0,0,0,0,0,0,4,0,,67,2,2022,4,39.9211,-75.2242,901.0,6,0,0,0,0,0,1,0,0,,0,0,0.0,8,1,3,1,,0,39 55:15.660,,0,75 13:26.832,4,0,0,0,67301,0,0,0,N,0,0,0,3,67301,3,,1,1,,N,N,Y,0,,0,0,1,3,2,,830,3,2,0,0,0,0,0,3,4,0,2,3,3.0,N,,,,,,,,,,,
2022014653,1650.0,1,0,0,0,0,0,0,0,0,4,0,,67,2,2022,4,39.9233,-75.2205,1650.0,6,0,0,0,1,0,0,0,0,,0,0,0.0,16,1,0,2,,0,39 55:23.710,,0,75 13:13.713,0,0,0,0,67301,0,0,0,N,0,0,0,2,67301,0,,1,1,,N,N,N,0,,0,0,1,3,2,,1650,0,2,0,0,0,0,0,3,4,0,2,3,3.0,N,,,,,,,,,,,
2022038510,1339.0,1,0,0,0,0,0,0,0,0,98,0,,67,3,2022,4,39.9961,-75.0827,1311.0,6,0,0,0,0,0,0,0,0,,0,0,0.0,13,1,0,0,N,1,39 59:45.986,1.0,0,75 04:57.708,0,0,0,0,67301,0,0,0,N,0,0,0,1,68K01,0,,1,1,1339.0,N,N,N,0,,0,0,0,0,0,N,1309,0,1,0,0,0,0,0,3,4,0,1,3,,N,,,,,,,,,,,
2022013460,2230.0,2,0,0,0,0,0,0,0,0,4,0,,67,2,2022,1,40.0049,-75.1539,2230.0,6,0,0,0,0,0,0,0,0,,0,0,0.0,22,3,0,1,,2,40 00:17.589,2.0,0,75 09:14.000,9,0,0,0,67301,0,0,0,N,0,0,0,2,67505,0,,1,1,10.0,N,N,N,0,,0,0,0,3,2,Y,2230,0,2,0,0,0,0,1,3,4,0,2,3,,N,,,,,,,,,,,
2022038649,1046.0,2,0,0,0,0,0,0,0,0,7,0,,67,3,2022,5,40.0406,-75.0056,1040.0,6,0,0,0,0,0,0,0,0,,0,0,0.0,10,1,1,0,N,1,40 02:26.316,2.0,0,75 00:20.120,3,0,0,0,67301,0,0,0,N,0,0,0,2,68K01,0,,4,9,1100.0,N,N,N,0,,1,0,0,0,0,N,1036,1,2,0,0,0,0,0,3,4,0,2,7,,N,,,,,,,,,,,
2022027987,1147.0,1,0,0,0,0,0,0,0,0,1,0,,67,3,2022,1,39.9582,-75.1652,1141.0,6,0,0,0,0,0,0,0,0,,0,0,0.0,11,1,0,0,N,0,39 57:29.489,,0,75 09:54.733,0,0,0,0,67301,0,0,0,N,0,0,0,2,68K01,0,,1,9,,N,N,N,0,,0,0,1,0,0,,1138,0,2,0,0,0,0,0,3,4,0,2,7,7.0,N,,,,,,,,,,,
2022044004,129.0,1,0,0,0,0,0,0,0,0,2,0,,67,1,2022,2,39.9981,-75.1104,129.0,6,0,0,0,0,0,0,0,0,,0,0,0.0,1,3,0,2,,0,39 59:53.329,,1,75 06:37.540,0,0,0,0,67301,0,0,0,N,0,0,0,1,67301,0,,1,9,,N,N,N,0,,0,0,1,0,0,,129,0,2,0,0,0,0,0,3,4,0,2,7,7.0,N,,,,,,,,,,,
2022014834,2.0,4,0,0,0,0,0,0,0,0,5,0,,67,2,2022,7,39.9705,-75.1393,2355.0,6,0,0,0,0,0,0,0,0,,0,0,0.0,23,3,0,0,N,2,39 58:13.940,2.0,0,75 08:21.600,0,0,0,0,67301,0,0,0,N,0,0,0,1,67301,0,,6,1,20.0,N,N,N,0,,0,0,2,0,0,Y,2324,0,6,0,0,0,0,0,3,4,0,6,3,,N,,,,,,,,,,,
2022015906,1914.0,0,0,0,0,0,0,0,0,0,8,0,,67,2,2022,4,39.9602,-75.1669,1911.0,6,0,0,0,0,0,0,0,0,,0,0,0.0,19,3,1,1,,0,39 57:36.752,,0,75 10:00.695,4,0,0,0,67301,1,0,0,N,1,0,0,2,67301,1,,1,1,,N,N,N,0,,0,0,1,3,3,,1910,1,2,0,0,0,0,0,3,4,0,1,3,,N,,,,,,,,,,,
2022019589,1741.0,0,0,0,0,0,0,0,0,0,5,0,,67,2,2022,7,40.0367,-75.0622,1736.0,6,0,0,0,0,0,0,0,0,,0,0,0.0,17,1,0,0,N,0,40 02:12.010,,0,75 03:43.820,9,0,0,0,67301,0,0,0,N,0,0,0,1,67301,0,,6,1,,N,N,N,0,,0,0,2,0,0,,1732,0,2,0,0,0,0,1,3,4,0,2,3,3.0,N,,,,,,,,,,,
2022014590,1626.0,1,0,0,0,0,0,0,0,0,4,0,,67,2,2022,5,40.0689,-75.0402,1612.0,6,0,0,0,0,1,0,1,0,,0,0,0.0,16,1,2,2,,0,40 04:07.880,,0,75 02:24.710,3,0,0,0,67301,0,0,0,N,0,0,0,2,67301,0,,1,9,,N,N,N,0,,2,0,0,3,3,,1604,2,2,0,0,0,0,0,3,4,1,2,7,,N,,,,,,,,,,,
2022038182,2215.0,0,0,0,0,0,0,1,0,0,5,1,,67,4,2022,7,40.016,-75.1536,2150.0,6,0,0,0,0,0,0,0,0,,0,0,0.0,21,3,1,0,N,0,40 00:57.602,,0,75 09:12.836,4,0,0,0,67301,0,0,0,N,0,0,0,3,67508,1,,1,9,,N,N,Y,1,,0,0,0,0,0,,2150,1,2,0,0,0,0,0,3,4,0,2,7,7.0,N,,,,,,,,,,,
2022038523,2025.0,0,0,0,0,0,0,0,0,0,7,0,,67,4,2022,5,39.9703,-75.1249,2023.0,6,0,0,0,0,0,1,0,0,,0,0,0.0,20,3,0,0,N,1,39 58:13.046,1.0,0,75 07:29.767,0,0,0,0,67301,0,0,0,Y,0,0,0,1,68K01,0,,4,9,2029.0,N,N,N,0,,0,0,1,0,0,N,2017,0,1,0,0,0,0,0,3,4,0,1,7,,N,,,,,,,,,,,
2022037593,1410.0,0,0,0,0,0,0,1,0,0,4,1,,67,4,2022,3,39.9915,-75.2266,1400.0,6,0,0,0,0,0,1,0,0,,0,0,0.0,14,1,1,1,,0,39 59:29.482,,0,75 13:35.641,4,0,0,0,67301,0,0,0,N,0,0,0,3,67508,1,,1,1,,N,N,Y,0,,0,0,1,3,2,,1400,1,2,0,0,0,0,0,3,4,0,2,3,3.0,N,,,,,,,,,,,
2022031331,1301.0,1,0,0,0,0,0,0,0,0,4,0,,67,3,2022,4,40.0808,-75.0286,1301.0,6,0,0,0,0,0,0,1,0,,0,0,0.0,13,1,1,1,,0,40 04:50.725,,0,75 01:42.964,3,0,0,0,67301,0,0,0,N,0,0,0,2,67301,0,,1,1,,N,N,N,0,,1,0,1,3,2,,1300,1,2,0,0,0,0,0,3,4,0,2,3,3.0,N,,,,,,,,,,,
2022044907,930.0,2,0,0,0,0,0,0,0,0,4,1,,67,5,2022,3,40.0003,-75.0837,900.0,6,0,0,0,0,0,0,0,0,,0,0,0.0,8,1,0,2,,1,40 00:01.228,5.0,0,75 05:01.679,0,0,0,0,67301,0,0,0,N,0,0,0,2,67301,0,,1,1,1030.0,N,N,N,0,,0,0,0,3,2,N,848,0,2,0,0,0,0,0,3,4,0,2,3,3.0,N,,,,,,,,,,,
2022053259,559.0,1,0,0,0,0,0,0,0,0,7,0,,67,5,2022,6,40.0338,-75.0197,542.0,6,0,0,0,0,0,0,0,0,,0,0,0.0,5,5,0,0,N,0,40 02:01.799,,0,75 01:11.021,0,0,0,0,67301,0,0,0,N,0,0,0,1,68K01,0,,3,9,,N,N,N,0,,0,0,0,0,0,,534,0,1,0,0,0,0,0,3,4,0,1,7,,N,,,,,,,,,,,
2022051345,1241.0,1,0,0,0,0,0,0,0,0,1,0,,67,6,2022,5,40.006,-75.152,1240.0,6,0,0,0,0,0,0,1,0,,0,0,0.0,12,1,1,0,N,0,40 00:21.679,,0,75 09:07.070,4,0,0,0,67301,0,0,0,N,0,0,0,2,67505,1,,1,1,,N,N,Y,1,,0,0,2,0,0,,1238,1,4,0,0,0,0,0,3,4,0,4,3,3.0,N,,,,,,,,,,,
2022024969,1612.0,2,0,0,0,0,0,0,0,0,4,0,,67,3,2022,5,39.926,-75.1727,1611.0,6,0,0,0,0,0,0,0,0,,0,0,0.0,16,1,0,1,,2,39 55:33.679,1.0,0,75 10:21.612,9,0,0,0,67301,0,0,0,N,0,0,0,2,67301,0,,1,1,1910.0,N,N,N,0,,0,0,2,3,3,Y,1611,0,4,0,0,0,0,1,3,4,0,4,4,,N,,,,,,,,,,,
2022029268,1322.0,0,0,0,0,0,0,0,0,0,1,0,,67,3,2022,6,40.0268,-75.1177,1315.0,6,0,0,0,0,0,0,0,0,,0,0,0.0,12,1,3,0,N,0,40 01:36.308,,0,75 07:03.554,3,0,0,0,67301,0,0,0,N,0,0,0,4,67301,0,,1,1,,N,N,N,0,,3,0,1,0,0,,1236,3,3,0,0,0,0,0,3,4,1,3,3,3.0,N,,,,,,,,,,,
2022051972,2035.0,1,0,0,0,0,0,0,0,0,4,1,,67,6,2022,6,40.0286,-75.0339,2030.0,6,0,0,0,0,0,0,0,0,,0,1,0.0,19,3,0,1,,0,40 01:42.885,,0,75 02:02.202,9,0,0,0,67301,0,0,0,N,0,0,0,2,67301,0,,1,1,,N,N,N,0,,0,0,0,3,2,,1952,0,2,0,0,0,0,1,3,4,0,2,3,3.0,N,,,,,,,,,,,
2022038543,1457.0,3,0,0,0,0,0,0,0,0,1,0,,67,4,2022,2,39.9599,-75.1781,1457.0,6,0,0,0,0,0,0,0,0,,0,0,0.0,14,1,0,0,N,0,39 57:35.676,,0,75 10:41.108,0,0,0,0,67301,0,0,0,N,0,0,0,3,68K01,0,,1,1,,N,N,N,0,,0,0,0,0,0,,1456,0,3,0,0,0,0,0,3,4,0,3,3,,N,,,,,,,,,,,
2022019639,1650.0,1,0,0,0,0,0,0,0,0,4,0,,67,2,2022,6,40.0216,-75.1244,1642.0,6,0,0,0,0,0,1,0,0,,0,0,0.0,16,4,0,1,,1,40 01:17.597,1.0,0,75 07:27.667,0,0,0,0,67301,0,0,0,N,0,0,0,4,67301,0,,1,9,1712.0,N,N,N,0,,0,0,1,3,2,N,1620,0,2,0,0,0,0,0,3,4,0,2,7,7.0,N,,,,,,,,,,,
2022013211,149.0,2,0,0,0,0,0,0,0,0,1,0,,67,2,2022,1,39.9744,-75.1581,148.0,6,0,0,0,0,0,0,0,0,,0,0,0.0,1,3,1,0,N,0,39 58:27.900,,0,75 09:29.000,8,0,0,0,67301,0,0,0,N,0,0,0,1,67505,0,,6,1,,N,N,N,0,,0,0,1,0,0,,147,1,3,0,0,0,1,0,3,4,0,3,3,3.0,N,,,,,,,,,,,
2022014747,1228.0,2,0,0,0,0,0,0,0,0,4,0,,67,2,2022,6,39.9746,-75.1992,1227.0,6,0,0,0,0,0,0,0,0,,0,0,0.0,12,1,0,1,,0,39 58:28.698,,2,75 11:56.790,0,0,0,0,67301,0,0,0,N,0,0,0,2,67301,0,,1,9,,N,N,N,0,,0,0,0,3,2,,1220,0,2,0,0,0,0,0,3,4,0,2,7,,N,,,,,,,,,,,
2022046081,2234.0,0,0,0,0,0,0,0,0,0,4,0,,67,4,2022,4,39.9843,-75.188,2234.0,6,0,0,0,0,0,0,0,0,,0,0,0.0,22,3,0,2,,0,39 59:02.847,,0,75 11:16.987,0,0,0,0,67301,0,0,0,N,0,0,0,2,67301,0,,1,1,,N,N,N,0,,0,0,0,3,2,,2234,0,2,0,0,0,0,0,3,4,2,2,3,3.0,N,,,,,,,,,,,
2022023747,1927.0,1,0,0,0,0,0,0,0,0,4,0,,67,3,2022,7,40.0714,-75.1613,1925.0,6,0,0,0,0,0,0,0,0,,0,0,0.0,19,3,0,5,,0,40 04:17.125,,0,75 09:40.567,0,0,0,0,67301,0,0,0,N,0,0,0,5,67301,0,,1,1,,N,N,N,0,,0,0,1,3,2,,1924,0,2,0,0,5,0,0,3,4,0,2,3,3.0,N,,,,,,,,,,,
2022026988,448.0,1,0,0,0,0,0,0,0,0,4,0,,67,3,2022,4,39.9731,-75.1592,446.0,6,0,0,0,0,0,0,0,0,,0,0,0.0,3,3,1,0,N,1,39 58:23.017,2.0,0,75 09:33.011,8,0,0,0,67301,0,0,0,N,0,0,0,4,67301,0,,1,1,457.0,N,N,N,0,,0,0,1,0,0,N,348,1,2,0,0,0,1,1,3,4,0,2,3,3.0,N,,,,,,,,,,,
2022015919,534.0,0,0,0,0,0,0,0,0,0,7,0,,67,2,2022,6,40.0927,-75.04,528.0,6,0,0,0,0,0,0,0,0,,0,0,0.0,5,3,0,0,N,0,40 05:33.730,,0,75 02:23.900,0,0,0,0,67301,0,0,0,N,0,0,0,1,67301,0,,4,1,,N,N,N,0,,0,0,1,0,0,,523,0,1,0,0,0,0,0,3,4,0,1,3,3.0,N,,,,,,,,,,,
2022039583,1745.0,1,0,0,0,0,0,0,0,0,7,0,,67,4,2022,6,39.9038,-75.1502,1731.0,6,0,0,0,0,1,0,0,0,,0,0,0.0,17,1,1,0,N,1,39 54:13.845,1.0,0,75 09:00.838,3,0,0,0,67301,0,0,0,N,0,0,0,1,68Z99,0,,2,1,1800.0,N,N,N,0,,1,0,0,0,0,N,1729,1,1,0,0,0,0,0,3,4,0,1,3,3.0,N,,,,,,,,,,,
2022039362,113.0,1,0,0,0,0,0,0,0,0,7,0,,67,4,2022,4,39.9589,-75.1804,109.0,6,0,0,0,0,0,0,0,0,,0,0,0.0,0,3,1,0,N,0,39 57:32.070,,0,75 10:49.604,3,0,0,0,67301,0,0,0,N,0,0,0,1,68K01,0,,4,9,,N,N,N,0,,1,0,0,0,0,,55,1,1,0,0,0,0,0,3,4,0,1,7,7.0,N,,,,,,,,,,,
2022014786,831.0,1,0,0,0,0,0,0,0,0,8,0,,67,2,2022,5,39.9804,-75.2264,830.0,6,0,0,0,0,0,0,0,0,,0,0,0.0,19,1,1,0,N,0,39 58:49.400,,0,75 13:35.200,2,0,0,0,67301,1,0,1,N,1,0,1,2,67301,0,,1,99,,N,N,N,0,,0,1,0,0,0,,1930,1,2,0,0,0,0,0,3,4,0,1,99,,N,,,,,,,,,,,
2022039373,956.0,1,0,0,0,0,0,0,0,0,1,1,55.0,67,4,2022,2,40.0371,-75.0139,944.0,6,0,0,0,0,0,0,0,0,,0,1,0.0,9,1,1,0,N,0,40 02:13.611,,0,75 00:49.885,3,0,0,0,67301,1,0,0,N,0,0,0,2,68K01,0,,1,1,,N,N,N,0,,1,0,0,3,8,,936,1,2,0,0,0,0,0,3,4,0,2,3,3.0,Y,2.0,2.0,Y,N,N,N,Y,N,N,Y,N
2022014592,1137.0,1,0,0,0,0,0,0,0,0,4,0,,67,2,2022,5,40.1289,-75.0087,1130.0,6,0,0,0,0,0,0,0,1,,0,0,0.0,13,1,1,1,,0,40 07:44.165,,0,75 00:31.460,8,0,0,0,67301,0,0,0,N,0,0,0,3,67301,0,,1,9,,N,N,N,0,,0,0,1,3,3,,1315,1,2,0,0,0,1,0,3,4,0,2,7,7.0,N,,,,,,,,,,,
2022014550,415.0,2,0,0,0,0,0,0,0,0,2,0,,67,2,2022,1,40.0331,-75.0901,409.0,6,0,0,0,0,0,0,0,0,,0,0,0.0,4,3,0,0,N,0,40 01:59.160,,0,75 05:24.180,0,0,0,0,67301,0,0,0,N,0,0,0,1,67301,0,,1,1,,N,N,N,0,,0,0,0,0,0,,400,0,2,0,0,0,0,0,3,4,0,2,3,3.0,N,,,,,,,,,,,
2022050945,2114.0,0,0,0,0,0,0,0,0,0,7,0,,67,5,2022,7,39.9575,-75.1505,2114.0,6,0,0,0,0,0,0,0,0,,0,0,0.0,21,1,0,0,N,1,39 57:27.037,3.0,0,75 09:01.930,0,0,0,0,67301,0,0,0,N,0,0,0,1,68K01,0,,4,9,2140.0,N,N,N,0,,0,0,1,0,0,N,2114,0,1,0,0,0,0,0,3,4,0,1,7,,N,,,,,,,,,,,
2022044040,2300.0,1,0,0,0,0,0,0,0,0,5,0,,67,4,2022,5,40.0065,-75.0953,2300.0,6,0,0,0,0,0,0,0,0,,0,0,0.0,21,3,1,0,N,0,40 00:23.400,,7,75 05:43.000,4,0,0,0,67301,0,0,0,N,0,0,0,2,67301,1,,1,1,,N,N,N,0,,0,0,1,0,0,,2115,1,2,0,0,0,0,1,3,4,0,2,3,,N,,,,,,,,,,,
2022025397,105.0,1,0,0,0,0,0,0,0,0,4,0,,67,3,2022,4,40.0047,-75.0776,100.0,6,0,0,0,0,0,0,0,0,,0,0,0.0,23,3,0,1,,0,40 00:16.912,,0,75 04:39.262,0,0,0,0,67301,0,0,0,N,0,0,0,2,67301,0,,1,1,,N,N,N,0,,0,0,0,0,0,,2300,0,2,0,0,0,0,0,3,4,0,2,3,,N,,,,,,,,,,,
2022021422,1451.0,2,0,0,0,0,0,0,0,0,1,0,,67,2,2022,7,39.9947,-75.0837,1439.0,6,0,0,1,0,0,1,0,0,,0,0,0.0,14,1,1,0,N,1,39 59:41.002,1.0,0,75 05:01.399,3,0,0,0,67301,0,0,0,N,0,0,0,4,68K01,0,,1,1,1501.0,N,N,N,0,,1,0,1,0,0,N,1433,1,4,0,0,1,0,0,3,4,1,4,3,,N,,,,,,,,,,,
2022039842,1238.0,1,0,0,0,0,0,0,0,0,4,0,,67,4,2022,5,39.9808,-75.1503,1236.0,6,0,0,0,0,0,1,0,0,,0,0,0.0,12,1,0,1,,2,39 58:50.948,3.0,0,75 09:01.224,9,0,0,0,67301,0,0,0,N,0,0,0,2,67505,0,,1,1,1330.0,N,N,N,0,,0,0,1,3,2,Y,1230,0,2,0,0,0,0,1,3,4,0,2,3,3.0,N,,,,,,,,,,,
2022038551,603.0,2,0,0,0,0,0,0,0,0,1,0,,67,4,2022,3,39.9368,-75.1993,554.0,6,0,0,0,0,0,0,0,0,,0,0,0.0,5,1,0,0,N,1,39 56:12.448,3.0,0,75 11:57.428,9,0,0,0,67301,0,0,0,N,0,0,0,3,68K01,0,,1,1,607.0,N,N,N,0,,0,0,0,0,0,N,548,0,3,0,0,0,0,1,3,4,0,3,3,,N,,,,,,,,,,,
2022014702,1850.0,0,0,0,0,0,0,0,0,0,4,0,,67,2,2022,6,40.0523,-75.2015,1837.0,6,0,0,0,0,0,0,0,0,,0,0,0.0,18,2,1,1,,0,40 03:08.305,,0,75 12:05.258,3,0,0,0,67301,0,0,0,N,0,0,0,3,67301,0,,1,9,,N,N,N,1,,1,0,1,3,3,,1820,1,2,0,0,0,0,0,3,4,0,2,7,,N,,,,,,,,,,,
2022014765,2058.0,3,0,1,0,0,0,0,0,0,4,0,,67,2,2022,6,39.9555,-75.2421,2058.0,6,0,0,0,0,0,1,0,0,,0,0,0.0,20,3,3,1,,0,39 57:19.796,,0,75 14:31.596,2,0,0,0,67301,0,0,0,N,0,0,0,3,67301,0,,1,1,,N,N,N,0,,2,1,1,3,3,,2058,3,4,0,0,2,0,0,3,4,0,4,3,3.0,N,,,,,,,,,,,
2022014736,1432.0,1,0,0,0,0,0,0,0,0,4,0,,67,2,2022,7,40.0255,-75.0638,1428.0,6,0,0,0,0,0,0,0,0,,0,0,0.0,14,1,3,1,,2,40 01:31.818,6.0,0,75 03:49.557,3,0,0,0,67301,0,0,0,N,0,0,0,4,67301,0,,1,1,1700.0,N,N,N,1,,3,0,1,3,3,N,1422,3,3,0,0,0,0,0,3,4,0,3,3,3.0,N,,,,,,,,,,,
2022014594,1813.0,2,0,0,0,0,0,0,0,0,1,0,,67,2,2022,1,40.0649,-75.0515,1813.0,6,0,0,0,0,0,0,0,0,,0,0,0.0,18,3,1,1,,0,40 03:53.711,,0,75 03:05.569,3,0,0,0,67301,0,0,0,N,0,0,0,2,67301,0,,1,1,,N,N,N,0,,1,0,0,3,2,,1810,1,2,0,0,0,0,0,3,4,0,2,3,3.0,N,,,,,,,,,,,
2022014862,1048.0,2,0,0,0,0,0,0,0,0,4,0,,67,1,2022,2,40.0374,-75.1323,1045.0,6,0,0,0,0,0,0,0,0,,0,0,0.0,10,1,3,1,,0,40 02:14.784,,0,75 07:56.283,3,0,0,0,67301,0,0,0,N,0,0,0,4,67301,0,,1,6,,N,N,N,1,,3,0,0,3,3,,1030,3,3,0,0,0,0,0,3,4,0,3,3,3.0,N,,,,,,,,,,,
2022024574,2144.0,0,0,0,0,0,0,1,0,0,5,1,,67,2,2022,3,39.993,-75.1103,2135.0,6,0,0,0,0,0,0,0,0,,0,0,0.0,21,3,1,1,,0,39 59:34.645,,0,75 06:36.928,8,0,0,0,67301,0,0,0,N,0,0,0,3,67508,0,,1,1,,,,N,0,,0,0,1,3,2,,2135,1,2,0,0,0,1,0,3,4,0,2,3,3.0,N,,,,,,,,,,,
2022037687,1923.0,1,0,0,0,0,0,0,0,0,7,0,,67,3,2022,5,39.9539,-75.1416,1917.0,6,0,0,0,0,0,0,0,0,,0,0,0.0,19,3,0,0,N,1,39 57:13.997,2.0,0,75 08:29.700,0,0,0,0,67301,0,0,0,N,0,0,0,1,68K01,0,,4,9,1935.0,N,N,N,0,,0,0,0,0,0,N,1915,0,1,0,0,0,0,0,3,4,0,1,7,,N,,,,,,,,,,,
2022014796,430.0,0,0,0,0,0,0,0,0,0,4,0,,67,1,2022,2,39.9898,-75.1737,425.0,6,0,0,0,0,0,0,0,0,,0,0,0.0,4,3,0,1,,0,39 59:23.449,,0,75 10:25.402,0,0,0,0,67301,0,0,0,N,0,0,0,2,67301,0,,1,2,,N,N,N,0,,0,0,1,3,2,,422,0,2,0,0,1,0,0,3,4,0,2,3,10.0,N,,,,,,,,,,,
2022037739,635.0,1,0,0,0,0,0,0,0,0,5,0,,67,4,2022,3,40.0217,-75.0393,635.0,6,0,0,0,0,0,0,0,0,,0,0,0.0,6,5,7,0,N,1,40 01:18.115,1.0,0,75 02:21.477,3,0,0,0,67301,0,0,0,N,0,0,0,7,68K01,0,,1,9,655.0,N,N,Y,0,,7,0,1,0,0,N,634,7,2,0,0,0,0,0,3,4,0,2,3,,N,,,,,,,,,,,
2022014645,740.0,0,0,0,0,0,0,0,0,0,4,0,,67,1,2022,6,39.9037,-75.2432,734.0,6,0,0,0,0,0,0,0,0,,0,0,0.0,7,1,5,1,,0,39 54:13.285,,0,75 14:35.660,3,0,0,0,67301,0,0,0,N,0,0,0,8,67301,0,,1,1,,N,N,N,1,,5,0,2,3,2,,733,5,3,0,0,0,0,0,3,4,0,3,3,3.0,N,,,,,,,,,,,