CRN,ARRIVAL_TM,AUTOMOBILE_COUNT,BELTED_DEATH_COUNT,BELTED_SUSP_SERIOUS_INJ_COUNT,BICYCLE_COUNT,BICYCLE_DEATH_COUNT,BICYCLE_SUSP_SERIOUS_INJ_COUNT,BUS_COUNT,CHLDPAS_DEATH_COUNT,CHLDPAS_SUSP_SERIOUS_INJ_COUNT,COLLISION_TYPE,COMM_VEH_COUNT,CONS_ZONE_SPD_LIM,COUNTY,CRASH_MONTH,CRASH_YEAR,DAY_OF_WEEK,DEC_LAT,DEC_LONG,DISPATCH_TM,DISTRICT,DRIVER_COUNT_16YR,DRIVER_COUNT_17YR,DRIVER_COUNT_18YR,DRIVER_COUNT_19YR,DRIVER_COUNT_20YR,DRIVER_COUNT_50_64YR,DRIVER_COUNT_65_74YR,DRIVER_COUNT_75PLUS,EST_HRS_CLOSED,FATAL_COUNT,HEAVY_TRUCK_COUNT,HORSE_BUGGY_COUNT,HOUR_OF_DAY,ILLUMINATION,INJURY_COUNT,INTERSECT_TYPE,INTERSECTION_RELATED,LANE_CLOSED,LATITUDE,LN_CLOSE_DIR,LOCATION_TYPE,LONGITUDE,MAX_SEVERITY_LEVEL,MCYCLE_DEATH_COUNT,MCYCLE_SUSP_SERIOUS_INJ_COUNT,MOTORCYCLE_COUNT,MUNICIPALITY,NONMOTR_COUNT,NONMOTR_DEATH_COUNT,NONMOTR_SUSP_SERIOUS_INJ_COUNT,NTFY_HIWY_MAINT,PED_COUNT,PED_DEATH_COUNT,PED_SUSP_SERIOUS_INJ_COUNT,PERSON_COUNT,POLICE_AGCY,POSSIBLE_INJ_COUNT,RDWY_SURF_TYPE_CD,RELATION_TO_ROAD,ROAD_CONDITION,ROADWAY_CLEARED,SCH_BUS_IND,SCH_ZONE_IND,SECONDARY_CRASH,SMALL_TRUCK_COUNT,SPEC_JURIS_CD,SUSP_MINOR_INJ_COUNT,SUSP_SERIOUS_INJ_COUNT,SUV_COUNT,TCD_FUNC_CD,TCD_TYPE,TFC_DETOUR_IND,TIME_OF_DAY,TOT_INJ_COUNT,TOTAL_UNITS,UNB_DEATH_COUNT,UNB_SUSP_SERIOUS_INJ_COUNT,UNBELTED_OCC_COUNT,UNK_INJ_DEG_COUNT,UNK_INJ_PER_COUNT,URBAN_AREA,URBAN_RURAL,VAN_COUNT,VEHICLE_COUNT,WEATHER1,WEATHER2,WORK_ZONE_IND,WORK_ZONE_LOC,WORK_ZONE_TYPE,WORKERS_PRES,WZ_CLOSE_DETOUR,WZ_FLAGGER,WZ_LAW_OFFCR_IND,WZ_LN_CLOSURE,WZ_MOVING,WZ_OTHER,WZ_SHLDER_MDN,WZ_WORKERS_INJ_KILLED
2022037321,426.0,0,0,0,0,0,0,0,0,0,5,0,,67,4,2022,1,39.9588,-75.1704,421.0,6,0,0,0,0,0,1,0,0,,0,0,0.0,4,3,0,0,N,1,39 57:31.757,3.0,0,75 10:13.496,9,0,0,0,67301,0,0,0,N,0,0,0,3,68Z99,0,,1,1,440.0,N,N,N,0,,0,0,1,0,0,N,421,0,2,0,0,0,0,1,3,4,0,2,3,,N,,,,,,,,,,,
2022037465,208.0,1,0,0,0,0,0,0,0,0,7,0,,67,3,2022,6,40.0074,-75.2007,205.0,6,0,0,0,0,0,0,0,0,,0,0,0.0,2,3,0,0,N,2,40 00:26.543,3.0,0,75 12:02.612,9,0,0,0,67301,0,0,0,Y,0,0,0,1,68K01,0,,4,9,300.0,N,N,N,0,,0,0,0,0,0,Y,203,0,1,0,0,0,0,1,3,4,0,1,3,3.0,N,,,,,,,,,,,
2022036298,115.0,1,0,0,0,0,0,0,0,0,7,0,,67,4,2022,6,39.9746,-75.1942,113.0,6,0,0,0,0,0,0,0,0,,0,0,0.0,1,3,0,0,N,0,39 58:28.719,,0,75 11:39.060,0,0,0,0,67301,0,0,0,N,0,0,0,1,68K01,0,,5,9,,N,N,N,0,,0,0,0,0,0,,103,0,1,0,0,0,0,0,3,4,0,1,7,7.0,N,,,,,,,,,,,
2022014779,130.0,0,0,0,0,0,0,0,0,0,5,0,,67,1,2022,6,39.985,-75.2381,120.0,6,0,0,0,0,0,0,0,0,,0,0,0.0,23,3,0,0,N,0,39 59:06.050,,0,75 14:16.990,9,0,0,0,67301,0,0,0,N,0,0,0,1,67301,0,,6,7,,N,N,N,1,,0,0,1,0,0,,2343,0,3,0,0,0,0,1,3,4,1,3,10,10.0,N,,,,,,,,,,,
2022014610,1420.0,0,0,0,0,0,0,0,0,0,1,0,,67,1,2022,4,40.0795,-75.0296,1415.0,6,0,0,0,0,0,0,0,0,,0,0,0.0,13,1,2,0,N,0,40 04:46.098,,0,75 01:46.692,8,0,0,0,67301,0,0,0,N,0,0,0,3,67301,0,,1,1,,N,N,N,1,,0,0,1,0,0,,1355,2,2,0,0,0,2,1,3,4,0,2,3,3.0,N,,,,,,,,,,,
2022015676,741.0,1,0,0,0,0,0,0,0,0,7,0,,67,1,2022,7,39.9612,-75.1821,741.0,6,0,0,0,0,0,0,0,0,,0,0,0.0,7,1,0,0,N,0,39 57:40.201,,0,75 10:55.693,0,0,0,0,67301,0,0,0,N,0,0,0,2,68K01,0,,2,7,,N,N,N,0,,0,0,0,0,0,,730,0,1,0,0,0,0,0,3,4,0,1,10,4.0,N,,,,,,,,,,,
2022037738,619.0,1,0,0,0,0,0,0,0,0,7,0,,67,4,2022,3,39.9978,-75.1959,617.0,6,0,0,0,0,0,0,0,0,,0,0,0.0,6,3,0,0,N,2,39 59:52.060,4.0,0,75 11:45.363,0,0,0,0,67301,0,0,0,N,0,0,0,1,68K01,0,,4,9,45.0,N,N,N,0,,0,0,0,0,0,Y,600,0,1,0,0,0,0,0,3,4,0,1,7,7.0,N,,,,,,,,,,,
2022036593,1350.0,1,0,0,0,0,0,0,0,0,7,0,,67,4,2022,4,39.885,-75.2439,1338.0,6,0,0,0,0,0,0,1,0,,0,0,0.0,13,1,0,0,N,0,39 53:06.005,,0,75 14:38.081,0,0,0,0,67301,0,0,0,N,0,0,0,1,68K01,0,,2,1,,N,N,N,0,,0,0,0,0,0,,1333,0,1,0,0,0,0,0,3,4,0,1,3,3.0,N,,,,,,,,,,,
2022012017,1947.0,2,0,0,0,0,0,0,0,0,4,0,,67,1,2022,2,40.0507,-75.1177,1947.0,6,0,0,0,0,0,1,0,0,,0,0,0.0,19,3,1,0,N,1,40 03:02.529,6.0,7,75 07:03.874,8,0,0,0,67301,0,0,0,N,0,0,0,2,46102,0,,1,9,2051.0,N,N,N,0,,0,0,0,0,0,N,1947,1,2,0,0,1,1,0,3,4,0,2,3,3.0,N,,,,,,,,,,,
2022014546,2045.0,2,0,0,0,0,0,0,0,0,5,0,,67,1,2022,2,40.0388,-75.1011,2044.0,6,0,0,0,0,0,0,0,0,,0,0,0.0,20,3,0,0,N,2,40 02:19.600,5.0,0,75 06:03.900,9,0,0,0,67301,0,0,0,N,0,0,0,3,67301,0,,1,2,2115.0,N,N,N,0,,0,0,1,0,0,Y,2040,0,3,0,0,0,0,3,3,4,0,3,3,98.0,N,,,,,,,,,,,
2022014743,217.0,1,0,0,0,0,0,0,0,0,4,0,,67,1,2022,5,39.969,-75.217,213.0,6,0,0,0,0,0,0,0,0,,0,0,0.0,2,3,0,1,,0,39 58:08.327,,0,75 13:01.203,0,0,0,0,67301,0,0,0,N,0,0,0,2,67301,0,,1,1,,N,N,N,0,,0,0,1,3,2,,210,0,3,0,0,0,0,0,3,4,1,3,3,,N,,,,,,,,,,,
2022014719,1215.0,2,0,0,0,0,0,0,0,0,4,0,,67,1,2022,4,40.0189,-75.0495,1209.0,6,0,0,0,0,1,0,0,0,,0,0,0.0,11,8,0,1,,0,40 01:08.120,,0,75 02:58.216,0,0,0,0,67301,0,0,0,N,0,0,0,3,67301,0,,1,1,,N,N,N,0,,0,0,0,0,0,,1140,0,2,0,0,0,0,0,3,4,0,2,3,3.0,N,,,,,,,,,,,
2022014648,1841.0,1,0,0,0,0,0,0,0,0,8,0,,67,1,2022,2,39.9089,-75.2329,1839.0,6,0,0,0,0,0,0,0,0,,0,0,0.0,17,4,1,1,,0,39 54:32.058,,0,75 13:58.490,3,0,0,0,67301,1,0,0,N,1,0,0,2,67301,0,,1,2,,N,N,N,0,,1,0,0,3,2,,1727,1,2,0,0,1,0,1,3,4,0,1,3,3.0,N,,,,,,,,,,,
2022014783,1547.0,1,0,0,0,0,0,0,0,0,8,0,,67,2,2022,3,39.9691,-75.2455,1545.0,6,0,0,0,0,0,0,0,0,,0,0,0.0,15,1,1,0,N,0,39 58:08.680,,0,75 14:43.767,3,0,0,0,67301,1,0,0,N,1,0,0,2,67301,0,,1,6,,N,N,N,0,,1,0,0,0,0,,1542,1,2,0,0,0,0,1,3,4,0,1,3,,N,,,,,,,,,,,
2022036300,1309.0,0,0,0,0,0,0,0,0,0,1,1,,67,4,2022,2,39.9493,-75.1845,1253.0,6,0,0,0,0,0,1,0,0,,0,1,0.0,12,1,1,0,N,1,39 56:57.363,4.0,0,75 11:04.293,3,0,0,0,67301,0,0,0,N,0,0,0,2,68K01,0,,1,1,1309.0,N,N,N,0,,1,0,1,0,0,N,1250,1,2,0,0,0,0,0,3,4,0,2,3,,N,,,,,,,,,,,
2022037725,1219.0,1,0,0,0,0,0,0,0,0,1,0,,67,4,2022,2,39.9568,-75.1532,1201.0,6,0,0,0,0,0,0,0,0,,0,0,0.0,11,1,1,0,N,0,39 57:24.654,,0,75 09:11.646,8,0,0,0,67301,0,0,0,N,0,0,0,2,68K01,0,,1,1,,N,N,N,0,,0,0,1,0,0,,1158,1,2,0,0,0,1,0,3,4,0,2,4,4.0,N,,,,,,,,,,,
2022026242,55.0,3,0,0,0,0,0,0,0,0,4,0,,67,2,2022,4,39.9548,-75.2362,45.0,6,0,0,0,0,0,0,0,0,,0,0,0.0,0,3,1,1,,0,39 57:17.128,,0,75 14:10.395,8,0,0,0,67301,0,0,0,N,0,0,0,2,67301,0,,1,2,,N,N,N,0,,0,0,1,3,2,,30,1,4,0,0,0,1,0,3,4,0,4,10,10.0,N,,,,,,,,,,,
2022014698,1150.0,1,0,0,0,0,0,0,0,0,7,0,,67,2,2022,3,40.0402,-75.1691,1145.0,6,0,0,1,0,0,0,0,0,,0,0,0.0,11,1,0,3,,0,40 02:24.568,,0,75 10:08.705,9,0,0,0,67301,0,0,0,N,0,0,0,2,67301,0,,4,6,,N,N,N,0,,0,0,0,0,0,,1144,0,1,0,0,0,0,1,3,4,0,1,10,10.0,N,,,,,,,,,,,
2022037452,234.0,0,0,0,0,0,0,0,0,0,5,0,,67,3,2022,7,39.9785,-75.2027,229.0,6,0,0,0,0,0,0,0,0,,0,0,0.0,2,3,0,0,N,1,39 58:42.512,3.0,0,75 12:09.827,9,0,0,0,67301,0,0,0,N,0,0,0,2,68K01,0,,3,1,236.0,N,N,N,0,,0,0,1,0,0,N,227,0,2,0,0,0,0,1,3,4,0,2,3,3.0,N,,,,,,,,,,,
2022014687,1145.0,2,0,0,0,0,0,0,0,0,4,0,,67,1,2022,6,40.0572,-75.2079,1140.0,6,0,0,0,1,0,0,0,1,,0,0,0.0,11,1,2,2,,0,40 03:26.017,,0,75 12:28.580,3,0,0,0,67301,0,0,0,N,0,0,0,2,67301,0,,1,6,,N,N,Y,0,,2,0,0,3,3,,1122,2,2,0,0,0,0,0,3,4,0,2,10,,N,,,,,,,,,,,
2022014611,1540.0,1,0,0,0,0,0,0,0,0,4,0,,67,1,2022,5,40.0774,-75.0243,1530.0,6,0,0,0,0,0,1,0,0,,0,0,0.0,15,1,0,0,N,0,40 04:38.600,,7,75 01:27.400,0,0,0,0,67301,0,0,0,N,0,0,0,4,67301,0,,1,1,,N,N,N,0,,0,0,1,0,0,,1510,0,2,0,0,0,0,0,3,4,0,2,3,,N,,,,,,,,,,,
2022021841,,1,0,0,0,0,0,0,0,0,4,0,,67,1,2022,6,40.0264,-75.0968,,6,0,0,0,0,0,0,0,0,,0,0,0.0,9,1,1,1,,0,40 01:35.200,,0,75 05:48.300,8,0,0,0,67301,0,0,0,N,0,0,0,2,00000,0,,1,1,,N,N,N,1,,0,0,0,0,0,,915,1,2,0,0,0,1,0,3,4,0,2,3,,N,,,,,,,,,,,
2022014780,1200.0,0,0,0,0,0,0,0,0,0,5,0,,67,1,2022,6,39.9679,-75.2506,1136.0,6,0,0,0,0,0,0,0,0,,0,0,0.0,21,3,0,0,N,0,39 58:04.540,,0,75 15:02.060,0,0,0,0,67301,0,0,0,N,0,0,0,1,67301,0,,6,7,,N,N,N,0,,0,0,1,0,0,,2100,0,2,0,0,0,0,0,3,4,0,2,10,10.0,N,,,,,,,,,,,
2022037292,2048.0,1,0,0,0,0,0,0,0,0,8,0,,67,4,2022,7,39.9536,-75.1986,2047.0,6,0,0,0,0,0,1,0,0,,0,0,0.0,20,3,1,1,,0,39 57:13.151,,0,75 11:55.547,8,0,0,0,67301,1,0,0,N,1,0,0,2,67504,0,,1,9,,N,N,N,0,,0,0,0,3,2,,2047,1,2,0,0,0,1,0,3,4,0,1,7,,N,,,,,,,,,,,
2022021879,1420.0,1,0,0,0,0,0,1,0,0,1,1,,67,2,2022,3,40.0329,-75.1777,1355.0,6,0,0,0,0,0,1,0,0,,0,0,0.0,13,1,2,2,,0,40 01:58.414,,0,75 10:39.820,8,0,0,0,67301,0,0,0,N,0,0,0,2,67508,0,,1,1,,,,N,0,,0,0,0,3,2,,1355,2,2,0,0,1,2,0,3,4,0,2,3,3.0,N,,,,,,,,,,,
2022013597,1615.0,2,0,0,0,0,0,0,0,0,1,0,,67,1,2022,4,40.0093,-75.2095,1608.0,6,0,0,0,0,0,0,0,0,,0,0,0.0,16,1,1,2,,0,40 00:32.941,,2,75 12:35.404,4,0,0,0,67301,0,0,0,N,0,0,0,2,46104,1,,1,1,,N,N,N,0,,0,0,0,3,2,,1608,1,2,0,0,0,0,0,3,4,0,2,3,3.0,N,,,,,,,,,,,
2022037466,246.0,1,0,0,0,0,0,0,0,0,7,0,,67,3,2022,6,40.0344,-75.0191,230.0,6,0,0,0,0,0,0,0,0,,0,0,0.0,2,3,2,0,N,2,40 02:03.716,2.0,0,75 01:08.788,4,0,0,0,67301,0,0,0,N,0,0,0,2,68K01,2,,2,9,257.0,N,N,N,1,,0,0,0,0,0,N,228,2,2,0,0,0,0,0,3,4,0,2,3,,N,,,,,,,,,,,
2022036991,1415.0,1,0,0,0,0,0,0,0,0,4,1,,67,4,2022,4,40.0524,-74.9874,1400.0,6,0,0,0,0,0,1,0,0,,0,1,0.0,14,1,0,0,N,1,40 03:08.584,1.0,0,74 59:14.548,0,0,0,0,67301,3,0,0,N,0,0,0,4,68M03,0,,1,1,1500.0,N,N,N,0,,0,0,0,0,0,Y,1400,0,2,0,0,0,0,0,3,4,0,2,3,3.0,N,,,,,,,,,,,
2022014797,1840.0,1,0,0,0,0,0,0,0,0,4,0,,67,1,2022,2,39.9775,-75.1818,1825.0,6,0,0,0,0,0,1,0,0,,0,0,0.0,17,3,0,1,,0,39 58:38.825,,0,75 10:54.321,0,0,0,0,67301,0,0,0,N,0,0,0,2,67301,0,,1,7,,N,N,N,0,,0,0,1,3,3,,1757,0,2,0,0,0,0,0,3,4,0,2,10,3.0,N,,,,,,,,,,,
2022035807,1345.0,1,0,0,0,0,0,1,0,0,1,1,,67,3,2022,1,39.9753,-75.1892,1330.0,6,0,0,0,0,0,0,1,0,,0,0,0.0,13,1,2,0,N,0,39 58:31.056,,0,75 11:20.965,4,0,0,0,67301,0,0,0,N,0,0,0,4,67508,2,,1,1,,N,N,Y,0,,0,0,0,0,0,,1330,2,3,0,0,0,0,0,3,4,0,3,3,3.0,N,,,,,,,,,,,
2022014563,1245.0,2,0,0,0,0,0,0,0,0,4,0,,67,1,2022,5,40.0277,-75.2262,1242.0,6,0,0,0,0,0,0,0,0,,0,0,0.0,12,1,0,1,,0,40 01:39.640,,0,75 13:34.265,0,0,0,0,67301,0,0,0,N,0,0,0,3,67301,0,,1,2,,N,N,N,0,,0,0,0,3,3,,1238,0,2,0,0,0,0,0,3,4,0,2,3,,N,,,,,,,,,,,
2022010123,707.0,1,0,0,0,0,0,0,0,0,7,0,,67,1,2022,6,39.9551,-75.1858,705.0,6,0,0,0,0,0,0,0,0,,0,0,0.0,6,5,0,0,N,0,39 57:18.443,,0,75 11:09.002,9,0,0,0,67301,0,0,0,N,0,0,0,3,67507,0,,4,1,,N,N,N,0,,0,0,1,0,0,,630,0,2,0,0,0,0,1,3,4,0,2,3,,N,,,,,,,,,,,
2022015669,1052.0,0,0,0,0,0,0,0,0,0,7,0,,67,1,2022,6,40.0398,-75.0069,1049.0,6,0,0,0,0,1,0,0,0,,0,0,0.0,10,1,0,0,N,1,40 02:23.382,2.0,0,75 00:24.666,0,0,0,0,67301,0,0,0,N,0,0,0,2,68K01,0,,2,9,1130.0,N,N,N,1,,0,0,0,0,0,N,1040,0,1,0,0,0,0,0,3,4,0,1,10,4.0,N,,,,,,,,,,,
2022012267,1557.0,1,0,0,0,0,0,0,0,0,7,0,,67,2,2022,3,39.9832,-75.0987,1550.0,6,0,0,0,0,0,0,0,0,,0,0,0.0,15,1,1,7,,2,39 58:59.403,2.0,2,75 05:55.361,3,0,0,0,67301,0,0,0,Y,0,0,0,1,68K01,0,,7,1,1645.0,N,N,N,0,,1,0,0,0,0,Y,1547,1,1,0,0,0,0,0,3,4,0,1,3,,N,,,,,,,,,,,
2022014670,2050.0,0,0,0,0,0,0,0,0,0,7,0,,67,1,2022,4,40.061,-75.1901,2025.0,6,0,0,0,0,0,0,0,0,,0,0,0.0,19,3,1,2,,0,40 03:39.695,,0,75 11:24.461,3,0,0,0,67301,0,0,0,N,0,0,0,1,67301,0,,4,1,,N,N,N,1,,1,0,0,3,2,,1923,1,1,0,0,0,0,0,3,4,0,1,3,,N,,,,,,,,,,,
2022037091,1032.0,2,0,0,0,0,0,0,0,0,1,0,,67,3,2022,5,39.9597,-75.1767,1023.0,6,0,0,0,0,0,3,0,0,,0,0,0.0,10,1,1,0,N,2,39 57:35.059,4.0,0,75 10:36.246,8,0,0,0,67301,0,0,0,N,0,0,0,4,68K01,0,,1,9,1122.0,N,N,Y,1,,0,0,0,0,0,N,1019,1,4,0,0,1,1,1,3,4,0,4,7,4.0,N,,,,,,,,,,,
2022014898,1935.0,2,0,0,0,0,0,0,0,0,4,0,,67,2,2022,3,40.0172,-75.1718,1935.0,6,0,0,0,0,0,0,0,0,,0,0,0.0,19,3,2,0,N,1,40 01:01.747,1.0,0,75 10:18.526,3,0,0,0,67301,0,0,0,N,0,0,0,3,67301,0,,1,1,30.0,N,N,N,0,,2,0,0,0,0,N,1925,2,2,0,0,0,0,0,3,4,0,2,3,,N,,,,,,,,,,,
2022037716,1555.0,1,0,0,0,0,0,0,0,0,1,1,,67,4,2022,5,39.9294,-75.146,1501.0,6,0,0,0,0,0,1,1,0,,0,1,0.0,14,1,0,0,N,1,39 55:45.744,1.0,0,75 08:45.764,0,0,0,0,67301,0,0,0,N,0,0,0,3,68K01,0,,1,1,1700.0,N,N,N,0,,0,0,0,0,0,N,1457,0,2,0,0,0,0,0,3,4,0,2,3,3.0,N,,,,,,,,,,,
2022012849,1238.0,2,0,0,0,0,0,0,0,0,5,0,,67,2,2022,4,39.9429,-75.1428,1236.0,6,0,0,0,0,0,0,0,0,,0,0,0.0,12,1,2,0,N,2,39 56:34.559,1.0,0,75 08:34.245,3,0,0,0,67301,0,0,0,N,0,0,0,3,68K01,0,,1,9,1330.0,N,N,N,0,,2,0,0,0,0,N,1232,2,2,0,0,0,0,0,3,4,0,2,3,,N,,,,,,,,,,,
2022037485,441.0,1,0,0,0,0,0,0,0,0,7,0,,67,4,2022,7,39.9835,-75.2081,433.0,6,0,0,0,0,0,0,0,0,,0,0,0.0,4,3,0,0,N,2,39 59:00.501,4.0,0,75 12:29.073,0,0,0,0,67301,0,0,0,N,0,0,0,2,68K01,0,,4,9,449.0,N,N,N,0,,0,0,0,0,0,N,432,0,1,0,0,0,0,0,3,4,0,1,3,,N,,,,,,,,,,,
2022037463,1534.0,1,0,0,0,0,0,0,0,0,0,0,,67,3,2022,5,39.8916,-75.237,1512.0,6,0,0,0,0,0,0,0,0,,0,0,0.0,15,1,2,0,N,0,39 53:29.871,,0,75 14:13.343,8,0,0,0,67301,0,0,0,N,0,0,0,2,68K01,0,,5,1,,N,N,N,0,,0,0,0,0,0,,1510,2,1,0,0,0,2,0,3,4,0,1,3,3.0,N,,,,,,,,,,,
2022014555,1530.0,1,0,0,0,0,0,0,0,0,5,0,,67,2,2022,3,39.9207,-75.1512,1510.0,6,0,0,0,0,0,0,0,1,,0,0,0.0,15,1,0,0,N,0,39 55:14.600,,0,75 09:04.410,0,0,0,0,67301,0,0,0,N,0,0,0,1,67301,0,,6,2,,N,N,N,1,,0,0,1,0,0,,1510,0,3,0,0,0,0,0,3,4,0,3,3,,N,,,,,,,,,,,
2022014435,430.0,0,0,0,0,0,0,1,0,0,8,1,,67,2,2022,3,39.993,-75.1597,418.0,6,0,0,0,0,0,0,0,0,,0,0,0.0,4,3,1,1,,0,39 59:34.764,,0,75 09:35.010,8,0,0,0,67301,1,0,0,N,1,0,0,2,67508,0,,1,6,,N,N,Y,0,,0,0,0,3,2,,418,1,2,0,0,0,1,0,3,4,0,1,3,3.0,N,,,,,,,,,,,
2022012832,1212.0,1,0,0,0,0,0,0,0,0,7,0,,67,1,2022,7,40.0038,-75.1949,1207.0,6,0,0,0,0,0,0,0,0,,0,0,0.0,12,1,1,0,N,2,40 00:13.767,4.0,2,75 11:41.712,3,0,0,0,67301,0,0,0,N,0,0,0,2,68K01,0,,4,7,1229.0,N,N,N,0,,1,0,0,0,0,Y,1205,1,1,0,0,1,0,0,3,4,0,1,2,,N,,,,,,,,,,,
2022014793,1958.0,2,0,0,0,0,0,0,0,0,4,0,,67,1,2022,5,39.9835,-75.1815,1948.0,6,0,0,0,0,0,0,0,0,,0,0,0.0,19,3,1,5,,2,39 59:00.448,6.0,0,75 10:53.514,2,0,0,0,67301,0,0,0,N,0,0,0,5,67301,0,,1,1,2048.0,N,N,N,0,,0,1,2,3,2,Y,1900,1,4,0,0,0,0,0,3,4,0,4,3,3.0,N,,,,,,,,,,,
2022014680,440.0,2,0,0,0,0,0,0,0,0,5,0,,67,1,2022,5,40.0559,-75.1553,438.0,6,0,0,0,0,0,0,0,0,,0,0,0.0,4,3,0,0,N,0,40 03:21.150,,0,75 09:18.990,0,0,0,0,67301,0,0,0,N,0,0,0,1,67301,0,,6,1,,N,N,N,0,,0,0,2,0,0,,435,0,4,0,0,0,0,0,3,4,0,4,3,3.0,N,,,,,,,,,,,
2022027738,410.0,1,0,0,0,0,0,0,0,0,7,0,,67,3,2022,7,39.9556,-75.1482,328.0,6,0,0,0,0,0,0,0,0,,1,0,0.0,3,3,1,0,N,2,39 57:20.000,4.0,2,75 08:53.473,1,0,0,0,67301,0,0,0,N,0,0,0,2,67501,0,1.0,4,1,730.0,N,N,N,0,0.0,0,1,0,0,0,Y,318,1,1,0,0,0,0,0,3,4,0,1,3,3.0,N,,,,,,,,,,,
2022014894,850.0,2,0,0,0,0,0,0,0,0,4,0,,67,1,2022,2,40.0207,-75.1486,845.0,6,0,0,0,0,0,0,0,0,,0,0,0.0,7,1,0,2,,2,40 01:14.374,4.0,0,75 08:55.521,0,0,0,0,67301,0,0,0,N,0,0,0,3,67301,0,,1,6,938.0,N,N,N,0,,0,0,0,0,0,Y,750,0,2,0,0,0,0,0,3,4,0,2,4,,N,,,,,,,,,,,
2022014833,1140.0,1,0,0,0,0,0,0,0,0,4,0,,67,2,2022,3,39.9799,-75.1429,1140.0,6,0,0,0,0,0,0,1,0,,0,0,0.0,13,1,1,1,,0,39 58:47.465,,0,75 08:34.342,2,0,0,0,67301,0,0,0,N,0,0,0,2,67301,0,,1,99,,N,N,N,0,,0,1,0,3,2,,1330,1,2,0,0,0,0,0,3,4,1,2,99,,N,,,,,,,,,,,
2022026662,,0,0,0,0,0,0,0,0,0,4,0,,67,1,2022,5,40.1288,-75.0137,,6,0,0,0,0,0,0,1,0,,0,0,0.0,16,1,1,1,,0,40 07:43.807,,0,75 00:49.401,8,0,0,0,67301,0,0,0,N,0,0,0,2,00000,0,,1,1,,N,N,N,0,,0,0,2,3,2,,1615,1,2,0,0,1,1,0,3,4,0,2,3,,N,,,,,,,,,,,
2022014763,1020.0,1,0,0,0,0,0,0,0,0,4,0,,67,1,2022,6,39.9595,-75.2332,1018.0,6,0,0,0,0,0,0,0,0,,0,0,0.0,9,1,1,1,,0,39 57:34.098,,0,75 13:59.431,3,0,0,0,67301,0,0,0,N,0,0,0,2,67301,0,,1,9,,N,N,N,0,,1,0,0,3,2,,950,1,2,0,0,0,0,0,3,4,0,2,10,3.0,N,,,,,,,,,,,
2022014782,1949.0,1,0,0,0,0,0,0,0,0,1,0,,67,1,2022,1,39.9755,-75.2299,1946.0,6,0,0,0,0,0,0,0,0,,0,0,0.0,19,3,0,0,N,0,39 58:31.800,,0,75 13:47.800,0,0,0,0,67301,0,0,0,N,0,0,0,1,67301,0,,6,9,,N,N,N,0,,0,0,3,0,0,,1944,0,4,0,0,0,0,0,3,4,0,4,98,,N,,,,,,,,,,,
2022017600,,2,0,0,0,0,0,0,0,0,1,0,,67,1,2022,3,40.0774,-75.1755,,6,0,0,0,0,0,0,0,0,,0,0,0.0,20,1,1,1,,0,40 04:38.684,,0,75 10:31.865,8,0,0,0,67301,0,0,0,N,0,0,0,2,00000,0,,1,1,,N,N,N,0,,0,0,0,3,2,,2005,1,2,0,0,0,1,0,3,4,0,2,3,,N,,,,,,,,,,,
2022023773,1621.0,1,0,0,0,0,0,0,0,0,8,0,,67,1,2022,4,39.9939,-75.1147,1620.0,6,0,0,0,0,0,0,1,0,,0,0,0.0,16,1,1,1,,0,39 59:38.007,,0,75 06:52.898,3,0,0,0,67301,1,0,0,N,1,0,0,2,67301,0,,1,1,,N,Y,N,0,,1,0,0,3,3,,1600,1,2,0,0,1,0,0,3,4,0,1,3,,N,,,,,,,,,,,
2022014545,1805.0,0,0,0,0,0,0,0,0,0,4,0,,67,1,2022,5,40.0331,-75.107,1804.0,6,0,0,0,0,0,0,0,0,,0,0,0.0,18,3,1,1,,1,40 01:59.326,6.0,0,75 06:25.057,4,0,0,0,67301,0,0,0,N,0,0,0,2,67301,1,,1,1,100.0,N,N,N,0,,0,0,2,3,2,Y,1803,1,2,0,0,0,0,0,3,4,0,2,3,,N,,,,,,,,,,,
2022037468,411.0,0,0,0,0,0,0,0,0,0,7,0,,67,3,2022,6,39.9364,-75.1446,359.0,6,0,0,0,0,0,0,0,0,,0,0,0.0,3,3,1,0,N,0,39 56:11.035,,0,75 08:40.547,4,0,0,0,67301,0,0,0,N,0,0,0,1,68K01,1,,2,9,,N,N,N,0,,0,0,0,0,0,,352,1,1,0,0,0,0,0,3,4,1,1,3,,N,,,,,,,,,,,
2022014823,436.0,1,0,0,0,0,0,0,0,0,7,0,,67,1,2022,2,40.0043,-75.128,436.0,6,0,0,0,0,0,0,0,0,,0,0,0.0,4,3,0,1,,0,40 00:15.530,,0,75 07:40.814,0,0,0,0,67301,0,0,0,N,0,0,0,1,67301,0,,5,2,,N,N,N,0,,0,0,0,3,2,,436,0,1,0,0,0,0,0,3,4,0,1,98,98.0,N,,,,,,,,,,,
2022014794,1935.0,4,0,0,0,0,0,0,0,0,1,0,,67,1,2022,6,39.9706,-75.1533,1929.0,6,0,0,0,1,0,0,0,0,,0,0,0.0,19,3,4,0,N,0,39 58:14.170,,0,75 09:12.015,3,0,0,0,67301,0,0,0,N,0,0,0,7,67301,2,,1,7,,N,N,Y,0,,2,0,0,0,0,,1921,4,4,0,0,0,0,1,3,4,0,4,10,2.0,N,,,,,,,,,,,