CRN,ARRIVAL_TM,AUTOMOBILE_COUNT,BELTED_DEATH_COUNT,BELTED_SUSP_SERIOUS_INJ_COUNT,BICYCLE_COUNT,BICYCLE_DEATH_COUNT,BICYCLE_SUSP_SERIOUS_INJ_COUNT,BUS_COUNT,CHLDPAS_DEATH_COUNT,CHLDPAS_SUSP_SERIOUS_INJ_COUNT,COLLISION_TYPE,COMM_VEH_COUNT,CONS_ZONE_SPD_LIM,COUNTY,CRASH_MONTH,CRASH_YEAR,DAY_OF_WEEK,DEC_LAT,DEC_LONG,DISPATCH_TM,DISTRICT,DRIVER_COUNT_16YR,DRIVER_COUNT_17YR,DRIVER_COUNT_18YR,DRIVER_COUNT_19YR,DRIVER_COUNT_20YR,DRIVER_COUNT_50_64YR,DRIVER_COUNT_65_74YR,DRIVER_COUNT_75PLUS,EST_HRS_CLOSED,FATAL_COUNT,HEAVY_TRUCK_COUNT,HORSE_BUGGY_COUNT,HOUR_OF_DAY,ILLUMINATION,INJURY_COUNT,INTERSECT_TYPE,INTERSECTION_RELATED,LANE_CLOSED,LATITUDE,LN_CLOSE_DIR,LOCATION_TYPE,LONGITUDE,MAX_SEVERITY_LEVEL,MCYCLE_DEATH_COUNT,MCYCLE_SUSP_SERIOUS_INJ_COUNT,MOTORCYCLE_COUNT,MUNICIPALITY,NONMOTR_COUNT,NONMOTR_DEATH_COUNT,NONMOTR_SUSP_SERIOUS_INJ_COUNT,NTFY_HIWY_MAINT,PED_COUNT,PED_DEATH_COUNT,PED_SUSP_SERIOUS_INJ_COUNT,PERSON_COUNT,POLICE_AGCY,POSSIBLE_INJ_COUNT,RDWY_SURF_TYPE_CD,RELATION_TO_ROAD,ROAD_CONDITION,ROADWAY_CLEARED,SCH_BUS_IND,SCH_ZONE_IND,SECONDARY_CRASH,SMALL_TRUCK_COUNT,SPEC_JURIS_CD,SUSP_MINOR_INJ_COUNT,SUSP_SERIOUS_INJ_COUNT,SUV_COUNT,TCD_FUNC_CD,TCD_TYPE,TFC_DETOUR_IND,TIME_OF_DAY,TOT_INJ_COUNT,TOTAL_UNITS,UNB_DEATH_COUNT,UNB_SUSP_SERIOUS_INJ_COUNT,UNBELTED_OCC_COUNT,UNK_INJ_DEG_COUNT,UNK_INJ_PER_COUNT,URBAN_AREA,URBAN_RURAL,VAN_COUNT,VEHICLE_COUNT,WEATHER1,WEATHER2,WORK_ZONE_IND,WORK_ZONE_LOC,WORK_ZONE_TYPE,WORKERS_PRES,WZ_CLOSE_DETOUR,WZ_FLAGGER,WZ_LAW_OFFCR_IND,WZ_LN_CLOSURE,WZ_MOVING,WZ_OTHER,WZ_SHLDER_MDN,WZ_WORKERS_INJ_KILLED
2022014588,810.0,2,0,0,0,0,0,0,0,0,1,0,,67,1,2022,2,40.0764,-75.0475,804.0,6,0,0,0,0,0,0,0,0,,0,0,0.0,8,1,2,2,,0,40 04:35.155,,0,75 02:50.852,3,0,0,0,67301,0,0,0,N,0,0,0,2,67301,0,,1,2,,N,N,N,0,,1,0,0,0,0,,803,2,2,0,0,0,1,0,3,4,0,2,3,10.0,N,,,,,,,,,,,
2022014646,2352.0,1,0,0,0,0,0,0,0,0,4,0,,67,1,2022,6,39.8812,-75.2287,2345.0,6,0,0,0,0,0,0,1,0,,0,0,0.0,23,3,1,11,,0,39 52:52.250,,0,75 13:43.240,4,0,0,0,67301,0,0,0,N,0,0,0,2,67301,1,,1,2,,N,N,N,0,,0,0,1,3,3,,2342,1,2,0,0,1,0,0,3,4,0,2,10,10.0,N,,,,,,,,,,,
2022037475,2348.0,1,0,0,0,0,0,0,0,0,7,0,,67,4,2022,1,39.8978,-75.1862,2338.0,6,0,0,0,0,1,0,0,0,,0,0,0.0,22,3,0,0,N,0,39 53:51.918,,0,75 11:10.494,0,0,0,0,67301,0,0,0,N,0,0,0,1,68K01,0,,4,1,,N,N,N,0,,0,0,0,0,0,,2230,0,1,0,0,0,0,0,3,4,0,1,3,3.0,N,,,,,,,,,,,
2022016014,1146.0,2,0,0,0,0,0,0,0,0,4,0,,67,1,2022,6,39.9585,-75.1656,1146.0,6,0,0,0,0,0,0,0,0,,0,0,0.0,11,1,0,1,,0,39 57:30.644,,3,75 09:56.168,0,0,0,0,67301,0,0,0,N,0,0,0,2,67301,0,,1,2,,N,N,N,0,,0,0,0,3,2,,1144,0,2,0,0,0,0,0,3,4,0,2,6,10.0,N,,,,,,,,,,,
2022014647,1926.0,1,0,0,0,0,0,0,0,0,4,0,,67,1,2022,1,39.9266,-75.2356,1918.0,6,0,0,0,0,0,0,0,0,,0,0,0.0,19,3,0,1,,0,39 55:35.914,,0,75 14:08.141,0,0,0,0,67301,0,0,0,N,0,0,0,3,67301,0,,1,6,,N,N,N,0,,0,0,1,3,2,,1912,0,2,0,0,0,0,0,3,4,0,2,10,10.0,N,,,,,,,,,,,
2022014856,1010.0,0,0,0,0,0,0,0,0,0,1,0,,67,1,2022,5,40.0238,-75.1337,954.0,6,0,0,0,0,0,0,0,0,,0,0,0.0,9,1,0,0,N,1,40 01:25.739,2.0,0,75 08:01.141,9,0,0,0,67301,0,0,0,N,0,0,0,2,67301,0,,1,1,1042.0,N,N,N,0,,0,0,1,0,0,N,925,0,2,0,0,0,0,1,3,4,0,2,3,3.0,N,,,,,,,,,,,
2022015176,,2,0,0,0,0,0,0,0,0,1,0,,67,1,2022,4,39.9196,-75.2402,,6,0,0,0,0,0,0,0,0,,0,0,0.0,9,1,1,1,,0,39 55:10.448,,0,75 14:24.792,8,0,0,0,67301,0,0,0,N,0,0,0,2,00000,0,,1,1,,N,N,N,0,,0,0,0,3,2,,945,1,2,0,0,0,1,0,3,4,0,2,3,,N,,,,,,,,,,,
2022037308,701.0,1,0,0,0,0,0,0,0,0,1,0,,67,3,2022,3,40.0068,-75.0735,632.0,6,0,0,0,0,0,1,0,0,,0,0,0.0,6,1,0,0,N,0,40 00:24.320,,0,75 04:24.775,0,0,0,0,67301,0,0,0,N,0,0,0,2,68K01,0,,1,1,,N,N,Y,1,,0,0,0,0,0,,632,0,2,0,0,0,0,0,3,4,0,2,3,3.0,N,,,,,,,,,,,
2022014808,1830.0,1,0,0,0,0,0,0,0,0,8,0,,67,2,2022,3,39.993,-75.1103,1830.0,6,0,0,0,0,0,1,0,0,,0,0,0.0,15,8,1,1,,0,39 59:34.645,,0,75 06:36.928,4,0,0,0,67301,1,0,0,N,1,0,0,2,67301,1,,1,99,,N,N,N,0,,0,0,0,3,2,,1500,1,2,0,0,0,0,0,3,4,0,1,3,,N,,,,,,,,,,,
2022031049,,1,0,0,0,0,0,0,0,0,4,0,,67,1,2022,2,39.9954,-75.1709,,6,0,0,0,0,0,0,1,0,,0,0,0.0,13,1,4,1,,0,39 59:43.490,,0,75 10:15.160,8,0,0,0,67301,0,0,0,N,0,0,0,5,00000,0,,1,1,,N,N,N,0,,0,0,1,3,3,,1330,4,2,0,0,0,4,0,3,4,0,2,3,,N,,,,,,,,,,,
2022037467,401.0,1,0,0,0,0,0,0,0,0,7,0,,67,3,2022,6,39.9829,-75.2079,352.0,6,0,0,0,0,0,0,0,0,,0,0,0.0,3,3,1,0,N,1,39 58:58.494,4.0,0,75 12:28.429,3,0,0,0,67301,0,0,0,N,0,0,0,1,68K01,0,,3,1,10.0,N,N,N,0,,1,0,0,0,0,N,349,1,1,0,0,0,0,0,3,4,0,1,3,3.0,N,,,,,,,,,,,
2022014726,115.0,0,0,0,0,0,0,0,0,0,7,0,,67,1,2022,7,40.0082,-75.0904,112.0,6,0,0,0,0,0,1,0,0,,0,0,0.0,0,3,2,0,N,0,40 00:29.618,,0,75 05:25.504,3,0,0,0,67301,0,0,0,N,0,0,0,2,67301,0,,4,7,,N,N,N,0,,2,0,1,0,0,,56,2,1,0,0,0,0,0,3,4,0,1,10,10.0,N,,,,,,,,,,,
2022014745,149.0,2,0,0,0,0,0,0,0,0,7,0,,67,1,2022,1,39.9741,-75.2046,149.0,6,0,0,0,1,0,0,0,0,,0,0,0.0,1,3,0,0,N,2,39 58:26.848,4.0,0,75 12:16.678,0,0,0,0,67301,0,0,0,N,0,0,0,1,67301,0,,4,7,300.0,N,N,N,0,,0,0,0,0,0,N,140,0,2,0,0,0,0,0,3,4,0,2,10,2.0,N,,,,,,,,,,,
2022016163,2221.0,0,0,0,0,0,0,0,0,0,8,0,,67,2,2022,3,40.0457,-75.1432,2220.0,6,0,0,0,0,0,0,0,0,,0,0,0.0,18,3,1,2,,0,40 02:44.541,,0,75 08:35.413,3,0,0,0,67301,1,0,0,N,1,0,0,2,67301,0,,1,1,,N,N,N,0,,1,0,1,0,0,,1830,1,2,0,0,0,0,0,3,4,0,1,3,3.0,N,,,,,,,,,,,
2022015195,1707.0,1,0,0,0,0,0,0,0,0,4,0,,67,2,2022,3,40.0275,-75.0624,1706.0,6,0,0,0,0,0,1,0,0,,0,0,0.0,17,1,1,1,,0,40 01:39.133,,0,75 03:44.544,4,0,0,0,67301,0,0,0,N,0,0,0,2,67301,1,,1,1,,N,N,N,0,,0,0,1,3,2,,1703,1,2,0,0,1,0,1,3,4,0,2,3,3.0,N,,,,,,,,,,,
2022014860,1530.0,0,0,0,0,0,0,0,0,0,4,0,,67,1,2022,1,40.0484,-75.1376,1530.0,6,0,0,0,0,0,0,0,0,,0,0,0.0,15,1,1,1,,0,40 02:54.250,,0,75 08:15.522,8,0,0,0,67301,0,0,0,N,0,0,0,2,67301,0,,1,2,,N,N,N,0,,0,0,1,3,3,,1520,1,2,0,0,0,1,0,3,4,0,2,3,,N,,,,,,,,,,,
2022014798,825.0,0,0,0,0,0,0,0,0,0,8,0,,67,1,2022,2,39.9939,-75.1545,802.0,6,0,0,0,0,0,0,0,0,,0,0,0.0,14,1,1,1,,0,39 59:38.150,,0,75 09:16.063,3,0,0,0,67301,1,0,0,N,1,0,0,2,67301,0,,1,1,,N,N,N,0,,1,0,1,3,2,,1440,1,2,0,0,1,0,1,3,4,0,1,3,4.0,N,,,,,,,,,,,
2022014724,1836.0,1,0,0,0,0,0,0,0,0,5,0,,67,1,2022,6,40.0268,-75.0582,1824.0,6,0,0,0,0,0,0,0,0,,0,0,0.0,18,3,0,0,N,2,40 01:36.380,3.0,0,75 03:29.660,0,0,0,0,67301,0,0,0,N,0,0,0,1,67301,0,,6,7,1950.0,N,N,N,2,,0,0,2,0,0,Y,1819,0,5,0,0,0,0,0,3,4,0,5,10,10.0,N,,,,,,,,,,,
2022014889,1640.0,2,0,0,0,0,0,0,0,0,4,0,,67,1,2022,4,40.0202,-75.1505,1635.0,6,0,0,0,0,0,0,0,1,,0,0,0.0,16,1,1,1,,0,40 01:12.714,,3,75 09:01.947,8,0,0,0,67301,0,0,0,N,0,0,0,3,67301,0,,1,1,,N,N,N,0,,0,0,0,3,2,,1620,1,2,0,0,0,1,0,3,4,0,2,3,,N,,,,,,,,,,,
2022036652,2033.0,1,0,0,0,0,0,0,0,0,8,0,,67,4,2022,2,39.9847,-75.1565,2030.0,6,0,0,0,0,0,0,0,0,,0,0,0.0,20,3,1,1,N,0,39 59:04.850,,0,75 09:23.377,8,0,0,0,67301,1,0,0,N,1,0,0,2,67505,0,,1,9,,N,N,N,0,,0,0,0,3,2,,2012,1,2,0,0,0,1,1,3,4,0,1,7,7.0,N,,,,,,,,,,,
2022014626,1130.0,1,0,0,0,0,0,0,0,0,1,0,,67,1,2022,6,39.9716,-75.1704,1118.0,6,0,0,0,0,0,0,0,0,,0,0,0.0,11,1,0,0,N,0,39 58:17.600,,0,75 10:13.500,0,0,0,0,67301,0,0,0,N,0,0,0,1,67301,0,,6,6,,N,Y,N,0,,0,0,1,0,0,,1100,0,3,0,0,0,0,0,3,4,1,3,10,10.0,N,,,,,,,,,,,
2022037089,701.0,0,0,0,0,0,0,0,0,0,1,0,,67,3,2022,3,40.0067,-75.0736,632.0,6,0,0,1,0,0,0,0,0,,0,0,0.0,6,1,0,0,N,0,40 00:24.270,,0,75 04:24.856,9,0,0,0,67301,0,0,0,N,0,0,0,2,68K01,0,,1,1,,N,N,N,1,,0,0,0,0,0,,629,0,2,0,0,0,0,1,3,4,0,2,3,3.0,N,,,,,,,,,,,
2022039414,236.0,1,0,0,0,0,0,0,0,0,7,0,,67,4,2022,3,39.9687,-75.1277,225.0,6,0,0,0,0,0,0,0,0,,0,0,0.0,2,3,1,0,N,2,39 58:07.309,1.0,0,75 07:39.693,4,0,0,0,67301,0,0,0,N,0,0,0,1,68K01,1,,2,1,245.0,N,N,N,0,,0,0,0,0,0,Y,225,1,1,0,0,0,0,0,3,4,0,1,3,3.0,N,,,,,,,,,,,
2022038768,1905.0,1,0,0,0,0,0,1,0,0,4,1,,67,4,2022,6,39.999,-75.1332,1829.0,6,0,0,0,0,0,0,0,0,,0,0,0.0,18,1,3,1,,2,39 59:56.498,7.0,0,75 07:59.680,4,0,0,0,67301,0,0,0,N,0,0,0,4,67508,3,,1,1,9999.0,N,N,Y,0,,0,0,1,3,2,Y,1829,3,3,0,0,0,0,0,3,4,0,3,3,3.0,N,,,,,,,,,,,
2022011716,101.0,1,0,0,0,0,0,0,0,0,5,0,,67,2,2022,4,39.9554,-75.1479,101.0,6,0,0,0,0,0,0,0,0,,0,0,0.0,1,3,2,0,N,0,39 57:19.331,,2,75 08:52.586,3,0,0,0,67301,0,0,0,N,0,0,0,2,67501,1,,1,9,,N,N,N,0,,1,0,1,3,8,,101,2,2,0,0,0,0,0,3,4,0,2,3,,N,,,,,,,,,,,
2022038558,1539.0,1,0,0,0,0,0,0,0,0,4,0,,67,4,2022,4,39.9571,-75.1522,1512.0,6,0,0,0,1,0,1,0,0,,0,0,0.0,15,1,0,0,N,0,39 57:25.527,,0,75 09:07.806,0,0,0,0,67301,0,0,0,N,0,0,0,4,68K01,0,,1,1,,N,N,N,1,,0,0,0,0,0,,1511,0,2,0,0,0,0,0,3,4,0,2,3,3.0,N,,,,,,,,,,,
2022019573,2210.0,0,0,0,0,0,0,0,0,0,8,0,,67,1,2022,5,39.9556,-75.1728,2205.0,6,0,0,0,0,0,0,0,0,,0,0,0.0,21,3,1,1,,0,39 57:20.163,,0,75 10:21.961,3,0,0,0,67301,1,0,0,N,1,0,0,2,67301,0,,1,1,,N,N,N,0,,1,0,1,3,2,,2145,1,2,0,0,0,0,1,3,4,0,1,3,3.0,N,,,,,,,,,,,
2022014892,917.0,0,0,0,0,0,0,0,0,0,1,0,,67,1,2022,6,40.0187,-75.1663,910.0,6,0,0,0,0,0,1,0,0,,0,0,0.0,9,1,1,0,N,0,40 01:07.200,,0,75 09:58.645,2,0,0,0,67301,0,0,0,N,0,0,0,2,67301,0,,1,7,,N,N,N,0,,0,1,1,0,0,,905,1,2,0,1,1,0,1,3,4,0,2,10,10.0,N,,,,,,,,,,,
2022014584,2110.0,1,0,0,0,0,0,0,0,0,2,0,,67,1,2022,6,40.1284,-75.0098,2104.0,6,1,0,0,1,0,0,0,0,,0,0,0.0,20,3,0,2,,0,40 07:42.204,,0,75 00:35.355,0,0,0,0,67301,0,0,0,N,0,0,0,2,67301,0,,1,2,,N,N,N,0,,0,0,1,0,0,,2030,0,2,0,0,0,0,0,3,4,0,2,10,10.0,N,,,,,,,,,,,
2022014822,1000.0,0,0,0,0,0,0,0,0,0,8,0,,67,1,2022,4,40.0183,-75.1485,1000.0,6,0,0,0,0,0,1,0,0,,0,0,0.0,19,2,1,1,,0,40 01:05.992,,0,75 08:54.612,2,0,0,0,67301,1,0,1,N,1,0,1,2,67301,0,,1,1,,N,N,N,0,,0,1,0,0,0,,1900,1,2,0,0,0,0,0,3,4,1,1,3,,N,,,,,,,,,,,
2022037448,252.0,1,0,0,0,0,0,0,0,0,7,0,,67,2,2022,1,39.9537,-75.1816,237.0,6,0,0,0,0,0,1,0,0,,0,0,0.0,2,3,1,0,N,1,39 57:13.320,3.0,0,75 10:53.702,4,0,0,0,67301,0,0,0,N,0,0,0,1,68K01,1,,2,1,246.0,N,N,N,0,,0,0,0,0,0,N,236,1,1,0,0,0,0,0,3,4,0,1,3,,N,,,,,,,,,,,
2022021839,,1,0,0,0,0,0,0,0,0,1,0,,67,1,2022,2,40.1301,-75.0128,,6,0,0,0,0,0,0,0,0,,0,0,0.0,15,1,2,2,,0,40 07:48.496,,0,75 00:46.074,8,0,0,0,67301,0,0,0,N,0,0,0,3,00000,0,,1,1,,N,N,N,0,,0,0,1,0,0,,1505,2,2,0,0,0,2,0,3,4,0,2,3,,N,,,,,,,,,,,
2022038677,1339.0,1,0,0,0,0,0,0,0,0,7,0,,67,4,2022,4,40.0052,-75.1964,1334.0,6,0,0,0,0,0,0,0,0,,0,0,0.0,12,1,0,7,,2,40 00:18.562,3.0,2,75 11:47.007,0,0,0,0,67301,0,0,0,Y,0,0,0,1,68K01,0,,2,1,1415.0,N,N,N,0,,0,0,0,0,0,N,1248,0,1,0,0,0,0,0,3,4,0,1,3,,N,,,,,,,,,,,
2022036286,1613.0,1,0,0,0,0,0,0,0,0,1,0,,67,3,2022,3,39.8899,-75.201,1552.0,6,0,0,0,0,0,0,0,0,,0,0,0.0,15,1,2,0,N,1,39 53:23.738,2.0,0,75 12:03.656,3,0,0,0,67301,0,0,0,N,0,0,0,3,68K01,0,,1,1,1625.0,N,N,N,0,,2,0,1,0,0,N,1548,2,2,0,0,0,0,0,3,4,0,2,3,3.0,N,,,,,,,,,,,
2022014900,1809.0,1,0,0,0,0,0,0,0,0,1,0,,67,2,2022,4,40.0202,-75.1536,1808.0,6,0,0,0,0,1,0,0,0,,0,0,0.0,18,3,4,0,N,0,40 01:12.632,,2,75 09:13.033,8,0,0,0,67301,1,0,0,N,1,0,0,5,67301,0,,1,1,,N,N,N,0,,0,0,1,0,0,,1805,4,3,0,0,0,4,1,3,4,0,2,3,,N,,,,,,,,,,,
2022014644,1331.0,1,0,1,0,0,0,0,0,0,4,0,,67,1,2022,4,39.917,-75.2466,1331.0,6,0,0,0,0,0,1,0,0,,0,0,0.0,21,3,1,0,N,0,39 55:01.178,,7,75 14:47.764,2,0,0,0,67301,0,0,0,N,0,0,0,2,67301,0,,1,1,,N,N,N,0,,0,1,1,0,0,,2100,1,2,0,0,0,0,0,3,4,0,2,3,,N,,,,,,,,,,,
2022025529,807.0,0,0,0,0,0,0,0,0,0,4,0,,67,2,2022,3,39.9602,-75.2269,806.0,6,0,0,0,0,0,1,0,0,,0,0,0.0,7,1,0,1,,0,39 57:36.721,,1,75 13:36.666,9,0,0,0,67301,0,0,0,N,0,0,0,2,67301,0,,1,1,,N,N,N,0,,0,0,1,3,2,,754,0,2,0,0,2,0,1,3,4,1,2,3,3.0,N,,,,,,,,,,,
2022014556,1611.0,0,0,0,0,0,0,0,0,0,8,0,,67,2,2022,3,39.9145,-75.1641,1610.0,6,0,0,0,0,0,0,0,0,,0,0,0.0,15,1,1,2,,0,39 54:52.300,,0,75 09:50.867,3,0,0,0,67301,1,0,0,N,1,0,0,2,67301,0,,1,9,,N,Y,N,0,,1,0,0,0,0,,1540,1,2,0,0,0,0,0,3,4,0,1,3,3.0,N,,,,,,,,,,,
2022036819,1222.0,1,0,0,0,0,0,1,0,0,4,1,,67,3,2022,2,40.039,-75.1446,1222.0,6,0,0,0,0,0,0,1,0,,0,0,0.0,12,1,3,1,,2,40 02:20.672,2.0,0,75 08:41.040,4,0,0,0,67301,0,0,0,N,0,0,0,4,67508,1,,1,1,9999.0,,,N,0,,0,0,0,3,2,Y,1222,3,2,0,0,0,2,0,3,4,0,2,3,3.0,N,,,,,,,,,,,
2022010588,658.0,1,0,0,0,0,0,0,0,0,1,0,45.0,67,1,2022,5,40.0176,-75.0492,649.0,6,0,0,0,0,0,0,0,0,,0,0,0.0,6,1,1,0,N,1,40 01:03.475,2.0,0,75 02:57.258,8,0,0,0,67301,0,0,0,N,0,0,0,3,68K01,0,,1,1,720.0,N,N,N,1,,0,0,1,0,0,N,643,1,3,0,0,1,1,0,3,4,0,3,3,,Y,4.0,1.0,Y,N,N,N,Y,N,N,Y,N
2022014799,1717.0,2,0,0,0,0,0,0,0,0,4,0,,67,2,2022,3,39.9851,-75.1564,1716.0,6,0,0,0,0,0,2,0,0,,0,0,0.0,17,1,1,0,N,2,39 59:06.498,1.0,7,75 09:23.018,4,0,0,0,67301,0,0,0,N,0,0,0,3,67301,1,,1,1,1830.0,N,N,Y,0,,0,0,1,0,0,Y,1715,1,3,0,0,0,0,0,3,4,0,3,3,3.0,N,,,,,,,,,,,
2022014858,1442.0,0,0,0,0,0,0,0,0,0,4,0,,67,1,2022,6,40.0507,-75.1486,1436.0,6,0,0,0,0,0,0,1,0,,0,0,0.0,14,1,1,1,,0,40 03:02.783,,0,75 08:55.370,3,0,0,0,67301,0,0,0,N,0,0,0,2,67301,0,,1,8,,N,N,N,0,,1,0,2,3,1,,1415,1,2,0,0,1,0,0,3,4,0,2,10,10.0,N,,,,,,,,,,,
2022014433,,0,0,0,0,0,0,0,0,0,1,0,,67,1,2022,2,40.0201,-75.1322,,6,0,0,0,0,0,1,0,0,,0,0,0.0,23,3,3,1,,0,40 01:12.421,,0,75 07:55.837,3,0,0,0,67301,0,0,0,N,0,0,0,4,00000,0,,1,1,,N,N,N,0,,2,0,0,3,3,,2330,3,2,0,0,0,1,0,3,4,1,2,3,,N,,,,,,,,,,,
2022037592,1539.0,0,0,0,0,0,0,1,0,0,6,1,,67,4,2022,5,39.979,-75.1599,1538.0,6,0,0,0,0,0,1,0,0,,0,0,0.0,15,1,1,0,N,0,39 58:44.225,,0,75 09:35.802,8,0,0,0,67301,0,0,0,N,0,0,0,5,67505,0,,1,1,,Y,Y,N,1,,0,0,0,0,0,,1537,1,2,0,0,0,1,1,3,4,0,2,3,3.0,N,,,,,,,,,,,
2022014857,1045.0,1,0,0,0,0,0,0,0,0,1,0,,67,1,2022,6,40.0507,-75.1486,1045.0,6,0,0,0,0,0,1,0,1,,0,0,0.0,7,1,1,1,,0,40 03:02.643,,0,75 08:55.120,3,0,0,0,67301,0,0,0,N,0,0,0,5,67301,0,,1,9,,N,N,N,0,,1,0,1,3,2,,745,1,2,0,0,0,0,3,3,4,0,2,10,10.0,N,,,,,,,,,,,
2022014795,305.0,0,0,0,0,0,0,0,0,0,4,0,,67,1,2022,1,39.9763,-75.1618,301.0,6,0,0,1,0,0,0,0,0,,0,0,0.0,2,3,0,1,,0,39 58:34.606,,0,75 09:42.303,0,0,0,0,67301,0,0,0,N,0,0,0,4,67301,0,,1,7,,N,N,N,0,,0,0,2,3,2,,240,0,2,0,0,1,0,0,3,4,0,2,10,98.0,N,,,,,,,,,,,
2022011790,647.0,0,0,0,0,0,0,0,0,0,8,0,,67,2,2022,4,39.9813,-75.1535,645.0,6,0,0,0,0,0,1,0,0,,0,0,0.0,6,3,1,0,N,2,39 58:52.600,2.0,0,75 09:12.700,8,0,0,0,67301,1,0,0,N,1,0,0,2,67505,0,,1,1,700.0,N,N,N,0,,0,0,1,3,3,N,644,1,2,0,0,0,1,0,3,4,0,1,3,3.0,N,,,,,,,,,,,
2022014766,1205.0,2,0,0,0,0,0,0,0,0,4,0,,67,2,2022,7,39.954,-75.2343,1200.0,6,0,0,0,0,0,0,0,0,,0,0,0.0,11,1,0,1,,1,39 57:14.378,2.0,0,75 14:03.526,0,0,0,0,67301,0,0,0,N,0,0,0,3,67301,0,,1,1,1250.0,N,N,N,0,,0,0,0,3,3,N,1150,0,2,0,0,0,0,0,3,4,0,2,3,3.0,N,,,,,,,,,,,
2022016174,854.0,1,0,0,0,0,0,0,0,0,7,0,,67,2,2022,1,40.0217,-75.1504,853.0,6,0,0,0,0,0,0,0,0,,0,0,0.0,8,1,2,0,N,1,40 01:18.160,3.0,0,75 09:01.320,2,0,0,0,67301,0,0,0,N,0,0,0,2,67301,0,,4,1,1000.0,N,N,N,0,,0,2,0,0,0,N,853,2,1,0,2,2,0,0,3,4,0,1,3,3.0,N,,,,,,,,,,,
2022014861,2142.0,1,0,0,0,0,0,0,0,0,4,0,,67,1,2022,6,40.0306,-75.1465,2142.0,6,0,0,0,0,0,0,0,0,,0,0,0.0,22,3,1,1,,0,40 01:50.100,,0,75 08:47.313,4,0,0,0,67301,0,0,0,N,0,0,0,2,67301,1,,1,7,,N,N,N,0,,0,0,0,3,2,,2200,1,2,0,0,0,0,0,3,4,0,2,10,,N,,,,,,,,,,,
2022037707,2044.0,3,0,0,0,0,0,0,0,0,1,0,,67,4,2022,2,39.9895,-75.2062,2044.0,6,0,0,0,0,0,1,0,0,,0,0,0.0,20,1,0,0,N,1,39 59:22.289,3.0,0,75 12:22.446,0,0,0,0,67301,0,0,0,N,0,0,0,3,68K01,0,,1,1,2100.0,N,N,N,0,,0,0,0,0,0,N,2044,0,3,0,0,0,0,0,3,4,0,3,3,3.0,N,,,,,,,,,,,
2022037464,2225.0,1,0,0,0,0,0,0,0,0,1,0,,67,3,2022,5,39.96,-75.1798,2210.0,6,0,0,0,0,0,0,0,0,,0,0,0.0,22,3,0,6,,0,39 57:36.017,,2,75 10:47.219,0,0,0,0,67301,0,0,0,N,0,0,0,2,68K01,0,,1,9,,N,N,N,0,,0,0,1,0,0,,2205,0,2,0,0,0,0,0,3,4,0,2,7,7.0,N,,,,,,,,,,,
2022008559,1850.0,2,0,0,0,0,0,0,0,0,6,0,,67,1,2022,1,39.9841,-75.261,1844.0,6,0,0,0,0,0,0,0,0,,0,0,0.0,18,3,1,0,N,0,39 59:02.644,,0,75 15:39.561,4,0,0,0,67301,0,0,0,N,0,0,0,3,46104,1,,1,7,,N,N,N,0,,0,0,0,0,0,,1843,1,2,0,0,0,0,0,3,4,0,2,10,,N,,,,,,,,,,,
2022016289,2245.0,3,0,0,0,0,0,0,0,0,4,0,,67,1,2022,4,40.0239,-75.1425,2242.0,6,0,0,0,1,0,0,0,0,,0,0,0.0,22,3,1,1,,0,40 01:25.870,,0,75 08:33.165,3,0,0,0,67301,0,0,0,N,0,0,0,2,67301,0,,1,1,,N,N,N,0,,1,0,1,3,3,,2230,1,4,0,0,0,0,0,3,4,0,4,3,,N,,,,,,,,,,,
2022037461,1706.0,1,0,0,0,0,0,0,0,0,7,0,,67,3,2022,4,39.9583,-75.1658,1644.0,6,0,0,0,0,0,0,0,0,,0,0,0.0,16,1,1,7,,0,39 57:29.748,,2,75 09:56.922,8,0,0,0,67301,0,0,0,N,0,0,0,2,68K01,0,,2,1,,N,N,N,0,,0,0,0,0,0,,1639,1,1,0,0,0,1,0,3,4,0,1,3,3.0,N,,,,,,,,,,,
2022014729,1721.0,1,0,0,0,0,0,0,0,0,4,0,,67,1,2022,1,40.0189,-75.0495,1707.0,6,0,0,0,0,0,0,0,0,,0,0,0.0,17,3,1,1,,0,40 01:08.120,,0,75 02:58.216,3,0,0,0,67301,0,0,0,N,0,0,0,2,67301,0,,1,9,,N,N,N,0,,1,0,1,3,3,,1701,1,2,0,0,0,0,1,3,4,0,2,3,,N,,,,,,,,,,,
2022014753,713.0,3,0,0,0,0,0,0,0,0,6,0,,67,2,2022,4,39.9291,-75.1687,707.0,6,0,0,0,0,0,2,0,0,,0,0,0.0,7,1,2,0,N,0,39 55:44.636,,0,75 10:07.421,3,0,0,0,67301,0,0,0,N,0,0,0,4,67301,0,,3,1,,N,N,N,1,,1,0,1,0,0,,700,2,5,0,0,0,1,0,3,4,0,5,5,7.0,N,,,,,,,,,,,
2022014627,1700.0,1,0,0,0,0,0,0,0,0,8,0,,67,2,2022,5,39.9471,-75.166,1646.0,6,0,0,0,0,0,0,0,0,,0,0,0.0,9,1,1,0,N,0,39 56:49.690,,0,75 09:57.440,3,0,0,0,67301,1,0,0,N,1,0,0,2,67301,0,,1,9,,N,N,N,0,,1,0,0,0,0,,945,1,2,0,0,0,0,0,3,4,0,1,7,7.0,N,,,,,,,,,,,